LanePointX,LanePointY
-1.646000,-2.000000
-1.646000,-2.000000
-1.646000,-2.000000
-1.646000,-2.000000
-1.646000,-2.000000
-1.646000,-2.000000
-1.646000,-2.000000
-1.646000,-2.000000
-1.646000,-2.000000
-1.646000,-2.000000
-1.646000,-2.000000
-1.646000,-2.000000
-1.646000,-2.000000
-1.646000,-2.000000
-1.646000,-2.000000
-1.646000,-2.000000
-1.646000,-2.000000
-1.646000,-2.000000
-1.646000,-2.000000
-1.646000,-2.000000
-1.646000,-2.000000
-1.646000,-2.000000
-1.646000,-2.000000
-1.646000,-2.000000
-1.646000,-2.000000
-1.646000,-2.000000
-1.646000,-2.000000
-1.646000,-2.000000
-1.646000,-2.000000
-1.646000,-2.000000
-1.646000,-2.000000
-1.646000,-2.000000
-1.646000,-2.000000
-1.646000,-2.000000
-1.646000,-2.000000
-1.646000,-2.000000
-1.646000,-2.000000
-1.646000,-2.000000
-1.646000,-2.000000
-1.646000,-2.000000
-1.646000,-2.000000
-1.646000,-2.000000
-1.646000,-2.000000
-1.646000,-2.000000
-1.646000,-2.000000
-1.646000,-2.000000
-1.646000,-2.000000
-1.646000,-2.000000
-1.646000,-2.000000
-1.646000,-2.000000
-1.646000,-2.000000
-1.646000,-2.000000
-1.646000,-2.000000
-1.646000,-2.000000
-1.646000,-2.000000
-1.646000,-2.000000
-1.646000,-2.000000
-1.646000,-2.000000
-1.646000,-2.000000
-1.646000,-2.000000
-1.646000,-2.000000
-1.646000,-2.000000
-1.646000,-2.000000
-1.646000,-2.000000
-1.646000,-2.000000
-1.646000,-2.000000
-1.646000,-2.000000
-1.646000,-2.000000
-1.646000,-2.000000
-1.646000,-2.000000
-1.646000,-2.000000
-1.646000,-2.000000
-1.646000,-2.000000
-1.646000,-2.000000
-1.646000,-2.000000
-1.646000,-2.000000
-1.646000,-2.000000
-1.646000,-2.000000
-1.646000,-2.000000
-1.646000,-2.000000
-1.646000,-2.000000
-1.646000,-2.000000
-1.646000,-2.000000
-1.646000,-2.000000
-1.646000,-2.000000
-1.646000,-2.000000
-1.646000,-2.000000
-1.646000,-2.000000
-1.646000,-2.000000
-1.646000,-2.000000
-1.646000,-2.000000
-1.646000,-2.000000
-1.646000,-2.000000
-1.646000,-2.000000
-1.646000,-2.000000
-1.646000,-2.000000
-1.646000,-2.000000
-1.646000,-2.000000
-1.646000,-2.000000
-1.646000,-2.000000
-1.646000,-2.000000
-1.646000,-2.000000
-1.646000,-2.000000
-1.646000,-2.000000
-1.646000,-2.000000
-1.646000,-2.000000
-1.646000,-2.000000
-1.646000,-2.000000
-1.646000,-2.000000
-1.646000,-2.000000
-1.646000,-2.000000
-1.646000,-2.000000
-1.646000,-2.000000
-1.646000,-2.000000
-1.646000,-2.000000
-1.646000,-2.000000
-1.646000,-2.000000
-1.646000,-2.000000
-1.646000,-2.000000
-1.646000,-2.000000
-1.646000,-2.000000
-1.646000,-2.000000
-1.646000,-2.000000
-1.646000,-2.000000
-1.646000,-2.000000
-1.646000,-2.000000
-1.646000,-2.000000
-1.646000,-2.000000
-1.646000,-2.000000
-1.646000,-2.000000
-1.646000,-2.000000
-1.646000,-2.000000
-1.646000,-2.000000
-1.646000,-2.000000
-1.646000,-2.000000
-1.646000,-2.000000
-1.646000,-2.000000
-1.646000,-2.000000
-1.646000,-2.000000
-1.646000,-2.000000
-1.646000,-2.000000
-1.646000,-2.000000
-1.646000,-2.000000
-1.646000,-2.000000
-1.646000,-2.000000
-1.646000,-2.000000
-1.646000,-2.000000
-1.646000,-2.000000
-1.646000,-2.000000
-1.646000,-2.000000
-1.646000,-2.000000
-1.646000,-2.000000
-1.646000,-2.000000
-1.646000,-2.000000
-1.646000,-2.000000
-1.646000,-2.000000
-1.646000,-2.000000
-1.646000,-2.000000
-1.646000,-2.000000
-1.646000,-2.000000
-1.646000,-2.000000
-1.646000,-2.000000
-1.646000,-2.000000
-1.646000,-2.000000
-1.646000,-2.000000
-1.646000,-2.000000
-1.646000,-2.000000
-1.646000,-2.000000
-1.646000,-2.000000
-1.646000,-2.000000
-1.646000,-2.000000
-1.646000,-2.000000
-1.646000,-2.000000
-1.646000,-2.000000
-1.646000,-2.000000
-1.646000,-2.000000
-1.646000,-2.000000
-1.646000,-2.000000
-1.646000,-2.000000
-1.646000,-2.000000
-1.646000,-2.000000
-1.646000,-2.000000
-1.646000,-2.000000
-1.646000,-2.000000
-1.646000,-2.000000
-1.646000,-2.000000
-1.646000,-2.000000
-1.646000,-2.000000
-1.646000,-2.000000
-1.646000,-2.000000
-1.646000,-2.000000
-1.646000,-2.000000
-1.646000,-2.000000
-1.646000,-2.000000
-1.646000,-2.000000
-1.646000,-2.000000
-1.646000,-2.000000
-1.646000,-2.000000
-1.646000,-2.000000
-1.646000,-2.000000
-1.646000,-2.000000
-1.646000,-2.000000
-1.646000,-2.000000
-1.646000,-2.000000
-1.646000,-2.000000
-1.646000,-2.000000
-1.646000,-2.000000
-1.646000,-2.000000
-1.646000,-2.000000
-1.646000,-2.000000
-1.646000,-2.000000
-1.646000,-2.000000
-1.646000,-2.000000
-1.646000,-2.000000
-1.646000,-2.000000
-1.646000,-2.000000
-1.646000,-2.000000
-1.646000,-2.000000
-1.646000,-2.000000
-1.646000,-2.000000
-1.646000,-2.000000
-1.646000,-2.000000
-1.646000,-2.000000
-1.646000,-2.000000
-1.646000,-2.000000
-1.646000,-2.000000
-1.646000,-2.000000
-1.646000,-2.000000
-1.646000,-2.000000
-1.646000,-2.000000
-1.646000,-2.000000
-1.646000,-2.000000
-1.646000,-2.000000
-1.646000,-2.000000
-1.646000,-2.000000
-1.646000,-2.000000
-1.646000,-2.000000
-1.646000,-2.000000
-1.646000,-2.000000
-1.646000,-2.000000
-1.646000,-2.000000
-1.646000,-2.000000
-1.646000,-2.000000
-1.646000,-2.000000
-1.646000,-2.000000
-1.646000,-2.000000
-1.646000,-2.000000
-1.646000,-2.000000
-1.646000,-2.000000
-1.646000,-2.000000
-1.646000,-2.000000
-1.646000,-2.000000
-1.646000,-2.000000
-1.646000,-2.000000
-1.646000,-2.000000
-1.646000,-2.000000
-1.646000,-2.000000
-1.646000,-2.000000
-1.646000,-2.000000
-1.646000,-2.000000
-1.646000,-2.000000
-1.646000,-2.000000
-1.646000,-2.000000
-1.646000,-2.000000
-1.646000,-2.000000
-1.646000,-2.000000
-1.646000,-2.000000
-1.646000,-2.000000
-1.646000,-2.000000
-1.646000,-2.000000
-1.646000,-2.000000
-1.646000,-2.000000
-1.646000,-2.000000
-1.646000,-2.000000
-1.646000,-2.000000
-1.646000,-2.000000
-1.646000,-2.000000
-1.646000,-2.000000
-1.646000,-2.000000
-1.646000,-2.000000
-1.646000,-2.000000
-1.646000,-2.000000
-1.646000,-2.000000
-1.646000,-2.000000
-1.646000,-2.000000
-1.646000,-2.000000
-1.646000,-2.000000
-1.646000,-2.000000
-1.646000,-2.000000
-1.646000,-2.000000
-1.646000,-2.000000
-1.646000,-2.000000
-1.646000,-2.000000
-1.646000,-2.000000
-1.646000,-2.000000
-1.646000,-2.000000
-1.646000,-2.000000
-1.646000,-2.000000
-1.646000,-2.000000
-1.646000,-2.000000
-1.646000,-2.000000
-1.646000,-2.000000
-1.646000,-2.000000
-1.646000,-2.000000
-1.646000,-2.000000
-1.646000,-2.000000
-1.646000,-2.000000
-1.646000,-2.000000
-1.646000,-2.000000
-1.646000,-2.000000
-1.646000,-2.000000
-1.646000,-2.000000
-1.646000,-2.000000
-1.646000,-2.000000
-1.646000,-2.000000
-1.646000,-2.000000
-1.646000,-2.000000
-1.646000,-2.000000
-1.646000,-2.000000
-1.646000,-2.000000
-1.646000,-2.000000
-1.646000,-2.000000
-1.646000,-2.000000
-1.646000,-2.000000
-1.646000,-2.000000
-1.646000,-2.000000
-1.646000,-2.000000
-1.646000,-2.000000
-1.646000,-2.000000
-1.646000,-2.000000
-1.646000,-2.000000
-1.646000,-2.000000
-1.646000,-2.000000
-1.646000,-2.000000
-1.646000,-2.000000
-1.646000,-2.000000
-1.646000,-2.000000
-1.646000,-2.000000
-1.646000,-2.000000
-1.646000,-2.000000
-1.646000,-2.000000
-1.646000,-2.000000
-1.646000,-2.000000
-1.646000,-2.000000
-1.646000,-2.000000
-1.646000,-2.000000
-1.646000,-2.000000
-1.646000,-2.000000
-1.646000,-2.000000
-1.646000,-2.000000
-1.646000,-2.000000
-1.646000,-2.000000
-1.646000,-2.000000
-1.646000,-2.000000
-1.646000,-2.000000
-1.646000,-2.000000
-1.646000,-2.000000
-1.646000,-2.000000
-1.646000,-2.000000
-1.646000,-2.000000
-1.646000,-2.000000
-1.646000,-2.000000
-1.646000,-2.000000
-1.646000,-2.000000
-1.646000,-2.000000
-1.646000,-2.000000
-1.646000,-2.000000
-1.646000,-2.000000
-1.646000,-2.000000
-1.646000,-2.000000
-1.646000,-2.000000
-1.646000,-2.000000
-1.646000,-2.000000
-1.646000,-2.000000
-1.646000,-2.000000
-1.646000,-2.000000
-1.646000,-2.000000
-1.646000,-2.000000
-1.646000,-2.000000
-1.646000,-2.000000
-1.646000,-2.000000
-1.646000,-2.000000
-1.646000,-2.000000
-1.646000,-2.000000
-1.646000,-2.000000
-1.646000,-2.000000
-1.646000,-2.000000
-1.646000,-2.000000
-1.646000,-2.000000
-1.646000,-2.000000
-1.646000,-2.000000
-1.646000,-2.000000
-1.646000,-2.000000
-1.646000,-2.000000
-1.646000,-2.000000
-1.646000,-2.000000
-1.646000,-2.000000
-1.646000,-2.000000
-1.646000,-2.000000
-1.646000,-2.000000
-1.646000,-2.000000
-1.646000,-2.000000
-1.646000,-2.000000
-1.646000,-2.000000
-1.646000,-2.000000
-1.646000,-2.000000
-1.646000,-2.000000
-1.646000,-2.000000
-1.646000,-2.000000
-1.646000,-2.000000
-1.646000,-2.000000
-1.646000,-2.000000
-1.646000,-2.000000
-1.646000,-2.000000
-1.646000,-2.000000
-1.646000,-2.000000
-1.646000,-2.000000
-1.646000,-2.000000
-1.646000,-2.000000
-1.646000,-2.000000
-1.646000,-2.000000
-1.646000,-2.000000
-1.646000,-2.000000
-1.646000,-2.000000
-1.646000,-2.000000
-1.646000,-2.000000
-1.646000,-2.000000
-1.646000,-2.000000
-1.646000,-2.000000
-1.646000,-2.000000
-1.646000,-2.000000
-1.646000,-2.000000
-1.646000,-2.000000
-1.646000,-2.000000
-1.646000,-2.000000
-1.646000,-2.000000
-1.646000,-2.000000
-1.646000,-2.000000
-1.646000,-2.000000
-1.646000,-2.000000
-1.646000,-2.000000
-1.646000,-2.000000
-1.646000,-2.000000
-1.646000,-2.000000
-1.646000,-2.000000
-1.646000,-2.000000
-1.646000,-2.000000
-1.646000,-2.000000
-1.646000,-2.000000
-1.646000,-2.000000
-1.646000,-2.000000
-1.646000,-2.000000
-1.646000,-2.000000
-1.646000,-2.000000
-1.646000,-2.000000
-1.646000,-2.000000
-1.646000,-2.000000
-1.646000,-2.000000
-1.646000,-2.000000
-1.646000,-2.000000
-1.646000,-2.000000
-1.646000,-2.000000
-1.646000,-2.000000
-1.646000,-2.000000
-1.646000,-2.000000
-1.646000,-2.000000
-1.646000,-2.000000
-1.646000,-2.000000
-1.646000,-2.000000
-1.646000,-2.000000
-1.646000,-2.000000
-1.646000,-2.000000
-1.646000,-2.000000
-1.646000,-2.000000
-1.646000,-2.000000
-1.646000,-2.000000
-1.646000,-2.000000
-1.646000,-2.000000
-1.646000,-2.000000
-1.646000,-2.000000
-1.646000,-2.000000
-1.646000,-2.000000
-1.646000,-2.000000
-1.646000,-2.000000
-1.646000,-2.000000
-1.646000,-2.000000
-1.646000,-2.000000
-1.646000,-2.000000
-1.646000,-2.000000
-1.646000,-2.000000
-1.646000,-2.000000
-1.646000,-2.000000
-1.646000,-2.000000
-1.646000,-2.000000
-1.646000,-2.000000
-1.646000,-2.000000
-1.646000,-2.000000
-1.646000,-2.000000
-1.646000,-2.000000
-1.646000,-2.000000
-1.646000,-2.000000
-1.646000,-2.000000
-1.646000,-2.000000
-1.646000,-2.000000
-1.646000,-2.000000
-1.646000,-2.000000
-1.646000,-2.000000
-1.646000,-2.000000
-1.646000,-2.000000
-1.646000,-2.000000
-1.646000,-2.000000
-1.646000,-2.000000
-1.646000,-2.000000
-1.646000,-2.000000
-1.646000,-2.000000
-1.646000,-2.000000
-1.646000,-2.000000
-1.646000,-2.000000
-1.646000,-2.000000
-1.646000,-2.000000
-1.646000,-2.000000
-1.646000,-2.000000
-1.646000,-2.000000
-1.646000,-2.000000
-1.646000,-2.000000
-1.646000,-2.000000
-1.646000,-2.000000
-1.646000,-2.000000
-1.646000,-2.000000
-1.646000,-2.000000
-1.646000,-2.000000
-1.646000,-2.000000
-1.646000,-2.000000
-1.646000,-2.000000
-1.646000,-2.000000
-1.646000,-2.000000
-1.646000,-2.000000
-1.646000,-2.000000
-1.646000,-2.000000
-1.646000,-2.000000
-1.646000,-2.000000
-1.646000,-2.000000
-1.646000,-2.000000
-1.646000,-2.000000
-1.646000,-2.000000
-1.646000,-2.000000
-1.646000,-2.000000
-1.646000,-2.000000
-1.646000,-2.000000
-1.646000,-2.000000
-1.646000,-2.000000
-1.646000,-2.000000
-1.646000,-2.000000
-1.646000,-2.000000
-1.646000,-2.000000
-1.646000,-2.000000
-1.646000,-2.000000
-1.646000,-2.000000
-1.646000,-2.000000
-1.646000,-2.000000
-1.646000,-2.000000
-1.646000,-2.000000
-1.646000,-2.000000
-1.646000,-2.000000
-1.646000,-2.000000
-1.646000,-2.000000
-1.646000,-2.000000
-1.646000,-2.000000
-1.646000,-2.000000
-1.646000,-2.000000
-1.646000,-2.000000
-1.646000,-2.000000
-1.646000,-2.000000
-1.646000,-2.000000
-1.646000,-2.000000
-1.646000,-2.000000
-1.646000,-2.000000
-1.646000,-2.000000
-1.646000,-2.000000
-1.646000,-2.000000
-1.646000,-2.000000
-1.646000,-2.000000
-1.646000,-2.000000
-1.646000,-2.000000
-1.646000,-2.000000
-1.646000,-2.000000
-1.646000,-2.000000
-1.646000,-2.000000
-1.646000,-2.000000
-1.646000,-2.000000
-1.646000,-2.000000
-1.646000,-2.000000
-1.646000,-2.000000
-1.646000,-2.000000
-1.646000,-2.000000
-1.646000,-2.000000
-1.646000,-2.000000
-1.646000,-2.000000
-1.646000,-2.000000
-1.646000,-2.000000
-1.646000,-2.000000
-1.646000,-2.000000
-1.646000,-2.000000
-1.646000,-2.000000
-1.646000,-2.000000
-1.646000,-2.000000
-1.646000,-2.000000
-1.646000,-2.000000
-1.646000,-2.000000
-1.646000,-2.000000
-1.646000,-2.000000
-1.646000,-2.000000
-1.646000,-2.000000
-1.646000,-2.000000
-1.646000,-2.000000
-1.646000,-2.000000
-1.646000,-2.000000
-1.646000,-2.000000
-1.646000,-2.000000
-1.646000,-2.000000
-1.646000,-2.000000
-1.646000,-2.000000
-1.646000,-2.000000
-1.646000,-2.000000
-1.646000,-2.000000
-1.646000,-2.000000
-1.646000,-2.000000
-1.646000,-2.000000
-1.646000,-2.000000
-1.646000,-2.000000
-1.646000,-2.000000
-1.646000,-2.000000
-1.646000,-2.000000
-1.646000,-2.000000
-1.646000,-2.000000
-1.646000,-2.000000
-1.646000,-2.000000
-1.646000,-2.000000
-1.646000,-2.000000
-1.646000,-2.000000
-1.646000,-2.000000
-1.646000,-2.000000
-1.646000,-2.000000
-1.646000,-2.000000
-1.646000,-2.000000
-1.646000,-2.000000
-1.646000,-2.000000
-1.646000,-2.000000
-1.646000,-2.000000
-1.646000,-2.000000
-1.646000,-2.000000
-1.646000,-2.000000
-1.646000,-2.000000
-1.646000,-2.000000
-1.646000,-2.000000
-1.646000,-2.000000
-1.646000,-2.000000
-1.646000,-2.000000
-1.646000,-2.000000
-1.646000,-2.000000
-1.646000,-2.000000
-1.646000,-2.000000
-1.646000,-2.000000
-1.646000,-2.000000
-1.646000,-2.000000
-1.646000,-2.000000
-1.646000,-2.000000
-1.646000,-2.000000
-1.646000,-2.000000
-1.646000,-2.000000
-1.646000,-2.000000
-1.646000,-2.000000
-1.646000,-2.000000
-1.646000,-2.000000
-1.646000,-2.000000
-1.646000,-2.000000
-1.646000,-2.000000
-1.646000,-2.000000
-1.646000,-2.000000
-1.646000,-2.000000
-1.646000,-2.000000
-1.646000,-2.000000
-1.646000,-2.000000
-1.646000,-2.000000
-1.646000,-2.000000
-1.646000,-2.000000
-1.646000,-2.000000
-1.646000,-2.000000
-1.646000,-2.000000
-1.646000,-2.000000
-1.646000,-2.000000
-1.646000,-2.000000
-1.646000,-2.000000
-1.646000,-2.000000
-1.646000,-2.000000
-1.646000,-2.000000
-1.646000,-2.000000
-1.646000,-2.000000
-1.646000,-2.000000
-1.646000,-2.000000
-1.646000,-2.000000
-1.646000,-2.000000
-1.646000,-2.000000
-1.646000,-2.000000
-1.646000,-2.000000
-1.646000,-2.000000
-1.646000,-2.000000
-1.646000,-2.000000
-1.646000,-2.000000
-1.646000,-2.000000
-1.646000,-2.000000
-1.646000,-2.000000
-1.646000,-2.000000
-1.646000,-2.000000
-1.646000,-2.000000
-1.646000,-2.000000
-1.646000,-2.000000
-1.646000,-2.000000
-1.646000,-2.000000
-1.646000,-2.000000
-1.646000,-2.000000
-1.646000,-2.000000
-1.646000,-2.000000
-1.646000,-2.000000
-1.646000,-2.000000
-1.646000,-2.000000
-1.646000,-2.000000
-1.646000,-2.000000
-1.646000,-2.000000
-1.646000,-2.000000
-1.646000,-2.000000
-1.646000,-2.000000
-1.646000,-2.000000
-1.646000,-2.000000
-1.646000,-2.000000
-1.646000,-2.000000
-1.646000,-2.000000
-1.646000,-2.000000
-1.646000,-2.000000
-1.646000,-2.000000
-1.646000,-2.000000
-1.646000,-2.000000
-1.646000,-2.000000
-1.646000,-2.000000
-1.646000,-2.000000
-1.646000,-2.000000
-1.646000,-2.000000
-1.646000,-2.000000
-1.646000,-2.000000
-1.646000,-2.000000
-1.646000,-2.000000
-1.646000,-2.000000
-1.646000,-2.000000
-1.646000,-2.000000
-1.646000,-2.000000
-1.646000,-2.000000
-1.646000,-2.000000
-1.646000,-2.000000
-1.646000,-2.000000
-1.646000,-2.000000
-1.646000,-2.000000
-1.646000,-2.000000
-1.646000,-2.000000
-1.646000,-2.000000
-1.646000,-2.000000
-1.646000,-2.000000
-1.646000,-2.000000
-1.646000,-2.000000
-1.646000,-2.000000
-1.646000,-2.000000
-1.646000,-2.000000
-1.646000,-2.000000
-1.646000,-2.000000
-1.646000,-2.000000
-1.646000,-2.000000
-1.646000,-2.000000
-1.646000,-2.000000
-1.646000,-2.000000
-1.646000,-2.000000
-1.646000,-2.000000
-1.646000,-2.000000
-1.646000,-2.000000
-1.646000,-2.000000
-1.646000,-2.000000
-1.646000,-2.000000
-1.646000,-2.000000
-1.646000,-2.000000
-1.646000,-2.000000
-1.646000,-2.000000
-1.646000,-2.000000
-1.646000,-2.000000
-1.646000,-2.000000
-1.646000,-2.000000
-1.646000,-2.000000
-1.646000,-2.000000
-1.646000,-2.000000
-1.646000,-2.000000
-1.646000,-2.000000
-1.646000,-2.000000
-1.646000,-2.000000
-1.646000,-2.000000
-1.646000,-2.000000
-1.646000,-2.000000
-1.646000,-2.000000
-1.646000,-2.000000
-1.646000,-2.000000
-1.646000,-2.000000
-1.646000,-2.000000
-1.646000,-2.000000
-1.646000,-2.000000
-1.646000,-2.000000
-1.646000,-2.000000
-1.646000,-2.000000
-1.646000,-2.000000
-1.646000,-2.000000
-1.646000,-2.000000
-1.646000,-2.000000
-1.646000,-2.000000
-1.646000,-2.000000
-1.646000,-2.000000
-1.646000,-2.000000
-1.646000,-2.000000
-1.646000,-2.000000
-1.646000,-2.000000
-1.646000,-2.000000
-1.646000,-2.000000
-1.646000,-2.000000
-1.646000,-2.000000
-1.646000,-2.000000
-1.646000,-2.000000
-1.646000,-2.000000
-1.646000,-2.000000
-1.646000,-2.000000
-1.646000,-2.000000
-1.646000,-2.000000
-1.646000,-2.000000
-1.646000,-2.000000
-1.646000,-2.000000
-1.646000,-2.000000
-1.646000,-2.000000
-1.646000,-2.000000
-1.646000,-2.000000
-1.646000,-2.000000
-1.646000,-2.000000
-1.646000,-2.000000
-1.646000,-2.000000
-1.646000,-2.000000
-1.646000,-2.000000
-1.646000,-2.000000
-1.646000,-2.000000
-1.646000,-2.000000
-1.646000,-2.000000
-1.646000,-2.000000
-1.646000,-2.000000
-1.646000,-2.000000
-1.646000,-2.000000
-1.646000,-2.000000
-1.646000,-2.000000
-1.646000,-2.000000
-1.646000,-2.000000
-1.646000,-2.000000
-1.646000,-2.000000
-1.646000,-2.000000
-1.646000,-2.000000
-1.646000,-2.000000
-1.646000,-2.000000
-1.646000,-2.000000
-1.646000,-2.000000
-1.646000,-2.000000
-1.646000,-2.000000
-1.646000,-2.000000
-1.646000,-2.000000
-1.646000,-2.000000
-1.646000,-2.000000
-1.646000,-2.000000
-1.646000,-2.000000
-1.646000,-2.000000
-1.646000,-2.000000
-1.646000,-2.000000
-1.646000,-2.000000
-1.646000,-2.000000
-1.646000,-2.000000
-1.646000,-2.000000
-1.646000,-2.000000
-1.646000,-2.000000
-1.646000,-2.000000
-1.646000,-2.000000
-1.646000,-2.000000
-1.646000,-2.000000
-1.646000,-2.000000
-1.646000,-2.000000
-1.646000,-2.000000
-1.646000,-2.000000
-1.646000,-2.000000
-1.646000,-2.000000
-1.646000,-2.000000
-1.646000,-2.000000
-1.646000,-2.000000
-1.646000,-2.000000
-1.646000,-2.000000
-1.646000,-2.000000
-1.646000,-2.000000
-1.646000,-2.000000
-1.646000,-2.000000
-1.646000,-2.000000
-1.646000,-2.000000
-1.646000,-2.000000
-1.646000,-2.000000
-1.646000,-2.000000
-1.646000,-2.000000
-1.646000,-2.000000
-1.646000,-2.000000
-1.646000,-2.000000
-1.646000,-2.000000
-1.646000,-2.000000
-1.646000,-2.000000
-1.646000,-2.000000
-1.646000,-2.000000
-1.646000,-2.000000
-1.646000,-2.000000
-1.646000,-2.000000
-1.646000,-2.000000
-1.646000,-2.000000
-1.646000,-2.000000
-1.646000,-2.000000
-1.646000,-2.000000
-1.646000,-2.000000
-1.646000,-2.000000
-1.646000,-2.000000
-1.646000,-2.000000
-1.646000,-2.000000
-1.646000,-2.000000
-1.646000,-2.000000
-1.646000,-2.000000
-1.646000,-2.000000
-1.646000,-2.000000
-1.646000,-2.000000
-1.646000,-2.000000
-1.646000,-2.000000
-1.646000,-2.000000
-1.646000,-2.000000
-1.646000,-2.000000
-1.646000,-2.000000
-1.646000,-2.000000
-1.646000,-2.000000
-1.646000,-2.000000
-1.646000,-2.000000
-1.646000,-2.000000
-1.646000,-2.000000
-1.646000,-2.000000
-1.646000,-2.000000
-1.646000,-2.000000
-1.646000,-2.000000
-1.646000,-2.000000
-1.646000,-2.000000
-1.646000,-2.000000
-1.646000,-2.000000
-1.646000,-2.000000
-1.646000,-2.000000
-1.646000,-2.000000
-1.646000,-2.000000
-1.646000,-2.000000
-1.646000,-2.000000
-1.646000,-2.000000
-1.646000,-2.000000
-1.646000,-2.000000
-1.646000,-2.000000
-1.646000,-2.000000
-1.646000,-2.000000
-1.646000,-2.000000
-1.646000,-2.000000
-1.646000,-2.000000
-1.646000,-2.000000
-1.646000,-2.000000
-1.646000,-2.000000
-1.646000,-2.000000
-1.646000,-2.000000
-1.646000,-2.000000
-1.646000,-2.000000
-1.646000,-2.000000
-1.646000,-2.000000
-1.646000,-2.000000
-1.646000,-2.000000
-1.646000,-2.000000
-1.646000,-2.000000
-1.646000,-2.000000
-1.646000,-2.000000
-1.646000,-2.000000
-1.646000,-2.000000
-1.646000,-2.000000
-1.646000,-2.000000
-1.646000,-2.000000
-1.646000,-2.000000
-1.646000,-2.000000
-1.646000,-2.000000
-1.646000,-2.000000
-1.646000,-2.000000
-1.646000,-2.000000
-1.646000,-2.000000
-1.646000,-2.000000
-1.646000,-2.000000
-1.646000,-2.000000
-1.646000,-2.000000
-1.646000,-2.000000
-1.646000,-2.000000
-1.646000,-2.000000
-1.646000,-2.000000
-1.646000,-2.000000
-1.646000,-2.000000
-1.646000,-2.000000
-1.646000,-2.000000
-1.646000,-2.000000
-1.646000,-2.000000
-1.646000,-2.000000
-1.646000,-2.000000
-1.646000,-2.000000
-1.646000,-2.000000
-1.646000,-2.000000
-1.646000,-2.000000
-1.646000,-2.000000
-1.646000,-2.000000
-1.646000,-2.000000
-1.646000,-2.000000
-1.646000,-2.000000
-1.646000,-2.000000
-1.646000,-2.000000
-1.646000,-2.000000
-1.646000,-2.000000
-1.646000,-2.000000
-1.646000,-2.000000
-1.646000,-2.000000
-1.646000,-2.000000
-1.646000,-2.000000
-1.646000,-2.000000
-1.646000,-2.000000
-1.646000,-2.000000
-1.646000,-2.000000
-1.646000,-2.000000
-1.646000,-2.000000
-1.646000,-2.000000
-1.646000,-2.000000
-1.646000,-2.000000
-1.646000,-2.000000
-1.646000,-2.000000
-1.646000,-2.000000
-1.646000,-2.000000
-1.646000,-2.000000
-1.646000,-2.000000
-1.646000,-2.000000
-1.646000,-2.000000
-1.646000,-2.000000
-1.646000,-2.000000
-1.646000,-2.000000
-1.646000,-2.000000
-1.646000,-2.000000
-1.646000,-2.000000
-1.646000,-2.000000
-1.646000,-2.000000
-1.646000,-2.000000
-1.646000,-2.000000
-1.646000,-2.000000
-1.646000,-2.000000
-1.646000,-2.000000
-1.646000,-2.000000
-1.646000,-2.000000
-1.645655,-2.000000
-1.645536,-2.000000
-1.645392,-2.000001
-1.645218,-2.000001
-1.645010,-2.000001
-1.644768,-2.000001
-1.644488,-2.000002
-1.644166,-2.000002
-1.643802,-2.000003
-1.643389,-2.000004
-1.642934,-2.000004
-1.642419,-2.000005
-1.641851,-2.000006
-1.641223,-2.000008
-1.640536,-2.000009
-1.618801,-2.000068
-1.616621,-2.000075
-1.614330,-2.000082
-1.611915,-2.000090
-1.609385,-2.000098
-1.606729,-2.000106
-1.603949,-2.000116
-1.601032,-2.000125
-1.597993,-2.000136
-1.594812,-2.000147
-1.591491,-2.000158
-1.588031,-2.000170
-1.584428,-2.000182
-1.580669,-2.000195
-1.576767,-2.000209
-1.491216,-2.000493
-1.484244,-2.000513
-1.477058,-2.000534
-1.469718,-2.000554
-1.462141,-2.000574
-1.454377,-2.000594
-1.446394,-2.000613
-1.438125,-2.000632
-1.429632,-2.000651
-1.420937,-2.000669
-1.412079,-2.000685
-1.402877,-2.000702
-1.393479,-2.000716
-1.383870,-2.000730
-1.373994,-2.000742
-1.182467,-2.000498
-1.168823,-2.000432
-1.154691,-2.000359
-1.140553,-2.000277
-1.126274,-2.000189
-1.111933,-2.000093
-1.097165,-1.999988
-1.082398,-1.999876
-1.067479,-1.999758
-1.052582,-1.999631
-1.037236,-1.999496
-1.021969,-1.999354
-1.006518,-1.999205
-0.991148,-1.999049
-0.975348,-1.998885
-0.715017,-1.995369
-0.698447,-1.995101
-0.681751,-1.994827
-0.665202,-1.994551
-0.648548,-1.994269
-0.631960,-1.993984
-0.615341,-1.993695
-0.598793,-1.993402
-0.582234,-1.993105
-0.565730,-1.992806
-0.549198,-1.992502
-0.532747,-1.992196
-0.516261,-1.991887
-0.499845,-1.991574
-0.483411,-1.991259
-0.223708,-1.985883
-0.207636,-1.985529
-0.191583,-1.985174
-0.175550,-1.984817
-0.159525,-1.984459
-0.143507,-1.984102
-0.127499,-1.983744
-0.111468,-1.983386
-0.095461,-1.983027
-0.079454,-1.982668
-0.063468,-1.982308
-0.047473,-1.981949
-0.031482,-1.981587
-0.015469,-1.981226
0.000553,-1.980862
0.260255,-1.974769
0.276849,-1.974362
0.293502,-1.973951
0.310216,-1.973536
0.326972,-1.973117
0.343829,-1.972693
0.360711,-1.972264
0.377603,-1.971827
0.394536,-1.971386
0.411471,-1.970937
0.428432,-1.970483
0.445412,-1.970022
0.462350,-1.969558
0.479297,-1.969087
0.496245,-1.968613
0.764453,-1.960515
0.780997,-1.959984
0.797566,-1.959450
0.813939,-1.958918
0.830432,-1.958381
0.846921,-1.957839
0.863359,-1.957298
0.879795,-1.956752
0.896219,-1.956206
0.912632,-1.955656
0.929012,-1.955106
0.945352,-1.954554
0.961713,-1.953999
0.978007,-1.953444
0.994324,-1.952886
1.253334,-1.943816
1.269546,-1.943243
1.285769,-1.942667
1.302022,-1.942090
1.318293,-1.941510
1.334605,-1.940929
1.350937,-1.940345
1.367325,-1.939759
1.383716,-1.939170
1.400150,-1.938579
1.416635,-1.937983
1.433195,-1.937384
1.449769,-1.936782
1.466393,-1.936177
1.483094,-1.935566
1.754072,-1.925149
1.770968,-1.924463
1.787834,-1.923776
1.804680,-1.923085
1.821482,-1.922393
1.838291,-1.921697
1.855073,-1.920999
1.871823,-1.920299
1.888548,-1.919597
1.905278,-1.918891
1.921968,-1.918185
1.938636,-1.917476
1.955294,-1.916765
1.971907,-1.916053
1.988541,-1.915338
2.251666,-1.903705
2.267928,-1.902969
2.284219,-1.902230
2.300460,-1.901492
2.316701,-1.900752
2.332914,-1.900012
2.349106,-1.899272
2.365284,-1.898530
2.381454,-1.897788
2.397576,-1.897046
2.413716,-1.896302
2.429842,-1.895557
2.445908,-1.894814
2.461992,-1.894069
2.478216,-1.893316
2.735484,-1.881327
2.751791,-1.880566
2.768131,-1.879801
2.784532,-1.879034
2.800965,-1.878263
2.817460,-1.877489
2.834015,-1.876711
2.850610,-1.875931
2.867278,-1.875144
2.884008,-1.874355
2.900779,-1.873561
2.917646,-1.872762
2.934582,-1.871956
2.951577,-1.871148
2.968670,-1.870331
3.248261,-1.856475
3.265801,-1.855569
3.283316,-1.854662
3.300825,-1.853751
3.318303,-1.852838
3.335759,-1.851923
3.353186,-1.851006
3.370738,-1.850079
3.388007,-1.849164
3.405376,-1.848240
3.422716,-1.847315
3.440039,-1.846388
3.457347,-1.845459
3.474654,-1.844527
3.491904,-1.843595
3.765570,-1.828498
3.782537,-1.827545
3.799446,-1.826593
3.816351,-1.825640
3.833243,-1.824687
3.850115,-1.823732
3.867000,-1.822776
3.883867,-1.821822
3.900710,-1.820868
3.917644,-1.819910
3.934466,-1.818957
3.951389,-1.818000
3.968267,-1.817044
3.985222,-1.816084
4.002150,-1.815124
4.278457,-1.799311
4.296187,-1.798283
4.313983,-1.797246
4.331860,-1.796204
4.349890,-1.795148
4.367903,-1.794093
4.385889,-1.793034
4.404147,-1.791952
4.422283,-1.790874
4.440548,-1.789780
4.458812,-1.788683
4.477024,-1.787582
4.495274,-1.786475
4.513555,-1.785360
4.531874,-1.784239
4.822498,-1.765864
4.840496,-1.764694
4.858624,-1.763514
4.876533,-1.762344
4.894320,-1.761180
4.912377,-1.759995
4.930301,-1.758816
4.948112,-1.757641
4.965820,-1.756472
4.983785,-1.755281
5.001609,-1.754099
5.019370,-1.752917
5.037188,-1.751730
5.054899,-1.750547
5.072630,-1.749361
5.354830,-1.730296
5.372366,-1.729105
5.390244,-1.727888
5.407953,-1.726683
5.425622,-1.725478
5.443413,-1.724264
5.461301,-1.723041
5.478950,-1.721833
5.496838,-1.720606
5.514808,-1.719373
5.532840,-1.718132
5.550795,-1.716896
5.568865,-1.715648
5.586988,-1.714395
5.605064,-1.713141
5.904391,-1.691865
5.923409,-1.690464
5.942479,-1.689055
5.961492,-1.687642
5.980532,-1.686223
5.999532,-1.684800
6.018603,-1.683368
6.037541,-1.681939
6.056506,-1.680504
6.075419,-1.679066
6.094355,-1.677623
6.113233,-1.676179
6.132013,-1.674738
6.150860,-1.673286
6.169737,-1.671829
6.467771,-1.648293
6.486071,-1.646820
6.504499,-1.645335
6.522923,-1.643846
6.541313,-1.642358
6.559656,-1.640871
6.578090,-1.639374
6.596477,-1.637878
6.614741,-1.636390
6.633086,-1.634897
6.651466,-1.633399
6.669841,-1.631902
6.688159,-1.630408
6.706603,-1.628904
6.724999,-1.627401
7.024781,-1.602696
7.044085,-1.601086
7.063282,-1.599479
7.082716,-1.597850
7.102154,-1.596216
7.121695,-1.594571
7.141265,-1.592919
7.160960,-1.591253
7.180751,-1.589574
7.200565,-1.587889
7.220627,-1.586178
7.240504,-1.584479
7.260656,-1.582750
7.280851,-1.581008
7.301113,-1.579253
7.628008,-1.549949
7.648344,-1.548072
7.668650,-1.546194
7.688969,-1.544309
7.709266,-1.542421
7.729649,-1.540519
7.749889,-1.538627
7.770074,-1.536735
7.790291,-1.534835
7.810460,-1.532935
7.830427,-1.531051
7.850675,-1.529134
7.870654,-1.527240
7.890707,-1.525334
7.910750,-1.523426
8.228675,-1.492695
8.248391,-1.490764
8.268076,-1.488835
8.287740,-1.486904
8.307370,-1.484975
8.326992,-1.483044
8.346613,-1.481112
8.366191,-1.479181
8.385779,-1.477247
8.405322,-1.475315
8.424861,-1.473382
8.444520,-1.471435
8.463880,-1.469516
8.483347,-1.467584
8.502812,-1.465651
8.811996,-1.434730
8.831019,-1.432816
8.850245,-1.430881
8.869436,-1.428948
8.888560,-1.427021
8.907673,-1.425094
8.926845,-1.423160
8.945814,-1.421245
8.964897,-1.419318
8.983930,-1.417398
9.003067,-1.415467
9.021957,-1.413563
9.041197,-1.411622
9.060273,-1.409700
9.079394,-1.407772
9.389739,-1.376403
9.409560,-1.374389
9.429480,-1.372360
9.449429,-1.370328
9.469484,-1.368281
9.489564,-1.366230
9.509784,-1.364161
9.530014,-1.362089
9.550409,-1.359995
9.570807,-1.357900
9.591165,-1.355803
9.612014,-1.353654
9.632805,-1.351505
9.653386,-1.349370
9.674031,-1.347222
10.009321,-1.311510
10.029950,-1.309268
10.050781,-1.307001
10.071570,-1.304733
10.092354,-1.302463
10.113117,-1.300189
10.133854,-1.297915
10.154564,-1.295640
10.175282,-1.293360
10.195936,-1.291083
10.216586,-1.288804
10.237215,-1.286522
10.257826,-1.284240
10.278449,-1.281957
10.299061,-1.279672
10.629411,-1.242785
10.650207,-1.240438
10.671020,-1.238085
10.691885,-1.235723
10.712772,-1.233353
10.733958,-1.230946
10.754925,-1.228559
10.775920,-1.226165
10.796987,-1.223756
10.818155,-1.221333
10.839320,-1.218903
10.860560,-1.216461
10.881897,-1.214001
10.903098,-1.211552
10.924749,-1.209044
11.277833,-1.167107
11.300418,-1.164337
11.322726,-1.161593
11.345339,-1.158799
11.367882,-1.156006
11.390315,-1.153215
11.412803,-1.150409
11.435071,-1.147620
11.457740,-1.144773
11.480128,-1.141952
11.502489,-1.139126
11.524819,-1.136295
11.547168,-1.133455
11.569437,-1.130616
11.591693,-1.127772
11.944090,-1.081833
11.965911,-1.078940
11.987720,-1.076045
12.009524,-1.073150
12.031342,-1.070249
12.053162,-1.067347
12.074964,-1.064443
12.096788,-1.061535
12.118568,-1.058629
12.140413,-1.055712
12.162226,-1.052795
12.184038,-1.049876
12.205859,-1.046951
12.227720,-1.044018
12.249600,-1.041078
12.604111,-0.992778
12.626708,-0.989649
12.649346,-0.986506
12.672098,-0.983341
12.694897,-0.980160
12.717787,-0.976961
12.740749,-0.973742
12.763782,-0.970506
12.787100,-0.967220
12.810343,-0.963938
12.833651,-0.960636
12.856872,-0.957338
12.880338,-0.953995
12.903969,-0.950620
12.927684,-0.947222
13.321048,-0.889139
13.345947,-0.885329
13.371339,-0.881431
13.396521,-0.877546
13.421704,-0.873649
13.446879,-0.869736
13.472119,-0.865800
13.497322,-0.861854
13.522557,-0.857891
13.547643,-0.853936
13.572670,-0.849979
13.598079,-0.845947
13.622947,-0.841990
13.648033,-0.837985
13.673132,-0.833967
14.069775,-0.769071
14.094457,-0.764957
14.119022,-0.760857
14.143270,-0.756800
14.167967,-0.752663
14.192371,-0.748567
14.216584,-0.744497
14.241262,-0.740348
14.265430,-0.736278
14.290063,-0.732128
14.314514,-0.728003
14.338917,-0.723884
14.363364,-0.719750
14.387811,-0.715614
14.412302,-0.711463
14.807403,-0.643669
14.832512,-0.639296
14.857675,-0.634904
14.882892,-0.630495
14.908207,-0.626057
14.933765,-0.621569
14.959244,-0.617083
14.984748,-0.612584
15.010145,-0.608091
15.035952,-0.603517
15.061896,-0.598905
15.087593,-0.594328
15.113522,-0.589696
15.139480,-0.585048
15.165615,-0.580354
15.593820,-0.501303
15.620798,-0.496174
15.647812,-0.491025
15.674745,-0.485874
15.701709,-0.480705
15.728615,-0.475530
15.755563,-0.470335
15.782383,-0.465148
15.809214,-0.459948
15.835993,-0.454743
15.862760,-0.449529
15.889476,-0.444311
15.916168,-0.439087
15.942832,-0.433855
15.969446,-0.428623
16.391995,-0.344261
16.418347,-0.338940
16.444693,-0.333612
16.471038,-0.328279
16.497407,-0.322932
16.523801,-0.317574
16.550207,-0.312204
16.576649,-0.306820
16.603096,-0.301425
16.629585,-0.296015
16.656027,-0.290603
16.682646,-0.285149
16.709243,-0.279687
16.736063,-0.274172
16.762867,-0.268648
17.196850,-0.177632
17.224647,-0.171688
17.252543,-0.165706
17.280512,-0.159694
17.308574,-0.153643
17.336719,-0.147561
17.365002,-0.141429
17.393380,-0.135262
17.421862,-0.129052
17.450434,-0.122806
17.479165,-0.116504
17.507972,-0.110170
17.536904,-0.103786
17.565977,-0.097353
17.595156,-0.090874
18.071670,0.018337
18.101524,0.025392
18.131596,0.032517
18.161505,0.039629
18.191169,0.046699
18.221041,0.053843
18.251192,0.061071
18.280962,0.068230
18.310662,0.075388
18.340277,0.082547
18.369976,0.089741
18.399604,0.096939
18.429212,0.104146
18.458767,0.111360
18.488332,0.118589
18.956321,0.234932
18.985419,0.242256
19.014512,0.249588
19.043649,0.256939
19.072817,0.264307
19.101981,0.271682
19.131191,0.279080
19.160423,0.286490
19.189657,0.293914
19.218956,0.301362
19.248295,0.308833
19.277641,0.316314
19.307043,0.323823
19.336505,0.331357
19.365995,0.338912
19.846859,0.464024
19.877562,0.472151
19.908386,0.480332
19.939329,0.488562
19.970055,0.496755
20.001428,0.505139
20.032738,0.513530
20.063753,0.521860
20.095325,0.530365
20.126946,0.538902
20.158769,0.547519
20.190485,0.556128
20.222467,0.564836
20.254322,0.573544
20.286353,0.582327
20.800514,0.726977
20.832763,0.736251
20.864587,0.745419
20.896643,0.754676
20.928657,0.763938
20.960465,0.773162
20.992325,0.782416
21.024026,0.791644
21.055938,0.800948
21.087424,0.810148
21.119295,0.819474
21.151047,0.828783
21.182640,0.838059
21.214406,0.847404
21.245964,0.856700
21.747647,1.006120
21.779078,1.015564
21.810506,1.025021
21.842001,1.034507
21.873939,1.044140
21.905023,1.053526
21.936627,1.063083
21.968239,1.072653
21.999861,1.082243
22.031597,1.091877
22.063352,1.101534
22.095146,1.111215
22.126988,1.120928
22.159155,1.130752
22.191166,1.140548
22.712238,1.302511
22.745612,1.313066
22.779044,1.323667
22.812650,1.334345
22.846279,1.345059
22.880083,1.355852
22.913972,1.366702
22.948005,1.377623
22.982173,1.388617
23.016427,1.399666
23.050843,1.410799
23.085373,1.421996
23.119981,1.433252
23.154762,1.444592
23.189681,1.456013
23.754680,1.645907
23.790057,1.658093
23.825441,1.670308
23.860780,1.682541
23.896167,1.694816
23.931406,1.707071
23.966707,1.719371
24.001914,1.731669
24.037109,1.743985
24.072193,1.756292
24.107313,1.768632
24.142365,1.780977
24.177324,1.793308
24.212258,1.805657
24.247170,1.818018
24.801301,2.016761
24.835945,2.029313
24.870533,2.041863
24.905180,2.054447
24.939833,2.067053
24.974540,2.079692
25.009438,2.092421
25.044025,2.105051
25.078804,2.117772
25.113647,2.130533
25.148533,2.143332
25.183725,2.156259
25.218414,2.169026
25.253417,2.181925
25.288458,2.194862
25.858336,2.408635
25.894620,2.422486
25.931015,2.436415
25.967527,2.450419
26.004171,2.464510
26.040867,2.478651
26.077687,2.492879
26.114616,2.507182
26.151652,2.521566
26.188788,2.536023
26.226015,2.550557
26.263424,2.565198
26.300950,2.579927
26.338568,2.594730
26.376274,2.609612
26.988340,2.857717
27.026669,2.873654
27.064963,2.889612
27.103220,2.905600
27.141710,2.921720
27.179721,2.937683
27.218298,2.953916
27.256385,2.969984
27.294581,2.986130
27.332691,3.002278
27.370474,3.018318
27.408519,3.034506
27.446446,3.050672
27.484302,3.066843
27.521794,3.082885
28.120296,3.342581
28.157348,3.358853
28.194365,3.375126
28.231368,3.391415
28.268286,3.407681
28.305185,3.423961
28.342096,3.440260
28.378881,3.456523
28.415689,3.472811
28.452448,3.489096
28.489182,3.505384
28.525917,3.521689
28.562558,3.537967
28.599181,3.554252
28.635767,3.570534
29.217521,3.831128
29.253605,3.847383
29.289744,3.863670
29.325780,3.879922
29.361840,3.896191
29.397864,3.912454
29.433870,3.928716
29.469885,3.944992
29.505820,3.961237
29.541777,3.977502
29.577702,3.993758
29.613581,4.010002
29.649421,4.026235
29.685259,4.042474
29.721081,4.058712
30.291439,4.318053
30.326872,4.334207
30.362332,4.350377
30.397803,4.366557
30.433201,4.382707
30.468647,4.398876
30.504087,4.415047
30.539558,4.431230
30.575022,4.447415
30.610515,4.463612
30.646029,4.479826
30.681524,4.496030
30.717050,4.512257
30.752610,4.528500
30.788173,4.544754
31.362903,4.808576
31.399224,4.825350
31.435712,4.842221
31.472124,4.859068
31.508659,4.875994
31.545234,4.892951
31.581524,4.909799
31.618232,4.926855
31.655006,4.943964
31.691833,4.961116
31.728666,4.978294
31.765606,4.995540
31.802616,5.012843
31.839535,5.030138
31.876504,5.047480
32.464210,5.326550
32.500583,5.344003
32.537007,5.361496
32.573333,5.378962
32.609654,5.396441
32.645948,5.413925
32.682148,5.431379
32.718455,5.448892
32.754671,5.466376
32.790993,5.483920
32.827240,5.501443
32.863559,5.519011
32.899829,5.536574
32.936105,5.554150
32.972390,5.571749
33.553337,5.856008
33.589663,5.873967
33.625974,5.891949
33.662293,5.909957
33.698586,5.927982
33.734902,5.946041
33.771183,5.964115
33.807491,5.982228
33.843773,6.000359
33.880083,6.018531
33.916357,6.036718
33.952654,6.054945
33.988861,6.073160
34.025216,6.091478
34.061511,6.109802
34.641004,6.407230
34.677157,6.426120
34.713307,6.445055
34.749473,6.464038
34.785555,6.483025
34.821669,6.502070
34.857756,6.521150
34.893864,6.540284
34.929929,6.559445
34.966048,6.578678
35.002061,6.597906
35.038137,6.617213
35.074131,6.636529
35.110348,6.656010
35.146185,6.675342
35.715943,6.990160
35.750897,7.009946
35.785854,7.029777
35.820648,7.049568
35.855416,7.069385
35.890122,7.089218
35.924741,7.109039
35.959285,7.128867
35.993809,7.148718
36.028230,7.168558
36.062605,7.188404
36.096901,7.208249
36.131218,7.228140
36.165467,7.248016
36.199717,7.267927
36.747120,7.590692
36.781264,7.611138
36.815354,7.631596
36.849504,7.652127
36.883581,7.672660
36.917703,7.693258
36.951776,7.713874
36.985866,7.734540
37.019880,7.755207
37.053923,7.775933
37.087943,7.796694
37.122282,7.817692
37.155983,7.838351
37.189979,7.859233
37.223993,7.880178
37.765368,8.220472
37.799066,8.242118
37.832775,8.263834
37.866350,8.285519
37.899961,8.307291
37.933804,8.329270
37.967155,8.350994
38.000764,8.372945
38.034245,8.394877
38.067806,8.416921
38.101263,8.438965
38.134780,8.461108
38.168212,8.483264
38.201600,8.505452
38.234996,8.527715
38.768831,8.893149
38.802525,8.916857
38.835962,8.940469
38.869408,8.964165
38.902841,8.987937
38.936301,9.011808
38.969820,9.035809
39.003254,9.059830
39.036812,9.084031
39.070081,9.108135
39.103421,9.132376
39.136536,9.156562
39.169884,9.180999
39.202522,9.205019
39.235526,9.229385
39.747938,9.618062
39.779247,9.642372
39.810541,9.666720
39.841621,9.690963
39.872696,9.715249
39.903706,9.739545
39.934658,9.763838
39.965513,9.788113
39.996305,9.812380
40.027050,9.836663
40.057733,9.860937
40.088320,9.885187
40.118856,9.909434
40.149362,9.933707
40.179797,9.957958
40.659344,10.345000
40.688905,10.369123
40.718469,10.393272
40.747954,10.417387
40.777387,10.441480
40.806812,10.465595
40.836196,10.489697
40.865512,10.513769
40.894820,10.537855
40.924171,10.562003
40.953314,10.585997
40.982444,10.610005
41.011608,10.634059
41.040741,10.658110
41.069803,10.682120
41.532097,11.066234
41.561174,11.090508
41.590017,11.114606
41.618854,11.138712
41.647482,11.162663
41.676332,11.186814
41.705158,11.210966
41.733991,11.235138
41.762808,11.259321
41.791645,11.283535
41.820462,11.307757
41.849326,11.332035
41.878145,11.356302
41.906930,11.380558
41.935745,11.404865
42.398773,11.799031
42.427862,11.824050
42.456886,11.849052
42.486187,11.874323
42.515404,11.899563
42.544671,11.924878
42.573873,11.950178
42.603367,11.975767
42.632745,12.001297
42.662149,12.026885
42.691722,12.052667
42.721067,12.078286
42.750803,12.104293
42.780209,12.130051
42.809820,12.156036
43.288893,12.583337
43.318716,12.610427
43.348528,12.637555
43.378267,12.664677
43.407961,12.691804
43.437576,12.718917
43.467177,12.746061
43.496674,12.773164
43.526152,12.800293
43.555752,12.827586
43.585123,12.854707
43.614370,12.881764
43.643654,12.908893
43.672803,12.935945
43.701933,12.963015
44.161912,13.395178
44.190488,13.422265
44.219119,13.449438
44.247637,13.476528
44.275969,13.503477
44.304567,13.530703
44.333109,13.557912
44.361665,13.585162
44.390163,13.612394
44.418727,13.639717
44.447221,13.667013
44.475730,13.694353
44.504192,13.721688
44.532687,13.749086
44.561163,13.776507
45.014707,14.218791
45.042916,14.246683
45.071093,14.274596
45.099253,14.302539
45.127418,14.330542
45.155525,14.358535
45.183622,14.386574
45.211747,14.414690
45.240051,14.443045
45.268089,14.471183
45.296134,14.499390
45.324180,14.527648
45.351834,14.555572
45.379821,14.583885
45.407721,14.612173
45.845601,15.064779
45.872370,15.092942
45.899285,15.121303
45.925799,15.149296
45.952372,15.177393
45.978950,15.205546
46.005371,15.233573
46.031707,15.261560
46.058039,15.289578
46.084348,15.317620
46.110530,15.345561
46.136736,15.373574
46.162909,15.401584
46.189021,15.429572
46.215139,15.457599
46.626749,15.903643
46.651997,15.931236
46.677262,15.958868
46.702743,15.986748
46.728214,16.014638
46.753480,16.042317
46.778739,16.070011
46.804139,16.097874
46.829449,16.125662
46.854842,16.153558
46.880303,16.181552
46.905598,16.209383
46.930918,16.237267
46.956370,16.265314
46.981490,16.293025
47.386374,16.743393
47.411710,16.771846
47.437101,16.800401
47.462457,16.828950
47.487881,16.857618
47.513287,16.886300
47.538757,16.915099
47.564199,16.943902
47.589680,16.972795
47.615212,17.001784
47.640786,17.030868
47.666329,17.059957
47.691959,17.089194
47.717558,17.118438
47.743324,17.147924
48.159219,17.631135
48.185402,17.662100
48.211560,17.693097
48.237656,17.724098
48.263747,17.755152
48.290020,17.786499
48.316096,17.817669
48.342023,17.848731
48.368013,17.879923
48.393900,17.911060
48.419811,17.942277
48.445560,17.973365
48.471401,18.004613
48.496873,18.035477
48.522563,18.066651
48.926439,18.563100
48.951274,18.593970
48.976080,18.624834
49.000824,18.655660
49.025545,18.686486
49.050264,18.717345
49.074907,18.748135
49.099487,18.778883
49.124058,18.809645
49.148477,18.840249
49.173107,18.871142
49.197553,18.901836
49.222032,18.932595
49.246165,18.962948
49.270530,18.993615
49.656471,19.482404
49.680361,19.512823
49.704216,19.543212
49.728087,19.573639
49.751818,19.603902
49.775688,19.634358
49.799495,19.664747
49.823249,19.695086
49.846988,19.725416
49.870698,19.755726
49.894376,19.786006
49.918069,19.816320
49.941725,19.846598
49.965344,19.876843
49.988972,19.907108
50.367030,20.392630
50.390643,20.423057
50.414363,20.453644
50.438163,20.484347
50.461895,20.514987
50.485733,20.545778
50.509559,20.576579
50.533385,20.607396
50.557281,20.638331
50.581171,20.669276
50.605102,20.700303
50.629112,20.731453
50.653110,20.762618
50.677143,20.793850
50.701185,20.825126
51.092229,21.338387
51.117211,21.371516
51.142020,21.404467
51.167231,21.437996
51.192056,21.471064
51.217120,21.504496
51.242279,21.538112
51.267441,21.571805
51.292867,21.605908
51.318005,21.639695
51.343289,21.673731
51.368110,21.707210
51.393302,21.741241
51.418441,21.775264
51.443642,21.809421
51.843542,22.358181
51.868274,22.392487
51.892891,22.426664
51.917623,22.461042
51.942196,22.495231
51.966649,22.529291
51.991168,22.563471
52.015737,22.597760
52.040099,22.631786
52.064627,22.666081
52.088995,22.700177
52.113318,22.734245
52.137635,22.768329
52.161870,22.802330
52.186054,22.836283
52.572110,23.381334
52.596275,23.415631
52.620464,23.449993
52.644737,23.484496
52.668789,23.518721
52.693216,23.553501
52.717276,23.587797
52.741734,23.622685
52.766013,23.657356
52.790178,23.691892
52.814508,23.726706
52.838920,23.761667
52.863375,23.796732
52.887815,23.831809
52.912240,23.866909
53.308045,24.442109
53.333101,24.478988
53.358257,24.516085
53.383456,24.553304
53.408638,24.590571
53.433962,24.628111
53.459276,24.665712
53.484625,24.703431
53.510082,24.741391
53.535535,24.779412
53.561090,24.817672
53.586691,24.856071
53.612328,24.894612
53.637996,24.933276
53.663733,24.972135
54.076955,25.609287
54.102589,25.649630
54.128226,25.690053
54.153802,25.730471
54.179350,25.770918
54.204841,25.811365
54.230321,25.851862
54.255766,25.892389
54.281129,25.932851
54.306452,25.973332
54.331784,26.013889
54.356999,26.054335
54.382216,26.094846
54.407305,26.135226
54.432398,26.175667
54.827321,26.819785
54.851647,26.859873
54.875947,26.899955
54.900257,26.940077
54.924574,26.980249
54.948981,27.020595
54.973321,27.060874
54.997592,27.101065
55.021839,27.141262
55.046111,27.181532
55.070427,27.221922
55.094563,27.262048
55.118882,27.302526
55.143171,27.342993
55.167466,27.383524
55.556129,28.039320
55.580352,28.080734
55.604835,28.122675
55.629264,28.164592
55.653694,28.206596
55.677984,28.248433
55.702410,28.290593
55.726866,28.332881
55.751231,28.375105
55.775823,28.417801
55.800321,28.460433
55.824988,28.503443
55.849538,28.546354
55.873888,28.589001
55.898700,28.632563
56.291038,29.336718
56.315583,29.381725
56.339879,29.426365
56.364093,29.470960
56.388330,29.515682
56.412625,29.560614
56.436658,29.605142
56.460753,29.649883
56.484831,29.694671
56.508823,29.739391
56.532804,29.784166
56.556724,29.828915
56.580556,29.873572
56.604449,29.918426
56.628192,29.963068
57.002293,30.675329
57.025302,30.719618
57.048309,30.763946
57.071185,30.808074
57.094222,30.852554
57.116894,30.896379
57.139980,30.941045
57.162808,30.985260
57.185604,31.029448
57.208359,31.073605
57.231090,31.117749
57.253806,31.161908
57.276277,31.205623
57.298934,31.249742
57.321571,31.293855
57.680194,31.996990
57.702449,32.040856
57.724702,32.084740
57.746768,32.128280
57.768921,32.172011
57.791068,32.215753
57.812967,32.259025
57.835236,32.303051
57.857339,32.346768
57.879397,32.390416
57.901457,32.434086
57.923270,32.477287
57.945260,32.520855
57.967226,32.564393
57.989222,32.608009
58.338390,33.302401
58.360089,33.345663
58.381812,33.388985
58.403483,33.432213
58.425175,33.475494
58.446830,33.518712
58.468515,33.562000
58.490152,33.605201
58.511794,33.648420
58.533430,33.691640
58.555049,33.734833
58.576691,33.778082
58.598323,33.821317
58.619975,33.864604
58.641571,33.907784
58.989010,34.603480
59.010864,34.647293
59.032766,34.691208
59.054683,34.735159
59.076635,34.779184
59.098778,34.823597
59.120915,34.868004
59.142822,34.911955
59.164901,34.956257
59.187005,35.000612
59.209160,35.045074
59.231301,35.089513
59.253559,35.134190
59.275766,35.178771
59.297994,35.223397
59.655459,35.941543
59.677752,35.986357
59.700054,36.031193
59.722371,36.076060
59.744675,36.120906
59.766948,36.165690
59.789245,36.210528
59.811479,36.255241
59.833773,36.300077
59.856016,36.344815
59.878045,36.389122
59.900487,36.434264
59.922711,36.478968
59.944918,36.523642
59.967162,36.568390
60.321267,37.280997
60.343353,37.325457
60.365442,37.369922
60.387534,37.414398
60.409630,37.458880
60.431672,37.503274
60.453731,37.547698
60.475763,37.592086
60.497967,37.636812
60.520065,37.681336
60.542022,37.725568
60.564027,37.769905
60.585845,37.813850
60.608020,37.858521
60.629864,37.902508
60.983950,38.613605
61.006297,38.658257
61.028636,38.702883
61.051077,38.747651
61.073492,38.792351
61.096012,38.837193
61.118515,38.881983
61.141102,38.926871
61.163792,38.971881
61.186514,39.016911
61.209318,39.062023
61.232148,39.107143
61.255091,39.152409
61.278045,39.197656
61.301087,39.243004
61.674010,39.970302
61.697488,40.015732
61.720997,40.061177
61.744501,40.106585
61.768030,40.151997
61.791566,40.197399
61.815123,40.242799
61.838681,40.288177
61.862274,40.333584
61.885836,40.378909
61.909440,40.424275
61.933061,40.469654
61.956676,40.514985
61.980279,40.560274
62.003920,40.605600
62.383155,41.329631
62.406851,41.374721
62.430552,41.419833
62.454210,41.464828
62.477881,41.509858
62.501577,41.554897
62.525202,41.599807
62.548902,41.644815
62.572554,41.689738
62.596198,41.734599
62.619914,41.779594
62.643563,41.824414
62.667270,41.869339
62.690890,41.914048
62.714752,41.959204
63.097932,42.678311
63.122166,42.723298
63.146634,42.768622
63.171073,42.813838
63.195649,42.859216
63.220209,42.904513
63.244863,42.949895
63.269568,42.995321
63.294347,43.040800
63.319022,43.086040
63.343919,43.131609
63.368779,43.177065
63.393678,43.222518
63.418598,43.267964
63.443598,43.313486
63.845810,44.039272
63.871290,44.084895
63.896670,44.130291
63.921971,44.175522
63.947343,44.220836
63.972680,44.266063
63.998141,44.311470
64.023433,44.356553
64.048900,44.401907
64.074249,44.447030
64.099630,44.492173
64.124919,44.537132
64.150660,44.582858
64.176124,44.628072
64.201536,44.673161
64.609634,45.394215
64.635160,45.439166
64.660621,45.484016
64.686117,45.528893
64.711556,45.573680
64.737023,45.618477
64.762452,45.663214
64.787912,45.707964
64.813327,45.752636
64.838772,45.797317
64.864194,45.841955
64.889681,45.886660
64.915080,45.931206
64.940571,45.975862
64.966014,46.020426
65.376260,46.733135
65.402269,46.777842
65.428321,46.822531
65.454460,46.867316
65.480624,46.912057
65.506876,46.956899
65.533185,47.001753
65.559594,47.046728
65.586013,47.091643
65.612461,47.136560
65.638882,47.181356
65.665385,47.226248
65.691846,47.270995
65.718369,47.315807
65.744838,47.360460
66.173090,48.076606
66.200022,48.121303
66.226958,48.165965
66.253901,48.210613
66.280875,48.255271
66.307857,48.299919
66.334854,48.344552
66.361852,48.389164
66.388908,48.433836
66.415927,48.478423
66.442969,48.523015
66.469987,48.567546
66.497050,48.612117
66.524151,48.656731
66.551231,48.701280
66.983262,49.409399
67.010324,49.453496
67.037328,49.497481
67.064420,49.541547
67.091464,49.585514
67.118596,49.629558
67.145708,49.673546
67.173082,49.717890
67.200007,49.761478
67.227521,49.805948
67.254710,49.849859
67.281744,49.893447
67.309308,49.937855
67.336448,49.981501
67.364166,50.026039
67.810017,50.732341
67.838553,50.776810
67.867213,50.821363
67.895930,50.865938
67.924779,50.910616
67.953607,50.955199
67.982579,50.999906
68.011537,51.044531
68.040627,51.089267
68.069687,51.133900
68.098882,51.178650
68.128046,51.223300
68.157294,51.267992
68.186526,51.312608
68.215860,51.357301
68.688990,52.070551
68.718743,52.114996
68.748510,52.159452
68.778399,52.204042
68.808332,52.248685
68.838064,52.292975
68.867673,52.337067
68.897403,52.381285
68.927147,52.425505
68.956846,52.469599
68.986682,52.513875
69.016468,52.558015
69.046378,52.602313
69.076018,52.646147
69.105922,52.690342
69.586801,53.393055
69.617222,53.436926
69.647437,53.480442
69.678253,53.524727
69.708580,53.568247
69.739538,53.612571
69.769986,53.656098
69.800962,53.700277
69.831666,53.743997
69.862627,53.787977
69.893930,53.832368
69.924888,53.876159
69.956052,53.920163
69.987346,53.964240
70.018718,54.008343
70.533997,54.717412
70.567212,54.762066
70.600617,54.806858
70.634086,54.851585
70.667539,54.896167
70.701276,54.940974
70.735211,54.985916
70.769180,55.030744
70.803321,55.075667
70.837611,55.120622
70.872108,55.165713
70.906731,55.210800
70.941613,55.256083
70.976318,55.300965
71.011399,55.346188
71.597728,56.077521
71.636009,56.123628
71.674567,56.169878
71.713358,56.216183
71.752751,56.263008
71.791567,56.308920
71.830992,56.355351
71.870692,56.401872
71.910644,56.448479
71.950802,56.495089
71.991218,56.541781
72.031893,56.588529
72.072906,56.635442
72.113954,56.682145
72.155348,56.729015
72.855994,57.485731
72.902346,57.533369
72.949003,57.581030
72.996019,57.628742
73.043351,57.676478
73.091012,57.724224
73.139000,57.771991
73.187359,57.819799
73.235812,57.867389
73.285086,57.915449
73.334761,57.963477
73.384808,58.011517
73.435516,58.059782
73.486578,58.108046
73.538266,58.156508
74.426401,58.943391
74.485327,58.993106
74.544677,59.042902
74.604341,59.092729
74.664375,59.142600
74.724696,59.192485
74.785403,59.242435
74.846400,59.292409
74.907737,59.342418
74.969325,59.392425
75.031257,59.442479
75.093451,59.492545
75.155966,59.542647
75.218699,59.592733
75.281739,59.642852
76.320390,60.444422
76.386790,60.494358
76.453337,60.544265
76.520001,60.594137
76.586858,60.644019
76.653774,60.693829
76.720810,60.743600
76.788017,60.793387
76.855302,60.843110
76.922643,60.892768
76.990012,60.942332
77.058021,60.992264
77.125089,61.041396
77.193213,61.091205
77.260763,61.140488
78.351316,61.924502
78.419762,61.973111
78.488294,62.021735
78.556778,62.070263
78.625199,62.118696
78.693661,62.167089
78.762121,62.215426
78.830609,62.263709
78.899057,62.311903
78.967555,62.360053
79.036167,62.408216
79.104582,62.456157
79.173102,62.504099
79.241674,62.551989
79.310265,62.599814
80.414152,63.355584
80.483753,63.402226
80.553386,63.448762
80.623209,63.495281
80.692986,63.541635
80.762955,63.587967
80.832973,63.634192
80.903134,63.680356
80.973386,63.726436
81.043862,63.772500
81.114253,63.818358
81.184937,63.864240
81.255599,63.909952
81.326486,63.955635
81.397436,64.001198
82.553537,64.717852
82.627239,64.761779
82.701111,64.805591
82.775204,64.849298
82.849682,64.892956
82.924521,64.936573
82.999630,64.980072
83.075204,65.023596
83.151270,65.067135
83.227581,65.110578
83.304185,65.153934
83.381120,65.197250
83.458405,65.240518
83.536084,65.283790
83.614123,65.327028
84.910096,66.017495
84.993789,66.060576
85.078187,66.103858
85.162123,66.146757
85.246891,66.189926
85.332198,66.233229
85.417828,66.276544
85.503726,66.319860
85.590111,66.363276
85.676741,66.406685
85.763694,66.450116
85.851013,66.493604
85.938808,66.537195
86.026815,66.580770
86.115227,66.624417
87.577536,67.330944
87.671986,67.375727
87.766919,67.420646
87.862050,67.465576
87.957614,67.510621
88.053548,67.555760
88.149880,67.601001
88.246587,67.646339
88.343646,67.691760
88.441082,67.737282
88.538917,67.782912
88.637154,67.828655
88.735747,67.874488
88.835590,67.920831
88.934885,67.966846
90.578948,68.719804
90.684800,68.767787
90.791902,68.816284
90.898914,68.864689
91.006370,68.913245
91.113844,68.961760
91.221405,69.010265
91.330337,69.059342
91.439440,69.108449
91.548967,69.157701
91.659031,69.207148
91.769517,69.256741
91.880429,69.306481
91.991748,69.356361
92.103605,69.406439
93.944654,70.225408
94.063961,70.278185
94.182298,70.330501
94.300866,70.382891
94.419904,70.435458
94.539382,70.488191
94.659094,70.540998
94.779063,70.593892
94.899256,70.646856
95.019800,70.699949
95.139666,70.752718
95.260841,70.806037
95.382229,70.859424
95.503793,70.912865
95.625779,70.966467
97.606834,71.834023
97.732424,71.888861
97.858037,71.943691
97.983706,71.998531
98.109652,72.053476
98.235756,72.108474
98.362091,72.163557
98.488432,72.218628
98.614827,72.273708
98.741555,72.328920
98.868188,72.384075
98.995018,72.439304
99.121988,72.494579
99.249191,72.549944
99.376357,72.605279
101.419778,73.492945
101.547781,73.548468
101.677143,73.604572
101.804754,73.659908
101.932413,73.715257
102.060831,73.770928
102.187836,73.825979
102.315821,73.881446
102.443769,73.936891
102.571677,73.992311
102.699593,74.047728
102.828171,74.103425
102.956382,74.158956
103.083278,74.213912
103.211697,74.269521
105.255181,75.153672
105.382424,75.208687
105.510960,75.264257
105.637702,75.319047
105.765481,75.374282
105.894165,75.429904
106.021909,75.485116
106.149470,75.540246
106.277293,75.595485
106.403932,75.650210
106.532749,75.705872
106.660606,75.761116
106.787452,75.815921
106.915312,75.871160
107.043190,75.926405
109.096270,76.812997
109.225041,76.868586
109.354179,76.924331
109.483120,76.979989
109.612219,77.035714
109.741353,77.091452
109.870638,77.147253
110.000019,77.203095
110.129571,77.258992
110.259333,77.314971
110.389842,77.371255
110.520489,77.427594
110.649419,77.483182
110.781062,77.539945
110.910905,77.595932
113.026745,78.514588
113.159546,78.573000
113.293564,78.632074
113.427691,78.691342
113.562093,78.750874
113.696693,78.810655
113.831427,78.870653
113.966342,78.930909
114.101505,78.991450
114.236923,79.052297
114.372376,79.113350
114.509013,79.175146
114.644883,79.236831
114.779414,79.298142
114.916485,79.360861
117.085511,80.384928
117.220674,80.450500
117.355997,80.516332
117.491175,80.582268
117.626343,80.648375
117.761351,80.714570
117.896360,80.780933
118.031242,80.847392
118.166123,80.914010
118.300868,80.980713
118.435590,81.047557
118.570209,81.114493
118.706060,81.182190
118.840242,81.249193
118.974675,81.316461
121.111337,82.401657
121.244060,82.469935
121.376245,82.538005
121.508847,82.606365
121.643188,82.675686
121.776308,82.744455
121.908938,82.813041
122.041299,82.881573
122.173686,82.950198
122.306714,83.019253
122.439743,83.088404
122.573006,83.157788
122.706145,83.227219
122.839344,83.296808
122.973436,83.366990
125.110528,84.510010
125.244393,84.583560
125.378306,84.657413
125.512253,84.731580
125.646178,84.806027
125.780129,84.880801
125.914111,84.955903
126.048131,85.031357
126.182249,85.107196
126.316232,85.183306
126.450278,85.259800
126.584440,85.336728
126.718366,85.413887
126.853432,85.492091
126.986988,85.569807
129.127574,86.876653
129.261040,86.962462
129.394113,87.048596
129.526831,87.135071
129.659834,87.222284
129.792452,87.309804
129.924866,87.397777
130.057264,87.486319
130.189285,87.575207
130.321086,87.664525
130.452468,87.754147
130.583689,87.844226
130.714747,87.934766
130.845417,88.025586
130.975739,88.116716
133.026467,89.615538
133.152616,89.711308
133.278354,89.807138
133.403986,89.903243
133.529163,89.999353
133.654140,90.095647
133.779019,90.192205
133.903508,90.288784
134.027931,90.385634
134.151994,90.482512
134.275988,90.579644
134.399782,90.676914
134.523137,90.774132
134.646419,90.871572
134.770439,90.969878
136.714481,92.543318
136.834816,92.642478
136.954817,92.741545
137.074901,92.840852
137.194670,92.940073
137.314343,93.039379
137.433927,93.138776
137.553514,93.238333
137.672772,93.337774
137.791990,93.437330
137.911086,93.536934
138.030080,93.636596
138.148967,93.736310
138.267900,93.836199
138.386529,93.935969
140.272557,95.537938
140.389899,95.638462
140.507451,95.739254
140.623640,95.838961
140.741458,95.940149
140.858162,96.040461
140.975012,96.140977
141.091445,96.241211
141.208852,96.342358
141.325309,96.442760
141.442079,96.543504
141.558034,96.643612
141.673422,96.743300
141.790592,96.844591
141.907041,96.945326
143.750561,98.547600
143.864777,98.647275
143.978937,98.746943
144.092831,98.846417
144.206526,98.945757
144.320149,99.045071
144.433748,99.144402
144.547083,99.243537
144.660242,99.342554
144.773233,99.441457
144.886069,99.540257
144.998727,99.638934
145.111166,99.737451
145.223434,99.835848
145.335575,99.934164
147.101672,101.485847
147.210419,101.581524
147.319012,101.677071
147.427288,101.772365
147.535285,101.867432
147.643199,101.962467
147.750984,102.057422
147.858454,102.152155
147.965734,102.246773
148.072781,102.341257
148.179632,102.435636
148.286161,102.529819
148.392483,102.623903
148.498515,102.717836
148.604332,102.811680
150.274827,104.313454
150.378197,104.407603
150.481659,104.501961
150.585804,104.597065
150.688900,104.691334
150.790987,104.784794
150.893923,104.879145
150.996785,104.973539
151.099578,105.067980
151.202297,105.162457
151.304991,105.257016
151.407501,105.351506
151.509927,105.446018
151.611875,105.540183
151.714515,105.635083
153.343923,107.152254
153.445636,107.247621
153.547094,107.342850
153.648556,107.438207
153.750958,107.534567
153.852383,107.630149
153.953626,107.725696
154.054715,107.821254
154.155986,107.917135
154.256874,108.012828
154.357739,108.108668
154.458334,108.204440
154.559630,108.301066
154.659542,108.396579
154.760446,108.493241
156.341171,110.042779
156.438399,110.140434
156.535469,110.238189
156.632297,110.335942
156.729102,110.433918
156.825666,110.531882
156.922024,110.629870
157.018238,110.727933
157.114326,110.826092
157.210240,110.924284
157.305956,111.022485
157.401549,111.120761
157.496950,111.219042
157.592263,111.317424
157.687421,111.415840
159.193641,112.995951
159.286801,113.094893
159.380478,113.194510
159.472874,113.292883
159.565790,113.391929
159.659348,113.491772
159.752306,113.591090
159.844062,113.689231
159.937520,113.789300
160.029864,113.888280
160.122443,113.987614
160.214703,114.086704
160.307504,114.186473
160.399089,114.285029
160.491293,114.384343
161.957454,115.974017
162.048579,116.073394
162.140095,116.173279
162.231101,116.272712
162.322418,116.372584
162.413554,116.472379
162.503889,116.571411
162.595609,116.672100
162.686722,116.772257
162.777354,116.872040
162.868348,116.972370
162.958715,117.072182
163.049298,117.172398
163.139486,117.272366
163.229782,117.372637
164.649821,118.982477
164.736640,119.083435
164.824439,119.185861
164.910450,119.286511
164.997134,119.388259
165.082540,119.488801
165.168690,119.590516
165.254562,119.692185
165.340136,119.793786
165.426243,119.896291
165.511639,119.998225
165.596757,120.100085
165.681023,120.201183
165.765883,120.303238
165.850430,120.405163
167.185189,122.042939
167.267450,122.145435
167.349079,122.247303
167.431093,122.349803
167.513113,122.452466
167.594840,122.554906
167.676655,122.657573
167.758560,122.760480
167.840227,122.863197
167.921867,122.966008
168.003519,123.068953
168.085111,123.171963
168.166672,123.275066
168.248168,123.378242
168.329607,123.481494
169.617184,125.142168
169.696227,125.246329
169.775171,125.350667
169.853931,125.455094
169.932292,125.559316
170.010592,125.663806
170.088700,125.768384
170.166344,125.872707
170.243985,125.977387
170.321185,126.081858
170.398274,126.186556
170.474965,126.291117
170.551841,126.396329
170.627752,126.500640
170.704437,126.606431
171.879959,128.291785
171.950539,128.397443
172.021093,128.503641
172.090519,128.608745
172.160485,128.715262
172.229732,128.821313
172.298658,128.927491
172.367386,129.034013
172.435775,129.140648
172.503628,129.247117
172.571197,129.353801
172.638336,129.460494
172.705170,129.567384
172.771649,129.674418
172.837652,129.781387
173.838944,131.506866
173.898320,131.616344
173.956464,131.724470
174.014882,131.834055
174.072023,131.942187
174.129535,132.051997
174.185815,132.160430
174.241966,132.269612
174.297658,132.378899
174.352856,132.488253
174.407603,132.597743
174.461871,132.707339
174.515648,132.817002
174.568938,132.926770
174.621795,133.036738
175.397666,134.807191
175.441205,134.917380
175.484630,135.028707
175.527521,135.140159
175.569836,135.251605
175.611596,135.363133
175.652806,135.474735
175.693418,135.586315
175.733494,135.698015
175.772956,135.809657
175.811948,135.921627
175.850278,136.033406
175.888068,136.145327
175.925256,136.257242
175.962019,136.369664
176.466828,138.166016
176.492970,138.277508
176.518739,138.390034
176.543838,138.502387
176.568372,138.615002
176.592158,138.727083
176.615373,138.839404
176.637944,138.951687
176.659896,139.064005
176.681169,139.176110
176.701860,139.288461
176.721866,139.400572
176.741255,139.512760
176.759977,139.624808
176.778075,139.736921
176.978504,141.521533
176.985402,141.632318
176.991637,141.743001
176.997204,141.853670
177.002098,141.964080
177.006320,142.074411
177.009878,142.184693
177.012760,142.294859
177.014992,142.405810
177.016520,142.515578
177.017384,142.625635
177.017564,142.734921
177.017082,142.843596
177.015920,142.952995
177.014087,143.062276
176.891916,144.792801
176.878414,144.899811
176.864227,145.006615
176.849348,145.113183
176.833776,145.219598
176.817477,145.326000
176.800491,145.432175
176.782733,145.538452
176.764272,145.644078
176.745089,145.749561
176.725201,145.854596
176.704640,145.959386
176.683422,146.063691
176.661580,146.167694
176.639106,146.271286
176.210651,147.877453
176.180317,147.974840
176.149380,148.072674
176.118389,148.169351
176.086994,148.265921
176.055521,148.361517
176.023637,148.457108
175.991395,148.552641
175.958822,148.647980
175.926023,148.742928
175.892927,148.837646
175.859526,148.932254
175.825914,149.026445
175.792086,149.120330
175.757985,149.214022
175.185075,150.682978
175.147911,150.772953
175.110607,150.862734
175.073146,150.952420
175.035653,151.041683
174.998041,151.130785
174.959958,151.220528
174.922182,151.309127
174.884295,151.397543
174.846312,151.485793
174.808523,151.573179
174.770415,151.660934
174.732228,151.748481
174.693710,151.836437
174.655410,151.923526
174.040273,153.282319
174.001904,153.365007
173.963546,153.447460
173.925237,153.529621
173.886969,153.611495
173.848730,153.693134
173.810566,153.774427
173.772459,153.855436
173.734405,153.936156
173.696410,154.016597
173.658498,154.096699
173.620650,154.176522
173.582877,154.256032
173.545185,154.335240
173.507551,154.414180
172.920344,155.630731
172.884715,155.703766
172.849262,155.776359
172.813776,155.848947
172.778299,155.921438
172.742795,155.993923
172.707244,156.066431
172.671693,156.138880
172.636173,156.211198
172.600631,156.283502
172.565064,156.355796
172.529492,156.428043
172.493908,156.500255
172.458266,156.572533
172.422701,156.644596
171.852234,157.794197
171.816240,157.866389
171.780360,157.938316
171.745159,158.008852
171.709142,158.080986
171.673461,158.152419
171.638059,158.223261
171.602177,158.295033
171.566214,158.366938
171.530584,158.438150
171.494946,158.509347
171.459028,158.581079
171.423255,158.652492
171.387631,158.723584
171.351710,158.795242
170.776575,159.939562
170.740415,160.011346
170.704210,160.083201
170.667958,160.155135
170.631875,160.226718
170.595374,160.299114
170.559191,160.370864
170.522663,160.443284
170.486615,160.514737
170.450159,160.586987
170.413662,160.659302
170.377120,160.731695
170.340571,160.804089
170.304007,160.876499
170.267404,160.948972
169.680730,162.109118
169.644082,162.181509
169.607435,162.253891
169.570762,162.326316
169.534160,162.398592
169.497540,162.470898
169.460911,162.543212
169.424296,162.615494
169.387689,162.687752
169.351082,162.760003
169.314533,162.832133
169.277849,162.904523
169.241267,162.976705
169.204710,163.048830
169.168096,163.121063
168.582791,164.275490
168.545946,164.348092
168.509124,164.420631
168.472377,164.492974
168.435474,164.565599
168.398566,164.638175
168.361570,164.710888
168.324581,164.783521
168.287488,164.856314
168.250302,164.929213
168.213102,165.002084
168.175861,165.074950
168.138461,165.148064
168.101085,165.221036
168.063549,165.294246
167.450323,166.474291
167.410997,166.548725
167.371499,166.623326
167.331922,166.697883
167.292153,166.772634
167.252213,166.847504
167.212173,166.922381
167.171973,166.997347
167.131587,167.072470
167.091006,167.147737
167.050350,167.222941
167.009492,167.298290
166.968449,167.373769
166.927238,167.449318
166.885848,167.524973
166.200094,168.741350
166.156089,168.817042
166.111979,168.892653
166.067772,168.968202
166.023471,169.043664
165.979090,169.119046
165.934663,169.194271
165.890119,169.269489
165.845464,169.344672
165.800812,169.419654
165.756039,169.494628
165.711260,169.569427
165.666399,169.644163
165.621475,169.718828
165.576501,169.793386
164.851908,170.973567
164.806395,171.046577
164.760816,171.119575
164.715103,171.192684
164.669583,171.265373
164.623897,171.338227
164.578262,171.410896
164.532534,171.483619
164.486855,171.556164
164.441123,171.628703
164.395336,171.701235
164.349553,171.773675
164.303777,171.846051
164.257926,171.918471
164.212002,171.990947
163.467142,173.153518
163.419767,173.226430
163.372269,173.299397
163.324661,173.372373
163.276850,173.445514
163.229015,173.518523
163.181036,173.591598
163.132860,173.664796
163.084580,173.737990
163.036101,173.811299
162.987544,173.884554
162.938890,173.957760
162.889975,174.031181
162.840973,174.104526
162.791716,174.178066
161.978920,175.360219
161.926279,175.434606
161.873501,175.508918
161.820433,175.583343
161.767101,175.657861
161.713457,175.732510
161.659603,175.807161
161.605529,175.881806
161.551159,175.956561
161.496525,176.031356
161.441657,176.106165
161.386432,176.181128
161.330956,176.256114
161.275278,176.331036
161.219280,176.405994
160.300567,177.589947
160.242300,177.662605
160.183696,177.735428
160.124893,177.808271
160.066170,177.880771
160.007261,177.953287
159.948230,178.025721
159.889180,178.097975
159.829684,178.170554
159.770568,178.242473
159.711210,178.314481
159.651895,178.386251
159.592613,178.457784
159.533243,178.529249
159.473849,178.600556
158.519255,179.725978
158.459073,179.795870
158.398849,179.865710
158.338058,179.936084
158.278067,180.005422
158.217568,180.075217
158.156928,180.145057
158.096082,180.214995
158.035321,180.284710
157.974315,180.354559
157.912679,180.424994
157.851514,180.494734
157.790622,180.564023
157.728622,180.634408
157.667471,180.703680
156.658835,181.820918
156.594194,181.890731
156.529258,181.960637
156.464225,182.030402
156.398864,182.100285
156.333406,182.170017
156.267631,182.239844
156.201622,182.309659
156.135378,182.379470
156.068893,182.449264
156.002086,182.519136
155.935137,182.588877
155.867842,182.658710
155.800351,182.728458
155.732512,182.798289
154.616993,183.903354
154.546279,183.970827
154.475437,184.038146
154.403782,184.105991
154.332728,184.173003
154.261559,184.239890
154.190109,184.306792
154.118625,184.373503
154.047040,184.440073
153.975287,184.506585
153.903658,184.572759
153.831838,184.638907
153.760046,184.704818
153.687646,184.771093
153.616371,184.836138
152.462126,185.866850
152.389771,185.930252
152.317167,185.993746
152.245096,186.056659
152.172568,186.119853
152.100289,186.182721
152.027769,186.245686
151.955506,186.308324
151.883077,186.371000
151.811156,186.433139
151.738492,186.495818
151.665873,186.558366
151.593428,186.620666
151.521196,186.682695
151.448693,186.744865
150.289361,187.728580
150.216773,187.789614
150.144399,187.850409
150.071835,187.911312
149.999395,187.972055
149.926890,188.032802
149.854449,188.093442
149.781977,188.154062
149.709504,188.214632
149.636910,188.275258
149.564427,188.335743
149.492010,188.396130
149.419547,188.456510
149.347148,188.516795
149.274648,188.577145
148.104113,189.545460
148.030047,189.606165
147.955924,189.666836
147.881656,189.727527
147.807308,189.788195
147.732697,189.848970
147.658039,189.909686
147.583216,189.970422
147.508284,190.031144
147.433123,190.091927
147.357796,190.152734
147.282423,190.213447
147.206838,190.274212
147.131070,190.334986
147.055061,190.395825
145.820306,191.362116
145.742639,191.421519
145.664740,191.480952
145.586964,191.540158
145.509050,191.599326
145.431597,191.658018
145.353415,191.717128
145.276328,191.775291
145.197517,191.834626
145.120529,191.892474
145.041802,191.951506
144.964422,192.009420
144.886376,192.067717
144.808201,192.126007
144.730069,192.184155
143.483633,193.099494
143.405677,193.156083
143.327574,193.212709
143.249685,193.269118
143.171763,193.325484
143.093858,193.381780
143.015945,193.438020
142.937923,193.494281
142.859904,193.550505
142.781889,193.606675
142.703825,193.662845
142.625568,193.719100
142.547336,193.775293
142.469045,193.831468
142.390061,193.888090
141.121921,194.786293
141.041193,194.842600
140.960859,194.898516
140.880264,194.954479
140.799334,195.010551
140.718331,195.066531
140.637019,195.122593
140.555675,195.178527
140.474095,195.234484
140.392425,195.290346
140.310536,195.346210
140.228316,195.402135
140.145977,195.457985
140.063351,195.513858
139.980577,195.569666
138.626265,196.455850
138.539533,196.510667
138.452902,196.565168
138.366477,196.619312
138.280157,196.673153
138.193784,196.726811
138.106949,196.780530
138.019827,196.834220
137.933275,196.887342
137.845589,196.940963
137.758255,196.994161
137.671847,197.046609
137.583866,197.099817
137.496993,197.152175
137.409790,197.204546
136.014243,198.021685
135.926966,198.071663
135.839625,198.121586
135.752218,198.171447
135.664703,198.221280
135.577055,198.271084
135.489404,198.320795
135.401638,198.370461
135.313742,198.420097
135.225815,198.469634
135.137792,198.519115
135.049531,198.568605
134.961193,198.618022
134.872782,198.667346
134.784230,198.716625
133.346320,199.495840
133.255139,199.543754
133.163473,199.591731
133.071934,199.639433
132.979965,199.687159
132.888709,199.734302
132.795579,199.782206
132.703093,199.829553
132.610314,199.876834
132.517119,199.924095
132.423914,199.971138
132.330668,200.017962
132.236841,200.064846
132.143029,200.111476
132.048791,200.158078
130.520424,200.876783
130.424263,200.919750
130.328013,200.962515
130.231811,201.005039
130.135657,201.047314
130.039458,201.089400
129.943291,201.131255
129.847008,201.172962
129.750961,201.214361
129.654894,201.255580
129.558720,201.296649
129.462644,201.337498
129.366482,201.378197
129.270507,201.418647
129.174458,201.458952
127.640037,202.082876
127.544140,202.120797
127.448376,202.158578
127.352618,202.196261
127.256564,202.233976
127.160547,202.271576
127.064468,202.309111
126.968280,202.346583
126.871857,202.384049
126.775538,202.421362
126.678866,202.458707
126.582279,202.495901
126.485580,202.533025
126.388727,202.570082
126.291709,202.607083
124.720020,203.186319
124.620352,203.221601
124.520506,203.256760
124.420402,203.291808
124.320102,203.326729
124.219742,203.361461
124.119023,203.396116
124.018177,203.430596
123.917074,203.464953
123.815724,203.499169
123.714254,203.533207
123.612524,203.567098
123.510612,203.600823
123.408410,203.634403
123.305970,203.667826
121.634353,204.176302
121.528579,204.205955
121.423117,204.235220
121.315968,204.264672
121.210912,204.293261
121.104937,204.321837
120.998949,204.350143
120.892904,204.378211
120.786825,204.406027
120.680635,204.433632
120.574538,204.460963
120.468482,204.488055
120.361029,204.515264
120.255370,204.541800
120.149196,204.568239
118.456186,204.964435
118.350145,204.987903
118.243844,205.011282
118.137440,205.034522
118.031003,205.057615
117.924413,205.080572
117.817663,205.103401
117.710673,205.126105
117.603660,205.148644
117.496570,205.171014
117.389281,205.193249
117.281975,205.215294
117.174323,205.237226
117.066713,205.258948
116.958872,205.280524
115.210407,205.599707
115.099609,205.617815
114.988463,205.635710
114.877231,205.653337
114.765873,205.670706
114.653970,205.687868
114.542125,205.704735
114.430070,205.721334
114.317695,205.737685
114.205071,205.753762
114.092488,205.769490
113.979798,205.784905
113.867174,205.799966
113.754514,205.814711
113.641875,205.829120
111.843952,206.020783
111.732495,206.030602
111.620463,206.040257
111.508941,206.049669
111.397418,206.058877
111.285953,206.067892
111.174191,206.076735
111.063248,206.085335
110.951863,206.093784
110.840844,206.102036
110.729750,206.110117
110.618819,206.118025
110.507770,206.125774
110.397169,206.133339
110.286219,206.140768
108.521844,206.240963
108.411902,206.246275
108.301207,206.251531
108.191319,206.256644
108.080634,206.261695
107.970283,206.266619
107.859766,206.271444
107.749304,206.276146
107.638394,206.280754
107.528120,206.285208
107.416767,206.289583
107.305838,206.293806
107.194658,206.297908
107.083519,206.301866
106.971876,206.305703
105.175435,206.344546
105.061284,206.345328
104.948002,206.345862
104.834993,206.346173
104.722754,206.346251
104.608693,206.346116
104.495586,206.345758
104.382868,206.345197
104.270880,206.344429
104.157219,206.343455
104.044316,206.342283
103.931877,206.340930
103.820221,206.339397
103.706753,206.337661
103.594213,206.335755
101.807964,206.284710
101.697220,206.280427
101.586743,206.276039
101.475989,206.271533
101.365050,206.266908
101.254345,206.262191
101.143629,206.257369
101.033093,206.252457
100.921540,206.247399
100.811133,206.242299
100.701601,206.237145
100.590376,206.231824
100.479692,206.226437
100.370611,206.221046
100.259286,206.215456
98.493292,206.116893
98.383265,206.110047
98.272187,206.103035
98.161023,206.095905
98.049684,206.088654
97.938424,206.081286
97.826965,206.073789
97.715294,206.066147
97.603634,206.058382
97.491802,206.050465
97.379987,206.042417
97.267940,206.034206
97.155908,206.025854
97.043716,206.017336
96.931342,206.008655
95.115985,205.843742
95.001313,205.831562
94.886436,205.819131
94.771309,205.806429
94.656210,205.793492
94.540900,205.780279
94.425370,205.766792
94.309608,205.753015
94.194048,205.738970
94.078402,205.724634
93.962766,205.710002
93.847041,205.695080
93.731527,205.679897
93.616041,205.664450
93.500604,205.648732
91.664638,205.366903
91.550646,205.347675
91.436930,205.328313
91.323279,205.308796
91.209704,205.289120
91.096250,205.269307
90.983000,205.249365
90.869681,205.229261
90.756536,205.209032
90.643569,205.188691
90.530528,205.168189
90.417772,205.147602
90.305026,205.126875
90.192348,205.106032
90.079763,205.085072
88.285087,204.735955
88.172675,204.713207
88.060297,204.690351
87.947877,204.667358
87.835478,204.644248
87.722937,204.620971
87.610365,204.597556
87.497629,204.573962
87.384978,204.550245
87.272217,204.526351
87.159290,204.502273
87.046476,204.478056
86.933501,204.453647
86.820345,204.429027
86.707337,204.404272
84.886719,203.978262
84.772272,203.949546
84.657927,203.920570
84.542799,203.891117
84.428428,203.861565
84.314400,203.831829
84.200459,203.801833
84.087696,203.771887
83.972897,203.741129
83.859658,203.710535
83.746080,203.679591
83.633045,203.648555
83.519856,203.617230
83.407090,203.585793
83.294173,203.554079
81.509428,203.025997
81.398945,202.991855
81.288546,202.957589
81.178063,202.923156
81.067967,202.888726
80.957834,202.854158
80.847347,202.819364
80.737938,202.784783
80.627851,202.749869
80.517523,202.714744
80.407036,202.679442
80.296219,202.643891
80.186209,202.608462
80.075800,202.572755
79.965312,202.536876
78.192295,201.936774
78.081095,201.897373
77.969691,201.857668
77.858513,201.817797
77.747138,201.777614
77.635647,201.737132
77.524217,201.696421
77.412704,201.655411
77.301040,201.614084
77.189399,201.572488
77.077768,201.530623
76.965949,201.488398
76.854226,201.445926
76.742391,201.403113
76.629582,201.359630
74.858044,200.633391
74.748759,200.586132
74.639675,200.538700
74.530777,200.491109
74.421160,200.442955
74.312196,200.394856
74.203739,200.346744
74.096049,200.298756
73.987763,200.250279
73.880348,200.201984
73.772222,200.153156
73.664792,200.104445
73.557294,200.055499
73.451051,200.006938
73.342951,199.957335
71.645476,199.156534
71.539813,199.105524
71.434052,199.054339
71.328437,199.003079
71.222630,198.951590
71.116947,198.900006
71.010953,198.848123
70.906208,198.796689
70.800496,198.744624
70.694680,198.692335
70.588837,198.639864
70.482876,198.587151
70.377001,198.534302
70.271097,198.481245
70.165200,198.428003
68.467420,197.543602
68.361131,197.486027
68.254800,197.428141
68.148469,197.369950
68.041980,197.311371
67.935603,197.252536
67.829291,197.193425
67.722913,197.133947
67.616348,197.074040
67.509933,197.013874
67.403447,196.953330
67.296979,196.892440
67.190548,196.831221
67.083969,196.769548
66.977451,196.707546
65.297622,195.676433
65.194439,195.610050
65.091478,195.543488
64.988600,195.476677
64.886092,195.409799
64.783759,195.342748
64.681728,195.275602
64.579723,195.208198
64.478133,195.140788
64.376641,195.073182
64.275295,195.005406
64.174243,194.937577
64.073270,194.869547
63.972694,194.801545
63.872194,194.733353
62.278767,193.624481
62.179563,193.553731
62.080434,193.482812
61.981221,193.411591
61.882094,193.340197
61.782960,193.268545
61.683985,193.196760
61.585000,193.124703
61.485887,193.052292
61.386989,192.979759
61.288118,192.906974
61.189201,192.833863
61.090435,192.760578
60.991662,192.686984
60.892903,192.613102
59.319633,191.389068
59.221685,191.309544
59.124084,191.229872
59.026493,191.149759
58.929126,191.069337
58.831948,190.988589
58.735119,190.907627
58.638561,190.826414
58.542357,190.745006
58.446276,190.663237
58.350553,190.581297
58.255127,190.499163
58.160003,190.416833
58.065096,190.334263
57.970610,190.251622
56.493266,188.909219
56.402949,188.824392
56.312872,188.739501
56.222974,188.654509
56.133210,188.569367
56.043779,188.484283
55.954371,188.398993
55.865106,188.313607
55.775889,188.228047
55.686747,188.142324
55.597703,188.056471
55.508754,187.970467
55.419855,187.884275
55.331040,187.797909
55.242269,187.711335
53.837044,186.300443
53.750268,186.210403
53.663631,186.120125
53.577001,186.029449
53.490602,185.938616
53.404248,185.847407
53.318076,185.755975
53.232055,185.664263
53.146228,185.572326
53.060432,185.479966
52.974890,185.387429
52.889389,185.294462
52.804143,185.201303
52.718955,185.107717
52.633960,185.013856
51.299308,183.465374
51.218081,183.365842
51.137332,183.266202
51.057019,183.166447
50.977077,183.066483
50.897469,182.966307
50.818263,182.865992
50.739390,182.765492
50.660930,182.664900
50.582731,182.564059
50.504972,182.463191
50.427600,182.362270
50.350484,182.261113
50.273783,182.159965
50.197424,182.058724
49.014784,180.428105
48.943046,180.325734
48.871519,180.223299
48.800224,180.120853
48.729258,180.018533
48.658346,179.915966
48.588342,179.814381
48.517799,179.711705
48.447557,179.609148
48.377543,179.506628
48.307594,179.403899
48.237838,179.301169
48.168333,179.198519
48.098963,179.095797
48.029762,178.993050
46.942420,177.346830
46.875528,177.243822
46.808753,177.140811
46.742107,177.037830
46.675469,176.934689
46.608464,176.830816
46.542742,176.728767
46.475943,176.624894
46.409726,176.521764
46.343662,176.418728
46.277623,176.315616
46.211740,176.212621
46.145795,176.109419
46.079854,176.006091
46.013744,175.902380
44.965381,174.233327
44.900215,174.127579
44.835182,174.021762
44.770285,173.915856
44.705346,173.809576
44.640581,173.703250
44.575813,173.596593
44.511182,173.489808
44.446626,173.382802
44.382211,173.275655
44.317807,173.168157
44.253566,173.060537
44.189448,172.952735
44.125401,172.844632
44.061402,172.736198
43.062544,170.977645
43.002175,170.867067
42.942044,170.756451
42.882184,170.645885
42.823023,170.536160
42.763032,170.424468
42.703809,170.313764
42.644767,170.202989
42.586558,170.093363
42.527438,169.981630
42.468982,169.870749
42.410875,169.760154
42.353390,169.650365
42.295073,169.538629
42.237444,169.427841
41.336153,167.653581
41.280815,167.542411
41.225389,167.430815
41.170105,167.319220
41.114850,167.207412
41.059709,167.095528
41.004614,166.983444
40.949591,166.871175
40.894711,166.758878
40.839905,166.646380
40.785637,166.534645
40.730701,166.421158
40.675891,166.307558
40.621442,166.194302
40.567232,166.081149
39.716234,164.239445
39.664484,164.122523
39.613664,164.006985
39.561978,163.888788
39.511133,163.771790
39.460550,163.654717
39.410259,163.537628
39.360253,163.420543
39.310502,163.303389
39.260883,163.185911
39.211732,163.068895
39.162855,162.951928
39.113919,162.834197
39.065523,162.717183
39.017303,162.599998
38.272453,160.722077
38.227575,160.604939
38.182457,160.486664
38.137612,160.368544
38.093017,160.250535
38.048769,160.132859
38.004374,160.014215
37.960484,159.896298
37.916647,159.777917
37.873157,159.659817
37.829998,159.541976
37.786861,159.423513
37.744480,159.306454
37.701516,159.187067
37.659132,159.068574
37.022208,157.178476
36.985008,157.059956
36.948276,156.941827
36.911915,156.823855
36.875772,156.705519
36.840274,156.588295
36.804681,156.469725
36.769629,156.351980
36.734790,156.233949
36.700503,156.116857
36.666048,155.998228
36.632152,155.880611
36.598452,155.762743
36.564964,155.644741
36.531879,155.527257
36.032463,153.650782
36.002581,153.532587
35.973126,153.415437
35.943892,153.298576
35.914911,153.182114
35.885765,153.064415
35.857013,152.947723
35.828358,152.830871
35.799917,152.714334
35.771502,152.597379
35.743248,152.480543
35.715171,152.363935
35.687193,152.247218
35.659492,152.131176
35.631367,152.012855
35.203234,150.154658
35.177192,150.038458
35.151283,149.922519
35.125434,149.806531
35.099655,149.690536
35.073929,149.574479
35.048301,149.458553
35.022739,149.342639
34.997275,149.226875
34.971849,149.111014
34.946486,148.995151
34.921211,148.879432
34.895869,148.763133
34.870823,148.647943
34.845700,148.532229
34.450869,146.678099
34.426918,146.562374
34.403069,146.446651
34.379319,146.330842
34.355697,146.215113
34.332232,146.099539
34.308797,145.983527
34.285697,145.868507
34.262639,145.753064
34.239712,145.637552
34.216951,145.522051
34.194315,145.406373
34.171927,145.291096
34.149625,145.175453
34.127568,145.060219
33.794321,143.220407
33.774417,143.104838
33.754929,142.991077
33.735414,142.876589
33.715998,142.762091
33.696692,142.647697
33.677454,142.533139
33.658354,142.418876
33.639164,142.303529
33.620245,142.189305
33.601550,142.075907
33.582704,141.961116
33.563968,141.846491
33.545377,141.732281
33.526862,141.618065
33.240652,139.797397
33.223273,139.683787
33.205954,139.570239
33.188684,139.456716
33.171465,139.343211
33.154278,139.229626
33.137170,139.116271
33.120085,139.002790
33.103070,138.889485
33.086087,138.776133
33.069135,138.662714
33.052251,138.549492
33.035388,138.436156
33.018574,138.322906
33.001813,138.209762
32.737953,136.401125
32.721678,136.288192
32.705412,136.175158
32.689184,136.062121
32.672985,135.949057
32.656835,135.836007
32.640727,135.722966
32.624698,135.610100
32.608659,135.496814
32.592745,135.383969
32.576872,135.271005
32.561061,135.157976
32.545348,135.045183
32.529711,134.932371
32.514135,134.819465
32.280082,133.019949
32.266456,132.907949
32.252916,132.795815
32.239478,132.683748
32.226149,132.571780
32.212915,132.459859
32.199789,132.348066
32.186728,132.236106
32.173782,132.124382
32.160901,132.012516
32.148123,131.900821
32.135434,131.789231
32.122817,131.677585
32.110270,131.565902
32.097822,131.454428
31.907661,129.674393
31.896264,129.563361
31.884926,129.452436
31.873636,129.341548
31.862405,129.230784
31.851211,129.119971
31.840062,129.009177
31.828954,128.898384
31.817894,128.787660
31.806876,128.676967
31.795899,128.566293
31.784948,128.455508
31.774049,128.344878
31.763203,128.234428
31.752382,128.123875
31.584016,126.360017
31.573718,126.250042
31.563464,126.140429
31.553199,126.030736
31.542941,125.921093
31.532672,125.811468
31.522401,125.701860
31.512104,125.592197
31.501813,125.482724
31.491492,125.373215
31.481164,125.263856
31.470786,125.154335
31.460392,125.044946
31.449955,124.935545
31.439470,124.826223
31.263601,123.072594
31.252262,122.963748
31.240821,122.854349
31.229240,122.744011
31.217785,122.635276
31.206219,122.525853
31.194606,122.416362
31.182946,122.306792
31.171265,122.197377
31.159540,122.087876
31.147774,121.978337
31.135990,121.868950
31.124165,121.759502
31.112305,121.650031
31.100407,121.540511
30.906948,119.792412
30.894714,119.683642
30.882456,119.574905
30.870169,119.466309
30.857837,119.357640
30.845461,119.249040
30.833058,119.140585
30.820577,119.031969
30.808090,118.923753
30.795521,118.815404
30.782878,118.706940
30.770204,118.598837
30.757428,118.490446
30.744594,118.382248
30.731686,118.274067
30.510613,116.543011
30.495694,116.433861
30.480698,116.324934
30.465744,116.217025
30.450551,116.108121
30.435513,116.000985
30.420032,115.891393
30.404672,115.783283
30.389131,115.674549
30.373516,115.565894
30.357862,115.457575
30.342148,115.349401
30.326264,115.240626
30.310381,115.132390
30.294378,115.023875
30.029540,113.289607
30.012484,113.181133
29.995286,113.071965
29.978318,112.964513
29.961191,112.856263
29.943921,112.747383
29.926750,112.639365
29.909673,112.532252
29.892260,112.423309
29.874962,112.315452
29.857799,112.208745
29.840392,112.100934
29.822969,111.993383
29.805461,111.885756
29.787888,111.778140
29.495141,110.064331
29.475915,109.957644
29.456475,109.850687
29.436897,109.743859
29.417140,109.636980
29.397217,109.530074
29.377098,109.423013
29.356819,109.315928
29.336356,109.208724
29.315768,109.101639
29.295000,108.994420
29.274073,108.887119
29.252876,108.779188
29.231801,108.672568
29.210485,108.565435
28.852802,106.848212
28.829907,106.742214
28.806755,106.635385
28.783518,106.528597
28.760218,106.421910
28.736830,106.315279
28.713373,106.208759
28.689824,106.102311
28.666197,105.995961
28.642465,105.889665
28.618645,105.783458
28.594719,105.677325
28.570698,105.571290
28.546557,105.465300
28.522308,105.359383
28.115478,103.673238
28.088653,103.568303
28.061657,103.463459
28.034431,103.358540
28.006996,103.253744
27.979300,103.148839
27.951342,103.043873
27.923115,102.938768
27.894660,102.833710
27.865939,102.728498
27.836997,102.623325
27.807609,102.517320
27.778292,102.412373
27.748771,102.307427
27.718661,102.201148
27.216712,100.515878
27.184305,100.411495
27.151572,100.306416
27.118669,100.201178
27.085877,100.096637
27.052711,99.991287
27.019624,99.886546
26.986421,99.781836
26.953133,99.677236
26.919731,99.572695
26.886230,99.468245
26.852669,99.364047
26.818964,99.259819
26.785121,99.155629
26.751232,99.051736
26.189014,97.400022
26.152456,97.297554
26.115633,97.195057
26.078561,97.092554
26.041307,96.990273
26.003610,96.887447
25.965759,96.784904
25.927674,96.682372
25.889372,96.579918
25.850817,96.477393
25.811982,96.374754
25.772970,96.272224
25.733734,96.169697
25.694303,96.067205
25.654648,95.964692
24.996496,94.327326
24.954090,94.225170
24.911518,94.122954
24.868907,94.020957
24.826099,93.918807
24.783161,93.816643
24.740090,93.714468
24.696985,93.612492
24.653749,93.510492
24.610377,93.408439
24.566908,93.306429
24.523046,93.203751
24.479383,93.101741
24.435685,92.999870
24.392417,92.899195
23.683600,91.284448
23.638700,91.184754
23.593524,91.084788
23.548237,90.984954
23.502819,90.885186
23.457473,90.785969
23.411615,90.686005
23.365869,90.586696
23.320224,90.488068
23.273578,90.387727
23.227136,90.288308
23.180530,90.188983
23.133615,90.089463
23.086733,89.990437
23.039400,89.890903
22.266519,88.314876
22.217319,88.217449
22.168209,88.120556
22.119622,88.025077
22.069812,87.927566
22.020570,87.831570
21.971213,87.735730
21.921748,87.640093
21.872240,87.544764
21.822650,87.449701
21.772978,87.354885
21.723231,87.260361
21.673339,87.165976
21.624038,87.073149
21.573547,86.978507
20.751845,85.504891
20.698503,85.413247
20.644963,85.321681
20.591277,85.230247
20.537285,85.138688
20.483218,85.047363
20.428845,84.955896
20.374354,84.864575
20.319701,84.773336
20.264845,84.682082
20.209786,84.590828
20.154652,84.499756
20.099273,84.408598
20.043722,84.317449
19.988101,84.226489
19.079060,82.774389
19.021407,82.684124
18.963652,82.593886
18.905676,82.503475
18.847698,82.413241
18.789596,82.322977
18.731418,82.232765
18.673198,82.142643
18.614769,82.052359
18.556421,81.962349
18.497897,81.872179
18.440028,81.783148
18.381584,81.693339
18.323062,81.603544
18.264594,81.513949
17.325177,80.096858
17.266058,80.009394
17.206950,79.922172
17.147689,79.834974
17.088415,79.747997
17.029071,79.661180
16.969699,79.574572
16.910148,79.487976
16.850584,79.401622
16.790932,79.315425
16.731259,79.229469
16.671374,79.143504
16.611498,79.057834
16.551559,78.972379
16.491438,78.886957
15.514053,77.544628
15.451411,77.461821
15.388519,77.379071
15.325441,77.296428
15.262043,77.213733
15.198540,77.131235
15.134839,77.048828
15.070931,76.966470
15.006739,76.884074
14.942455,76.801863
14.878003,76.719747
14.813290,76.637586
14.748437,76.555542
14.683432,76.473576
14.618225,76.391638
13.556180,75.089150
13.488771,75.008185
13.421373,74.927374
13.353913,74.846636
13.286446,74.766024
13.218916,74.685489
13.151433,74.605149
13.083894,74.524902
13.016348,74.444797
12.948741,74.364787
12.881086,74.284882
12.813468,74.205200
12.745855,74.125692
12.678064,74.046165
12.610361,73.966921
11.519164,72.719306
11.451027,72.643471
11.382258,72.567194
11.313397,72.491097
11.244430,72.415155
11.175430,72.339470
11.106360,72.263988
11.037111,72.188610
10.967727,72.113431
10.897539,72.037710
10.827531,71.962535
10.758212,71.888418
10.687985,71.813663
10.617477,71.738916
10.546799,71.664308
9.392400,70.482329
9.319008,70.409128
9.245456,70.335968
9.171787,70.262877
9.097988,70.189846
9.024016,70.116820
8.950130,70.044021
8.875889,69.971030
8.801757,69.898286
8.727923,69.825990
8.653889,69.753644
8.580202,69.681800
8.506172,69.609773
8.432037,69.537817
8.357960,69.466078
7.167717,68.340056
7.093014,68.271261
7.018164,68.202566
6.943052,68.133889
6.868266,68.065754
6.793223,67.997648
6.718121,67.929741
6.642914,67.862012
6.567792,67.794618
6.492326,67.727196
6.417020,67.660184
6.341457,67.593230
6.265973,67.526622
6.190349,67.460183
6.114500,67.393884
4.872560,66.349610
4.793720,66.285525
4.714329,66.221221
4.635543,66.157614
4.556011,66.093620
4.476364,66.029731
4.396385,65.965785
4.316571,65.902157
4.235878,65.838028
4.155668,65.774462
4.075375,65.711017
3.995509,65.648078
3.914267,65.584233
3.833715,65.521093
3.753587,65.458452
2.451894,64.459483
2.371076,64.398515
2.289805,64.337336
2.207723,64.275697
2.126885,64.215133
2.045482,64.154301
1.964213,64.093716
1.882799,64.033189
1.801307,63.972758
1.719918,63.912576
1.638488,63.852528
1.556966,63.792591
1.475481,63.732852
1.393309,63.672799
1.312401,63.613849
0.004349,62.688951
-0.077740,62.632849
-0.159928,62.576922
-0.242028,62.521313
-0.324517,62.465737
-0.407021,62.410432
-0.489787,62.355250
-0.572818,62.300166
-0.655932,62.245315
-0.739263,62.190583
-0.822774,62.136009
-0.906443,62.081580
-0.990282,62.027303
-1.074990,61.972702
-1.158575,61.919074
-2.526011,61.070060
-2.612768,61.017717
-2.699708,60.965423
-2.785909,60.913716
-2.872978,60.861608
-2.959197,60.810136
-3.046183,60.758322
-3.132261,60.707177
-3.218908,60.655813
-3.305790,60.604447
-3.392647,60.553222
-3.478830,60.502537
-3.564946,60.452023
-3.651594,60.401346
-3.738005,60.350948
-5.122776,59.566120
-5.209404,59.518622
-5.295965,59.471363
-5.382612,59.424273
-5.469243,59.377400
-5.555928,59.330721
-5.642592,59.284267
-5.729329,59.238004
-5.816024,59.191983
-5.902773,59.146169
-5.989530,59.100578
-6.076507,59.055115
-6.163290,59.009985
-6.250086,58.965097
-6.336870,58.920453
-7.741292,58.235078
-7.830510,58.193814
-7.919936,58.152697
-8.009449,58.111761
-8.099103,58.070991
-8.189722,58.029994
-8.279022,57.989814
-8.369208,57.949432
-8.459438,57.909241
-8.549797,57.869182
-8.640275,57.829269
-8.730977,57.789438
-8.821728,57.749774
-8.912641,57.710212
-9.003490,57.670858
-10.470426,57.055614
-10.562206,57.018170
-10.654054,56.980810
-10.745722,56.943651
-10.837431,56.906594
-10.929150,56.869667
-11.020794,56.832895
-11.112430,56.796267
-11.204016,56.759790
-11.295615,56.723455
-11.387139,56.687287
-11.478659,56.651274
-11.570139,56.615421
-11.661633,56.579722
-11.753059,56.544199
-13.213480,56.000585
-13.304652,55.968292
-13.395836,55.936199
-13.486984,55.904338
-13.578198,55.872709
-13.669614,55.841246
-13.761140,55.810001
-13.852820,55.778936
-13.944699,55.748050
-14.036827,55.717302
-14.128844,55.686827
-14.221115,55.656479
-14.313542,55.626304
-14.406091,55.596291
-14.498854,55.566421
-15.995959,55.108570
-16.090273,55.081028
-16.184676,55.053596
-16.279148,55.026268
-16.373573,54.999055
-16.467964,54.971962
-16.562289,54.944987
-16.656702,54.918100
-16.750884,54.891381
-16.845086,54.864774
-16.939319,54.838268
-17.033343,54.811943
-17.127404,54.785723
-17.221435,54.759641
-17.315476,54.733677
-18.813162,54.339871
-18.906320,54.316757
-18.999529,54.293803
-19.092767,54.271031
-19.185883,54.248469
-19.279019,54.226096
-19.372091,54.203923
-19.465257,54.181928
-19.558148,54.160189
-19.651219,54.138614
-19.744067,54.117287
-19.837089,54.096130
-19.929832,54.075240
-20.022756,54.054525
-20.115465,54.034065
-21.598354,53.738581
-21.691605,53.722191
-21.785012,53.706040
-21.878644,53.690088
-21.972335,53.674379
-22.066119,53.658882
-22.160015,53.643606
-22.254063,53.628523
-22.348308,53.613637
-22.442590,53.598952
-22.537034,53.584460
-22.631542,53.570155
-22.726168,53.556041
-22.820815,53.542110
-22.915659,53.528348
-24.443068,53.329218
-24.538904,53.317934
-24.635160,53.306728
-24.731248,53.295657
-24.827412,53.284698
-24.923718,53.273833
-25.019905,53.263097
-25.116171,53.252456
-25.212513,53.241917
-25.308990,53.231463
-25.405341,53.221127
-25.501871,53.210867
-25.598238,53.200698
-25.694482,53.190628
-25.790736,53.180629
-27.321248,53.034554
-27.416753,53.026397
-27.511657,53.018416
-27.606567,53.010572
-27.701371,53.002865
-27.796176,52.995302
-27.890873,52.987882
-27.985538,52.980614
-28.080120,52.973492
-28.174684,52.966527
-28.269116,52.959717
-28.363495,52.953071
-28.457796,52.946582
-28.552167,52.940255
-28.646230,52.934105
-30.151145,52.860872
-30.245533,52.857926
-30.340029,52.855159
-30.434602,52.852555
-30.528603,52.850140
-30.623303,52.847862
-30.718110,52.845749
-30.812849,52.843786
-30.907892,52.841976
-31.002794,52.840311
-31.097810,52.838795
-31.192848,52.837415
-31.288001,52.836177
-31.383027,52.835069
-31.478302,52.834096
-32.993214,52.834059
-33.087219,52.835129
-33.181234,52.836337
-33.275031,52.837692
-33.368744,52.839188
-33.462531,52.840842
-33.556040,52.842639
-33.649472,52.844595
-33.742903,52.846705
-33.836237,52.848980
-33.929486,52.851411
-34.022693,52.854014
-34.115764,52.856777
-34.208770,52.859716
-34.301674,52.862821
-35.776498,52.938017
-35.867938,52.944438
-35.959147,52.951058
-36.050394,52.957913
-36.141716,52.965043
-36.232950,52.972414
-36.324466,52.980076
-36.415957,52.987979
-36.507529,52.996148
-36.599147,53.004554
-36.690890,53.013218
-36.782588,53.022099
-36.874498,53.031238
-36.966434,53.040590
-37.058857,53.050218
-38.536817,53.229741
-38.629461,53.242376
-38.722153,53.255133
-38.814629,53.267984
-38.907171,53.280958
-38.999577,53.294040
-39.091895,53.307226
-39.184057,53.320521
-39.276136,53.333927
-39.368267,53.347477
-39.460062,53.361105
-39.551862,53.374876
-39.643493,53.388755
-39.735084,53.402775
-39.826595,53.416921
-41.276760,53.662894
-41.366444,53.679609
-41.456034,53.696493
-41.545508,53.713557
-41.634894,53.730797
-41.724085,53.748206
-41.813270,53.765812
-41.902288,53.783598
-41.991309,53.801632
-42.080476,53.819925
-42.169590,53.838456
-42.258738,53.857217
-42.347949,53.876230
-42.437216,53.895468
-42.526424,53.914923
-43.959663,54.253414
-44.049138,54.275948
-44.139059,54.298744
-44.228646,54.321589
-44.318513,54.344647
-44.408153,54.367775
-44.497987,54.391088
-44.587537,54.414449
-44.677603,54.438073
-44.767133,54.461673
-44.856836,54.485413
-44.946435,54.509230
-45.036047,54.533144
-45.125552,54.557136
-45.214559,54.581091
-46.628376,54.977817
-46.715709,55.003479
-46.803039,55.029287
-46.890413,55.055270
-46.977476,55.081313
-47.064446,55.107495
-47.151311,55.133804
-47.238072,55.160253
-47.324703,55.186827
-47.411107,55.213509
-47.497475,55.240348
-47.584128,55.267460
-47.670010,55.294506
-47.755995,55.321773
-47.841886,55.349190
-49.214495,55.815217
-49.300425,55.845952
-49.386202,55.876799
-49.472037,55.907814
-49.557877,55.938990
-49.643829,55.970349
-49.729443,56.001703
-49.815218,56.033245
-49.900616,56.064764
-49.986158,56.096467
-50.071683,56.128285
-50.157460,56.160334
-50.242654,56.192292
-50.327203,56.224149
-50.412417,56.256388
-51.752480,56.784302
-51.835134,56.818318
-51.917713,56.852486
-52.000334,56.886868
-52.082368,56.921195
-52.164534,56.955779
-52.246123,56.990313
-52.328572,57.025420
-52.410382,57.060503
-52.491895,57.095683
-52.573405,57.131104
-52.655754,57.167111
-52.737592,57.203131
-52.819295,57.239302
-52.900476,57.275466
-54.207174,57.883078
-54.288671,57.922363
-54.370271,57.961845
-54.451782,58.001417
-54.533220,58.041095
-54.614797,58.080966
-54.696101,58.120807
-54.777389,58.160755
-54.858553,58.200742
-54.939669,58.240824
-55.020734,58.280988
-55.101638,58.321194
-55.182848,58.361664
-55.263518,58.401995
-55.343944,58.442321
-56.614180,59.098403
-56.692339,59.140121
-56.770544,59.182034
-56.848476,59.223986
-56.926343,59.266080
-57.004137,59.308326
-57.081632,59.350591
-57.159052,59.393014
-57.236404,59.435587
-57.313450,59.478196
-57.390410,59.520950
-57.467252,59.563850
-57.543913,59.606847
-57.620421,59.649974
-57.696907,59.693344
-58.916141,60.414842
-58.992056,60.461419
-59.067985,60.508182
-59.143895,60.555091
-59.219741,60.602129
-59.295625,60.649343
-59.371446,60.696679
-59.447130,60.744072
-59.522773,60.791559
-59.598331,60.839124
-59.673764,60.886726
-59.749091,60.934396
-59.824280,60.982100
-59.899352,61.029870
-59.974286,61.077679
-61.155238,61.851871
-61.228499,61.901367
-61.300683,61.950319
-61.372573,61.999271
-61.444703,62.048573
-61.516770,62.098039
-61.589058,62.147855
-61.660217,62.197104
-61.732443,62.247294
-61.803653,62.296998
-61.874888,62.346928
-61.945401,62.396576
-62.016185,62.446626
-62.086862,62.496832
-62.157875,62.547498
-63.266818,63.373114
-63.335487,63.426492
-63.404775,63.480609
-63.473279,63.534342
-63.541881,63.588397
-63.609675,63.642030
-63.678121,63.696410
-63.746501,63.750944
-63.814810,63.805647
-63.883057,63.860497
-63.951232,63.915504
-64.019439,63.970725
-64.087500,64.026032
-64.155534,64.081498
-64.224307,64.137764
-65.298150,65.037680
-65.364325,65.094524
-65.430293,65.151366
-65.496150,65.208306
-65.562412,65.265779
-65.627420,65.322365
-65.692920,65.379566
-65.758339,65.436904
-65.823954,65.494611
-65.888571,65.551656
-65.953564,65.609233
-66.018430,65.666921
-66.083158,65.724695
-66.147738,65.782568
-66.212867,65.841152
-67.231738,66.792396
-67.294839,66.853494
-67.357927,66.914822
-67.421000,66.976352
-67.484335,67.038371
-67.547354,67.100291
-67.610230,67.162292
-67.672997,67.224384
-67.735163,67.286092
-67.797807,67.348463
-67.861027,67.411613
-67.923445,67.474144
-67.985384,67.536387
-68.048277,67.599762
-68.110148,67.662293
-69.096687,68.679585
-69.157432,68.743471
-69.218071,68.807403
-69.278976,68.871795
-69.339693,68.936154
-69.399844,69.000100
-69.460062,69.064289
-69.519635,69.127984
-69.580238,69.192959
-69.640271,69.257528
-69.699745,69.321684
-69.759378,69.386221
-69.818385,69.450275
-69.877789,69.514976
-69.937075,69.579753
-70.871594,70.634070
-70.929337,70.701534
-70.986963,70.769139
-71.044572,70.836970
-71.102096,70.904966
-71.159540,70.973102
-71.216863,71.041350
-71.274189,71.109828
-71.331344,71.178345
-71.388500,71.247079
-71.445556,71.315925
-71.502905,71.385335
-71.559945,71.454595
-71.616665,71.523664
-71.673497,71.593082
-72.572259,72.714536
-72.627657,72.784908
-72.683022,72.855372
-72.738149,72.925691
-72.793307,72.996194
-72.848188,73.066507
-72.902734,73.136542
-72.957501,73.207035
-73.012085,73.277453
-73.066640,73.348018
-73.121030,73.418536
-73.175386,73.489205
-73.229584,73.559847
-73.283667,73.630540
-73.337605,73.701231
-74.185164,74.842397
-74.237635,74.915225
-74.289413,74.987438
-74.341104,75.059842
-74.392790,75.132585
-74.444341,75.205446
-74.495845,75.278575
-74.547247,75.351858
-74.598678,75.425503
-74.649670,75.498806
-74.700818,75.572639
-74.751850,75.646581
-74.802882,75.720818
-74.853666,75.794960
-74.903957,75.868662
-75.704560,77.074004
-75.753994,77.150196
-75.803284,77.226308
-75.852440,77.302374
-75.901530,77.378477
-75.950557,77.454650
-75.999377,77.530649
-76.048131,77.606721
-76.096779,77.682788
-76.145320,77.758870
-76.193727,77.834913
-76.242040,77.911004
-76.290229,77.987078
-76.338321,78.063204
-76.386272,78.139296
-77.137637,79.362946
-77.183114,79.439244
-77.228838,79.516243
-77.274417,79.593317
-77.319839,79.670428
-77.365152,79.747685
-77.410369,79.825094
-77.455396,79.902520
-77.500318,79.980096
-77.545069,80.057732
-77.589703,80.135590
-77.634174,80.213550
-77.678605,80.291868
-77.722958,80.370428
-77.767158,80.449133
-78.459829,81.729775
-78.502195,81.810735
-78.544936,81.892699
-78.587128,81.973872
-78.629270,82.055222
-78.671365,82.136727
-78.713305,82.218194
-78.755205,82.299820
-78.797012,82.381516
-78.838683,82.463170
-78.880397,82.545151
-78.921957,82.627044
-78.963498,82.709130
-79.004831,82.791011
-79.046199,82.873181
-79.698800,84.194336
-79.739063,84.277209
-79.779381,84.360339
-79.819610,84.443419
-79.859763,84.526479
-79.899886,84.609604
-79.940025,84.692894
-79.980078,84.776125
-80.020109,84.859460
-80.060111,84.942850
-80.100105,85.026362
-80.140071,85.109923
-80.180022,85.193581
-80.219957,85.277300
-80.259865,85.361078
-80.901122,86.715828
-80.941328,86.800973
-80.981805,86.886691
-81.022345,86.972507
-81.062884,87.058307
-81.103484,87.144186
-81.144225,87.230296
-81.185257,87.316949
-81.226106,87.403138
-81.266496,87.488291
-81.307371,87.574392
-81.348231,87.660393
-81.389137,87.746420
-81.430395,87.833125
-81.471460,87.919352
-82.128267,89.290852
-82.169401,89.376332
-82.210526,89.461752
-82.251636,89.547100
-82.292749,89.632413
-82.333936,89.717843
-82.375093,89.803210
-82.416244,89.888535
-82.457529,89.974129
-82.498823,90.059708
-82.540050,90.145128
-82.581419,90.230792
-82.622792,90.316433
-82.664287,90.402263
-82.705832,90.488152
-83.380656,91.869810
-83.423719,91.956798
-83.467009,92.044079
-83.510276,92.131117
-83.553661,92.218214
-83.597254,92.305521
-83.641033,92.393005
-83.684872,92.480388
-83.728464,92.567075
-83.772658,92.654726
-83.817014,92.742478
-83.862030,92.831284
-83.906133,92.917997
-83.950935,93.005815
-83.995786,93.093436
-84.725864,94.486163
-84.772072,94.572527
-84.818261,94.658672
-84.864543,94.744821
-84.910853,94.830849
-84.957248,94.916876
-85.003660,95.002767
-85.050063,95.088492
-85.096538,95.174193
-85.143104,95.259919
-85.189619,95.345403
-85.236206,95.430883
-85.282861,95.516347
-85.329496,95.601644
-85.376257,95.687082
-86.135408,97.056496
-86.183752,97.142299
-86.232320,97.228313
-86.280992,97.314292
-86.329743,97.400212
-86.378715,97.486289
-86.427789,97.572334
-86.477050,97.658465
-86.526551,97.744790
-86.576079,97.830908
-86.625869,97.917242
-86.675726,98.003429
-86.725883,98.089885
-86.776148,98.176248
-86.826592,98.262658
-87.653582,99.637066
-87.706587,99.722702
-87.758720,99.806676
-87.811858,99.892040
-87.864640,99.976590
-87.917187,100.060549
-87.970231,100.145074
-88.023166,100.229219
-88.076322,100.313500
-88.129167,100.397093
-88.182371,100.481095
-88.235536,100.564860
-88.289178,100.649218
-88.342284,100.732553
-88.395825,100.816406
-89.270620,102.157689
-89.326240,102.240912
-89.382372,102.324640
-89.438767,102.408473
-89.495402,102.492387
-89.552197,102.576239
-89.609282,102.660231
-89.666405,102.743971
-89.723918,102.827985
-89.781499,102.911777
-89.839365,102.995675
-89.897532,103.079679
-89.955783,103.163485
-90.014684,103.247881
-90.073233,103.331445
-91.034588,104.654332
-91.095596,104.735610
-91.156587,104.816591
-91.217715,104.897504
-91.278915,104.978252
-91.340171,105.058837
-91.401437,105.139189
-91.462887,105.219558
-91.524416,105.299841
-91.586007,105.380003
-91.647696,105.460105
-91.709594,105.540270
-91.771551,105.620320
-91.833630,105.700311
-91.895879,105.780320
-92.914006,107.055630
-92.979273,107.135063
-93.044686,107.214385
-93.110602,107.294001
-93.176525,107.373325
-93.242414,107.452286
-93.309045,107.531825
-93.375685,107.611042
-93.442492,107.690138
-93.509522,107.769156
-93.577220,107.848630
-93.644317,107.927048
-93.712159,108.006000
-93.780186,108.084807
-93.848464,108.163500
-94.958872,109.394927
-95.028992,109.470116
-95.099336,109.545282
-95.169556,109.620074
-95.239830,109.694673
-95.310358,109.769312
-95.380759,109.843580
-95.451271,109.917749
-95.521851,109.991805
-95.592550,110.065789
-95.663513,110.139868
-95.734446,110.213717
-95.805569,110.287576
-95.876782,110.361321
-95.948183,110.435064
-97.112530,111.605854
-97.187130,111.678656
-97.261193,111.750660
-97.336040,111.823132
-97.411081,111.895508
-97.486762,111.968193
-97.562143,112.040296
-97.638059,112.112597
-97.713876,112.184500
-97.789978,112.256352
-97.866170,112.327980
-97.943173,112.400039
-98.020158,112.471759
-98.097528,112.543498
-98.174729,112.614699
-99.426481,113.723779
-99.505936,113.791733
-99.584526,113.858698
-99.663415,113.925691
-99.742287,113.992432
-99.821647,114.059370
-99.900680,114.125846
-99.980163,114.192502
-100.059533,114.258881
-100.138649,114.324849
-100.217737,114.390608
-100.298244,114.457340
-100.377755,114.523050
-100.458065,114.589207
-100.538524,114.655282
-101.839736,115.691604
-101.922436,115.755260
-102.005382,115.818831
-102.088479,115.882225
-102.171698,115.945429
-102.255184,116.008536
-102.338787,116.071441
-102.422610,116.134205
-102.506540,116.196751
-102.590744,116.259186
-102.674977,116.321288
-102.759978,116.383624
-102.843746,116.444704
-102.928126,116.505914
-103.012593,116.566852
-104.369371,117.508010
-104.454465,117.565032
-104.539529,117.621861
-104.624767,117.678626
-104.710171,117.735333
-104.795617,117.791884
-104.881130,117.848306
-104.966938,117.904733
-105.052666,117.960927
-105.138587,118.017051
-105.224661,118.073085
-105.310960,118.129063
-105.397309,118.184877
-105.483705,118.240510
-105.570286,118.296058
-106.974787,119.165419
-107.063813,119.218365
-107.153048,119.271166
-107.243010,119.324112
-107.332622,119.376574
-107.422243,119.428752
-107.511411,119.480385
-107.601463,119.532235
-107.691558,119.583821
-107.781876,119.635231
-107.872416,119.686471
-107.963845,119.737900
-108.054724,119.788715
-108.145608,119.839214
-108.236824,119.889541
-109.694815,120.652082
-109.786042,120.697552
-109.877237,120.742775
-109.968506,120.787824
-110.059728,120.832664
-110.151117,120.877394
-110.242607,120.921992
-110.334187,120.966438
-110.425984,121.010803
-110.517783,121.054969
-110.609852,121.099072
-110.701817,121.142917
-110.794141,121.186735
-110.886419,121.230315
-110.978971,121.273819
-112.481799,121.948145
-112.577264,121.988801
-112.672969,122.029289
-112.768899,122.069586
-112.865068,122.109705
-112.961562,122.149666
-113.058078,122.189350
-113.154881,122.228851
-113.251955,122.268169
-113.349268,122.307275
-113.446807,122.346171
-113.544657,122.384874
-113.642703,122.423346
-113.740919,122.461560
-113.839449,122.499580
-115.453568,123.074530
-115.556935,123.108162
-115.660861,123.141582
-115.764773,123.174590
-115.869101,123.207328
-115.973764,123.239755
-116.078789,123.271883
-116.184139,123.303684
-116.289881,123.335183
-116.395900,123.366328
-116.502277,123.397149
-116.609096,123.427652
-116.716112,123.457771
-116.823634,123.487578
-116.931343,123.516987
-118.706969,123.934510
-118.821321,123.956945
-118.935921,123.978882
-119.050934,124.000333
-119.166620,124.021350
-119.282423,124.041810
-119.398787,124.061798
-119.515464,124.081250
-119.632708,124.100212
-119.750211,124.118614
-119.867857,124.136385
-119.985731,124.153565
-120.103690,124.170105
-120.221917,124.186070
-120.339955,124.201379
-122.237171,124.373829
-122.355731,124.380604
-122.474605,124.386977
-122.591809,124.392874
-122.710262,124.398440
-122.828750,124.403637
-122.947175,124.408450
-123.065594,124.412908
-123.183995,124.417003
-123.302257,124.420755
-123.420422,124.424158
-123.538604,124.427241
-123.656792,124.429994
-123.774727,124.432435
-123.892772,124.434564
-125.767510,124.432470
-125.883814,124.430401
-125.999902,124.428136
-126.116021,124.425685
-126.232100,124.423043
-126.347947,124.420229
-126.463787,124.417234
-126.579624,124.414070
-126.695255,124.410739
-126.810776,124.407252
-126.926384,124.403597
-127.041816,124.399795
-127.156939,124.395848
-127.272150,124.391753
-127.387305,124.387511
-129.221669,124.302959
-129.336077,124.296768
-129.450381,124.290487
-129.564656,124.284119
-129.678983,124.277658
-129.793190,124.271119
-129.907480,124.264489
-130.021865,124.257773
-130.136204,124.250978
-130.250566,124.244105
-130.364805,124.237160
-130.479237,124.230131
-130.593627,124.223030
-130.707957,124.215863
-130.822472,124.208612
-132.665978,124.083802
-132.782553,124.075355
-132.899156,124.066824
-133.015985,124.058180
-133.133064,124.049427
-133.250358,124.040552
-133.367784,124.031568
-133.485478,124.022448
-133.603133,124.013222
-133.721242,124.003836
-133.839440,123.994325
-133.957820,123.984666
-134.076343,123.974867
-134.195320,123.964888
-134.314124,123.954786
-136.248441,123.766593
-136.371294,123.752900
-136.494330,123.738956
-136.617842,123.724712
-136.741436,123.710215
-136.865300,123.695430
-136.989420,123.680360
-137.113832,123.664986
-137.238483,123.649316
-137.363215,123.633356
-137.488216,123.617050
-137.613401,123.600417
-137.738820,123.583466
-137.864342,123.566210
-137.990221,123.548586
-140.006636,123.226443
-140.132657,123.204102
-140.258753,123.181516
-140.385132,123.158661
-140.511087,123.135661
-140.637187,123.112426
-140.763255,123.088986
-140.889162,123.065377
-141.015259,123.041530
-141.141124,123.017537
-141.267052,122.993339
-141.392966,122.968963
-141.518808,122.944416
-141.644609,122.919705
-141.770370,122.894825
-143.792483,122.473479
-143.919758,122.445438
-144.047258,122.417141
-144.174624,122.388652
-144.302297,122.359877
-144.430074,122.330845
-144.558148,122.301516
-144.686165,122.271954
-144.814208,122.242145
-144.942655,122.211984
-145.070967,122.181602
-145.199495,122.150899
-145.328291,122.119866
-145.456969,122.088579
-145.585928,122.056946
-147.667785,121.502163
-147.799088,121.464076
-147.930522,121.425550
-148.062043,121.386581
-148.193783,121.347132
-148.325508,121.307255
-148.457502,121.266866
-148.589675,121.225973
-148.721971,121.184596
-148.854228,121.142768
-148.986746,121.100396
-149.119522,121.057460
-149.252204,121.014077
-149.385106,120.970127
-149.518180,120.925624
-151.660061,120.133588
-151.793431,120.079078
-151.926614,120.024012
-152.059708,119.968381
-152.192488,119.912271
-152.325022,119.855686
-152.457410,119.798579
-152.590515,119.740602
-152.722279,119.682646
-152.853984,119.624183
-152.985727,119.565165
-153.117024,119.505836
-153.248790,119.445777
-153.379293,119.385805
-153.510120,119.325191
-155.577228,118.309802
-155.704704,118.244023
-155.831192,118.178427
-155.958213,118.112245
-156.085527,118.045595
-156.212186,117.978989
-156.338637,117.912194
-156.465353,117.844973
-156.591453,117.777793
-156.716788,117.710751
-156.843027,117.642952
-156.967734,117.575719
-157.092991,117.507931
-157.218487,117.439767
-157.343085,117.371844
-159.321362,116.264832
-159.443169,116.195161
-159.565650,116.124969
-159.688321,116.054520
-159.810799,115.984043
-159.933345,115.913370
-160.056535,115.842174
-160.178507,115.771514
-160.301026,115.700374
-160.423849,115.628875
-160.546004,115.557588
-160.668274,115.486039
-160.790774,115.414163
-160.913196,115.342123
-161.035853,115.269737
-162.995275,114.078121
-163.117568,114.001141
-163.239905,113.923782
-163.362278,113.846030
-163.484502,113.768005
-163.606657,113.689637
-163.728754,113.610921
-163.851008,113.531699
-163.973051,113.452211
-164.095143,113.372269
-164.217022,113.292045
-164.339034,113.211293
-164.460931,113.130178
-164.582791,113.048629
-164.704673,112.966607
-166.643584,111.590905
-166.763961,111.500529
-166.884098,111.409639
-167.003744,111.318434
-167.123322,111.226567
-167.242398,111.134392
-167.361156,111.041756
-167.479505,110.948760
-167.597552,110.855313
-167.715201,110.761522
-167.832454,110.667382
-167.949486,110.572786
-168.065919,110.478035
-168.181998,110.382964
-168.297859,110.287459
-170.106698,108.725082
-170.217072,108.625817
-170.327173,108.526385
-170.436996,108.426815
-170.547471,108.326257
-170.656913,108.226265
-170.764866,108.127261
-170.873641,108.027152
-170.983083,107.926068
-171.090686,107.826342
-171.198552,107.726035
-171.306365,107.625454
-171.413962,107.524749
-171.521375,107.423907
-171.628576,107.322954
-173.317881,105.696179
-173.422178,105.593783
-173.526504,105.491156
-173.630559,105.388603
-173.734430,105.286038
-173.838485,105.183108
-173.942146,105.080382
-174.045736,104.977553
-174.149333,104.874540
-174.252822,104.771467
-174.356343,104.668194
-174.459588,104.565038
-174.563051,104.461503
-174.666213,104.358116
-174.769256,104.254696
-176.414737,102.585297
-176.517366,102.480201
-176.620083,102.374914
-176.722834,102.269496
-176.825673,102.163891
-176.928342,102.058368
-177.031257,101.952500
-177.133931,101.846793
-177.236823,101.740772
-177.339688,101.634695
-177.442470,101.528620
-177.545360,101.422354
-177.648320,101.315934
-177.751154,101.209568
-177.854204,101.102903
-179.499386,99.390980
-179.601981,99.283735
-179.705827,99.175129
-179.807903,99.068327
-179.910509,98.960922
-180.012850,98.853749
-180.114317,98.747446
-180.216709,98.640131
-180.318997,98.532882
-180.421248,98.425628
-180.523444,98.318392
-180.625600,98.211158
-180.727619,98.104028
-180.829790,97.996702
-180.931736,97.889573
-182.559463,96.174740
-182.660831,96.067712
-182.762239,95.960618
-182.863601,95.853549
-182.964953,95.746467
-183.066281,95.639389
-183.167690,95.532203
-183.268916,95.425190
-183.370154,95.318144
-183.471369,95.211102
-183.572569,95.104056
-183.673622,94.997147
-183.774822,94.890063
-183.875926,94.783063
-183.976932,94.676149
-185.590617,92.965982
-185.691372,92.859091
-185.791927,92.752399
-185.892509,92.645668
-185.993173,92.538839
-186.093564,92.432290
-186.194191,92.325480
-186.294730,92.218752
-186.396180,92.111070
-186.496610,92.004471
-186.597465,91.897433
-186.697830,91.790912
-186.798314,91.684267
-186.899518,91.576842
-187.000539,91.469600
-188.619079,89.741092
-188.719703,89.632487
-188.820993,89.522973
-188.922522,89.412987
-189.023212,89.303700
-189.125234,89.192731
-189.226763,89.082063
-189.328108,88.971339
-189.428302,88.861620
-189.530022,88.749953
-189.631099,88.638715
-189.732192,88.527158
-189.832940,88.415686
-189.934482,88.303010
-190.035013,88.191136
-191.642265,86.348396
-191.741848,86.230199
-191.841380,86.111517
-191.940655,85.992567
-192.039869,85.873117
-192.139064,85.753085
-192.238392,85.632287
-192.337167,85.511527
-192.435622,85.390475
-192.533468,85.269491
-192.631356,85.147744
-192.728980,85.025629
-192.826153,84.903363
-192.923045,84.780763
-193.019573,84.657924
-194.520083,82.665616
-194.611319,82.539857
-194.702297,82.413967
-194.793128,82.287815
-194.883502,82.161832
-194.973646,82.035726
-195.064227,81.908561
-195.154056,81.782021
-195.243428,81.655699
-195.332464,81.529447
-195.421131,81.403312
-195.509826,81.276751
-195.597855,81.150753
-195.685986,81.024240
-195.774008,80.897512
-197.155409,78.865608
-197.240345,78.738320
-197.325198,78.610912
-197.409923,78.483465
-197.494651,78.355779
-197.579177,78.228175
-197.663451,78.100729
-197.747747,77.973037
-197.831926,77.845312
-197.916026,77.717502
-198.000038,77.589625
-198.083931,77.461735
-198.167753,77.333759
-198.251571,77.205605
-198.335181,77.077584
-199.666283,75.017823
-199.749191,74.888349
-199.832418,74.758255
-199.915599,74.628115
-199.998568,74.498188
-200.081403,74.368361
-200.164122,74.238605
-200.246915,74.108626
-200.329778,73.978429
-200.411906,73.849288
-200.494503,73.719308
-200.578332,73.587292
-200.661165,73.456744
-200.743347,73.327131
-200.827097,73.194930
-202.152576,71.094005
-202.235693,70.962348
-202.319042,70.830404
-202.402574,70.698287
-202.485003,70.568025
-202.568608,70.436044
-202.652224,70.304186
-202.736007,70.172234
-202.819837,70.040376
-202.903868,69.908400
-202.988075,69.776343
-203.072361,69.644390
-203.156850,69.512344
-203.241495,69.380307
-203.326448,69.248087
-204.717847,67.126385
-204.806665,66.993453
-204.895717,66.860431
-204.984616,66.727883
-205.075188,66.593087
-205.163903,66.461293
-205.253631,66.328228
-205.343518,66.195150
-205.433537,66.062099
-205.523788,65.928920
-205.614029,65.795969
-205.704531,65.662837
-205.795137,65.529754
-205.885821,65.396750
-205.976649,65.263728
-207.438584,63.144591
-207.530372,63.012981
-207.622117,62.881652
-207.714084,62.750255
-207.806060,62.619092
-207.898082,62.488140
-207.990275,62.357217
-208.082577,62.226441
-208.175070,62.095696
-208.267533,61.965323
-208.360204,61.834982
-208.453135,61.704631
-208.546007,61.574716
-208.639209,61.444723
-208.732413,61.315105
-210.254332,59.262407
-210.351243,59.136284
-210.448833,59.009878
-210.546722,58.883712
-210.644920,58.757773
-210.743873,58.631519
-210.842369,58.506497
-210.941561,58.381263
-211.041828,58.255347
-211.141601,58.130752
-211.242104,58.005998
-211.342510,57.882115
-211.443725,57.758015
-211.545882,57.633529
-211.648366,57.509430
-213.345551,55.549959
-213.454909,55.428807
-213.564487,55.307925
-213.673930,55.187679
-213.784185,55.067027
-213.895307,54.945895
-214.004865,54.826929
-214.115635,54.707082
-214.227586,54.586399
-214.338467,54.467289
-214.450872,54.346959
-214.562932,54.227398
-214.675210,54.108002
-214.787483,53.988987
-214.898913,53.871238
-216.719726,51.990074
-216.834260,51.874294
-216.948943,51.758699
-217.063694,51.643393
-217.178635,51.528251
-217.293716,51.413348
-217.408902,51.298717
-217.524362,51.184215
-217.639798,51.070135
-217.755450,50.956264
-217.871266,50.842650
-217.987272,50.729296
-218.103453,50.616210
-218.219834,50.503396
-218.336381,50.390883
-220.232078,48.633657
-220.352609,48.526968
-220.473754,48.420430
-220.594962,48.314529
-220.716656,48.208921
-220.838729,48.103687
-220.961433,47.998626
-221.084360,47.894065
-221.206975,47.790464
-221.330877,47.686439
-221.455223,47.582714
-221.579967,47.479299
-221.705143,47.376167
-221.830643,47.273380
-221.956681,47.170765
-224.006885,45.571947
-224.135981,45.475281
-224.265634,45.378686
-224.394314,45.283322
-224.524108,45.187634
-224.653865,45.092499
-224.783937,44.997654
-224.914147,44.903253
-225.044415,44.809349
-225.175086,44.715715
-225.305626,44.622731
-225.436575,44.530033
-225.567403,44.437995
-225.698737,44.346193
-225.830124,44.254945
-227.959115,42.864615
-228.093706,42.782595
-228.228792,42.700999
-228.363909,42.620130
-228.499698,42.539601
-228.634880,42.460189
-228.771824,42.380500
-228.905631,42.303402
-229.041545,42.225842
-229.178427,42.148513
-229.315124,42.072072
-229.452217,41.996207
-229.589254,41.921163
-229.726751,41.846679
-229.864313,41.772953
-232.096898,40.690722
-232.238295,40.629497
-232.379828,40.569055
-232.521611,40.509386
-232.663599,40.450469
-232.805706,40.392379
-232.948249,40.334946
-233.090756,40.278401
-233.233522,40.222585
-233.376363,40.167607
-233.519515,40.113338
-233.662842,40.059868
-233.806328,40.007166
-233.950215,39.955179
-234.094106,39.904014
-236.421132,39.190860
-236.568132,39.152863
-236.715302,39.115623
-236.862687,39.079165
-237.010583,39.043381
-237.158170,39.008508
-237.305938,38.974388
-237.454060,38.941019
-237.602293,38.908419
-237.751048,38.876537
-237.899647,38.845483
-238.048914,38.815121
-238.197453,38.785700
-238.346704,38.756963
-238.496041,38.728999
-240.937211,38.414497
-241.092887,38.404232
-241.249179,38.395104
-241.405524,38.387047
-241.562434,38.380123
-241.719109,38.374269
-241.876365,38.369535
-242.033611,38.365849
-242.191787,38.363272
-242.348780,38.361749
-242.506807,38.361323
-242.664747,38.361924
-242.822960,38.363621
-242.980967,38.366330
-243.139839,38.370137
-245.675569,38.561674
-245.833995,38.579916
-245.992634,38.598710
-246.151640,38.618048
-246.310162,38.637829
-246.469068,38.658135
-246.627803,38.678897
-246.786754,38.700142
-246.945975,38.721880
-247.104458,38.743952
-247.262228,38.766355
-247.422560,38.789536
-247.581212,38.812892
-247.739917,38.836650
-247.898945,38.860851
-250.445027,39.294536
-250.605287,39.324354
-250.763517,39.354051
-250.922557,39.384144
-251.081712,39.414503
-251.240862,39.445095
-251.400078,39.475933
-251.559053,39.506946
-251.718290,39.538233
-251.877405,39.569708
-252.036496,39.601368
-252.195361,39.633171
-252.354157,39.665137
-252.514484,39.697596
-252.671537,39.729569
-255.190033,40.271790
-255.346304,40.307679
-255.502343,40.343823
-255.657865,40.380173
-255.813792,40.416941
-255.968032,40.453652
-256.124219,40.491166
-256.278776,40.528648
-256.434120,40.566677
-256.589239,40.605028
-256.744100,40.643690
-256.898910,40.682732
-257.053572,40.722129
-257.208080,40.761896
-257.362435,40.802034
-259.815139,41.503289
-259.967349,41.551348
-260.120041,41.600165
-260.272260,41.649416
-260.424218,41.699175
-260.577222,41.749847
-260.729654,41.800909
-260.881992,41.852491
-261.033484,41.904337
-261.186794,41.957337
-261.337887,42.010102
-261.490170,42.063786
-261.642462,42.117983
-261.794713,42.172653
-261.946898,42.227787
-264.373403,43.164075
-264.524510,43.225496
-264.675762,43.287297
-264.826580,43.349229
-264.977663,43.411574
-265.128555,43.474135
-265.279398,43.536967
-265.430110,43.600023
-265.580673,43.663296
-265.731494,43.726943
-265.882040,43.790740
-266.033294,43.855092
-266.182766,43.918913
-266.333290,43.983410
-266.485888,44.049013
-268.860458,45.102771
-269.007427,45.170450
-269.154211,45.238381
-269.301028,45.306687
-269.447211,45.375055
-269.593421,45.443811
-269.739401,45.512835
-269.885255,45.582195
-270.031002,45.651898
-270.176166,45.721737
-270.321317,45.791982
-270.466354,45.862606
-270.611247,45.933592
-270.755574,46.004753
-270.899881,46.076356
-273.179161,47.277682
-273.320014,47.356974
-273.460890,47.436922
-273.601573,47.517378
-273.742336,47.598506
-273.882641,47.679969
-274.022996,47.762062
-274.163212,47.844651
-274.303281,47.927732
-274.443206,48.011281
-274.583046,48.095335
-274.722679,48.179794
-274.862193,48.264714
-275.001548,48.350044
-275.140908,48.435886
-277.346762,49.853541
-277.482922,49.944251
-277.618723,50.035088
-277.754425,50.126245
-277.889610,50.217440
-278.024652,50.308944
-278.159598,50.400786
-278.293944,50.492645
-278.428282,50.584921
-278.562169,50.677334
-278.695989,50.770145
-278.829363,50.863114
-278.962494,50.956379
-279.095304,51.049907
-279.227728,51.143651
-281.305751,52.689982
-281.432888,52.789912
-281.559540,52.890158
-281.685828,52.990836
-281.811653,53.091866
-281.937315,53.193511
-282.062455,53.295481
-282.187257,53.397948
-282.311639,53.500843
-282.435622,53.604208
-282.559281,53.708162
-282.682638,53.812726
-282.805677,53.917920
-282.928342,54.023681
-283.050905,54.130263
-284.972002,55.912740
-285.089704,56.028256
-285.207263,56.144301
-285.324378,56.260546
-285.441327,56.377264
-285.558090,56.494410
-285.674635,56.611951
-285.790745,56.729640
-285.906843,56.847903
-286.022566,56.966346
-286.138066,57.085122
-286.253382,57.204247
-286.368502,57.323706
-286.483412,57.443463
-286.598236,57.563645
-288.407815,59.517938
-288.519532,59.641897
-288.630989,59.765910
-288.742528,59.890343
-288.853679,60.014671
-288.964784,60.139260
-289.075781,60.264042
-289.186777,60.389121
-289.297548,60.514248
-289.408022,60.639324
-289.518558,60.764754
-289.628954,60.890300
-289.739228,61.015980
-289.849284,61.141671
-289.959301,61.267579
-291.705519,63.296370
-291.814006,63.424066
-291.922191,63.551577
-292.030469,63.679360
-292.138606,63.807140
-292.246975,63.935349
-292.354976,64.063277
-292.463221,64.191643
-292.571151,64.319782
-292.679015,64.447985
-292.786968,64.576434
-292.894975,64.705083
-293.002720,64.833554
-293.110528,64.962228
-293.218333,65.091027
-294.945841,67.170043
-295.054323,67.301135
-295.163106,67.432585
-295.271913,67.564032
-295.380895,67.695660
-295.489934,67.827295
-295.599312,67.959280
-295.708767,68.091268
-295.818399,68.223382
-295.928124,68.355492
-296.038139,68.487833
-296.148439,68.620371
-296.258786,68.752821
-296.369423,68.885445
-296.480420,69.018327
-298.289603,71.146719
-298.403571,71.277940
-298.519397,71.410961
-298.634461,71.542779
-298.750164,71.675004
-298.864476,71.805332
-298.980011,71.936747
-299.096930,72.069438
-299.212593,72.200407
-299.327662,72.330425
-299.444821,72.462523
-299.560927,72.593165
-299.677442,72.724000
-299.794008,72.854637
-299.910578,72.985026
-301.788556,75.056441
-301.907440,75.185723
-302.027719,75.316253
-302.146764,75.445152
-302.266222,75.574206
-302.385748,75.703014
-302.504692,75.830880
-302.625066,75.959941
-302.745400,76.088612
-302.866195,76.217405
-302.987144,76.345989
-303.108572,76.474683
-303.230118,76.603101
-303.352225,76.731687
-303.474376,76.859891
-305.474364,78.887844
-305.601504,79.011929
-305.728903,79.135725
-305.856501,79.259194
-305.984185,79.382230
-306.112081,79.504976
-306.240157,79.627404
-306.368432,79.749552
-306.496602,79.871134
-306.625226,79.992703
-306.754461,80.114404
-306.882687,80.234733
-307.011541,80.355236
-307.140572,80.475503
-307.270795,80.596480
-309.352839,82.484539
-309.483891,82.600919
-309.614153,82.716351
-309.745395,82.832415
-309.876728,82.948322
-310.008348,83.064257
-310.139737,83.179762
-310.271588,83.295459
-310.403181,83.410716
-310.535232,83.526169
-310.666989,83.641161
-310.799092,83.756263
-310.931252,83.871218
-311.063511,83.986076
-311.196479,84.101365
-313.330180,85.929759
-313.463237,86.042624
-313.597896,86.156730
-313.732242,86.270456
-313.866879,86.384316
-314.001634,86.498168
-314.136531,86.612030
-314.271544,86.725887
-314.406701,86.839763
-314.541977,86.953640
-314.677394,87.067537
-314.812919,87.181431
-314.948600,87.295363
-315.084306,87.409225
-315.220352,87.523283
-317.415067,89.352704
-317.553704,89.467690
-317.692249,89.582541
-317.831038,89.697538
-317.970762,89.813253
-318.109258,89.927896
-318.250082,90.044412
-318.389451,90.159672
-318.528451,90.274575
-318.667615,90.389565
-318.808929,90.506282
-318.947920,90.621033
-319.088322,90.736902
-319.228755,90.852751
-319.369623,90.968914
-321.648370,92.842645
-321.792561,92.960914
-321.937097,93.079436
-322.081589,93.197893
-322.226462,93.316633
-322.373203,93.436875
-322.518456,93.555871
-322.663286,93.674494
-322.808437,93.793353
-322.954176,93.912667
-323.100387,94.032344
-323.247074,94.152385
-323.395113,94.273507
-323.542005,94.393667
-323.689344,94.514170
-326.077307,96.464384
-326.229072,96.588174
-326.381009,96.712089
-326.533253,96.836238
-326.685549,96.960415
-326.838243,97.084901
-326.991265,97.209640
-327.144606,97.334626
-327.298211,97.459811
-327.452076,97.585196
-327.606264,97.710830
-327.760745,97.836690
-327.915531,97.962785
-328.070597,98.089096
-328.225986,98.215658
-330.754946,100.273951
-330.915806,100.404791
-331.076831,100.535756
-331.238484,100.667224
-331.400213,100.798745
-331.562543,100.930748
-331.725108,101.062933
-331.888008,101.195383
-332.051270,101.328120
-332.214895,101.461144
-332.378847,101.594428
-332.543181,101.728015
-332.707863,101.861877
-332.872895,101.996018
-333.038180,102.130357
-335.736056,104.322303
-335.907973,104.461935
-336.080347,104.601935
-336.252994,104.742151
-336.426144,104.882771
-336.599686,105.023706
-336.773516,105.164870
-336.947987,105.306550
-337.122742,105.448456
-337.297900,105.590686
-337.473353,105.733152
-337.649449,105.876136
-337.825843,106.019358
-338.002642,106.162904
-338.179720,106.306674
-341.070109,108.652935
-341.254238,108.802377
-341.438724,108.952106
-341.623780,109.102294
-341.809109,109.252702
-341.994880,109.403465
-342.180945,109.554465
-342.367451,109.705821
-342.554384,109.857521
-342.741602,110.009450
-342.929601,110.162011
-343.117620,110.314586
-343.306201,110.467615
-343.495065,110.620871
-343.684347,110.774464
-346.769314,113.277525
-346.965470,113.436668
-347.162132,113.596220
-347.360690,113.757308
-347.556491,113.916158
-347.754306,114.076641
-347.952708,114.237599
-348.151351,114.398751
-348.351216,114.560893
-348.550943,114.722922
-348.751789,114.885858
-348.951837,115.048145
-349.150679,115.209453
-349.351728,115.372549
-349.553275,115.536049
-352.831076,118.194947
-353.039616,118.364104
-353.247989,118.533125
-353.457105,118.702748
-353.666612,118.872687
-353.876419,119.042869
-354.086696,119.213431
-354.297423,119.384358
-354.508521,119.555584
-354.720017,119.727134
-354.932132,119.899183
-355.145317,120.072102
-355.357658,120.244334
-355.570654,120.417097
-355.784149,120.590264
-359.247157,123.399064
-359.466329,123.576828
-359.686112,123.755087
-359.906500,123.933836
-360.126584,124.112338
-360.345312,124.289740
-360.567407,124.469872
-360.786971,124.647952
-361.008328,124.827485
-361.231445,125.008445
-361.453212,125.188310
-361.675085,125.368261
-361.897725,125.548833
-362.119920,125.729045
-362.343040,125.910005
-365.935372,128.823523
-366.161713,129.007092
-366.388398,129.190939
-366.615023,129.374738
-366.841854,129.558704
-367.068768,129.742737
-367.295710,129.926793
-367.525676,130.113301
-367.752915,130.297597
-367.980263,130.481981
-368.205698,130.664814
-368.433367,130.849458
-368.661461,131.034447
-368.889522,131.219409
-380.121611,140.328712
-380.350204,140.514101
-380.578491,140.699241
-380.807127,140.884665
-381.035361,141.069762
-381.263539,141.254814
-381.491427,141.439631
-381.719392,141.624510
-381.947189,141.809253
-382.174870,141.993901
-382.402445,142.178464
-382.629950,142.362970
-382.857238,142.547300
-386.472195,145.479015
-386.698202,145.662306
-386.922320,145.844064
-387.144690,146.024405
-387.368401,146.205833
-387.591737,146.386957
-387.815065,146.568075
-388.037999,146.748873
-388.260651,146.929443
-388.483459,147.110139
-388.705637,147.290324
-388.927729,147.470439
-389.149343,147.650166
-389.371031,147.829954
-389.592275,148.009382
-393.093551,150.848892
-393.309739,151.024218
-393.525635,151.199309
-393.741411,151.374301
-393.956595,151.548814
-394.171179,151.722840
-394.385702,151.896817
-394.599873,152.070507
-394.813625,152.243859
-395.027216,152.417079
-395.240289,152.589880
-395.452801,152.762225
-395.665087,152.934388
-395.877128,153.106352
-396.088692,153.277928
-399.417839,155.977839
-399.622400,156.143736
-399.826346,156.309134
-400.029756,156.474098
-400.232757,156.638730
-400.435292,156.802984
-400.637433,156.966919
-400.838966,157.130360
-401.040067,157.293452
-401.240701,157.456164
-401.440924,157.618543
-401.640556,157.780443
-401.839674,157.941926
-402.038318,158.103024
-402.236463,158.263718
-405.336417,160.777754
-405.523607,160.929563
-405.712130,161.082454
-405.899875,161.234714
-406.087055,161.386514
-406.274919,161.538870
-406.459499,161.688563
-406.646392,161.840132
-406.831203,161.990012
-407.015380,162.139378
-407.197718,162.287252
-407.380456,162.435451
-407.562774,162.583309
-407.744554,162.730731
-407.925808,162.877727
-410.734936,165.155904
-410.904632,165.293525
-411.073752,165.430680
-411.242186,165.567279
-411.410043,165.703410
-411.577054,165.838854
-411.743356,165.973723
-411.908936,166.108007
-412.073787,166.241699
-412.237954,166.374838
-412.401194,166.507224
-412.563944,166.639213
-412.725783,166.770463
-412.887130,166.901313
-413.047523,167.031391
-415.509189,169.027779
-415.656444,169.147202
-415.802714,169.265825
-415.949554,169.384911
-416.094087,169.502126
-416.237713,169.618605
-416.381024,169.734829
-416.523128,169.850074
-416.663341,169.963786
-416.805069,170.078726
-416.945091,170.192282
-417.083843,170.304809
-417.221200,170.416204
-417.358490,170.527545
-417.495093,170.638329
-419.570457,172.321430
-419.693215,172.420985
-419.815254,172.519958
-419.936531,172.618312
-420.057028,172.716035
-420.177479,172.813719
-420.297849,172.911338
-420.418341,173.009056
-420.538924,173.106848
-420.659295,173.204467
-420.779884,173.302264
-420.900262,173.399890
-421.020825,173.497665
-421.141273,173.595347
-421.261709,173.693020
-423.182601,175.250845
-423.302057,175.347723
-423.421460,175.444558
-423.540678,175.541243
-423.660779,175.638643
-423.779763,175.735138
-423.899378,175.832145
-424.017817,175.928198
-424.136417,176.024381
-424.255014,176.120562
-424.372471,176.215819
-424.491876,176.312655
-424.610034,176.408480
-424.728107,176.504237
-424.846168,176.599983
-426.708994,178.110717
-426.823897,178.203902
-426.938590,178.296917
-427.052998,178.389701
-427.167180,178.482301
-427.281159,178.574737
-427.394889,178.666972
-427.508357,178.758993
-427.621607,178.850837
-427.734510,178.942401
-427.847350,179.033913
-427.959845,179.125145
-428.072074,179.216162
-428.184056,179.306979
-428.295762,179.397572
-430.043165,180.814699
-430.149814,180.901190
-430.255947,180.987263
-430.361696,181.073025
-430.467236,181.158616
-430.572421,181.243921
-430.677218,181.328910
-430.781585,181.413551
-430.885567,181.497879
-430.989349,181.582045
-431.092546,181.665737
-431.195437,181.749181
-431.298018,181.832373
-431.400139,181.915192
-431.502012,181.997810
-433.073642,183.272388
-433.168198,183.349072
-433.262154,183.425269
-433.355723,183.501153
-433.448722,183.576574
-433.541384,183.651722
-433.633388,183.726336
-433.725152,183.800756
-433.816285,183.874664
-433.907025,183.948254
-433.996963,184.021192
-434.086609,184.093894
-434.175886,184.166297
-434.264498,184.238161
-434.352577,184.309592
-435.689088,185.393490
-435.767827,185.457346
-435.845985,185.520732
-435.923626,185.583698
-436.000542,185.646076
-436.076972,185.708060
-436.152815,185.769568
-436.227935,185.830489
-436.302362,185.890850
-436.376274,185.950791
-436.449561,186.010227
-436.522233,186.069163
-436.594292,186.127602
-436.665787,186.185584
-436.736558,186.242978
-437.778754,187.088190
-437.838053,187.136280
-437.896663,187.183812
-437.954527,187.230740
-438.011671,187.277083
-438.068208,187.322934
-438.123825,187.368039
-438.178844,187.412659
-438.233361,187.456871
-438.287129,187.500477
-438.339290,187.542779
-438.391366,187.585013
-438.442523,187.626500
-438.493081,187.667502
-438.542746,187.707780
-439.231793,188.266590
-439.267905,188.295877
-439.303317,188.324596
-439.337931,188.352668
-439.371776,188.380115
-439.404902,188.406980
-439.437144,188.433128
-439.468440,188.458509
-439.499039,188.483325
-439.528811,188.507469
-439.557751,188.530940
-439.586014,188.553860
-439.613262,188.575958
-439.639843,188.597515
-439.665520,188.618339
-440.030317,188.914186
-440.052721,188.932356
-440.075071,188.950481
-440.097399,188.968589
-440.119652,188.986636
-440.141876,189.004659
-440.164054,189.022646
-440.186138,189.040556
-440.208160,189.058415
-440.230177,189.076271
-440.252064,189.094021
-440.273891,189.111723
-440.295849,189.129530
-440.317626,189.147191
-440.339086,189.164595
-440.668986,189.432141
-440.688465,189.447938
-440.707781,189.463604
-440.726895,189.479105
-440.745867,189.494490
-440.764680,189.509748
-440.783279,189.524832
-440.801727,189.539792
-440.819979,189.554595
-440.838046,189.569247
-440.855891,189.583719
-440.873573,189.598059
-440.891080,189.612257
-440.908272,189.626200
-440.925298,189.640007
-441.165768,189.835026
-441.178573,189.845411
-441.191093,189.855565
-441.203325,189.865485
-441.215262,189.875165
-441.226895,189.884600
-441.238240,189.893801
-441.249256,189.902734
-441.259971,189.911425
-441.270378,189.919864
-441.280460,189.928040
-441.290215,189.935952
-441.299645,189.943600
-441.308730,189.950967
-441.317499,189.958079
-441.408530,190.031904
-441.410939,190.033858
-441.412936,190.035477
-441.414518,190.036760
-441.415681,190.037704
-441.416419,190.038302
-441.416731,190.038555
-441.416609,190.038456
-441.416609,190.038456
-441.416609,190.038456
-441.416609,190.038456
-441.416609,190.038456
-441.416609,190.038456
-441.416616,190.038462
-441.416628,190.038472
-441.416647,190.038487
-441.416647,190.038487
-441.416647,190.038487
-441.416647,190.038487
-441.416647,190.038487
-441.416647,190.038487
-441.416647,190.038487
-441.416647,190.038487
-441.416647,190.038487
-441.416647,190.038487
-441.416647,190.038487
-441.416647,190.038487
-441.416647,190.038487
-441.416647,190.038487
-441.416647,190.038487
-441.416647,190.038487
-441.416647,190.038487
-441.416647,190.038487
-441.416647,190.038487
-441.416647,190.038487
-441.416647,190.038487
-441.416647,190.038487
-441.416647,190.038487
-441.416647,190.038487
-441.416647,190.038487
-441.416647,190.038487
-441.416647,190.038487
-441.416647,190.038487
-441.416647,190.038487
-441.416647,190.038487
-441.416647,190.038487
-441.416647,190.038487
-441.416647,190.038487
-441.416647,190.038487
-441.416647,190.038487
-441.416647,190.038487
-441.416647,190.038487
-441.416647,190.038487
-441.416647,190.038487
-441.416647,190.038487
-441.416647,190.038487
-441.416647,190.038487
-441.416647,190.038487
-441.416647,190.038487
-441.416647,190.038487
-441.416647,190.038487
-441.416647,190.038487
-441.416647,190.038487
-441.416647,190.038487
-441.416647,190.038487
-441.416647,190.038487
-441.416647,190.038487
-441.416647,190.038487
-441.416647,190.038487
-441.416647,190.038487
-441.416647,190.038487
-441.416644,190.038485
-441.416662,190.038499
-441.416668,190.038504
-441.416664,190.038500
-441.416664,190.038500
-441.416664,190.038500
-441.416664,190.038500
-441.416664,190.038500
-441.416664,190.038500
-441.416664,190.038500
-441.416664,190.038500
-441.416664,190.038500
-441.416664,190.038500
-441.416664,190.038500
-441.416664,190.038500
-441.416664,190.038500
-441.416664,190.038500
-441.416664,190.038500
-441.416664,190.038500
-441.416664,190.038500
-441.416664,190.038500
-441.416664,190.038500
-441.416664,190.038500
-441.416664,190.038500
-441.416664,190.038500
-441.416664,190.038500
-441.416664,190.038500
-441.416664,190.038500
-441.416664,190.038500
-441.416664,190.038500
-441.416664,190.038500
-441.416664,190.038500
-441.416664,190.038500
-441.416664,190.038500
-441.416664,190.038500
-441.416664,190.038500
-441.416664,190.038500
-441.416664,190.038500
-441.416664,190.038500
-441.416664,190.038500
-441.416664,190.038500
-441.416664,190.038500
-441.416664,190.038500
-441.416664,190.038500
-441.416664,190.038500
-441.416664,190.038500
-441.416664,190.038500
-441.416664,190.038500
-441.416664,190.038500
-441.416664,190.038500
-441.416664,190.038500
-441.416664,190.038500
-441.416664,190.038500
-441.416664,190.038500
-441.416664,190.038500
-441.416664,190.038500
-441.416664,190.038500
-441.416664,190.038500
-441.416664,190.038500
-441.416664,190.038500
-441.416664,190.038500
-441.416664,190.038500
-441.416664,190.038500
-441.416664,190.038500
-441.416664,190.038500
-441.416664,190.038500
-441.416664,190.038500
-441.416664,190.038500
-441.416664,190.038500
-441.416664,190.038500
-441.416664,190.038500
-441.416664,190.038500
-441.416664,190.038500
-441.416664,190.038500
-441.416664,190.038500
-441.416664,190.038500
-441.416664,190.038500
-441.416664,190.038500
-441.416664,190.038500
-441.416664,190.038500
-441.416664,190.038500
-441.416664,190.038500
-441.416664,190.038500
-441.416664,190.038500
-441.416664,190.038500
-441.416664,190.038500
-441.416664,190.038500
-441.416664,190.038500
-441.416664,190.038500
-441.416664,190.038500
-441.416664,190.038500
-441.416664,190.038500
-441.416664,190.038500
-441.416664,190.038500
-441.416664,190.038500
-441.416664,190.038500
-441.416664,190.038500
-441.416664,190.038500
-441.416664,190.038500
-441.416664,190.038500
-441.416664,190.038500
-441.416664,190.038500
-441.416664,190.038500
-441.416664,190.038500
-441.416664,190.038500
-441.416664,190.038500
-441.416664,190.038500
-441.416664,190.038500
-441.416664,190.038500
-441.416664,190.038500
-441.416664,190.038500
-441.416664,190.038500
-441.416664,190.038500
-441.416664,190.038500
-441.416664,190.038500
-441.416664,190.038500
-441.416664,190.038500
-441.416664,190.038500
-441.416664,190.038500
-441.416664,190.038500
-441.416664,190.038500
-441.416664,190.038500
-441.416664,190.038500
-441.416664,190.038500
-441.416664,190.038500
-441.416664,190.038500
-441.416664,190.038500
-441.416664,190.038500
-441.416664,190.038500
-441.416664,190.038500
-441.416664,190.038500
-441.416664,190.038500
-441.416664,190.038500
-441.416664,190.038500
-441.416664,190.038500
-441.416664,190.038500
-441.416664,190.038500
-441.416664,190.038500
-441.416664,190.038500
-441.416664,190.038500
-441.416664,190.038500
-441.416664,190.038500
-441.416664,190.038500
-441.416664,190.038500
-441.416664,190.038500
-441.416664,190.038500
-441.416664,190.038500
-441.416664,190.038500
-441.416664,190.038500
-441.416664,190.038500
-441.416664,190.038500
-441.416664,190.038500
-441.416664,190.038500
-441.416664,190.038500
-441.416664,190.038500
-441.416664,190.038500
-441.416664,190.038500
-441.416664,190.038500
-441.416664,190.038500
-441.416664,190.038500
-441.416664,190.038500
-441.416664,190.038500
-441.416664,190.038500
-441.416664,190.038500
-441.416664,190.038500
-441.416664,190.038500
-441.416664,190.038500
-441.416664,190.038500
-441.416664,190.038500
-441.416664,190.038500
-441.416664,190.038500
-441.416664,190.038500
-441.416664,190.038500
-441.416664,190.038500
-441.416664,190.038500
-441.416664,190.038500
-441.416664,190.038500
-441.416664,190.038500
-441.416664,190.038500
-441.416664,190.038500
-441.416664,190.038500
-441.416664,190.038500
-441.416664,190.038500
-441.416664,190.038500
-441.416664,190.038500
-441.416664,190.038500
-441.416664,190.038500
-441.416664,190.038500
-441.416664,190.038500
-441.416664,190.038500
-441.416664,190.038500
-441.416664,190.038500
-441.416664,190.038500
-441.416664,190.038500
-441.416664,190.038500
-441.416664,190.038500
-441.416664,190.038500
-441.416664,190.038500
-441.416664,190.038500
-441.416664,190.038500
-441.416664,190.038500
-441.416664,190.038500
-441.416664,190.038500
-441.416664,190.038500
-441.416664,190.038500
-441.416664,190.038500
-441.416664,190.038500
-441.416664,190.038500
-441.416664,190.038500
-441.416664,190.038500
-441.416664,190.038500
-441.416664,190.038500
-441.416664,190.038500
-441.416664,190.038500
-441.416664,190.038500
-441.416664,190.038500
-441.416664,190.038500
-441.416664,190.038500
-441.416664,190.038500
-441.416664,190.038500
-441.416664,190.038500
-441.416664,190.038500
-441.416664,190.038500
-441.416664,190.038500
-441.416664,190.038500
-441.416664,190.038500
-441.416664,190.038500
-441.416664,190.038500
-441.416664,190.038500
-441.416664,190.038500
-441.416664,190.038500
-441.416664,190.038500
-441.416664,190.038500
-441.416664,190.038500
-441.416664,190.038500
-441.416664,190.038500
-441.416664,190.038500
-441.416664,190.038500
-441.416664,190.038500
-441.416664,190.038500
-441.416664,190.038500
-441.416664,190.038500
-441.416664,190.038500
-441.416664,190.038500
-441.416664,190.038500
-441.416664,190.038500
-441.416664,190.038500
-441.416664,190.038500
-441.416664,190.038500
-441.416664,190.038500
-441.416664,190.038500
-441.416664,190.038500
-441.416664,190.038500
-441.416664,190.038500
-441.416664,190.038500
-441.416664,190.038500
-441.416664,190.038500
-441.416664,190.038500
-441.416664,190.038500
-441.416664,190.038500
-441.416664,190.038500
-441.416664,190.038500
-441.416664,190.038500
-441.416664,190.038500
-441.416664,190.038500
-441.416664,190.038500
-441.416664,190.038500
-441.416664,190.038500
-441.416664,190.038500
-441.416664,190.038500
-441.416664,190.038500
-441.416664,190.038500
-441.416664,190.038500
-441.416664,190.038500
-441.416664,190.038500
-441.416664,190.038500
-441.416664,190.038500
-441.416664,190.038500
-441.416664,190.038500
-441.416664,190.038500
-441.416664,190.038500
-441.416664,190.038500
-441.416664,190.038500
-441.416664,190.038500
-441.416664,190.038500
-441.416664,190.038500
-441.416664,190.038500
-441.416664,190.038500
-441.416664,190.038500
-441.416664,190.038500
-441.416664,190.038500
-441.416664,190.038500
-441.416664,190.038500
-441.416664,190.038500
-441.416664,190.038500
-441.416664,190.038500
-441.416664,190.038500
-441.416664,190.038500
-441.416664,190.038500
-441.416664,190.038500
-441.416664,190.038500
-441.416664,190.038500
-441.416664,190.038500
-441.416664,190.038500
-441.416664,190.038500
-441.416664,190.038500
-441.416664,190.038500
-441.416664,190.038500
-441.416664,190.038500
-441.416664,190.038500
-441.416664,190.038500
-441.416664,190.038500
-441.416664,190.038500
-441.416664,190.038500
-441.416664,190.038500
-441.416664,190.038500
-441.416664,190.038500
-441.416664,190.038500
-441.416664,190.038500
-441.416664,190.038500
-441.416664,190.038500
-441.416664,190.038500
-441.416664,190.038500
-441.416664,190.038500
-441.416664,190.038500
-441.416664,190.038500
-441.416664,190.038500
-441.416664,190.038500
-441.416664,190.038500
-441.416664,190.038500
-441.416664,190.038500
-441.416664,190.038500
-441.416664,190.038500
-441.416664,190.038500
-441.416664,190.038500
-441.416664,190.038500
-441.416664,190.038500
-441.416664,190.038500
-441.416664,190.038500
-441.416664,190.038500
-441.416664,190.038500
-441.416664,190.038500
-441.416664,190.038500
-441.416664,190.038500
-441.416664,190.038500
-441.416664,190.038500
-441.416664,190.038500
-441.416664,190.038500
-441.416664,190.038500
-441.416664,190.038500
-441.416664,190.038500
-441.416664,190.038500
