LanePointX,LanePointY
-1.646000,2.000000
-1.646000,2.000000
-1.646000,2.000000
-1.646000,2.000000
-1.646000,2.000000
-1.646000,2.000000
-1.646000,2.000000
-1.646000,2.000000
-1.646000,2.000000
-1.646000,2.000000
-1.646000,2.000000
-1.646000,2.000000
-1.646000,2.000000
-1.646000,2.000000
-1.646000,2.000000
-1.646000,2.000000
-1.646000,2.000000
-1.646000,2.000000
-1.646000,2.000000
-1.646000,2.000000
-1.646000,2.000000
-1.646000,2.000000
-1.646000,2.000000
-1.646000,2.000000
-1.646000,2.000000
-1.646000,2.000000
-1.646000,2.000000
-1.646000,2.000000
-1.646000,2.000000
-1.646000,2.000000
-1.646000,2.000000
-1.646000,2.000000
-1.646000,2.000000
-1.646000,2.000000
-1.646000,2.000000
-1.646000,2.000000
-1.646000,2.000000
-1.646000,2.000000
-1.646000,2.000000
-1.646000,2.000000
-1.646000,2.000000
-1.646000,2.000000
-1.646000,2.000000
-1.646000,2.000000
-1.646000,2.000000
-1.646000,2.000000
-1.646000,2.000000
-1.646000,2.000000
-1.646000,2.000000
-1.646000,2.000000
-1.646000,2.000000
-1.646000,2.000000
-1.646000,2.000000
-1.646000,2.000000
-1.646000,2.000000
-1.646000,2.000000
-1.646000,2.000000
-1.646000,2.000000
-1.646000,2.000000
-1.646000,2.000000
-1.646000,2.000000
-1.646000,2.000000
-1.646000,2.000000
-1.646000,2.000000
-1.646000,2.000000
-1.646000,2.000000
-1.646000,2.000000
-1.646000,2.000000
-1.646000,2.000000
-1.646000,2.000000
-1.646000,2.000000
-1.646000,2.000000
-1.646000,2.000000
-1.646000,2.000000
-1.646000,2.000000
-1.646000,2.000000
-1.646000,2.000000
-1.646000,2.000000
-1.646000,2.000000
-1.646000,2.000000
-1.646000,2.000000
-1.646000,2.000000
-1.646000,2.000000
-1.646000,2.000000
-1.646000,2.000000
-1.646000,2.000000
-1.646000,2.000000
-1.646000,2.000000
-1.646000,2.000000
-1.646000,2.000000
-1.646000,2.000000
-1.646000,2.000000
-1.646000,2.000000
-1.646000,2.000000
-1.646000,2.000000
-1.646000,2.000000
-1.646000,2.000000
-1.646000,2.000000
-1.646000,2.000000
-1.646000,2.000000
-1.646000,2.000000
-1.646000,2.000000
-1.646000,2.000000
-1.646000,2.000000
-1.646000,2.000000
-1.646000,2.000000
-1.646000,2.000000
-1.646000,2.000000
-1.646000,2.000000
-1.646000,2.000000
-1.646000,2.000000
-1.646000,2.000000
-1.646000,2.000000
-1.646000,2.000000
-1.646000,2.000000
-1.646000,2.000000
-1.646000,2.000000
-1.646000,2.000000
-1.646000,2.000000
-1.646000,2.000000
-1.646000,2.000000
-1.646000,2.000000
-1.646000,2.000000
-1.646000,2.000000
-1.646000,2.000000
-1.646000,2.000000
-1.646000,2.000000
-1.646000,2.000000
-1.646000,2.000000
-1.646000,2.000000
-1.646000,2.000000
-1.646000,2.000000
-1.646000,2.000000
-1.646000,2.000000
-1.646000,2.000000
-1.646000,2.000000
-1.646000,2.000000
-1.646000,2.000000
-1.646000,2.000000
-1.646000,2.000000
-1.646000,2.000000
-1.646000,2.000000
-1.646000,2.000000
-1.646000,2.000000
-1.646000,2.000000
-1.646000,2.000000
-1.646000,2.000000
-1.646000,2.000000
-1.646000,2.000000
-1.646000,2.000000
-1.646000,2.000000
-1.646000,2.000000
-1.646000,2.000000
-1.646000,2.000000
-1.646000,2.000000
-1.646000,2.000000
-1.646000,2.000000
-1.646000,2.000000
-1.646000,2.000000
-1.646000,2.000000
-1.646000,2.000000
-1.646000,2.000000
-1.646000,2.000000
-1.646000,2.000000
-1.646000,2.000000
-1.646000,2.000000
-1.646000,2.000000
-1.646000,2.000000
-1.646000,2.000000
-1.646000,2.000000
-1.646000,2.000000
-1.646000,2.000000
-1.646000,2.000000
-1.646000,2.000000
-1.646000,2.000000
-1.646000,2.000000
-1.646000,2.000000
-1.646000,2.000000
-1.646000,2.000000
-1.646000,2.000000
-1.646000,2.000000
-1.646000,2.000000
-1.646000,2.000000
-1.646000,2.000000
-1.646000,2.000000
-1.646000,2.000000
-1.646000,2.000000
-1.646000,2.000000
-1.646000,2.000000
-1.646000,2.000000
-1.646000,2.000000
-1.646000,2.000000
-1.646000,2.000000
-1.646000,2.000000
-1.646000,2.000000
-1.646000,2.000000
-1.646000,2.000000
-1.646000,2.000000
-1.646000,2.000000
-1.646000,2.000000
-1.646000,2.000000
-1.646000,2.000000
-1.646000,2.000000
-1.646000,2.000000
-1.646000,2.000000
-1.646000,2.000000
-1.646000,2.000000
-1.646000,2.000000
-1.646000,2.000000
-1.646000,2.000000
-1.646000,2.000000
-1.646000,2.000000
-1.646000,2.000000
-1.646000,2.000000
-1.646000,2.000000
-1.646000,2.000000
-1.646000,2.000000
-1.646000,2.000000
-1.646000,2.000000
-1.646000,2.000000
-1.646000,2.000000
-1.646000,2.000000
-1.646000,2.000000
-1.646000,2.000000
-1.646000,2.000000
-1.646000,2.000000
-1.646000,2.000000
-1.646000,2.000000
-1.646000,2.000000
-1.646000,2.000000
-1.646000,2.000000
-1.646000,2.000000
-1.646000,2.000000
-1.646000,2.000000
-1.646000,2.000000
-1.646000,2.000000
-1.646000,2.000000
-1.646000,2.000000
-1.646000,2.000000
-1.646000,2.000000
-1.646000,2.000000
-1.646000,2.000000
-1.646000,2.000000
-1.646000,2.000000
-1.646000,2.000000
-1.646000,2.000000
-1.646000,2.000000
-1.646000,2.000000
-1.646000,2.000000
-1.646000,2.000000
-1.646000,2.000000
-1.646000,2.000000
-1.646000,2.000000
-1.646000,2.000000
-1.646000,2.000000
-1.646000,2.000000
-1.646000,2.000000
-1.646000,2.000000
-1.646000,2.000000
-1.646000,2.000000
-1.646000,2.000000
-1.646000,2.000000
-1.646000,2.000000
-1.646000,2.000000
-1.646000,2.000000
-1.646000,2.000000
-1.646000,2.000000
-1.646000,2.000000
-1.646000,2.000000
-1.646000,2.000000
-1.646000,2.000000
-1.646000,2.000000
-1.646000,2.000000
-1.646000,2.000000
-1.646000,2.000000
-1.646000,2.000000
-1.646000,2.000000
-1.646000,2.000000
-1.646000,2.000000
-1.646000,2.000000
-1.646000,2.000000
-1.646000,2.000000
-1.646000,2.000000
-1.646000,2.000000
-1.646000,2.000000
-1.646000,2.000000
-1.646000,2.000000
-1.646000,2.000000
-1.646000,2.000000
-1.646000,2.000000
-1.646000,2.000000
-1.646000,2.000000
-1.646000,2.000000
-1.646000,2.000000
-1.646000,2.000000
-1.646000,2.000000
-1.646000,2.000000
-1.646000,2.000000
-1.646000,2.000000
-1.646000,2.000000
-1.646000,2.000000
-1.646000,2.000000
-1.646000,2.000000
-1.646000,2.000000
-1.646000,2.000000
-1.646000,2.000000
-1.646000,2.000000
-1.646000,2.000000
-1.646000,2.000000
-1.646000,2.000000
-1.646000,2.000000
-1.646000,2.000000
-1.646000,2.000000
-1.646000,2.000000
-1.646000,2.000000
-1.646000,2.000000
-1.646000,2.000000
-1.646000,2.000000
-1.646000,2.000000
-1.646000,2.000000
-1.646000,2.000000
-1.646000,2.000000
-1.646000,2.000000
-1.646000,2.000000
-1.646000,2.000000
-1.646000,2.000000
-1.646000,2.000000
-1.646000,2.000000
-1.646000,2.000000
-1.646000,2.000000
-1.646000,2.000000
-1.646000,2.000000
-1.646000,2.000000
-1.646000,2.000000
-1.646000,2.000000
-1.646000,2.000000
-1.646000,2.000000
-1.646000,2.000000
-1.646000,2.000000
-1.646000,2.000000
-1.646000,2.000000
-1.646000,2.000000
-1.646000,2.000000
-1.646000,2.000000
-1.646000,2.000000
-1.646000,2.000000
-1.646000,2.000000
-1.646000,2.000000
-1.646000,2.000000
-1.646000,2.000000
-1.646000,2.000000
-1.646000,2.000000
-1.646000,2.000000
-1.646000,2.000000
-1.646000,2.000000
-1.646000,2.000000
-1.646000,2.000000
-1.646000,2.000000
-1.646000,2.000000
-1.646000,2.000000
-1.646000,2.000000
-1.646000,2.000000
-1.646000,2.000000
-1.646000,2.000000
-1.646000,2.000000
-1.646000,2.000000
-1.646000,2.000000
-1.646000,2.000000
-1.646000,2.000000
-1.646000,2.000000
-1.646000,2.000000
-1.646000,2.000000
-1.646000,2.000000
-1.646000,2.000000
-1.646000,2.000000
-1.646000,2.000000
-1.646000,2.000000
-1.646000,2.000000
-1.646000,2.000000
-1.646000,2.000000
-1.646000,2.000000
-1.646000,2.000000
-1.646000,2.000000
-1.646000,2.000000
-1.646000,2.000000
-1.646000,2.000000
-1.646000,2.000000
-1.646000,2.000000
-1.646000,2.000000
-1.646000,2.000000
-1.646000,2.000000
-1.646000,2.000000
-1.646000,2.000000
-1.646000,2.000000
-1.646000,2.000000
-1.646000,2.000000
-1.646000,2.000000
-1.646000,2.000000
-1.646000,2.000000
-1.646000,2.000000
-1.646000,2.000000
-1.646000,2.000000
-1.646000,2.000000
-1.646000,2.000000
-1.646000,2.000000
-1.646000,2.000000
-1.646000,2.000000
-1.646000,2.000000
-1.646000,2.000000
-1.646000,2.000000
-1.646000,2.000000
-1.646000,2.000000
-1.646000,2.000000
-1.646000,2.000000
-1.646000,2.000000
-1.646000,2.000000
-1.646000,2.000000
-1.646000,2.000000
-1.646000,2.000000
-1.646000,2.000000
-1.646000,2.000000
-1.646000,2.000000
-1.646000,2.000000
-1.646000,2.000000
-1.646000,2.000000
-1.646000,2.000000
-1.646000,2.000000
-1.646000,2.000000
-1.646000,2.000000
-1.646000,2.000000
-1.646000,2.000000
-1.646000,2.000000
-1.646000,2.000000
-1.646000,2.000000
-1.646000,2.000000
-1.646000,2.000000
-1.646000,2.000000
-1.646000,2.000000
-1.646000,2.000000
-1.646000,2.000000
-1.646000,2.000000
-1.646000,2.000000
-1.646000,2.000000
-1.646000,2.000000
-1.646000,2.000000
-1.646000,2.000000
-1.646000,2.000000
-1.646000,2.000000
-1.646000,2.000000
-1.646000,2.000000
-1.646000,2.000000
-1.646000,2.000000
-1.646000,2.000000
-1.646000,2.000000
-1.646000,2.000000
-1.646000,2.000000
-1.646000,2.000000
-1.646000,2.000000
-1.646000,2.000000
-1.646000,2.000000
-1.646000,2.000000
-1.646000,2.000000
-1.646000,2.000000
-1.646000,2.000000
-1.646000,2.000000
-1.646000,2.000000
-1.646000,2.000000
-1.646000,2.000000
-1.646000,2.000000
-1.646000,2.000000
-1.646000,2.000000
-1.646000,2.000000
-1.646000,2.000000
-1.646000,2.000000
-1.646000,2.000000
-1.646000,2.000000
-1.646000,2.000000
-1.646000,2.000000
-1.646000,2.000000
-1.646000,2.000000
-1.646000,2.000000
-1.646000,2.000000
-1.646000,2.000000
-1.646000,2.000000
-1.646000,2.000000
-1.646000,2.000000
-1.646000,2.000000
-1.646000,2.000000
-1.646000,2.000000
-1.646000,2.000000
-1.646000,2.000000
-1.646000,2.000000
-1.646000,2.000000
-1.646000,2.000000
-1.646000,2.000000
-1.646000,2.000000
-1.646000,2.000000
-1.646000,2.000000
-1.646000,2.000000
-1.646000,2.000000
-1.646000,2.000000
-1.646000,2.000000
-1.646000,2.000000
-1.646000,2.000000
-1.646000,2.000000
-1.646000,2.000000
-1.646000,2.000000
-1.646000,2.000000
-1.646000,2.000000
-1.646000,2.000000
-1.646000,2.000000
-1.646000,2.000000
-1.646000,2.000000
-1.646000,2.000000
-1.646000,2.000000
-1.646000,2.000000
-1.646000,2.000000
-1.646000,2.000000
-1.646000,2.000000
-1.646000,2.000000
-1.646000,2.000000
-1.646000,2.000000
-1.646000,2.000000
-1.646000,2.000000
-1.646000,2.000000
-1.646000,2.000000
-1.646000,2.000000
-1.646000,2.000000
-1.646000,2.000000
-1.646000,2.000000
-1.646000,2.000000
-1.646000,2.000000
-1.646000,2.000000
-1.646000,2.000000
-1.646000,2.000000
-1.646000,2.000000
-1.646000,2.000000
-1.646000,2.000000
-1.646000,2.000000
-1.646000,2.000000
-1.646000,2.000000
-1.646000,2.000000
-1.646000,2.000000
-1.646000,2.000000
-1.646000,2.000000
-1.646000,2.000000
-1.646000,2.000000
-1.646000,2.000000
-1.646000,2.000000
-1.646000,2.000000
-1.646000,2.000000
-1.646000,2.000000
-1.646000,2.000000
-1.646000,2.000000
-1.646000,2.000000
-1.646000,2.000000
-1.646000,2.000000
-1.646000,2.000000
-1.646000,2.000000
-1.646000,2.000000
-1.646000,2.000000
-1.646000,2.000000
-1.646000,2.000000
-1.646000,2.000000
-1.646000,2.000000
-1.646000,2.000000
-1.646000,2.000000
-1.646000,2.000000
-1.646000,2.000000
-1.646000,2.000000
-1.646000,2.000000
-1.646000,2.000000
-1.646000,2.000000
-1.646000,2.000000
-1.646000,2.000000
-1.646000,2.000000
-1.646000,2.000000
-1.646000,2.000000
-1.646000,2.000000
-1.646000,2.000000
-1.646000,2.000000
-1.646000,2.000000
-1.646000,2.000000
-1.646000,2.000000
-1.646000,2.000000
-1.646000,2.000000
-1.646000,2.000000
-1.646000,2.000000
-1.646000,2.000000
-1.646000,2.000000
-1.646000,2.000000
-1.646000,2.000000
-1.646000,2.000000
-1.646000,2.000000
-1.646000,2.000000
-1.646000,2.000000
-1.646000,2.000000
-1.646000,2.000000
-1.646000,2.000000
-1.646000,2.000000
-1.646000,2.000000
-1.646000,2.000000
-1.646000,2.000000
-1.646000,2.000000
-1.646000,2.000000
-1.646000,2.000000
-1.646000,2.000000
-1.646000,2.000000
-1.646000,2.000000
-1.646000,2.000000
-1.646000,2.000000
-1.646000,2.000000
-1.646000,2.000000
-1.646000,2.000000
-1.646000,2.000000
-1.646000,2.000000
-1.646000,2.000000
-1.646000,2.000000
-1.646000,2.000000
-1.646000,2.000000
-1.646000,2.000000
-1.646000,2.000000
-1.646000,2.000000
-1.646000,2.000000
-1.646000,2.000000
-1.646000,2.000000
-1.646000,2.000000
-1.646000,2.000000
-1.646000,2.000000
-1.646000,2.000000
-1.646000,2.000000
-1.646000,2.000000
-1.646000,2.000000
-1.646000,2.000000
-1.646000,2.000000
-1.646000,2.000000
-1.646000,2.000000
-1.646000,2.000000
-1.646000,2.000000
-1.646000,2.000000
-1.646000,2.000000
-1.646000,2.000000
-1.646000,2.000000
-1.646000,2.000000
-1.646000,2.000000
-1.646000,2.000000
-1.646000,2.000000
-1.646000,2.000000
-1.646000,2.000000
-1.646000,2.000000
-1.646000,2.000000
-1.646000,2.000000
-1.646000,2.000000
-1.646000,2.000000
-1.646000,2.000000
-1.646000,2.000000
-1.646000,2.000000
-1.646000,2.000000
-1.646000,2.000000
-1.646000,2.000000
-1.646000,2.000000
-1.646000,2.000000
-1.646000,2.000000
-1.646000,2.000000
-1.646000,2.000000
-1.646000,2.000000
-1.646000,2.000000
-1.646000,2.000000
-1.646000,2.000000
-1.646000,2.000000
-1.646000,2.000000
-1.646000,2.000000
-1.646000,2.000000
-1.646000,2.000000
-1.646000,2.000000
-1.646000,2.000000
-1.646000,2.000000
-1.646000,2.000000
-1.646000,2.000000
-1.646000,2.000000
-1.646000,2.000000
-1.646000,2.000000
-1.646000,2.000000
-1.646000,2.000000
-1.646000,2.000000
-1.646000,2.000000
-1.646000,2.000000
-1.646000,2.000000
-1.646000,2.000000
-1.646000,2.000000
-1.646000,2.000000
-1.646000,2.000000
-1.646000,2.000000
-1.646000,2.000000
-1.646000,2.000000
-1.646000,2.000000
-1.646000,2.000000
-1.646000,2.000000
-1.646000,2.000000
-1.646000,2.000000
-1.646000,2.000000
-1.646000,2.000000
-1.646000,2.000000
-1.646000,2.000000
-1.646000,2.000000
-1.646000,2.000000
-1.646000,2.000000
-1.646000,2.000000
-1.646000,2.000000
-1.646000,2.000000
-1.646000,2.000000
-1.646000,2.000000
-1.646000,2.000000
-1.646000,2.000000
-1.646000,2.000000
-1.646000,2.000000
-1.646000,2.000000
-1.646000,2.000000
-1.646000,2.000000
-1.646000,2.000000
-1.646000,2.000000
-1.646000,2.000000
-1.646000,2.000000
-1.646000,2.000000
-1.646000,2.000000
-1.646000,2.000000
-1.646000,2.000000
-1.646000,2.000000
-1.646000,2.000000
-1.646000,2.000000
-1.646000,2.000000
-1.646000,2.000000
-1.646000,2.000000
-1.646000,2.000000
-1.646000,2.000000
-1.646000,2.000000
-1.646000,2.000000
-1.646000,2.000000
-1.646000,2.000000
-1.646000,2.000000
-1.646000,2.000000
-1.646000,2.000000
-1.646000,2.000000
-1.646000,2.000000
-1.646000,2.000000
-1.646000,2.000000
-1.646000,2.000000
-1.646000,2.000000
-1.646000,2.000000
-1.646000,2.000000
-1.646000,2.000000
-1.646000,2.000000
-1.646000,2.000000
-1.646000,2.000000
-1.646000,2.000000
-1.646000,2.000000
-1.646000,2.000000
-1.646000,2.000000
-1.646000,2.000000
-1.646000,2.000000
-1.646000,2.000000
-1.646000,2.000000
-1.646000,2.000000
-1.646000,2.000000
-1.646000,2.000000
-1.646000,2.000000
-1.646000,2.000000
-1.646000,2.000000
-1.646000,2.000000
-1.646000,2.000000
-1.646000,2.000000
-1.646000,2.000000
-1.646000,2.000000
-1.646000,2.000000
-1.646000,2.000000
-1.646000,2.000000
-1.646000,2.000000
-1.646000,2.000000
-1.646000,2.000000
-1.646000,2.000000
-1.646000,2.000000
-1.646000,2.000000
-1.646000,2.000000
-1.646000,2.000000
-1.646000,2.000000
-1.646000,2.000000
-1.646000,2.000000
-1.646000,2.000000
-1.646000,2.000000
-1.646000,2.000000
-1.646000,2.000000
-1.646000,2.000000
-1.646000,2.000000
-1.646000,2.000000
-1.646000,2.000000
-1.646000,2.000000
-1.646000,2.000000
-1.646000,2.000000
-1.646000,2.000000
-1.646000,2.000000
-1.646000,2.000000
-1.646000,2.000000
-1.646000,2.000000
-1.646000,2.000000
-1.646000,2.000000
-1.646000,2.000000
-1.646000,2.000000
-1.646000,2.000000
-1.646000,2.000000
-1.646000,2.000000
-1.646000,2.000000
-1.646000,2.000000
-1.646000,2.000000
-1.646000,2.000000
-1.646000,2.000000
-1.646000,2.000000
-1.646000,2.000000
-1.646000,2.000000
-1.646000,2.000000
-1.646000,2.000000
-1.646000,2.000000
-1.646000,2.000000
-1.646000,2.000000
-1.646000,2.000000
-1.646000,2.000000
-1.646000,2.000000
-1.646000,2.000000
-1.646000,2.000000
-1.646000,2.000000
-1.646000,2.000000
-1.646000,2.000000
-1.646000,2.000000
-1.646000,2.000000
-1.646000,2.000000
-1.646000,2.000000
-1.646000,2.000000
-1.646000,2.000000
-1.646000,2.000000
-1.646000,2.000000
-1.646000,2.000000
-1.646000,2.000000
-1.646000,2.000000
-1.646000,2.000000
-1.646000,2.000000
-1.646000,2.000000
-1.646000,2.000000
-1.646000,2.000000
-1.646000,2.000000
-1.646000,2.000000
-1.646000,2.000000
-1.646000,2.000000
-1.646000,2.000000
-1.646000,2.000000
-1.646000,2.000000
-1.646000,2.000000
-1.646000,2.000000
-1.646000,2.000000
-1.646000,2.000000
-1.646000,2.000000
-1.646000,2.000000
-1.646000,2.000000
-1.646000,2.000000
-1.646000,2.000000
-1.646000,2.000000
-1.646000,2.000000
-1.646000,2.000000
-1.646000,2.000000
-1.646000,2.000000
-1.646000,2.000000
-1.646000,2.000000
-1.646000,2.000000
-1.646000,2.000000
-1.646000,2.000000
-1.646000,2.000000
-1.646000,2.000000
-1.646000,2.000000
-1.646000,2.000000
-1.646000,2.000000
-1.646000,2.000000
-1.646000,2.000000
-1.646000,2.000000
-1.646000,2.000000
-1.646000,2.000000
-1.646000,2.000000
-1.646000,2.000000
-1.646000,2.000000
-1.646000,2.000000
-1.646000,2.000000
-1.646000,2.000000
-1.646000,2.000000
-1.646000,2.000000
-1.646000,2.000000
-1.646000,2.000000
-1.646000,2.000000
-1.646000,2.000000
-1.646000,2.000000
-1.646000,2.000000
-1.646000,2.000000
-1.646000,2.000000
-1.646000,2.000000
-1.646000,2.000000
-1.646000,2.000000
-1.646000,2.000000
-1.646000,2.000000
-1.646000,2.000000
-1.646000,2.000000
-1.646000,2.000000
-1.646000,2.000000
-1.646000,2.000000
-1.646000,2.000000
-1.646000,2.000000
-1.646000,2.000000
-1.646000,2.000000
-1.646000,2.000000
-1.646000,2.000000
-1.646000,2.000000
-1.646000,2.000000
-1.646000,2.000000
-1.646000,2.000000
-1.646000,2.000000
-1.646000,2.000000
-1.646000,2.000000
-1.646000,2.000000
-1.646000,2.000000
-1.646000,2.000000
-1.646000,2.000000
-1.646000,2.000000
-1.646000,2.000000
-1.646000,2.000000
-1.646000,2.000000
-1.646000,2.000000
-1.646000,2.000000
-1.646000,2.000000
-1.646000,2.000000
-1.646000,2.000000
-1.646000,2.000000
-1.646000,2.000000
-1.646000,2.000000
-1.646000,2.000000
-1.646000,2.000000
-1.646000,2.000000
-1.646000,2.000000
-1.646000,2.000000
-1.646000,2.000000
-1.646000,2.000000
-1.646000,2.000000
-1.646000,2.000000
-1.646000,2.000000
-1.646000,2.000000
-1.646000,2.000000
-1.646000,2.000000
-1.646000,2.000000
-1.646000,2.000000
-1.646000,2.000000
-1.646000,2.000000
-1.646000,2.000000
-1.646000,2.000000
-1.646000,2.000000
-1.646000,2.000000
-1.646000,2.000000
-1.646000,2.000000
-1.646000,2.000000
-1.646000,2.000000
-1.646000,2.000000
-1.646000,2.000000
-1.646000,2.000000
-1.646000,2.000000
-1.646000,2.000000
-1.646000,2.000000
-1.646000,2.000000
-1.646000,2.000000
-1.646000,2.000000
-1.646000,2.000000
-1.646000,2.000000
-1.646000,2.000000
-1.646000,2.000000
-1.646000,2.000000
-1.646000,2.000000
-1.646000,2.000000
-1.646000,2.000000
-1.646000,2.000000
-1.646000,2.000000
-1.646000,2.000000
-1.646000,2.000000
-1.646000,2.000000
-1.646000,2.000000
-1.646000,2.000000
-1.646000,2.000000
-1.646000,2.000000
-1.646000,2.000000
-1.646000,2.000000
-1.646000,2.000000
-1.646000,2.000000
-1.646000,2.000000
-1.646000,2.000000
-1.646000,2.000000
-1.646000,2.000000
-1.646000,2.000000
-1.646000,2.000000
-1.646000,2.000000
-1.646000,2.000000
-1.646000,2.000000
-1.646000,2.000000
-1.646000,2.000000
-1.646000,2.000000
-1.646000,2.000000
-1.646000,2.000000
-1.646000,2.000000
-1.646000,2.000000
-1.646000,2.000000
-1.646000,2.000000
-1.646000,2.000000
-1.646000,2.000000
-1.646000,2.000000
-1.646000,2.000000
-1.646000,2.000000
-1.646000,2.000000
-1.646000,2.000000
-1.646000,2.000000
-1.646000,2.000000
-1.646000,2.000000
-1.646000,2.000000
-1.646000,2.000000
-1.646000,2.000000
-1.646000,2.000000
-1.646000,2.000000
-1.646000,2.000000
-1.646000,2.000000
-1.646000,2.000000
-1.646000,2.000000
-1.646000,2.000000
-1.646000,2.000000
-1.646000,2.000000
-1.646000,2.000000
-1.646000,2.000000
-1.646000,2.000000
-1.646000,2.000000
-1.646000,2.000000
-1.646000,2.000000
-1.646000,2.000000
-1.646000,2.000000
-1.646000,2.000000
-1.646000,2.000000
-1.646000,2.000000
-1.646000,2.000000
-1.646000,2.000000
-1.646000,2.000000
-1.646000,2.000000
-1.646000,2.000000
-1.646000,2.000000
-1.646000,2.000000
-1.646000,2.000000
-1.646000,2.000000
-1.646000,2.000000
-1.646000,2.000000
-1.646000,2.000000
-1.646000,2.000000
-1.646000,2.000000
-1.646000,2.000000
-1.646000,2.000000
-1.646000,2.000000
-1.646000,2.000000
-1.646000,2.000000
-1.646000,2.000000
-1.646000,2.000000
-1.645660,2.000000
-1.645543,2.000000
-1.645401,1.999999
-1.645231,1.999999
-1.645027,1.999999
-1.644790,1.999999
-1.644517,1.999998
-1.644204,1.999998
-1.643849,1.999997
-1.643448,1.999996
-1.643005,1.999996
-1.642506,1.999995
-1.641955,1.999994
-1.641348,1.999992
-1.640683,1.999991
-1.619947,1.999932
-1.617888,1.999925
-1.615723,1.999918
-1.613447,1.999910
-1.611064,1.999902
-1.608567,1.999893
-1.605955,1.999884
-1.603221,1.999874
-1.600373,1.999864
-1.597398,1.999853
-1.594294,1.999841
-1.591067,1.999829
-1.587707,1.999816
-1.584211,1.999803
-1.580582,1.999789
-1.502008,1.999493
-1.495674,1.999470
-1.489145,1.999448
-1.482493,1.999426
-1.475627,1.999403
-1.468609,1.999381
-1.461394,1.999359
-1.453939,1.999336
-1.446283,1.999315
-1.438464,1.999293
-1.430499,1.999272
-1.422247,1.999251
-1.413818,1.999232
-1.405224,1.999213
-1.396389,1.999195
-1.225976,1.999265
-1.213658,1.999317
-1.200901,1.999375
-1.188077,1.999441
-1.175124,1.999513
-1.162053,1.999593
-1.148594,1.999681
-1.135076,1.999777
-1.121418,1.999879
-1.107724,1.999989
-1.093616,2.000106
-1.079524,2.000232
-1.065263,2.000363
-1.051022,2.000502
-1.036382,2.000650
-0.791573,2.003899
-0.775798,2.004151
-0.759902,2.004409
-0.744110,2.004671
-0.728217,2.004937
-0.712353,2.005208
-0.696458,2.005483
-0.680598,2.005762
-0.664726,2.006044
-0.648877,2.006330
-0.633000,2.006620
-0.617169,2.006913
-0.601306,2.007209
-0.585481,2.007509
-0.569639,2.007811
-0.317517,2.013017
-0.301820,2.013362
-0.286142,2.013708
-0.270466,2.014056
-0.254798,2.014406
-0.239177,2.014754
-0.223565,2.015102
-0.207972,2.015450
-0.192402,2.015799
-0.176872,2.016145
-0.161363,2.016494
-0.145884,2.016840
-0.130410,2.017189
-0.114954,2.017537
-0.099490,2.017887
0.148257,2.023663
0.163905,2.024043
0.179608,2.024427
0.195328,2.024813
0.211087,2.025204
0.226900,2.025598
0.242737,2.025996
0.258631,2.026403
0.274564,2.026815
0.290545,2.027235
0.306551,2.027660
0.322618,2.028093
0.338647,2.028529
0.354726,2.028972
0.370806,2.029420
0.627857,2.037152
0.643850,2.037664
0.659867,2.038179
0.675721,2.038693
0.691691,2.039213
0.707681,2.039737
0.723620,2.040261
0.739583,2.040789
0.755534,2.041319
0.771495,2.041853
0.787424,2.042388
0.803337,2.042925
0.819269,2.043464
0.835156,2.044005
0.851067,2.044548
1.103725,2.053385
1.119399,2.053938
1.135083,2.054494
1.150757,2.055049
1.166448,2.055606
1.182137,2.056164
1.197846,2.056724
1.213568,2.057285
1.229292,2.057849
1.245018,2.058412
1.260792,2.058980
1.276597,2.059549
1.292415,2.060122
1.308240,2.060696
1.324139,2.061275
1.582468,2.071168
1.598723,2.071827
1.614949,2.072486
1.631186,2.073151
1.647381,2.073816
1.663610,2.074487
1.679813,2.075159
1.696013,2.075836
1.712188,2.076513
1.728395,2.077196
1.744562,2.077879
1.760733,2.078566
1.776894,2.079255
1.793034,2.079946
1.809195,2.080640
2.066254,2.091996
2.082217,2.092718
2.098208,2.093443
2.114163,2.094168
2.130119,2.094894
2.146061,2.095621
2.161982,2.096349
2.177902,2.097079
2.193814,2.097809
2.209691,2.098539
2.225586,2.099271
2.241479,2.100005
2.257313,2.100737
2.273175,2.101472
2.289176,2.102214
2.541483,2.113966
2.557297,2.114703
2.573143,2.115444
2.589007,2.116185
2.604902,2.116929
2.620816,2.117674
2.636788,2.118424
2.652757,2.119173
2.668796,2.119928
2.684853,2.120684
2.700950,2.121445
2.717097,2.122208
2.733310,2.122977
2.749537,2.123746
2.765858,2.124524
3.033121,2.137735
3.050031,2.138607
3.066919,2.139480
3.083829,2.140359
3.100710,2.141239
3.117597,2.142124
3.134456,2.143009
3.151463,2.143907
3.168196,2.144792
3.185051,2.145688
3.201878,2.146584
3.218712,2.147484
3.235532,2.148386
3.252374,2.149292
3.269160,2.150198
3.536865,2.164958
3.553538,2.165895
3.570152,2.166829
3.586776,2.167766
3.603388,2.168704
3.619994,2.169643
3.636612,2.170584
3.653170,2.171520
3.669704,2.172456
3.686284,2.173393
3.702755,2.174326
3.719282,2.175260
3.735765,2.176193
3.752280,2.177128
3.768769,2.178062
4.034780,2.193259
4.051654,2.194236
4.068588,2.195219
4.085557,2.196206
4.102671,2.197205
4.119725,2.198201
4.136752,2.199200
4.154083,2.200223
4.171298,2.201244
4.188678,2.202282
4.206058,2.203323
4.223429,2.204371
4.240836,2.205424
4.258312,2.206488
4.275824,2.207557
4.556064,2.225253
4.573547,2.226388
4.591158,2.227534
4.608578,2.228671
4.625880,2.229802
4.643468,2.230956
4.660926,2.232103
4.678297,2.233248
4.695566,2.234388
4.713107,2.235550
4.730511,2.236704
4.747873,2.237859
4.765290,2.239019
4.782622,2.240176
4.799973,2.241336
5.075509,2.259940
5.092454,2.261089
5.109731,2.262264
5.126800,2.263424
5.143830,2.264584
5.160935,2.265749
5.178131,2.266923
5.195055,2.268079
5.212207,2.269254
5.229394,2.270431
5.246639,2.271616
5.263767,2.272793
5.281005,2.273981
5.298248,2.275170
5.315447,2.276360
5.598105,2.296391
5.616166,2.297719
5.634278,2.299054
5.652380,2.300396
5.670508,2.301744
5.688640,2.303099
5.706839,2.304464
5.724952,2.305828
5.743090,2.307199
5.761218,2.308574
5.779367,2.309955
5.797498,2.311341
5.815534,2.312723
5.833670,2.314118
5.851835,2.315518
6.140746,2.338316
6.158597,2.339752
6.176574,2.341201
6.194568,2.342654
6.212529,2.344107
6.230464,2.345560
6.248488,2.347023
6.266486,2.348487
6.284362,2.349943
6.302272,2.351400
6.320216,2.352862
6.338109,2.354319
6.355946,2.355773
6.373860,2.357233
6.391727,2.358691
6.679503,2.382374
6.697820,2.383899
6.716036,2.385420
6.734429,2.386958
6.752826,2.388501
6.771272,2.390050
6.789746,2.391606
6.808289,2.393170
6.826924,2.394747
6.845531,2.396323
6.864372,2.397926
6.882990,2.399512
6.901865,2.401126
6.920841,2.402759
6.939879,2.404402
7.250739,2.432220
7.270275,2.434021
7.289782,2.435823
7.309339,2.437636
7.328875,2.439451
7.348530,2.441283
7.368046,2.443105
7.387542,2.444932
7.407070,2.446765
7.426584,2.448602
7.445903,2.450424
7.465524,2.452280
7.484884,2.454114
7.504346,2.455963
7.523798,2.457813
7.834119,2.487798
7.853458,2.489692
7.872767,2.491584
7.892072,2.493479
7.911345,2.495372
7.930626,2.497269
7.949907,2.499168
7.969161,2.501066
7.988425,2.502968
8.007661,2.504869
8.026891,2.506771
8.046256,2.508689
8.065324,2.510578
8.084513,2.512483
8.103700,2.514388
8.409305,2.544948
8.428152,2.546844
8.447200,2.548761
8.466222,2.550677
8.485177,2.552587
8.504130,2.554498
8.523142,2.556416
8.541959,2.558316
8.560890,2.560227
8.579722,2.562126
8.598657,2.564037
8.617299,2.565916
8.636287,2.567831
8.655065,2.569723
8.673886,2.571621
8.975827,2.602124
8.994889,2.604059
9.014045,2.606008
9.033181,2.607955
9.052419,2.609917
9.071630,2.611876
9.090975,2.613854
9.110279,2.615828
9.129742,2.617823
9.149157,2.619815
9.168533,2.621807
9.188325,2.623844
9.208064,2.625880
9.227650,2.627909
9.247298,2.629950
9.569445,2.664230
9.589426,2.666400
9.609602,2.668594
9.629769,2.670793
9.649932,2.672995
9.670102,2.675202
9.690247,2.677410
9.710394,2.679623
9.730549,2.681840
9.750667,2.684057
9.770782,2.686276
9.790902,2.688501
9.811004,2.690726
9.831066,2.692946
9.851117,2.695167
10.168762,2.730602
10.188527,2.732829
10.208307,2.735062
10.228087,2.737297
10.247886,2.739540
10.267918,2.741812
10.287742,2.744065
10.307541,2.746318
10.327408,2.748585
10.347319,2.750860
10.367227,2.753141
10.387154,2.755426
10.407172,2.757729
10.427011,2.760015
10.447270,2.762356
10.775373,2.801210
10.796531,2.803799
10.817430,2.806363
10.838680,2.808984
10.859864,2.811603
10.881008,2.814229
10.902204,2.816868
10.923251,2.819500
10.944677,2.822186
10.965895,2.824856
10.987087,2.827530
11.008304,2.830216
11.029540,2.832911
11.050750,2.835612
11.071948,2.838318
11.410749,2.882451
11.431896,2.885253
11.453031,2.888058
11.474107,2.890854
11.495196,2.893657
11.516233,2.896453
11.537253,2.899251
11.558239,2.902045
11.579183,2.904838
11.600135,2.907633
11.621057,2.910428
11.641923,2.913218
11.662798,2.916013
11.683658,2.918809
11.704535,2.921611
12.038874,2.967084
12.059939,2.969994
12.081043,2.972917
12.102197,2.975853
12.123396,2.978802
12.144623,2.981761
12.165918,2.984739
12.187223,2.987723
12.208792,2.990754
12.230236,2.993773
12.251739,2.996810
12.273108,2.999835
12.294701,3.002901
12.316390,3.005988
12.338155,3.009097
12.696924,3.061870
12.719882,3.065372
12.743294,3.068956
12.766603,3.072543
12.789913,3.076141
12.813300,3.079768
12.836749,3.083415
12.860246,3.087087
12.883772,3.090774
12.907237,3.094466
12.930649,3.098160
12.954492,3.101938
12.977828,3.105644
13.001440,3.109409
13.025065,3.113185
13.402767,3.174924
13.426505,3.178878
13.450129,3.182820
13.473494,3.186726
13.497289,3.190710
13.520844,3.194662
13.544216,3.198588
13.567974,3.202581
13.591242,3.206496
13.614895,3.210478
13.638374,3.214437
13.661746,3.218380
13.685161,3.222336
13.708515,3.226284
13.731911,3.230245
14.104970,3.294172
14.128404,3.298245
14.151889,3.302337
14.175363,3.306433
14.198928,3.310556
14.222658,3.314714
14.246315,3.318871
14.269933,3.323028
14.293453,3.327179
14.317290,3.331394
14.341254,3.335644
14.364928,3.339850
14.388816,3.344107
14.412669,3.348366
14.436685,3.352667
14.830559,3.425201
14.855742,3.429981
14.880958,3.434778
14.906181,3.439595
14.931433,3.444429
14.956710,3.449284
14.982026,3.454158
15.007297,3.459039
15.032579,3.463932
15.057882,3.468846
15.083175,3.473766
15.108488,3.478706
15.133778,3.483650
15.159107,3.488615
15.184388,3.493581
15.588407,3.574189
15.613458,3.579242
15.638505,3.584303
15.663486,3.589355
15.688489,3.594421
15.713451,3.599483
15.738424,3.604556
15.763367,3.609629
15.788315,3.614712
15.813238,3.619796
15.838116,3.624882
15.863096,3.629993
15.888056,3.635112
15.913160,3.640267
15.938249,3.645430
16.339734,3.729458
16.365153,3.734879
16.390662,3.740336
16.416172,3.745804
16.441767,3.751308
16.467370,3.756825
16.493099,3.762388
16.518848,3.767967
16.544691,3.773585
16.570549,3.779220
16.596551,3.784905
16.622554,3.790604
16.648669,3.796347
16.674844,3.802119
16.701115,3.807932
17.133578,3.906779
17.161185,3.913291
17.188993,3.919868
17.216755,3.926459
17.244288,3.933011
17.272114,3.939656
17.300200,3.946378
17.328025,3.953061
17.355784,3.959742
17.383553,3.966447
17.411401,3.973185
17.439268,3.979947
17.467116,3.986719
17.494995,3.993517
17.522884,4.000330
17.969060,4.111182
17.996832,4.118168
18.024599,4.125162
18.052337,4.132155
18.080103,4.139165
18.107795,4.146162
18.135530,4.153181
18.163214,4.160193
18.190900,4.167218
18.218576,4.174247
18.246290,4.181298
18.273939,4.188340
18.301640,4.195408
18.329326,4.202480
18.357039,4.209572
18.803668,4.325598
18.831856,4.333045
18.860155,4.340541
18.888491,4.348061
18.916627,4.355549
18.945281,4.363190
18.973879,4.370837
19.002132,4.378408
19.030894,4.386138
19.059625,4.393876
19.088541,4.401687
19.117284,4.409469
19.146268,4.417341
19.175273,4.425252
19.204439,4.433231
19.681145,4.567161
19.711505,4.575884
19.741464,4.584507
19.771729,4.593240
19.801955,4.601977
19.832068,4.610703
19.862230,4.619457
19.892320,4.628211
19.922611,4.637036
19.952571,4.645785
19.982898,4.654653
20.013183,4.663528
20.043316,4.672370
20.073683,4.681299
20.103851,4.690181
20.585033,4.833433
20.614931,4.842412
20.644827,4.851402
20.674710,4.860396
20.705012,4.869530
20.734428,4.878406
20.764336,4.887444
20.794174,4.896470
20.824022,4.905514
20.853901,4.914576
20.883797,4.923660
20.913652,4.932742
20.943553,4.941854
20.973681,4.951047
21.003662,4.960212
21.486025,5.109926
21.516564,5.119566
21.547155,5.129249
21.577827,5.138976
21.608519,5.148735
21.639292,5.158540
21.670142,5.168397
21.701043,5.178291
21.732065,5.188253
21.763086,5.198236
21.794254,5.208296
21.825443,5.218386
21.856704,5.228529
21.888040,5.238721
21.919499,5.248985
22.435570,5.422141
22.468479,5.433465
22.501394,5.444815
22.534381,5.456222
22.567414,5.467668
22.600415,5.479135
22.633476,5.490643
22.666551,5.502187
22.699614,5.513748
22.732672,5.525335
22.765764,5.536954
22.798886,5.548610
22.831919,5.560255
22.865018,5.571948
22.898097,5.583652
23.426791,5.773185
23.459660,5.785087
23.492475,5.796987
23.525261,5.808888
23.558053,5.820809
23.590812,5.832730
23.623751,5.844736
23.656312,5.856618
23.689054,5.868585
23.721771,5.880557
23.754529,5.892565
23.787489,5.904662
23.819978,5.916608
23.852676,5.928647
23.885409,5.940721
24.411584,6.137832
24.444700,6.150452
24.477916,6.163143
24.511154,6.175868
24.544511,6.188673
24.577829,6.201489
24.611259,6.214383
24.644702,6.227310
24.678242,6.240311
24.711786,6.253343
24.745412,6.266444
24.779114,6.279605
24.812923,6.292847
24.846726,6.306119
24.880609,6.319462
25.435137,6.543848
25.470532,6.558547
25.505896,6.573267
25.541360,6.588071
25.577040,6.602998
25.612402,6.617834
25.648292,6.632921
25.683848,6.647909
25.719506,6.662968
25.755199,6.678080
25.790588,6.693091
25.826332,6.708289
25.861966,6.723467
25.897639,6.738695
25.932968,6.753802
26.503416,7.001229
26.539076,7.016885
26.574703,7.032542
26.610380,7.048244
26.645975,7.063924
26.681615,7.079644
26.717266,7.095383
26.752854,7.111114
26.788464,7.126869
26.824083,7.142646
26.859678,7.158426
26.895326,7.174247
26.930884,7.190040
26.966475,7.205865
27.002031,7.221685
27.570501,7.476307
27.605927,7.492264
27.641405,7.508253
27.676815,7.524221
27.712247,7.540206
27.747674,7.556199
27.783083,7.572190
27.818530,7.588208
27.853897,7.604197
27.889313,7.620216
27.924698,7.636227
27.960062,7.652237
27.995389,7.668236
28.030737,7.684253
28.066070,7.700269
28.630125,7.956739
28.665245,7.972750
28.700392,7.988777
28.735565,8.004821
28.770665,8.020835
28.805722,8.036827
28.840774,8.052819
28.875766,8.068783
28.910750,8.084749
28.945672,8.100685
28.980616,8.116637
29.015451,8.132540
29.050316,8.148463
29.085124,8.164362
29.119936,8.180271
29.676009,8.435474
29.710745,8.451510
29.745642,8.467639
29.780376,8.483704
29.815227,8.499843
29.850026,8.515971
29.884554,8.531993
29.919390,8.548172
29.954288,8.564401
29.989147,8.580627
30.024011,8.596878
30.058887,8.613150
30.093828,8.629478
30.128779,8.645842
30.163777,8.662251
30.726036,8.929153
30.761147,8.945997
30.796307,8.962879
30.831432,8.979765
30.866551,8.996662
30.901701,9.013592
30.936760,9.030493
30.971831,9.047406
31.006815,9.064292
31.041811,9.081191
31.076735,9.098071
31.111637,9.114949
31.146492,9.131822
31.181264,9.148664
31.216044,9.165528
31.766473,9.434712
31.800493,9.451519
31.834499,9.468346
31.868425,9.485154
31.902326,9.501978
31.936160,9.518790
31.969963,9.535615
32.003704,9.552431
32.037420,9.569265
32.071075,9.586092
32.104697,9.602933
32.138254,9.619766
32.171728,9.636589
32.205250,9.653462
32.238718,9.670340
32.766914,9.941037
32.799486,9.958025
32.832053,9.975053
32.864552,9.992079
32.896976,10.009109
32.929343,10.026145
32.961687,10.043213
32.993967,10.060282
33.026207,10.077376
33.058414,10.094490
33.090524,10.111598
33.122609,10.128730
33.154620,10.145871
33.186746,10.163111
33.218536,10.180220
33.725913,10.459999
33.757694,10.477963
33.789478,10.495968
33.821257,10.514021
33.853013,10.532098
33.884849,10.550270
33.916605,10.568431
33.948423,10.586674
33.980222,10.604940
34.012052,10.623268
34.043838,10.641602
34.075670,10.660006
34.107522,10.678452
34.139228,10.696835
34.170935,10.715251
34.671862,11.010240
34.702746,11.028705
34.733581,11.047181
34.764391,11.065674
34.795134,11.084168
34.825838,11.102672
34.856499,11.121191
34.887096,11.139707
34.917625,11.158224
34.948100,11.176743
34.978555,11.195294
35.009217,11.214007
35.039308,11.232418
35.069586,11.250978
35.099878,11.269593
35.576472,11.568417
35.605794,11.587198
35.635126,11.606040
35.664265,11.624804
35.693436,11.643643
35.722732,11.662611
35.751602,11.681359
35.780621,11.700251
35.809529,11.719127
35.838431,11.738049
35.867244,11.756970
35.896034,11.775925
35.924750,11.794892
35.953355,11.813834
35.981967,11.832842
36.434041,12.141034
36.462244,12.160787
36.490231,12.180461
36.518154,12.200151
36.546066,12.219905
36.573928,12.239686
36.601840,12.259576
36.629608,12.279428
36.657480,12.299428
36.685359,12.319537
36.713297,12.339759
36.741283,12.360117
36.769466,12.380686
36.797272,12.401074
36.825390,12.421757
37.275581,12.762493
37.303819,12.784387
37.332045,12.806315
37.360216,12.828260
37.388382,12.850243
37.416622,12.872341
37.444808,12.894437
37.473032,12.916616
37.501197,12.938789
37.529440,12.961074
37.557625,12.983350
37.585835,13.005695
37.614000,13.028039
37.642245,13.050494
37.670423,13.072929
38.121020,13.436425
38.149148,13.459372
38.177279,13.482343
38.205402,13.505336
38.233475,13.528309
38.261603,13.551354
38.289693,13.574388
38.317776,13.597443
38.345853,13.620512
38.374029,13.643687
38.402004,13.666714
38.430022,13.689801
38.458072,13.712931
38.486145,13.736103
38.514149,13.759234
38.960579,14.130103
38.988421,14.153340
39.016039,14.176409
39.043581,14.199426
39.070922,14.222294
39.098405,14.245292
39.125865,14.268292
39.153260,14.291252
39.180641,14.314220
39.207970,14.337160
39.235280,14.360106
39.262564,14.383046
39.289806,14.405974
39.316946,14.428833
39.344114,14.451740
39.775653,14.818839
39.802451,14.841867
39.829189,14.864879
39.856113,14.888078
39.882961,14.911247
39.909785,14.934426
39.936550,14.957590
39.963513,14.980957
39.990370,15.004271
40.017180,15.027576
40.044147,15.051057
40.070835,15.074329
40.097880,15.097953
40.124556,15.121289
40.151417,15.144831
40.583484,15.529651
40.610719,15.554362
40.637945,15.579109
40.665222,15.603960
40.692457,15.628816
40.719731,15.653762
40.746993,15.678739
40.774265,15.703776
40.801520,15.728838
40.828990,15.754148
40.856247,15.779298
40.883485,15.804480
40.910758,15.829729
40.937998,15.854993
40.965219,15.880274
41.399051,16.287685
41.425871,16.313094
41.452743,16.338584
41.479440,16.363930
41.505964,16.389142
41.532667,16.414549
41.559318,16.439939
41.585913,16.465301
41.612456,16.490647
41.638990,16.516010
41.665460,16.541348
41.691876,16.566661
41.718248,16.591969
41.744584,16.617270
41.770901,16.642591
42.185264,17.046202
42.210739,17.071355
42.236185,17.096528
42.261550,17.121660
42.286921,17.146847
42.312174,17.171959
42.337418,17.197112
42.362623,17.222268
42.387988,17.247637
42.413049,17.272746
42.438119,17.297916
42.463124,17.323065
42.487779,17.347917
42.512667,17.373048
42.537479,17.398157
42.932976,17.806424
42.957657,17.832367
42.982473,17.858492
43.007014,17.884381
43.031609,17.910365
43.056298,17.936500
43.080843,17.962517
43.105395,17.988590
43.129942,18.014692
43.154550,18.040905
43.179039,18.067024
43.203629,18.093295
43.228188,18.119563
43.252763,18.145892
43.277345,18.172256
43.669257,18.596826
43.693536,18.623355
43.717831,18.649921
43.742272,18.676656
43.766702,18.703401
43.790874,18.729875
43.815039,18.756362
43.839276,18.782942
43.863428,18.809450
43.887597,18.835992
43.911830,18.862629
43.935844,18.889040
43.959881,18.915501
43.983981,18.942049
44.007768,18.968278
44.386754,19.389576
44.410197,19.415881
44.433691,19.442281
44.457093,19.468606
44.480556,19.495040
44.503943,19.521419
44.527390,19.547905
44.550750,19.574325
44.574146,19.600828
44.597529,19.627349
44.620951,19.653957
44.644284,19.680500
44.667697,19.707178
44.691022,19.733793
44.714499,19.760627
45.089461,20.195621
45.113137,20.223582
45.136790,20.251571
45.160500,20.279702
45.184205,20.307881
45.208184,20.336459
45.231985,20.364875
45.255751,20.393319
45.279576,20.421882
45.303404,20.450516
45.327254,20.479223
45.351049,20.507927
45.374929,20.536778
45.398556,20.565384
45.422385,20.594278
45.802430,21.061212
45.826088,21.090610
45.849719,21.120003
45.873345,21.149427
45.896950,21.178852
45.920604,21.208374
45.944185,21.237830
45.967755,21.267307
45.991317,21.296799
46.014780,21.326198
46.038445,21.355874
46.061979,21.385417
46.085544,21.415021
46.108818,21.444289
46.132316,21.473859
46.507111,21.948480
46.530449,21.978194
46.553752,22.007878
46.577098,22.037633
46.600306,22.067227
46.623675,22.097042
46.646982,22.126791
46.670262,22.156522
46.693525,22.186244
46.716784,22.215974
46.740010,22.245676
46.763273,22.275438
46.786499,22.305165
46.809710,22.334885
46.832928,22.364626
47.201419,22.837810
47.224169,22.867120
47.247022,22.896583
47.269894,22.926082
47.292700,22.955520
47.315549,22.985027
47.338387,23.014543
47.361166,23.043997
47.384012,23.073565
47.406793,23.103064
47.429614,23.132643
47.452451,23.162261
47.475278,23.191894
47.498078,23.221513
47.520888,23.251174
47.887611,23.732217
47.910772,23.762906
47.933772,23.793431
47.957086,23.824408
47.980041,23.854961
48.003159,23.885769
48.026365,23.916746
48.049663,23.947916
48.073205,23.979466
48.096566,24.010840
48.120062,24.042445
48.143207,24.073643
48.166701,24.105357
48.190220,24.137169
48.213800,24.169107
48.592750,24.688921
48.616442,24.721776
48.640024,24.754507
48.663764,24.787500
48.687352,24.820310
48.710871,24.853061
48.734452,24.885928
48.758126,24.918960
48.781600,24.951740
48.805276,24.984837
48.828797,25.017743
48.852315,25.050677
48.875827,25.083627
48.899297,25.116550
48.922717,25.149426
49.296218,25.676662
49.319363,25.709503
49.342531,25.742405
49.365719,25.775357
49.388696,25.808042
49.411972,25.841173
49.434898,25.873841
49.458144,25.906987
49.481219,25.939927
49.504127,25.972654
49.527192,26.005644
49.550276,26.038687
49.573399,26.071828
49.596450,26.104894
49.619486,26.137982
49.988507,26.673850
50.011601,26.707808
50.034787,26.741967
50.057953,26.776147
50.081104,26.810373
50.104327,26.844759
50.127539,26.879201
50.150725,26.913660
50.174010,26.948340
50.197231,26.982985
50.220547,27.017846
50.243844,27.052744
50.267173,27.087770
50.290472,27.122816
50.313834,27.158039
50.691538,27.739769
50.715378,27.777258
50.739221,27.814821
50.763088,27.852513
50.786930,27.890231
50.810797,27.928076
50.834653,27.965967
50.858552,28.004008
50.882372,28.041987
50.906227,28.080099
50.930090,28.118284
50.953909,28.156473
50.977731,28.194723
51.001497,28.232956
51.025265,28.271245
51.403238,28.887552
51.426727,28.926253
51.450191,28.964949
51.473605,29.003583
51.497026,29.042266
51.520472,29.081014
51.543855,29.119699
51.567111,29.158199
51.590344,29.196705
51.613543,29.235181
51.636782,29.273771
51.659791,29.312009
51.682974,29.350583
51.706070,29.389047
51.729171,29.427571
52.094509,30.043613
52.117019,30.082065
52.139770,30.121005
52.162413,30.159822
52.185056,30.198719
52.207514,30.237361
52.230096,30.276300
52.252649,30.315257
52.275118,30.354154
52.297738,30.393384
52.320272,30.432555
52.342904,30.471970
52.365430,30.511293
52.387714,30.550273
52.410421,30.590089
52.771645,31.237737
52.794605,31.279807
52.817333,31.321534
52.840056,31.363355
52.862800,31.405294
52.885667,31.447560
52.908287,31.489446
52.931031,31.531655
52.953760,31.573909
52.976468,31.616216
52.999167,31.658575
53.021867,31.701022
53.044483,31.743382
53.067213,31.786036
53.089801,31.828488
53.449104,32.512404
53.471383,32.555282
53.493661,32.598198
53.515846,32.640985
53.538186,32.684114
53.560205,32.726671
53.582627,32.770044
53.604828,32.813039
53.626998,32.856008
53.649158,32.899005
53.671294,32.941988
53.693443,32.985041
53.715353,33.027662
53.737472,33.070728
53.759571,33.113788
54.111284,33.803336
54.133196,33.846523
54.155107,33.889730
54.176849,33.932629
54.198677,33.975717
54.220514,34.018846
54.242106,34.061511
54.264079,34.104949
54.285888,34.148082
54.307665,34.191175
54.329445,34.234289
54.350995,34.276967
54.372719,34.320007
54.394431,34.363042
54.416174,34.406154
54.762086,35.094062
54.783623,35.137001
54.805184,35.180000
54.826701,35.222921
54.848240,35.265895
54.869748,35.308820
54.891287,35.351815
54.912784,35.394737
54.934287,35.437678
54.955791,35.480633
54.977277,35.523561
54.998793,35.566557
55.020298,35.609539
55.041830,35.652585
55.063306,35.695525
55.409182,36.388090
55.430958,36.431746
55.452781,36.475503
55.474623,36.519304
55.496500,36.563178
55.518570,36.607446
55.540635,36.651708
55.562474,36.695523
55.584486,36.739687
55.606524,36.783911
55.628614,36.828242
55.650692,36.872556
55.672887,36.917106
55.695035,36.961568
55.717203,37.006074
56.073882,37.722642
56.096135,37.767375
56.118399,37.812133
56.140677,37.856923
56.162945,37.901695
56.185181,37.946406
56.207444,37.991174
56.229644,38.035819
56.251905,38.080589
56.274117,38.125263
56.296114,38.169507
56.318526,38.214588
56.340719,38.259231
56.362898,38.303848
56.385113,38.348538
56.738848,39.060401
56.760917,39.104825
56.782987,39.149253
56.805062,39.193693
56.827140,39.238140
56.849222,39.282613
56.871320,39.327117
56.893449,39.371699
56.915751,39.416622
56.938003,39.461457
56.960114,39.505998
56.982330,39.550760
57.004357,39.595127
57.026804,39.640343
57.048915,39.684867
57.411188,40.412318
57.434279,40.458448
57.457425,40.504675
57.480674,40.551043
57.503959,40.597464
57.527349,40.644027
57.550787,40.690661
57.574309,40.737392
57.597892,40.784162
57.621510,40.830954
57.645169,40.877744
57.668856,40.924545
57.692616,40.971413
57.716390,41.018265
57.740214,41.065140
58.123583,41.812711
58.147597,41.859174
58.171617,41.905602
58.195632,41.951993
58.219647,41.998340
58.243671,42.044678
58.267691,42.090968
58.291713,42.137236
58.315748,42.183490
58.339752,42.229661
58.363776,42.275833
58.387818,42.322019
58.411834,42.368117
58.435838,42.414172
58.459861,42.460228
58.844235,43.194048
58.868264,43.239768
58.892361,43.285632
58.916413,43.331374
58.940543,43.377273
58.964696,43.423177
58.988841,43.469072
59.013060,43.515062
59.037296,43.561087
59.061521,43.607045
59.085884,43.653262
59.110177,43.699296
59.134595,43.745560
59.158921,43.791597
59.183561,43.838218
59.583262,44.588048
59.608686,44.635222
59.634295,44.682643
59.659875,44.729951
59.685542,44.777327
59.711192,44.824617
59.736887,44.871900
59.762636,44.919230
59.788410,44.966522
59.814076,45.013566
59.839925,45.060865
59.865735,45.108045
59.891540,45.155139
59.917366,45.202227
59.943231,45.249314
60.356919,45.995708
60.382991,46.042386
60.408932,46.088783
60.434793,46.135010
60.460699,46.181274
60.486570,46.227449
60.512541,46.273762
60.538340,46.319747
60.564292,46.365962
60.590125,46.411943
60.615967,46.457902
60.641715,46.503675
60.667901,46.550189
60.693805,46.596181
60.719635,46.642009
61.133362,47.372985
61.159251,47.418574
61.185143,47.464180
61.211068,47.509811
61.237004,47.555469
61.262968,47.601137
61.288961,47.646861
61.314984,47.692597
61.341030,47.738373
61.367106,47.784156
61.393226,47.830015
61.419412,47.875940
61.445577,47.921821
61.471835,47.967814
61.498113,48.013831
61.926120,48.757125
61.953410,48.804014
61.980683,48.850779
62.008047,48.897645
62.035377,48.944364
62.062799,48.991188
62.090224,49.037929
62.117752,49.084797
62.145237,49.131510
62.172751,49.178226
62.200186,49.224728
62.227706,49.271331
62.255133,49.317700
62.282624,49.364138
62.310013,49.410331
62.750532,50.146895
62.778092,50.192631
62.805626,50.238280
62.833168,50.283916
62.860712,50.329514
62.888264,50.375102
62.915804,50.420630
62.943345,50.466137
62.970920,50.511660
62.998456,50.557099
63.025991,50.602500
63.053501,50.647840
63.081033,50.693182
63.108604,50.738568
63.136132,50.783850
63.579860,51.511031
63.607943,51.556781
63.636040,51.602532
63.664227,51.648366
63.692439,51.694217
63.720741,51.740147
63.749098,51.786136
63.777727,51.832496
63.805961,51.878185
63.834811,51.924796
63.863395,51.970941
63.891816,52.016744
63.920870,52.063528
63.949476,52.109510
63.978768,52.156550
64.453354,52.907844
64.483625,52.954987
64.513943,53.002092
64.544319,53.049217
64.574755,53.096329
64.605168,53.143339
64.635655,53.190363
64.666126,53.237299
64.696664,53.284242
64.727169,53.331074
64.757746,53.377925
64.788289,53.424667
64.818853,53.471356
64.849399,53.517962
64.879990,53.564555
65.369802,54.302812
65.400408,54.348526
65.431105,54.394362
65.461929,54.440340
65.492878,54.486489
65.523620,54.532274
65.554312,54.577970
65.585132,54.623798
65.616045,54.669743
65.646912,54.715560
65.678001,54.761681
65.709039,54.807663
65.740286,54.853925
65.771252,54.899705
65.802574,54.945978
66.311555,55.689305
66.344090,55.736189
66.376485,55.782806
66.409529,55.830252
66.442131,55.876993
66.475412,55.924601
66.508229,55.971468
66.541617,56.019041
66.574795,56.066235
66.608254,56.113715
66.642167,56.161754
66.675711,56.209150
66.709560,56.256891
66.743557,56.304716
66.777722,56.352685
67.344855,57.131821
67.381795,57.181388
67.419035,57.231222
67.456356,57.280994
67.493747,57.330720
67.531465,57.380707
67.569493,57.430958
67.607570,57.481095
67.645928,57.531450
67.684465,57.581855
67.723325,57.632526
67.762337,57.683205
67.801733,57.734219
67.840941,57.784795
67.880664,57.835866
68.551753,58.670211
68.596028,58.723343
68.640723,58.776752
68.685704,58.830244
68.731485,58.884450
68.776614,58.937619
68.822550,58.991499
68.868826,59.045506
68.915498,59.099724
68.962430,59.153967
69.009767,59.208417
69.057427,59.262955
69.105588,59.317796
69.153811,59.372415
69.202545,59.427339
70.036374,60.322938
70.092115,60.379875
70.148337,60.436948
70.205021,60.494110
70.262205,60.551409
70.319816,60.608747
70.377940,60.666218
70.436546,60.723767
70.495385,60.781160
70.555256,60.839150
70.615225,60.896755
70.675528,60.954271
70.736211,61.011688
70.797190,61.068990
70.858512,61.126174
71.879972,62.028144
71.945993,62.083702
72.012220,62.139136
72.078704,62.194528
72.145343,62.249766
72.212211,62.304947
72.279262,62.360008
72.346546,62.415025
72.413971,62.469898
72.481588,62.524703
72.549360,62.579386
72.617338,62.634020
72.685454,62.688528
72.753729,62.742959
72.822136,62.797269
73.932852,63.653730
74.002971,63.706430
74.073114,63.759002
74.143330,63.811501
74.213622,63.863918
74.283929,63.916225
74.354242,63.968403
74.424689,64.020565
74.495102,64.072577
74.565531,64.124490
74.635881,64.176225
74.706856,64.228315
74.776747,64.279495
74.847697,64.331352
74.917951,64.382591
76.044420,65.192258
76.114912,65.242310
76.185619,65.292467
76.256325,65.342558
76.327097,65.392642
76.397960,65.442720
76.468952,65.492830
76.540025,65.542920
76.611187,65.593008
76.682453,65.643086
76.753968,65.693268
76.825330,65.743255
76.896932,65.793332
76.968641,65.843390
77.040503,65.893471
78.209403,66.693111
78.283886,66.742973
78.358542,66.792811
78.433454,66.842664
78.508456,66.892430
78.583717,66.942206
78.659170,66.991957
78.734832,67.041675
78.810731,67.091391
78.886928,67.141125
78.963172,67.190724
79.039790,67.240383
79.116524,67.289946
79.193558,67.339512
79.270803,67.389034
80.542970,68.175831
80.624928,68.224546
80.707225,68.273215
80.789828,68.321802
80.872634,68.370208
80.955747,68.418516
81.038877,68.466538
81.122403,68.514522
81.206190,68.562370
81.290129,68.610047
81.374120,68.657482
81.458360,68.704812
81.542724,68.751952
81.627409,68.799037
81.712239,68.845954
83.099909,69.584457
83.188377,69.629958
83.277428,69.675590
83.365918,69.720781
83.455130,69.766180
83.544839,69.811684
83.634739,69.857130
83.724850,69.902540
83.815332,69.947988
83.906005,69.993395
83.996880,70.038760
84.088074,70.084153
84.179636,70.129592
84.271358,70.174983
84.363379,70.220390
85.874422,70.950254
85.971420,70.996234
86.068830,71.042317
86.166404,71.088390
86.264341,71.134546
86.362618,71.180778
86.461228,71.227081
86.560182,71.273465
86.659425,71.319900
86.759017,71.366422
86.858947,71.413022
86.959253,71.459722
87.059855,71.506483
87.161700,71.553749
87.262921,71.600650
88.933066,72.365496
89.040280,72.414094
89.148716,72.463192
89.257038,72.512188
89.365768,72.561316
89.474494,72.610394
89.583270,72.659445
89.693411,72.709065
89.803687,72.758697
89.914371,72.808467
90.025561,72.858418
90.137158,72.908508
90.249151,72.958731
90.361535,73.009087
90.474431,73.059628
92.329477,73.884807
92.449519,73.937909
92.568564,73.990537
92.687828,74.043233
92.807545,74.096099
92.927692,74.149127
93.048053,74.202220
93.168661,74.255395
93.289475,74.308633
93.410630,74.361994
93.531087,74.415022
93.652848,74.468598
93.774805,74.522236
93.896928,74.575922
94.019459,74.629763
96.007766,75.500490
96.133729,75.555490
96.259703,75.610479
96.385727,75.665473
96.512019,75.720568
96.638463,75.775714
96.765128,75.830941
96.891792,75.886154
97.018502,75.941371
97.145539,75.996717
97.272472,76.052003
97.399598,76.107360
97.526855,76.162760
97.654340,76.218247
97.781778,76.273701
99.828805,77.162932
99.956991,77.218535
100.086533,77.274716
100.214318,77.330128
100.342145,77.385550
100.470729,77.441293
100.597895,77.496413
100.726038,77.551949
100.854139,77.607460
100.982197,77.662945
101.110260,77.718426
101.238982,77.774185
101.367332,77.829776
101.494363,77.884791
101.622916,77.940457
103.668136,78.825359
103.795466,78.880412
103.924088,78.936019
104.050913,78.990845
104.178773,79.046115
104.307537,79.101772
104.435359,79.157017
104.562996,79.212180
104.690892,79.267451
104.817603,79.322207
104.946490,79.377899
105.074416,79.433173
105.201328,79.488006
105.329254,79.543274
105.457196,79.598546
107.511114,80.485500
107.639927,80.541107
107.769106,80.596870
107.898088,80.652546
108.027226,80.708288
108.156399,80.764043
108.285722,80.819860
108.415140,80.875717
108.544604,80.931577
108.674202,80.987485
108.804374,81.043624
108.934576,81.099771
109.062879,81.155088
109.193765,81.211523
109.322665,81.267102
111.401485,82.169520
111.530620,82.226300
111.660741,82.283634
111.790845,82.341100
111.921018,82.398733
112.051259,82.456549
112.181432,82.514486
112.311657,82.572614
112.441924,82.630926
112.572314,82.689477
112.702540,82.748133
112.833780,82.807445
112.964302,82.866659
113.093549,82.925519
113.225338,82.985778
115.324487,83.976417
115.456103,84.040247
115.587976,84.104382
115.719772,84.168650
115.851655,84.233133
115.983444,84.297732
116.115326,84.362542
116.247142,84.427475
116.379046,84.492607
116.510872,84.557851
116.642759,84.623274
116.774598,84.688816
116.907725,84.755143
117.039267,84.820816
117.171131,84.886787
119.274217,85.954823
119.405249,86.022226
119.535652,86.089373
119.666404,86.156774
119.798710,86.225039
119.929711,86.292706
120.060047,86.360097
120.190004,86.427374
120.319795,86.494643
120.450093,86.562269
120.580196,86.629885
120.710404,86.697663
120.840294,86.765382
120.970118,86.833190
121.100615,86.901469
123.159012,88.001655
123.286623,88.071702
123.414088,88.141928
123.541464,88.212383
123.668629,88.282994
123.795696,88.353843
123.922603,88.424894
124.049426,88.496206
124.176152,88.567770
124.302630,88.639520
124.428979,88.711518
124.555318,88.783852
124.681247,88.856291
124.808127,88.929637
124.933401,89.002412
126.923610,90.214698
127.046995,90.293829
127.170128,90.373335
127.293006,90.453207
127.416088,90.533720
127.538777,90.614490
127.661413,90.695773
127.784123,90.777646
127.906695,90.859987
128.029200,90.942826
128.151551,91.026116
128.273903,91.109940
128.396340,91.194365
128.518569,91.279165
128.640702,91.364423
130.584843,92.783893
130.705650,92.875539
130.826213,92.967361
130.946773,93.059523
131.067038,93.151803
131.187202,93.244333
131.307408,93.337223
131.427326,93.430204
131.547309,93.523550
131.667029,93.616989
131.786805,93.710772
131.906467,93.804753
132.025821,93.898778
132.145180,93.993078
132.265365,94.088308
134.159926,95.621344
134.277774,95.718438
134.395366,95.815501
134.513085,95.912839
134.630563,96.010147
134.747991,96.107577
134.865395,96.205149
134.982843,96.302913
135.100030,96.400615
135.217216,96.498463
135.334340,96.596408
135.451403,96.694442
135.568414,96.792574
135.685507,96.890908
135.802353,96.989170
137.665091,98.571273
137.781258,98.670787
137.897667,98.770595
138.012748,98.869348
138.129475,98.969596
138.245119,99.068993
138.360938,99.168619
138.476363,99.267982
138.592783,99.368277
138.708280,99.467848
138.824115,99.567782
138.939158,99.667102
139.053667,99.766027
139.169959,99.866558
139.285561,99.966558
141.118068,101.559242
141.231732,101.658433
141.345355,101.757631
141.458723,101.856646
141.571909,101.955540
141.685032,102.054417
141.798146,102.153323
141.911007,102.252043
142.023706,102.350656
142.136247,102.449164
142.248645,102.547581
142.360875,102.645883
142.472899,102.744035
142.584761,102.842076
142.696507,102.940046
144.456904,104.486713
144.564983,104.581802
144.672753,104.676623
144.780110,104.771106
144.887029,104.865222
144.993764,104.959214
145.100208,105.052983
145.206239,105.146443
145.311920,105.239643
145.417268,105.332619
145.522261,105.425348
145.626836,105.517793
145.731046,105.609996
145.834871,105.701961
145.938325,105.793693
147.573853,107.263834
147.675441,107.356349
147.777171,107.449120
147.879604,107.542652
147.981056,107.635409
148.081544,107.727398
148.182915,107.820308
148.284242,107.913286
148.385547,108.006352
148.486805,108.099479
148.588082,108.192728
148.689203,108.285932
148.790283,108.379196
148.890914,108.472141
148.992269,108.565847
150.599332,110.062103
150.698889,110.155435
150.798043,110.248486
150.897108,110.341572
150.996935,110.435490
151.095715,110.528560
151.194166,110.621448
151.292376,110.714259
151.390608,110.807237
151.488378,110.899943
151.585974,110.992644
151.683216,111.085190
151.780985,111.178414
151.877326,111.270474
151.974473,111.363495
153.492680,112.850998
153.586589,112.945284
153.680443,113.039764
153.774120,113.134303
153.867866,113.229151
153.961434,113.324045
154.054889,113.419053
154.148258,113.514188
154.241587,113.609502
154.334797,113.704900
154.427894,113.800390
154.520917,113.896001
154.613829,113.991697
154.706700,114.087538
154.799492,114.183486
156.274883,115.731065
156.366496,115.828355
156.458662,115.926358
156.549595,116.023166
156.641084,116.120682
156.733230,116.219012
156.824828,116.316869
156.915266,116.413594
157.007420,116.512260
157.098499,116.609878
157.189848,116.707887
157.280904,116.805678
157.372529,116.904179
157.462976,117.001505
157.554068,117.099616
159.002664,118.670166
159.092147,118.767742
159.181875,118.865663
159.271019,118.963049
159.360329,119.060711
159.449378,119.158204
159.537506,119.254800
159.626902,119.352917
159.715568,119.450361
159.803682,119.547348
159.892010,119.644713
159.979649,119.741482
160.067359,119.838489
160.154605,119.935163
160.241820,120.031976
161.601641,121.572573
161.684748,121.669157
161.768899,121.767271
161.851399,121.863759
161.934645,121.961421
162.016724,122.057998
162.099615,122.155819
162.182297,122.253666
162.264784,122.351561
162.347840,122.450393
162.430300,122.548784
162.512544,122.647168
162.594047,122.744917
162.676175,122.843651
162.758078,122.942359
164.058459,124.537645
164.139000,124.637983
164.218971,124.737769
164.299350,124.838213
164.379783,124.938877
164.459956,125.039359
164.540151,125.139980
164.620396,125.240787
164.700301,125.341274
164.780117,125.441772
164.859827,125.542251
164.939409,125.642703
165.018837,125.743089
165.098130,125.843452
165.177244,125.943731
166.415166,127.539475
166.490368,127.638497
166.565358,127.737527
166.640105,127.836547
166.714355,127.935212
166.788480,128.034038
166.862308,128.132786
166.935629,128.231198
167.008832,128.329788
167.081554,128.428087
167.154057,128.526440
167.226120,128.624571
167.298244,128.723152
167.369397,128.820796
167.441164,128.919665
168.530140,130.477812
168.594848,130.574445
168.659432,130.671412
168.722927,130.767292
168.786816,130.864299
168.849994,130.960792
168.912780,131.057241
168.975332,131.153911
169.037477,131.250523
169.099082,131.346895
169.160333,131.443301
169.221143,131.539626
169.281581,131.635968
169.341647,131.732350
169.401190,131.828514
170.295647,133.362950
170.348154,133.459255
170.399493,133.554212
170.451032,133.650362
170.501367,133.745077
170.551987,133.841175
170.601449,133.935906
170.650757,134.031207
170.699588,134.126438
170.747947,134.221641
170.795839,134.316800
170.843274,134.411966
170.890209,134.507029
170.936683,134.602097
170.982710,134.697176
171.652243,136.211403
171.689467,136.304630
171.726541,136.398660
171.763135,136.492711
171.799186,136.586596
171.834741,136.680466
171.869779,136.774238
171.904287,136.867908
171.938292,136.961520
171.971756,137.055000
172.004777,137.148593
172.037217,137.241945
172.069158,137.335255
172.100572,137.428478
172.131587,137.521963
172.554666,138.999675
172.576441,139.090405
172.597887,139.181819
172.618773,139.273014
172.639173,139.364263
172.658949,139.455002
172.678237,139.545777
172.696991,139.636445
172.715221,139.726983
172.732890,139.817274
172.750068,139.907605
172.766683,139.997667
172.782780,140.087635
172.798332,140.177414
172.813366,140.267089
172.981619,141.679355
172.987639,141.766090
172.993139,141.852592
172.998114,141.939015
173.002564,142.025084
173.006487,142.111024
173.009896,142.196775
173.012779,142.282369
173.015166,142.368421
173.017001,142.453490
173.018330,142.538633
173.019127,142.623114
173.019416,142.706976
173.019188,142.791332
173.018453,142.875448
172.937031,144.193731
172.927608,144.274405
172.917695,144.354784
172.907272,144.434926
172.896356,144.514813
172.884908,144.594632
172.872975,144.674141
172.860467,144.753705
172.847284,144.833396
172.833494,144.913247
172.818992,144.993473
172.803899,145.073826
172.788117,145.154516
172.771771,145.235285
172.754750,145.316417
172.409948,146.630595
172.384436,146.713379
172.358254,146.796992
172.331953,146.879815
172.305154,146.962969
172.278218,147.045472
172.250779,147.128371
172.222965,147.211398
172.194717,147.294644
172.166209,147.377718
172.137300,147.460958
172.108062,147.544264
172.078501,147.627553
172.048689,147.710725
172.018505,147.794059
171.499650,149.128101
171.465347,149.211311
171.430823,149.294555
171.396111,149.377805
171.361280,149.460867
171.326298,149.543868
171.290793,149.627661
171.255534,149.710471
171.220092,149.793295
171.184522,149.876043
171.149055,149.958156
171.113256,150.040691
171.077306,150.123198
171.041012,150.206163
171.004849,150.288471
170.418006,151.585505
170.381073,151.665131
170.344102,151.744630
170.307159,151.823891
170.270211,151.902970
170.233272,151.981860
170.196361,152.060507
170.159487,152.138916
170.122624,152.217132
170.085802,152.295112
170.049021,152.372845
170.012285,152.450340
169.975586,152.527609
169.938949,152.604614
169.902333,152.681434
169.328234,153.870974
169.293250,153.942692
169.258418,154.014021
169.223541,154.085366
169.188652,154.156662
169.153729,154.227966
169.118738,154.299336
169.083741,154.370661
169.048754,154.441896
169.013740,154.513131
168.978682,154.584394
168.943612,154.655625
168.908514,154.726855
168.873351,154.798164
168.838248,154.869294
168.273879,156.006635
168.238198,156.078200
168.202619,156.149527
168.167709,156.219479
168.131980,156.291039
168.096580,156.361910
168.061447,156.432214
168.025835,156.503449
167.990132,156.574834
167.954756,156.645538
167.919364,156.716245
167.883691,156.787489
167.848153,156.858434
167.812760,156.929065
167.777063,157.000276
167.204887,158.138716
167.168879,158.210200
167.132820,158.281766
167.096712,158.353414
167.060767,158.424721
167.024405,158.496844
166.988354,158.568332
166.951958,158.640490
166.916036,158.711695
166.879705,158.783696
166.843329,158.855772
166.806907,158.927928
166.770473,159.000093
166.734023,159.072277
166.697531,159.144533
166.112311,160.301804
166.075737,160.374049
166.039161,160.446290
166.002559,160.518576
165.966024,160.590718
165.929471,160.662892
165.892907,160.735079
165.856355,160.807235
165.819809,160.879372
165.783263,160.951503
165.746773,161.023518
165.710147,161.095793
165.673620,161.167865
165.637119,161.239883
165.600558,161.312011
165.018098,162.460837
164.981753,162.532456
164.945501,162.603877
164.909347,162.675059
164.873107,162.746383
164.836888,162.817611
164.800651,162.888841
164.764446,162.959944
164.728207,163.031069
164.691902,163.102252
164.655653,163.173273
164.619388,163.244241
164.583037,163.315318
164.546734,163.386210
164.510345,163.457198
163.922210,164.589505
163.884892,164.660186
163.847482,164.730892
163.810024,164.801510
163.772454,164.872180
163.734750,164.942916
163.697024,165.013526
163.659173,165.084174
163.621219,165.154838
163.583108,165.225590
163.545000,165.296151
163.506728,165.366802
163.468357,165.437444
163.429855,165.508103
163.391260,165.578731
162.753148,166.711926
162.711795,166.783120
162.670253,166.854388
162.628586,166.925655
162.586745,166.996981
162.544795,167.068286
162.502719,167.139579
162.460501,167.210917
162.418099,167.282351
162.375670,167.353643
162.333050,167.425052
162.290396,167.496340
162.247592,167.567686
162.204700,167.639009
162.161691,167.710341
161.463185,168.848347
161.419006,168.919233
161.374717,168.990177
161.330281,169.061258
161.285988,169.131999
161.241518,169.202926
161.197055,169.273739
161.152486,169.344629
161.107926,169.415407
161.063298,169.486204
161.018579,169.557053
160.973850,169.627835
160.929194,169.698451
160.884488,169.769071
160.839793,169.839621
160.122551,170.959501
160.077416,171.029002
160.032249,171.098428
159.987008,171.167815
159.941660,171.237232
159.896322,171.306475
159.850933,171.375654
159.805389,171.444901
159.759832,171.514018
159.714121,171.583195
159.668422,171.652195
159.622664,171.721100
159.576747,171.790083
159.530781,171.858947
159.484662,171.927867
158.731840,173.024310
158.683600,173.092592
158.635323,173.160683
158.586818,173.228830
158.538161,173.296940
158.489255,173.365122
158.440250,173.433184
158.391080,173.501192
158.341733,173.569180
158.292183,173.637156
158.242513,173.705024
158.192557,173.772984
158.142467,173.840844
158.092231,173.908596
158.041573,173.976554
157.195658,175.068133
157.141168,175.136148
157.086239,175.204467
157.031071,175.272867
156.975860,175.341090
156.920423,175.409386
156.864758,175.477742
156.809026,175.545985
156.752764,175.614666
156.696816,175.682776
156.640534,175.751094
156.584249,175.819239
156.527897,175.887275
156.471418,175.955297
156.414821,176.023281
155.497984,177.104542
155.440141,177.171741
155.382363,177.238771
155.324083,177.306263
155.266676,177.372643
155.208826,177.439411
155.150946,177.506104
155.092913,177.572841
155.035066,177.639247
154.977031,177.705731
154.918503,177.772654
154.860466,177.838867
154.802793,177.904535
154.744114,177.971194
154.686345,178.036680
153.743670,179.081975
153.683894,179.146618
153.623956,179.211233
153.563973,179.275671
153.503798,179.340105
153.443579,179.404352
153.383179,179.468575
153.322610,179.532738
153.261935,179.596787
153.201086,179.660773
153.140054,179.724718
153.078938,179.788498
153.017618,179.852250
152.956166,179.915877
152.894508,179.979471
151.876964,180.989209
151.811483,181.051770
151.745718,181.114342
151.679123,181.177470
151.612924,181.239973
151.546547,181.302423
151.479755,181.365028
151.412862,181.427515
151.345726,181.490004
151.278369,181.552498
151.210986,181.614801
151.143361,181.677136
151.075626,181.739368
151.007259,181.801998
150.939824,181.863580
149.836869,182.848900
149.767132,182.910026
149.697069,182.971315
149.627483,183.032076
149.557375,183.093177
149.487471,183.153995
149.417256,183.214972
149.347256,183.275663
149.277022,183.336453
149.207247,183.396750
149.136681,183.457632
149.066127,183.518412
148.995674,183.579009
148.925400,183.639368
148.854797,183.699918
147.720478,184.662502
147.649162,184.722470
147.578016,184.782238
147.506663,184.842128
147.435394,184.901892
147.364042,184.961677
147.292717,185.021387
147.221343,185.081091
147.149933,185.140775
147.078387,185.200528
147.006916,185.260171
146.935496,185.319730
146.863997,185.379309
146.792547,185.438807
146.721093,185.498289
145.579273,186.443011
145.507785,186.501621
145.436369,186.560095
145.364868,186.618544
145.293417,186.676868
145.221769,186.735251
145.150205,186.793476
145.078537,186.851675
145.006892,186.909759
144.935085,186.967859
144.863247,187.025878
144.791421,187.083765
144.719520,187.141601
144.647503,187.199401
144.575384,187.257163
143.404220,188.174244
143.329943,188.231081
143.255334,188.288029
143.180793,188.344795
143.106017,188.401603
143.031635,188.457989
142.956455,188.514851
142.882282,188.570833
142.806356,188.628016
142.732142,188.683796
142.656162,188.740787
142.581439,188.796728
142.505987,188.853103
142.430371,188.909499
142.354713,188.965819
141.140779,189.857421
141.064475,189.912817
140.987975,189.968287
140.911658,190.023562
140.835259,190.078833
140.758854,190.134050
140.682390,190.189247
140.605799,190.244482
140.529309,190.299608
140.452867,190.354652
140.376504,190.409604
140.300009,190.464599
140.223672,190.519439
140.147337,190.574219
140.070462,190.629338
138.849231,191.494655
138.772308,191.548339
138.695896,191.601556
138.619297,191.654778
138.542514,191.708011
138.465723,191.761118
138.388776,191.814209
138.311858,191.867140
138.234854,191.920001
138.157825,191.972732
138.080725,192.025375
138.003376,192.078035
137.926051,192.130534
137.848518,192.183015
137.770984,192.235345
136.514436,193.058766
136.434010,193.109671
136.353481,193.160402
136.273053,193.210855
136.192536,193.261139
136.111883,193.311304
136.030618,193.361635
135.948999,193.411988
135.867740,193.461913
135.785337,193.512354
135.703096,193.562497
135.621651,193.611977
135.538566,193.662267
135.456452,193.711798
135.373876,193.761429
134.039403,194.543179
133.955236,194.591393
133.871100,194.639503
133.786943,194.687528
133.702816,194.735452
133.618625,194.783312
133.534575,194.831004
133.450481,194.878615
133.366410,194.926117
133.282376,194.973487
133.198398,195.020723
133.114259,195.067930
133.030195,195.114988
132.946129,195.161921
132.862076,195.208731
131.511687,195.941389
131.426958,195.985980
131.341926,196.030556
131.257081,196.074842
131.171984,196.119078
131.087616,196.162739
131.001664,196.207032
130.916376,196.250776
130.830968,196.294387
130.745246,196.337946
130.659663,196.381233
130.574113,196.424285
130.488178,196.467322
130.402328,196.510093
130.316236,196.552768
128.916061,197.212630
128.826711,197.252621
128.737068,197.292515
128.647367,197.332229
128.557509,197.371794
128.467511,197.411223
128.377350,197.450517
128.286987,197.489712
128.196660,197.528693
128.106226,197.567542
128.015516,197.606321
127.924811,197.644929
127.833857,197.683463
127.742999,197.721795
127.651910,197.760054
126.182822,198.357755
126.090248,198.394377
125.997902,198.430827
125.905607,198.467165
125.813171,198.503477
125.720841,198.539654
125.628607,198.575707
125.536343,198.611672
125.444013,198.647571
125.351857,198.683296
125.259523,198.718993
125.167346,198.754515
125.075221,198.789913
124.983025,198.825219
124.890830,198.860413
123.413060,199.405862
123.320333,199.438752
123.227599,199.471474
123.134702,199.504067
123.041783,199.536491
122.948885,199.568715
122.855815,199.600815
122.762703,199.632730
122.669515,199.664480
122.576176,199.696076
122.482886,199.727457
122.389435,199.758680
122.295976,199.789700
122.202329,199.820564
122.108624,199.851236
120.590930,200.314791
120.494331,200.341976
120.397739,200.368878
120.299464,200.395988
120.202838,200.422371
120.105237,200.448777
120.007367,200.474996
119.909318,200.501027
119.810992,200.526884
119.712442,200.552575
119.613743,200.578068
119.514966,200.603367
119.414662,200.628828
119.315919,200.653685
119.216483,200.678503
117.615436,201.053791
117.515219,201.076011
117.414924,201.098113
117.314618,201.120066
117.214449,201.141847
117.114221,201.163482
117.014012,201.184965
116.913662,201.206313
116.813461,201.227472
116.713273,201.248458
116.613067,201.269285
116.512931,201.289919
116.412642,201.310415
116.312476,201.330701
116.212264,201.350820
114.604597,201.645849
114.503786,201.662439
114.402829,201.678813
114.301878,201.694932
114.200983,201.710794
114.099679,201.726459
113.998598,201.741835
113.897413,201.756958
113.796108,201.771837
113.694668,201.786460
113.593056,201.800792
113.491242,201.814853
113.389194,201.828627
113.286964,201.842130
113.184447,201.855361
111.520372,202.033892
111.415694,202.043167
111.310267,202.052303
111.205212,202.061217
111.099960,202.069953
110.994661,202.078512
110.888890,202.086923
110.783798,202.095108
110.678108,202.103163
110.572672,202.111035
110.466994,202.118757
110.361382,202.126318
110.255494,202.133738
110.149950,202.140986
110.043917,202.148114
108.345098,202.244870
108.239143,202.250007
108.132636,202.255085
108.026993,202.260021
107.920761,202.264892
107.814940,202.269637
107.709136,202.274281
107.603475,202.278806
107.497563,202.283234
107.392349,202.287513
107.286282,202.291712
107.180710,202.295763
107.075076,202.299696
106.969571,202.303489
106.863765,202.307164
105.178790,202.344547
105.072393,202.345343
104.966597,202.345905
104.860953,202.346257
104.755814,202.346388
104.648857,202.346318
104.542580,202.346034
104.436561,202.345557
104.331026,202.344881
104.223810,202.344009
104.117112,202.342946
104.010753,202.341708
103.904951,202.340294
103.797336,202.338687
103.690423,202.336912
101.977830,202.288318
101.870802,202.284195
101.763918,202.279964
101.656707,202.275617
101.549206,202.271150
101.441876,202.266590
101.334431,202.261922
101.227107,202.257165
101.118694,202.252260
101.011344,202.247313
100.904750,202.242307
100.796460,202.237137
100.688606,202.231897
100.582267,202.226649
100.473655,202.221205
98.759154,202.125738
98.653388,202.119178
98.546788,202.112472
98.440198,202.105659
98.333618,202.098744
98.227206,202.091724
98.120780,202.084595
98.014244,202.077334
97.907896,202.069970
97.801475,202.062470
97.695248,202.054860
97.588890,202.047103
97.482724,202.039228
97.376498,202.031203
97.270276,202.023040
95.572228,201.869847
95.466082,201.858655
95.359921,201.847253
95.253620,201.835614
95.147521,201.823780
95.041317,201.811704
94.935086,201.799401
94.828733,201.786845
94.722408,201.774019
94.615921,201.760914
94.509202,201.747502
94.402275,201.733803
94.295288,201.719825
94.188194,201.705581
94.080895,201.691048
92.351987,201.426401
92.243416,201.408123
92.134945,201.389687
92.026448,201.371087
91.917868,201.352306
91.809320,201.333378
91.700818,201.314300
91.592172,201.295051
91.483548,201.275655
91.375022,201.256137
91.266288,201.236439
91.157757,201.216645
91.049106,201.196692
90.940453,201.176612
90.831766,201.156396
89.096743,200.819169
88.988849,200.797359
88.881165,200.775485
88.773534,200.753500
88.666101,200.731440
88.558625,200.709242
88.451298,200.686951
88.343907,200.664510
88.236774,200.641992
88.129629,200.619326
88.022504,200.596526
87.915579,200.573615
87.808677,200.550563
87.701696,200.527332
87.595032,200.504016
85.894511,200.107299
85.788728,200.080849
85.682900,200.054120
85.576272,200.026931
85.470126,199.999588
85.364183,199.972042
85.258088,199.944189
85.152969,199.916346
85.045723,199.887683
84.939812,199.859137
84.833364,199.830200
84.727308,199.801142
84.620900,199.771752
84.514777,199.742223
84.408313,199.712375
82.707771,199.209719
82.601531,199.176913
82.495244,199.143945
82.388805,199.110795
82.282830,199.077675
82.176866,199.044438
82.070711,199.011033
81.965673,198.977859
81.860150,198.944420
81.754484,198.910809
81.648838,198.877084
81.542970,198.843152
81.438044,198.809396
81.332830,198.775403
81.227712,198.741307
79.558439,198.177299
79.454835,198.140667
79.351210,198.103816
79.247885,198.066844
79.144544,198.029647
79.041186,197.992208
78.938054,197.954621
78.834932,197.916793
78.731839,197.878738
78.628858,197.840470
78.526052,197.802021
78.423161,197.763277
78.320526,197.724373
78.217878,197.685192
78.114502,197.645467
76.472180,196.973533
76.369438,196.929165
76.266689,196.884548
76.164011,196.839733
76.060468,196.794302
75.957439,196.748875
75.854712,196.703355
75.752618,196.657907
75.649789,196.611918
75.547697,196.566060
75.444767,196.519620
75.342414,196.473249
75.239843,196.426584
75.138387,196.380246
75.035012,196.332845
73.401360,195.562529
73.299870,195.513561
73.198451,195.464506
73.097259,195.415424
72.996048,195.366204
72.895044,195.316939
72.793907,195.267470
72.694050,195.218474
72.593434,195.168960
72.492807,195.119277
72.392318,195.069506
72.291807,195.019551
72.191540,194.969551
72.091333,194.919400
71.991295,194.869159
70.404046,194.043676
70.305703,193.990510
70.207480,193.937147
70.109343,193.883551
70.011217,193.829689
69.913279,193.775641
69.815559,193.721431
69.717862,193.666935
69.620150,193.612136
69.522661,193.557152
69.425263,193.501915
69.327964,193.446414
69.230855,193.390706
69.133695,193.334636
69.036746,193.278362
67.488641,192.329877
67.392104,192.267855
67.295580,192.205534
67.199025,192.142908
67.102632,192.080092
67.006300,192.017044
66.910076,191.953785
66.813778,191.890217
66.717704,191.826528
66.621629,191.762589
66.525532,191.698379
66.429625,191.634056
66.333639,191.569436
66.237946,191.504785
66.142181,191.439851
64.622993,190.383400
64.529191,190.316565
64.435612,190.249681
64.342035,190.182574
64.248690,190.115415
64.155420,190.048074
64.062449,189.980721
63.969551,189.913174
63.876681,189.845408
63.784094,189.777590
63.691680,189.709649
63.599305,189.641466
63.507217,189.573234
63.415204,189.504777
63.323350,189.436165
61.875014,188.311726
61.785765,188.239447
61.696975,188.167155
61.608269,188.094530
61.519634,188.021506
61.431093,187.948121
61.342656,187.874354
61.254351,187.800254
61.166141,187.725774
61.077917,187.650851
60.989797,187.575570
60.901826,187.499999
60.813918,187.424053
60.726091,187.347776
60.638447,187.271246
59.249734,186.010618
59.163834,185.929999
59.078033,185.849192
58.992329,185.768218
58.906627,185.686980
58.821175,185.605729
58.735800,185.524337
58.650593,185.442882
58.565543,185.361371
58.480626,185.279766
58.395931,185.198165
58.311399,185.116490
58.227045,185.034769
58.142846,184.952958
58.058822,184.871084
56.742355,183.551048
56.661896,183.467700
56.581693,183.384268
56.501567,183.300546
56.421780,183.216816
56.342105,183.132818
56.262722,183.048751
56.183548,182.964506
56.104676,182.880192
56.025900,182.795567
55.947482,182.710920
55.869168,182.625958
55.791211,182.540961
55.713374,182.455651
55.635834,182.370231
54.429049,180.974445
54.355565,180.884673
54.282303,180.794531
54.209319,180.704130
54.136466,180.613268
54.063801,180.522061
53.991307,180.430464
53.919005,180.338550
53.846894,180.246298
53.774918,180.153677
53.703167,180.060787
53.631674,179.967711
53.560248,179.874187
53.489111,179.780540
53.418131,179.686585
52.304523,178.152668
52.236198,178.055239
52.167975,177.957602
52.099915,177.859871
52.032074,177.762119
51.964233,177.664052
51.897169,177.566790
51.829539,177.468408
51.762111,177.370012
51.694854,177.271578
51.627578,177.172821
51.560441,177.073994
51.493468,176.975126
51.426581,176.876123
51.359784,176.776983
50.303598,175.178309
50.238264,175.077717
50.172997,174.977050
50.107830,174.876370
50.042627,174.775465
49.977039,174.673804
49.912665,174.573861
49.847213,174.472095
49.782290,174.370995
49.717495,174.269950
49.652784,174.168924
49.588258,174.068064
49.523761,173.967143
49.459319,173.866180
49.394810,173.764999
48.382294,172.153733
48.320004,172.052719
48.257940,171.951804
48.196060,171.850895
48.134237,171.749794
48.072635,171.648741
48.011125,171.547537
47.949801,171.446306
47.888643,171.345028
47.827672,171.243710
47.766806,171.142225
47.706148,171.040717
47.645701,170.939201
47.585373,170.837496
47.525183,170.735644
46.585994,169.084156
46.528700,168.979312
46.471543,168.874261
46.414592,168.769162
46.358223,168.664701
46.301015,168.558275
46.244458,168.452634
46.188028,168.346837
46.132319,168.241991
46.075694,168.135045
46.019633,168.028771
45.963864,167.922691
45.908625,167.817252
45.852548,167.709865
45.797065,167.603259
44.924757,165.886685
44.871320,165.779381
44.817881,165.671838
44.764625,165.564391
44.711481,165.456914
44.658493,165.349461
44.605633,165.241989
44.552888,165.134439
44.500363,165.027036
44.447954,164.919538
44.396141,164.812942
44.343736,164.704772
44.291532,164.596671
44.239719,164.488996
44.188213,164.381592
43.387583,162.651618
43.339206,162.542518
43.291619,162.434521
43.243177,162.323932
43.195435,162.214252
43.147889,162.104384
43.100533,161.994293
43.053395,161.884087
43.006418,161.773615
42.959517,161.662721
42.912980,161.552070
42.866660,161.441355
42.820209,161.329732
42.774229,161.218683
42.728346,161.107294
42.017055,159.315679
41.974465,159.204650
41.931715,159.092724
41.889260,158.981049
41.847106,158.869661
41.805318,158.758690
41.763455,158.646988
41.722105,158.536075
41.680868,158.424905
41.639994,158.314104
41.599492,158.203725
41.559047,158.092867
41.519371,157.983503
41.479184,157.872066
41.439600,157.761647
40.849958,156.017300
40.815547,155.908014
40.781493,155.798827
40.747741,155.689641
40.714117,155.579862
40.681054,155.470972
40.647832,155.360583
40.615076,155.250824
40.582451,155.140561
40.550309,155.031044
40.517947,154.919862
40.486075,154.809501
40.454329,154.698688
40.422751,154.587629
40.391496,154.476851
39.915034,152.688677
39.886270,152.575008
39.857885,152.462207
39.829695,152.349610
39.801718,152.237270
39.773565,152.123665
39.745763,152.010908
39.718039,151.897931
39.690495,151.785140
39.662961,151.671880
39.635557,151.558624
39.608310,151.445527
39.581134,151.332219
39.554214,151.219506
39.526859,151.104479
39.108398,149.288811
39.082834,149.174772
39.057388,149.060922
39.031991,148.946987
39.006650,148.832985
38.981353,148.718885
38.956139,148.604856
38.930984,148.490805
38.905912,148.376844
38.880873,148.262758
38.855882,148.148616
38.830972,148.034585
38.805985,147.919931
38.781284,147.806342
38.756532,147.692351
38.371217,145.883826
38.348081,145.772137
38.325081,145.660633
38.302195,145.549147
38.279468,145.437922
38.256910,145.326947
38.234418,145.215734
38.212264,145.105572
38.190186,144.995188
38.168250,144.884830
38.146461,144.774420
38.124786,144.663807
38.103323,144.553451
38.081932,144.442676
38.060750,144.332153
37.738487,142.554407
37.719117,142.442008
37.700136,142.331271
37.681120,142.219774
37.662186,142.108178
37.643351,141.996632
37.624568,141.884841
37.605912,141.773289
37.587155,141.660596
37.568657,141.548955
37.550363,141.438043
37.531916,141.325725
37.513565,141.213495
37.495349,141.101629
37.477196,140.989686
37.195611,139.198813
37.178460,139.086712
37.161361,138.974625
37.144307,138.862539
37.127297,138.750426
37.110314,138.638210
37.093405,138.526179
37.076514,138.414001
37.059686,138.301957
37.042887,138.189845
37.026113,138.077629
37.009403,137.965586
36.992709,137.853395
36.976060,137.741269
36.959459,137.629214
36.697964,135.836935
36.681911,135.725565
36.665894,135.614279
36.649927,135.503086
36.634014,135.392051
36.618162,135.281127
36.602376,135.170397
36.586683,135.059935
36.571003,134.949246
36.555459,134.839085
36.539979,134.728990
36.524573,134.618931
36.509287,134.509284
36.494087,134.399715
36.478970,134.290237
36.252368,132.549903
36.239116,132.441068
36.225935,132.332006
36.212849,132.222957
36.199857,132.113912
36.186954,132.004864
36.174144,131.895852
36.161394,131.786630
36.148747,131.677553
36.136158,131.568295
36.123661,131.459123
36.111246,131.350012
36.098895,131.240768
36.086607,131.131449
36.074408,131.022260
35.887395,129.272249
35.876151,129.162737
35.864960,129.053283
35.853816,128.943841
35.842724,128.834477
35.831667,128.725041
35.820650,128.615581
35.809672,128.506099
35.798737,128.396645
35.787841,128.287201
35.776982,128.177736
35.766147,128.068141
35.755360,127.958662
35.744624,127.849343
35.733909,127.739886
35.566453,125.985584
35.556119,125.875232
35.545812,125.765059
35.535485,125.654711
35.525148,125.544230
35.514791,125.433671
35.504413,125.322945
35.494001,125.212068
35.483577,125.101198
35.473112,124.990197
35.462622,124.879163
35.452072,124.767868
35.441489,124.656524
35.430851,124.545070
35.420164,124.433695
35.241445,122.652167
35.229957,122.541915
35.218370,122.431147
35.206645,122.319452
35.195052,122.209422
35.183348,122.098717
35.171601,121.987985
35.159810,121.877193
35.148001,121.766597
35.136150,121.655933
35.124261,121.545268
35.112357,121.434775
35.100415,121.324256
35.088440,121.213732
35.076429,121.103191
34.881029,119.337790
34.868587,119.227204
34.856098,119.116468
34.843569,119.005779
34.830973,118.894832
34.818320,118.783858
34.805617,118.672849
34.792822,118.561579
34.779999,118.450534
34.767080,118.339257
34.754063,118.227676
34.741000,118.116370
34.727811,118.004583
34.714548,117.892899
34.701186,117.781046
34.471780,115.986990
34.456383,115.874448
34.440923,115.762243
34.425514,115.651142
34.409874,115.539119
34.394401,115.428967
34.378487,115.316386
34.362705,115.205379
34.346751,115.093823
34.330728,114.982396
34.314679,114.871402
34.298575,114.760602
34.282310,114.649270
34.266052,114.538532
34.249684,114.427589
33.979920,112.661519
33.962608,112.551437
33.945133,112.440529
33.927880,112.331303
33.910440,112.221099
33.892839,112.110169
33.875311,111.999935
33.857862,111.890533
33.840041,111.779081
33.822321,111.668643
33.804708,111.559202
33.786830,111.448532
33.768904,111.337947
33.750874,111.227187
33.732746,111.116254
33.427334,109.330943
33.407055,109.218631
33.386566,109.106118
33.365941,108.993783
33.345156,108.881544
33.324214,108.769355
33.303098,108.657166
33.281831,108.545034
33.260405,108.432938
33.238864,108.321049
33.217166,108.209172
33.195319,108.097290
33.173221,107.984898
33.151265,107.873946
33.129088,107.762597
32.759434,105.989011
32.735779,105.879566
32.711819,105.769088
32.687750,105.658557
32.663575,105.547950
32.639286,105.437305
32.614883,105.326593
32.590363,105.215859
32.565718,105.105045
32.540943,104.994190
32.516031,104.883245
32.490986,104.772282
32.465798,104.661237
32.440461,104.550144
32.414967,104.438944
31.982392,102.650023
31.953558,102.537520
31.924488,102.424931
31.895142,102.312161
31.865610,102.199659
31.835818,102.087109
31.805805,101.974708
31.775537,101.862270
31.745089,101.750108
31.714393,101.637901
31.683526,101.525959
31.652219,101.413247
31.621050,101.301873
31.589698,101.190612
31.557783,101.078141
31.031439,99.312610
30.997765,99.204216
30.963722,99.095007
30.929486,98.985583
30.895315,98.876728
30.860728,98.766948
30.826166,98.657627
30.791452,98.548248
30.756591,98.438805
30.721578,98.329331
30.686403,98.219771
30.651132,98.110381
30.615649,98.000779
30.579989,97.891123
30.544218,97.781597
29.944165,96.022039
29.904722,95.911731
29.865042,95.801525
29.825122,95.691384
29.785089,95.581692
29.744622,95.471529
29.704080,95.361895
29.663334,95.252392
29.622443,95.143192
29.581328,95.034033
29.539999,94.924964
29.498526,94.816122
29.456896,94.707485
29.415102,94.598992
29.373149,94.490667
28.684021,92.777435
28.640007,92.671459
28.595872,92.565542
28.551726,92.459916
28.507423,92.354247
28.463013,92.248623
28.418513,92.143098
28.374003,92.037836
28.329401,91.932652
28.284685,91.827470
28.239910,91.722429
28.194754,91.616754
28.149760,91.511669
28.104707,91.406674
28.060033,91.302762
27.320337,89.618872
27.272976,89.513814
27.225242,89.408297
27.177349,89.302828
27.129234,89.197255
27.081154,89.092175
27.032446,88.986130
26.983815,88.880686
26.935335,88.776060
26.885817,88.669668
26.836596,88.564418
26.787243,88.459353
26.737649,88.354257
26.688134,88.249775
26.638230,88.144928
25.823924,86.485977
25.771636,86.382555
25.719353,86.279530
25.667580,86.177919
25.614414,86.073976
25.561805,85.971554
25.508982,85.869131
25.455996,85.766835
25.402871,85.664699
25.349610,85.562758
25.296169,85.460915
25.242599,85.359294
25.188778,85.257654
25.135547,85.157605
25.080937,85.055432
24.193596,83.466669
24.136699,83.369034
24.079709,83.271676
24.022624,83.174558
23.965326,83.077490
23.908006,82.980766
23.850469,82.884064
23.792863,82.787607
23.735188,82.691401
23.677351,82.595265
23.619398,82.499285
23.561415,82.403577
23.503269,82.307929
23.444990,82.212366
23.386727,82.117142
22.442478,80.609345
22.383025,80.516285
22.323522,80.423339
22.263822,80.330262
22.204176,80.237451
22.144430,80.144654
22.084659,80.051990
22.024871,79.959460
21.964920,79.866840
21.905078,79.774541
21.844992,79.681985
21.785549,79.590549
21.725424,79.498178
21.665172,79.405749
21.604875,79.313376
20.625644,77.837009
20.563356,77.744923
20.500973,77.652939
20.438372,77.560902
20.375651,77.468946
20.312801,77.377080
20.249814,77.285283
20.186581,77.193420
20.123226,77.101662
20.059722,77.009994
19.996085,76.918429
19.932168,76.826777
19.868150,76.735288
19.804008,76.643951
19.739561,76.552499
18.683274,75.104128
18.615828,75.015096
18.548272,74.926326
18.480598,74.837773
18.412733,74.749356
18.344832,74.661247
18.276867,74.573416
18.208754,74.485730
18.140476,74.398176
18.072174,74.310906
18.003823,74.223901
17.935265,74.136931
17.866684,74.050240
17.798006,73.963710
17.729237,73.877358
16.619888,72.517439
16.550056,72.433593
16.480170,72.349824
16.410184,72.266093
16.340085,72.182366
16.269867,72.098657
16.199581,72.015015
16.129178,71.931402
16.058648,71.847796
15.987993,71.764221
15.917169,71.680616
15.846321,71.597173
15.775358,71.513775
15.704146,71.430286
15.632906,71.346955
14.472228,70.021268
14.398971,69.939839
14.324909,69.857802
14.250682,69.775889
14.176213,69.694007
14.101644,69.612334
14.026869,69.530743
13.951836,69.449198
13.876771,69.367987
13.800893,69.286250
13.725379,69.205277
13.650694,69.125531
13.575202,69.045274
13.499499,68.965119
13.423784,68.885288
12.202428,67.635622
12.125607,67.559039
12.048730,67.482610
11.971788,67.406306
11.894816,67.330169
11.817718,67.254088
11.740636,67.178175
11.663149,67.102027
11.585657,67.026022
11.508419,66.950431
11.430842,66.874663
11.353566,66.799361
11.275797,66.723742
11.197853,66.648135
11.119835,66.572629
9.852719,65.375135
9.772336,65.301205
9.691655,65.227261
9.610623,65.153274
9.529803,65.079749
9.448634,65.006195
9.367263,64.932735
9.285708,64.859406
9.204104,64.786319
9.122056,64.713142
9.040040,64.640289
8.957674,64.567439
8.875252,64.494846
8.792606,64.422378
8.709858,64.350183
7.375002,63.229068
7.291413,63.161181
7.207398,63.093185
7.124100,63.025987
7.040162,62.958497
6.956177,62.891177
6.871987,62.823907
6.788040,62.757027
6.703306,62.689726
6.619147,62.623070
6.535030,62.556640
6.451425,62.490789
6.366502,62.424083
6.282363,62.358163
6.198783,62.292853
4.843955,61.253544
4.759229,61.189664
4.673883,61.125456
4.587613,61.060713
4.502503,60.996990
4.416726,60.932934
4.330943,60.869032
4.244936,60.805138
4.158696,60.741238
4.072492,60.677550
3.986098,60.613897
3.899532,60.550310
3.812856,60.486827
3.725375,60.422958
3.639091,60.360156
2.229067,59.364702
2.139627,59.303693
2.049924,59.242772
1.960241,59.182150
1.870293,59.121666
1.780406,59.061527
1.690460,59.001667
1.600336,58.941982
1.510356,58.882698
1.420254,58.823613
1.330183,58.764840
1.240052,58.706294
1.149955,58.648044
1.059029,58.589514
0.969516,58.532153
-0.476981,57.634733
-0.567780,57.579982
-0.658638,57.525360
-0.748659,57.471390
-0.839673,57.416949
-0.929842,57.363149
-1.020952,57.308910
-1.111181,57.255332
-1.202157,57.201437
-1.293455,57.147496
-1.384884,57.093614
-1.475678,57.040257
-1.566558,56.986992
-1.658076,56.933511
-1.749501,56.880235
-3.230383,56.042081
-3.324018,55.990830
-3.417741,55.939752
-3.511637,55.888817
-3.605677,55.838032
-3.699856,55.787418
-3.794174,55.736965
-3.888652,55.686679
-3.983247,55.636574
-4.077981,55.586656
-4.172888,55.536899
-4.268115,55.487242
-4.363295,55.437868
-4.458569,55.388721
-4.553995,55.339761
-6.093425,54.590282
-6.189773,54.545803
-6.286107,54.501588
-6.382418,54.457616
-6.478653,54.413924
-6.575814,54.370035
-6.671343,54.327114
-6.767718,54.284023
-6.863932,54.241222
-6.960184,54.198606
-7.056367,54.156227
-7.152694,54.113975
-7.248885,54.071981
-7.345158,54.030131
-7.441186,53.988575
-8.979354,53.343916
-9.075740,53.304624
-9.172364,53.265357
-9.268879,53.226269
-9.365602,53.187223
-9.462417,53.148284
-9.559320,53.109443
-9.656294,53.070724
-9.753384,53.032101
-9.850568,52.993597
-9.947840,52.955207
-10.045189,52.916952
-10.142663,52.878803
-10.240233,52.840788
-10.337900,52.802899
-11.914746,52.217295
-12.014241,52.182154
-12.113922,52.147176
-12.213644,52.112425
-12.313253,52.077987
-12.412993,52.043760
-12.512595,52.009852
-12.612241,51.976179
-12.711839,51.942783
-12.811581,51.909577
-12.910947,51.876745
-13.010468,51.844087
-13.109912,51.811690
-13.209371,51.779504
-13.308829,51.747542
-14.894034,51.263345
-14.992822,51.234523
-15.091556,51.205858
-15.190291,51.177321
-15.289076,51.148878
-15.387873,51.120547
-15.486755,51.092297
-15.585803,51.064118
-15.684777,51.036071
-15.783851,51.008120
-15.883128,50.980229
-15.982267,50.952508
-16.081616,50.924852
-16.181014,50.897320
-16.280597,50.869868
-17.883490,50.449407
-17.984257,50.424483
-18.085255,50.399692
-18.186368,50.375080
-18.287523,50.350655
-18.388783,50.326419
-18.490150,50.302362
-18.591703,50.278481
-18.693133,50.254841
-18.794841,50.231362
-18.896483,50.208118
-18.998399,50.185044
-19.100186,50.162225
-19.202256,50.139582
-19.304266,50.117184
-20.947952,49.791813
-21.050625,49.773882
-21.153147,49.756262
-21.255767,49.738882
-21.358145,49.721814
-21.460482,49.704997
-21.562650,49.688463
-21.664848,49.672158
-21.766983,49.656105
-21.869028,49.640287
-21.970987,49.624714
-22.072890,49.609359
-22.174672,49.594241
-22.276360,49.579337
-22.378021,49.564645
-23.995011,49.354392
-24.095378,49.342599
-24.196035,49.330905
-24.296446,49.319359
-24.396792,49.307945
-24.497219,49.296636
-24.597386,49.285475
-24.697571,49.274420
-24.797706,49.263484
-24.897920,49.252641
-24.997880,49.241934
-25.097967,49.231311
-25.197996,49.220773
-25.297947,49.210331
-25.398069,49.199949
-27.006847,49.046929
-27.108305,49.038308
-27.209301,49.029860
-27.310385,49.021552
-27.411532,49.013380
-27.512763,49.005355
-27.614054,48.997472
-27.715392,48.989747
-27.816817,48.982168
-27.918307,48.974751
-28.019830,48.967493
-28.121379,48.960406
-28.223022,48.953478
-28.324821,48.946721
-28.426466,48.940146
-30.055956,48.862005
-30.157066,48.858904
-30.258065,48.855999
-30.359041,48.853268
-30.459193,48.850742
-30.559990,48.848363
-30.660696,48.846161
-30.761236,48.844119
-30.861901,48.842240
-30.962328,48.840516
-31.062691,48.838950
-31.162991,48.837526
-31.263235,48.836253
-31.363265,48.835118
-31.463389,48.834124
-33.067916,48.834757
-33.168527,48.835956
-33.269325,48.837307
-33.369970,48.838819
-33.470699,48.840488
-33.571589,48.842329
-33.672357,48.844330
-33.773121,48.846507
-33.874061,48.848856
-33.974977,48.851387
-34.075978,48.854094
-34.177012,48.856992
-34.278078,48.860071
-34.379152,48.863346
-34.480293,48.866811
-36.102949,48.951361
-36.204626,48.958633
-36.306223,48.966144
-36.407944,48.973925
-36.509496,48.981986
-36.610835,48.990303
-36.712161,48.998909
-36.813311,49.007764
-36.914223,49.016877
-37.015035,49.026233
-37.115671,49.035837
-37.216114,49.045662
-37.316490,49.055732
-37.416758,49.066020
-37.517269,49.076573
-39.100698,49.269686
-39.198668,49.283083
-39.296786,49.296623
-39.394721,49.310271
-39.492882,49.324073
-39.590969,49.338000
-39.689132,49.352064
-39.787205,49.366256
-39.885361,49.380593
-39.983650,49.395097
-40.081752,49.409713
-40.179937,49.424493
-40.278113,49.439418
-40.376324,49.454508
-40.474621,49.469762
-42.048847,49.738116
-42.147238,49.756554
-42.245699,49.775214
-42.344109,49.794088
-42.442595,49.813193
-42.540944,49.832502
-42.639459,49.852066
-42.737867,49.871845
-42.836051,49.891849
-42.934297,49.912114
-43.032190,49.932573
-43.129989,49.953254
-43.227564,49.974143
-43.325069,49.995248
-43.422228,50.016521
-44.959653,50.380428
-45.054368,50.404319
-45.149377,50.428439
-45.243953,50.452590
-45.338657,50.476921
-45.433046,50.501304
-45.527479,50.525839
-45.621541,50.550405
-45.715993,50.575206
-45.809815,50.599962
-45.903920,50.624894
-45.997963,50.649918
-46.092171,50.675087
-46.186336,50.700357
-46.280138,50.725635
-47.785880,51.148955
-47.879879,51.176639
-47.974039,51.204531
-48.068321,51.232636
-48.162432,51.260858
-48.256517,51.289254
-48.350653,51.317840
-48.444750,51.346603
-48.538870,51.375554
-48.632818,51.404647
-48.726890,51.433967
-48.821348,51.463609
-48.915130,51.493233
-49.009098,51.523124
-49.103127,51.553235
-50.586323,52.057813
-50.677843,52.090593
-50.769008,52.123420
-50.860151,52.156396
-50.951119,52.189474
-51.042127,52.222715
-51.132871,52.255987
-51.223827,52.289474
-51.314531,52.322994
-51.405451,52.356734
-51.496511,52.390657
-51.587910,52.424853
-51.678847,52.459016
-51.769166,52.493098
-51.860354,52.527651
-53.309514,53.099788
-53.399845,53.137058
-53.490252,53.174562
-53.580774,53.212333
-53.670813,53.250113
-53.761065,53.288206
-53.850842,53.326315
-53.941634,53.365088
-54.031517,53.403739
-54.120988,53.442457
-54.210196,53.481322
-54.300209,53.520774
-54.389401,53.560120
-54.478333,53.599578
-54.566450,53.638912
-55.964313,54.289687
-56.050393,54.331216
-56.136425,54.372876
-56.222297,54.414597
-56.307943,54.456355
-56.393671,54.498284
-56.479207,54.540230
-56.564768,54.582308
-56.650338,54.624501
-56.735918,54.666823
-56.821595,54.709307
-56.907166,54.751870
-56.993212,54.794791
-57.078752,54.837598
-57.164183,54.880478
-58.527695,55.585789
-58.612481,55.631125
-58.697467,55.676756
-58.782220,55.722468
-58.867053,55.768416
-58.951870,55.814569
-59.036511,55.860828
-59.121134,55.907296
-59.205833,55.954014
-59.290260,56.000809
-59.374742,56.047850
-59.459159,56.095088
-59.543525,56.142521
-59.627787,56.190136
-59.711831,56.237902
-61.030110,57.019089
-61.110993,57.068764
-61.191720,57.118529
-61.272356,57.168403
-61.352761,57.218311
-61.433138,57.268361
-61.513294,57.318441
-61.593240,57.368541
-61.673230,57.418796
-61.753169,57.469157
-61.833107,57.519645
-61.912988,57.570239
-61.992862,57.620962
-62.072673,57.671793
-62.152477,57.722760
-63.423393,58.557106
-63.503067,58.611027
-63.581710,58.664453
-63.660092,58.717920
-63.738872,58.771869
-63.817644,58.826040
-63.896798,58.880694
-63.974774,58.934769
-64.054058,58.989978
-64.132286,59.044697
-64.210680,59.099764
-64.288338,59.154563
-64.366430,59.209907
-64.444464,59.265468
-64.523007,59.321642
-65.749992,60.237218
-65.824898,60.295545
-65.900260,60.354501
-65.974678,60.412964
-66.048996,60.471608
-66.122355,60.529725
-66.196226,60.588493
-66.269942,60.647359
-66.343397,60.706252
-66.416708,60.765241
-66.489768,60.824252
-66.562787,60.883432
-66.635484,60.942564
-66.708083,61.001808
-66.781312,61.061772
-67.928000,62.023730
-67.999354,62.085102
-68.070613,62.146584
-68.141803,62.208219
-68.213558,62.270545
-68.284007,62.331956
-68.355113,62.394147
-68.426184,62.456535
-68.497594,62.519439
-68.567971,62.581670
-68.638879,62.644595
-68.709703,62.707689
-68.780500,62.770995
-68.851187,62.834456
-68.922601,62.898816
-70.036138,63.940145
-70.104115,64.006044
-70.171909,64.072024
-70.239616,64.138147
-70.307444,64.204636
-70.374866,64.270949
-70.441984,64.337196
-70.508921,64.403474
-70.575076,64.469199
-70.641681,64.535568
-70.708760,64.602624
-70.774930,64.668964
-70.840465,64.734868
-70.906957,64.801914
-70.972244,64.867940
-72.012947,65.941807
-72.077583,66.009844
-72.142220,66.078053
-72.207188,66.146804
-72.272071,66.215647
-72.336397,66.284100
-72.400907,66.352937
-72.464774,66.421296
-72.529857,66.491155
-72.594378,66.560632
-72.658410,66.629789
-72.722661,66.699410
-72.786349,66.768635
-72.850511,66.838612
-72.914659,66.908800
-73.930690,68.056875
-73.992935,68.129693
-74.054900,68.202475
-74.116782,68.275422
-74.178426,68.348368
-74.239922,68.421389
-74.301152,68.494359
-74.362325,68.567503
-74.423185,68.640526
-74.483989,68.713712
-74.544563,68.786863
-74.605395,68.860546
-74.665780,68.933922
-74.725776,69.007033
-74.785779,69.080374
-75.727480,70.255964
-75.785631,70.329872
-75.843850,70.404011
-75.901860,70.478054
-75.960007,70.552423
-76.017903,70.626650
-76.075548,70.700716
-76.133469,70.775323
-76.191299,70.849986
-76.249141,70.924862
-76.306909,70.999824
-76.364684,71.075002
-76.422393,71.150288
-76.480021,71.225686
-76.537596,71.301219
-77.451617,72.533657
-77.508790,72.613151
-77.565094,72.691809
-77.621256,72.770606
-77.677270,72.849563
-77.733075,72.928557
-77.788687,73.007630
-77.844127,73.086778
-77.899460,73.166114
-77.954263,73.244994
-78.009103,73.324251
-78.063763,73.403540
-78.118300,73.482962
-78.172519,73.562200
-78.226096,73.640795
-79.069558,74.911416
-79.121129,74.990937
-79.172610,75.070469
-79.223976,75.149992
-79.275356,75.229688
-79.326707,75.309514
-79.377930,75.389300
-79.429121,75.469222
-79.480291,75.549282
-79.531385,75.629420
-79.582429,75.709660
-79.633411,75.790013
-79.684352,75.870492
-79.735227,75.951088
-79.786042,76.031794
-80.590469,77.343552
-80.639661,77.426215
-80.689204,77.509786
-80.738626,77.593504
-80.787963,77.677412
-80.837218,77.761543
-80.886453,77.845992
-80.935515,77.930525
-80.984548,78.015373
-81.033431,78.100354
-81.082087,78.185397
-81.130523,78.270475
-81.178790,78.355710
-81.226916,78.441107
-81.274750,78.526427
-82.014112,79.894817
-82.058783,79.980247
-82.103770,80.066583
-82.148146,80.152017
-82.192396,80.237494
-82.236565,80.323069
-82.280501,80.408466
-82.324365,80.493969
-82.368067,80.579414
-82.411596,80.664757
-82.455109,80.750316
-82.498434,80.835729
-82.541680,80.921222
-82.584684,81.006451
-82.627668,81.091867
-83.301192,82.455724
-83.342500,82.540763
-83.383829,82.625993
-83.425052,82.711139
-83.466163,82.796196
-83.507230,82.881289
-83.548281,82.966484
-83.589230,83.051590
-83.630094,83.136667
-83.670899,83.221742
-83.711625,83.306792
-83.752293,83.391828
-83.792875,83.476812
-83.833409,83.561793
-83.873845,83.646681
-84.516766,85.004947
-84.556653,85.089418
-84.596738,85.174308
-84.636854,85.259229
-84.676898,85.343985
-84.716970,85.428752
-84.757184,85.513749
-84.797684,85.599284
-84.838017,85.684390
-84.877904,85.768485
-84.918286,85.853551
-84.958659,85.938531
-84.999094,86.023572
-85.039884,86.109296
-85.080499,86.194581
-85.731381,87.553737
-85.772214,87.638593
-85.813048,87.723409
-85.853871,87.808163
-85.894707,87.892902
-85.935620,87.977766
-85.976448,88.062450
-86.017244,88.147041
-86.058103,88.231757
-86.098942,88.316393
-86.139642,88.400726
-86.180451,88.485234
-86.221191,88.569571
-86.262020,88.654029
-86.302824,88.738395
-86.958564,90.081354
-86.999966,90.165023
-87.041511,90.248826
-87.083002,90.332331
-87.124531,90.415748
-87.166227,90.499300
-87.208025,90.582876
-87.249847,90.666291
-87.291360,90.748897
-87.333413,90.832357
-87.375543,90.915768
-87.418266,91.000114
-87.460167,91.082557
-87.502751,91.166087
-87.545448,91.249554
-88.246583,92.587603
-88.291300,92.671203
-88.336047,92.754681
-88.380905,92.838202
-88.425838,92.921692
-88.470874,93.005218
-88.515970,93.088694
-88.561078,93.172044
-88.606298,93.255446
-88.651625,93.338909
-88.696944,93.422209
-88.742350,93.505538
-88.787862,93.588921
-88.833371,93.672173
-88.878946,93.755459
-89.611260,95.076986
-89.657399,95.158925
-89.703672,95.240923
-89.750005,95.322824
-89.796332,95.404525
-89.842830,95.486313
-89.889343,95.567928
-89.935995,95.649561
-89.982791,95.731235
-90.029575,95.812650
-90.076522,95.894129
-90.123496,95.975405
-90.170667,96.056793
-90.217902,96.138030
-90.265220,96.219171
-91.044502,97.515352
-91.094978,97.596953
-91.144704,97.677096
-91.195426,97.758623
-91.245886,97.839496
-91.296157,97.919858
-91.346977,98.000876
-91.397726,98.081583
-91.448758,98.162530
-91.499525,98.242867
-91.550578,98.323509
-91.601569,98.403883
-91.652934,98.484698
-91.703747,98.564474
-91.754887,98.644610
-92.581497,99.913119
-92.633494,99.991008
-92.685877,100.069236
-92.738464,100.147499
-92.791178,100.225703
-92.844000,100.303788
-92.896997,100.381870
-92.949986,100.459655
-93.003242,100.537562
-93.056518,100.615202
-93.109961,100.692807
-93.163640,100.770450
-93.217300,100.847777
-93.271515,100.925587
-93.325309,101.002496
-94.219439,102.234265
-94.276955,102.310955
-94.334567,102.387508
-94.392360,102.464064
-94.450328,102.540601
-94.508398,102.617047
-94.566580,102.693403
-94.624984,102.769835
-94.683404,102.846111
-94.741857,102.922236
-94.800308,102.998186
-94.858913,103.074142
-94.917473,103.149860
-94.976102,103.225465
-95.034789,103.300956
-95.984333,104.491826
-96.044556,104.565232
-96.104808,104.638409
-96.165473,104.711800
-96.226037,104.784796
-96.286520,104.857403
-96.347577,104.930417
-96.408592,105.003078
-96.469651,105.075504
-96.530864,105.147803
-96.592578,105.220396
-96.653695,105.291968
-96.715381,105.363907
-96.777184,105.435656
-96.839344,105.507444
-97.866820,106.648321
-97.932661,106.718988
-97.998849,106.789774
-98.064985,106.860274
-98.131301,106.930726
-98.197917,107.001280
-98.264538,107.071610
-98.331323,107.141907
-98.398108,107.212031
-98.464976,107.282056
-98.531987,107.352064
-98.598921,107.421803
-98.665919,107.491436
-98.732948,107.560908
-98.800036,107.630259
-99.882346,108.720006
-99.950954,108.787069
-100.018948,108.853285
-100.087606,108.919878
-100.156321,108.986271
-100.225565,109.052896
-100.294413,109.118875
-100.363694,109.184984
-100.432761,109.250618
-100.502032,109.316155
-100.571264,109.381378
-100.641175,109.446942
-100.710946,109.512087
-100.781008,109.577198
-100.851067,109.641954
-102.006195,110.666807
-102.080639,110.730540
-102.154430,110.793474
-102.228575,110.856496
-102.302854,110.919404
-102.377664,110.982558
-102.452099,111.045219
-102.526925,111.108024
-102.601528,111.170474
-102.675838,111.232492
-102.749996,111.294212
-102.825424,111.356798
-102.899787,111.418320
-102.974837,111.480211
-103.049894,111.541920
-104.250752,112.499896
-104.326261,112.558132
-104.401861,112.616193
-104.477535,112.674046
-104.553189,112.731630
-104.629022,112.789080
-104.704827,112.846250
-104.780769,112.903247
-104.856674,112.959951
-104.932764,113.016510
-105.009048,113.072887
-105.086110,113.129532
-105.162280,113.185195
-105.239113,113.241050
-105.316257,113.296817
-106.575805,114.171598
-106.655923,114.225334
-106.735940,114.278842
-106.816088,114.332268
-106.896266,114.385558
-106.976424,114.438665
-107.056507,114.491562
-107.136804,114.544423
-107.216885,114.596977
-107.297081,114.649425
-107.377279,114.701701
-107.457622,114.753882
-107.537870,114.805824
-107.618096,114.857556
-107.698352,114.909123
-108.986356,115.708023
-109.067129,115.756180
-109.147949,115.804125
-109.229360,115.852165
-109.310311,115.899687
-109.391204,115.946914
-109.471547,115.993572
-109.552621,116.040390
-109.633590,116.086892
-109.714693,116.133200
-109.795852,116.179280
-109.877741,116.225493
-109.958992,116.271079
-110.040183,116.316348
-110.121877,116.361571
-111.452845,117.059126
-111.537573,117.101424
-111.622478,117.143590
-111.707546,117.185638
-111.792496,117.227458
-111.877570,117.269159
-111.962604,117.310674
-112.047660,117.352021
-112.132771,117.393224
-112.217819,117.434212
-112.302967,117.475074
-112.387950,117.515665
-112.473117,117.556164
-112.558172,117.596414
-112.643330,117.636525
-114.011428,118.252169
-114.097418,118.288918
-114.183475,118.325457
-114.269664,118.361796
-114.355917,118.397917
-114.442392,118.433869
-114.528736,118.469515
-114.615266,118.504972
-114.701887,118.540208
-114.788652,118.575228
-114.875468,118.610006
-114.962489,118.644586
-115.049533,118.678906
-115.136658,118.712972
-115.223909,118.746811
-116.638152,119.253959
-116.727775,119.283357
-116.817726,119.312527
-116.907593,119.341319
-116.997665,119.369836
-117.087952,119.398064
-117.178397,119.425994
-117.269048,119.453623
-117.359881,119.480951
-117.450878,119.507958
-117.542026,119.534647
-117.633479,119.561046
-117.724943,119.587079
-117.816766,119.612828
-117.908593,119.638200
-119.406571,119.996165
-119.502052,120.015295
-119.597581,120.033985
-119.693376,120.052262
-119.789572,120.070156
-119.885785,120.087578
-119.982305,120.104589
-120.079005,120.121147
-120.176015,120.137281
-120.273158,120.152946
-120.370816,120.168132
-120.468868,120.182850
-120.567516,120.197087
-120.666660,120.210872
-120.766188,120.224153
-122.415824,120.377821
-122.521678,120.384048
-122.628189,120.389926
-122.733398,120.395381
-122.840084,120.400548
-122.946992,120.405385
-123.054188,120.409881
-123.161560,120.414060
-123.269244,120.417911
-123.376976,120.421453
-123.484932,120.424679
-123.593070,120.427612
-123.701513,120.430244
-123.809881,120.432589
-123.918637,120.434647
-125.671360,120.433625
-125.781491,120.431710
-125.891603,120.429603
-126.001845,120.427314
-126.112227,120.424839
-126.222483,120.422197
-126.332903,120.419376
-126.443409,120.416390
-126.553881,120.413238
-126.664334,120.409933
-126.775025,120.406462
-126.885628,120.402846
-126.996083,120.399083
-127.106700,120.395176
-127.217404,120.391121
-128.993371,120.309479
-129.104820,120.303458
-129.216257,120.297344
-129.327716,120.291143
-129.439311,120.284844
-129.550836,120.278468
-129.662524,120.271997
-129.774349,120.265439
-129.886208,120.258798
-129.998131,120.252078
-130.110009,120.245284
-130.222116,120.238404
-130.334254,120.231448
-130.446371,120.224425
-130.558738,120.217316
-132.362731,120.095313
-132.475786,120.087135
-132.588683,120.078891
-132.701700,120.070546
-132.814775,120.062111
-132.927957,120.053566
-133.041082,120.044932
-133.154366,120.036176
-133.267427,120.027334
-133.380825,120.018348
-133.494124,120.009258
-133.607498,120.000036
-133.720825,119.990698
-133.834485,119.981196
-133.947796,119.971596
-135.773475,119.794892
-135.888230,119.782176
-136.002973,119.769250
-136.118058,119.756058
-136.233034,119.742656
-136.348160,119.729000
-136.463341,119.715106
-136.578690,119.700944
-136.694076,119.686537
-136.809435,119.671875
-136.925179,119.656875
-137.041171,119.641560
-137.157296,119.625963
-137.273468,119.610092
-137.390134,119.593855
-139.282794,119.292482
-139.402493,119.271309
-139.522451,119.249867
-139.642784,119.228149
-139.762892,119.206258
-139.883239,119.184123
-140.003725,119.161758
-140.124155,119.139213
-140.244928,119.116407
-140.365572,119.093442
-140.486430,119.070250
-140.607364,119.046868
-140.728375,119.023292
-140.849431,118.999540
-140.970590,118.975596
-142.904940,118.573188
-143.025463,118.546690
-143.146008,118.519994
-143.266318,118.493144
-143.386727,118.466070
-143.507124,118.438781
-143.627611,118.411258
-143.747935,118.383545
-143.868094,118.355647
-143.988522,118.327447
-144.108634,118.299088
-144.228840,118.270457
-144.349107,118.241567
-144.469154,118.212470
-144.589276,118.183100
-146.508492,117.673842
-146.628298,117.639256
-146.748037,117.604329
-146.867748,117.569035
-146.987472,117.533366
-147.107076,117.497344
-147.226738,117.460920
-147.346455,117.424079
-147.466098,117.386862
-147.585599,117.349276
-147.705152,117.311264
-147.824829,117.272785
-147.944238,117.233968
-148.063738,117.194681
-148.183210,117.154967
-150.092410,116.453578
-150.212083,116.404934
-150.331959,116.355624
-150.451984,116.305701
-150.572088,116.255181
-150.692190,116.204131
-150.812506,116.152445
-150.933688,116.099871
-151.053983,116.047155
-151.174425,115.993882
-151.295219,115.939950
-151.415797,115.885639
-151.537108,115.830512
-151.657442,115.775372
-151.778360,115.719500
-153.715977,114.769216
-153.836941,114.706869
-153.957151,114.644595
-154.077981,114.581703
-154.199268,114.518269
-154.320039,114.454818
-154.440780,114.391095
-154.561878,114.326908
-154.682549,114.262671
-154.802584,114.198511
-154.923640,114.133543
-155.043319,114.069064
-155.163670,114.003973
-155.284342,113.938470
-155.404288,113.873120
-157.321561,112.800615
-157.440050,112.732862
-157.559051,112.664686
-157.678147,112.596313
-157.796886,112.528011
-157.915588,112.459581
-158.034733,112.390751
-158.152592,112.322504
-158.270801,112.253899
-158.389192,112.185016
-158.506758,112.116444
-158.624325,112.047686
-158.741932,111.978724
-158.859353,111.909671
-158.976821,111.840395
-160.834060,110.712241
-160.948785,110.640132
-161.063376,110.567784
-161.177895,110.495139
-161.292101,110.422354
-161.406136,110.349321
-161.519944,110.276080
-161.633794,110.202441
-161.747275,110.128670
-161.860696,110.054552
-161.973748,109.980290
-162.086820,109.905612
-162.199615,109.830717
-162.312270,109.755495
-162.424777,109.679956
-164.196587,108.426698
-164.305485,108.345233
-164.414299,108.263198
-164.522755,108.180809
-164.631390,108.097625
-164.739721,108.014038
-164.848034,107.929809
-164.956144,107.845109
-165.064252,107.759769
-165.172168,107.673969
-165.279987,107.587624
-165.387770,107.500716
-165.495256,107.413448
-165.602575,107.325746
-165.709937,107.237433
-167.408883,105.771814
-167.513789,105.677552
-167.618591,105.582989
-167.723225,105.488202
-167.828629,105.392336
-167.933139,105.296921
-168.036366,105.202318
-168.140465,105.106577
-168.245337,105.009777
-168.348531,104.914198
-168.452102,104.817941
-168.555701,104.721345
-168.659213,104.624515
-168.762623,104.527481
-168.865942,104.430230
-170.504859,102.852430
-170.606630,102.752536
-170.708503,102.652342
-170.810155,102.552175
-170.911698,102.451927
-171.013464,102.351279
-171.114912,102.250763
-171.216330,102.150105
-171.317818,102.049204
-171.419240,101.948205
-171.520753,101.846949
-171.622033,101.745769
-171.723583,101.644160
-171.824875,101.542660
-171.926103,101.441072
-173.547777,99.795935
-173.649202,99.692077
-173.750749,99.587994
-173.852352,99.483758
-173.954075,99.379303
-174.055651,99.274908
-174.157503,99.170138
-174.259135,99.065507
-174.361014,98.960534
-174.462886,98.855485
-174.564704,98.750409
-174.666646,98.645124
-174.768686,98.539658
-174.870619,98.434228
-174.972790,98.328474
-176.606462,96.628555
-176.708475,96.521919
-176.811749,96.413913
-176.913273,96.307690
-177.015341,96.200849
-177.117155,96.094230
-177.218115,95.988459
-177.320004,95.881672
-177.421805,95.774933
-177.523579,95.668182
-177.625311,95.561433
-177.727012,95.454677
-177.828591,95.348011
-177.930328,95.241141
-178.031855,95.134453
-179.654084,93.425418
-179.755175,93.318683
-179.856314,93.211873
-179.957411,93.105084
-180.058507,92.998273
-180.159584,92.891460
-180.260749,92.784533
-180.361735,92.677773
-180.462741,92.570973
-180.563727,92.464173
-180.664707,92.357361
-180.765542,92.250681
-180.866532,92.143820
-180.967429,92.037039
-181.068235,91.930336
-182.679296,90.222953
-182.779918,90.116203
-182.880345,90.009647
-182.980800,89.903050
-183.081342,89.796352
-183.181613,89.689930
-183.282123,89.583243
-183.382548,89.476637
-183.483790,89.369175
-183.583957,89.262855
-183.684420,89.156235
-183.784312,89.050216
-183.884181,88.944226
-183.984674,88.837558
-184.084835,88.731231
-185.673100,87.035319
-185.770824,86.929874
-185.869051,86.823707
-185.967414,86.717187
-186.064817,86.611507
-186.163417,86.504304
-186.261391,86.397558
-186.359094,86.290862
-186.455544,86.185296
-186.553372,86.077959
-186.650435,85.971199
-186.747422,85.864237
-186.843933,85.757521
-186.941114,85.649758
-187.037183,85.542926
-188.557661,83.801787
-188.650919,83.691272
-188.743993,83.580472
-188.836741,83.469530
-188.929297,83.358293
-189.021750,83.246623
-189.114192,83.134413
-189.206034,83.022349
-189.297641,82.909936
-189.388721,82.797535
-189.479976,82.684249
-189.571073,82.570506
-189.661910,82.456412
-189.752586,82.341871
-189.843087,82.226888
-191.265885,80.339633
-191.353270,80.219271
-191.440516,80.098630
-191.527690,79.977639
-191.614528,79.856663
-191.701210,79.735474
-191.788409,79.613126
-191.874949,79.491288
-191.961140,79.369527
-192.047066,79.247745
-192.132724,79.125949
-192.218465,79.003660
-192.303645,78.881793
-192.388976,78.759349
-192.474282,78.636581
-193.820557,76.656816
-193.903740,76.532177
-193.986892,76.407345
-194.069950,76.282424
-194.153059,76.157197
-194.236000,76.032003
-194.318740,75.906895
-194.401530,75.781501
-194.484248,75.656007
-194.566917,75.530389
-194.649539,75.404640
-194.732072,75.278838
-194.814573,75.152891
-194.897096,75.026730
-194.979451,74.900643
-196.294136,72.866398
-196.376216,72.738224
-196.458634,72.609398
-196.541024,72.480502
-196.623226,72.351781
-196.705309,72.223136
-196.787299,72.094527
-196.869377,71.965675
-196.951545,71.836575
-197.032996,71.708501
-197.114933,71.579564
-197.198104,71.448586
-197.280307,71.319035
-197.361876,71.190393
-197.445079,71.059057
-198.774576,68.951783
-198.858806,68.818371
-198.943399,68.684471
-199.028261,68.550263
-199.112128,68.417743
-199.197274,68.283347
-199.282560,68.148875
-199.368101,68.014178
-199.453818,67.879377
-199.539826,67.744325
-199.626144,67.608991
-199.712628,67.473631
-199.799450,67.337977
-199.886521,67.202201
-199.973921,67.066216
-201.399970,64.892176
-201.490590,64.756570
-201.581395,64.620950
-201.672011,64.485864
-201.764282,64.348562
-201.854626,64.214365
-201.945955,64.078943
-202.037414,63.943554
-202.128963,63.808261
-202.220717,63.672879
-202.312416,63.537794
-202.404353,63.402566
-202.496353,63.267448
-202.588405,63.132451
-202.680564,62.997491
-204.167575,60.842309
-204.261736,60.707331
-204.355994,60.572444
-204.450575,60.437355
-204.545307,60.302308
-204.640181,60.167346
-204.735375,60.032216
-204.830777,59.897107
-204.926520,59.761832
-205.022328,59.626809
-205.118497,59.491622
-205.215032,59.356293
-205.311652,59.221220
-205.408712,59.085933
-205.505921,58.950840
-207.110235,56.789624
-207.213471,56.655481
-207.317586,56.520843
-207.422127,56.386332
-207.527156,56.251870
-207.633101,56.116943
-207.738715,55.983140
-207.845184,55.848982
-207.952970,55.713900
-208.060334,55.580106
-208.168429,55.446208
-208.276380,55.313293
-208.385051,55.180320
-208.494627,55.047055
-208.604366,54.914423
-210.399697,52.844050
-210.514148,52.717364
-210.628678,52.591121
-210.742967,52.465647
-210.857962,52.339901
-210.973764,52.213756
-211.087799,52.090010
-211.203005,51.965443
-211.319308,51.840143
-211.434412,51.716568
-211.550973,51.591857
-211.667093,51.468030
-211.783318,51.344497
-211.899459,51.221441
-212.014616,51.099808
-213.896788,49.156168
-214.016128,49.035610
-214.135801,48.915070
-214.255665,48.794714
-214.375907,48.674356
-214.496417,48.554131
-214.617218,48.434018
-214.738428,48.313923
-214.859794,48.194099
-214.981511,48.074378
-215.103582,47.954757
-215.225977,47.835293
-215.348741,47.715942
-215.471839,47.596761
-215.595298,47.477728
-217.624901,45.600074
-217.755308,45.484925
-217.886305,45.370003
-218.017314,45.255814
-218.148655,45.142103
-218.280269,45.028905
-218.412320,44.916090
-218.544446,44.803946
-218.675981,44.693035
-218.808722,44.581808
-218.941683,44.471105
-219.074895,44.360867
-219.208319,44.251128
-219.341919,44.141887
-219.475852,44.033013
-221.647789,42.341674
-221.785536,42.238707
-221.924084,42.135671
-222.061731,42.033851
-222.200777,41.931542
-222.339924,41.829727
-222.479620,41.728079
-222.619604,41.626811
-222.759863,41.525933
-222.900697,41.425250
-223.041603,41.325126
-223.183093,41.225216
-223.324665,41.125877
-223.466928,41.026701
-223.609463,40.927985
-225.943779,39.409413
-226.092911,39.318952
-226.242816,39.228838
-226.392908,39.139447
-226.543971,39.050312
-226.694513,38.962336
-226.847245,38.873935
-226.996630,38.788332
-227.148592,38.702104
-227.301791,38.616059
-227.455015,38.530886
-227.608837,38.446284
-227.762829,38.362488
-227.917493,38.279245
-228.072463,38.196744
-230.613927,36.975780
-230.776525,36.906161
-230.939514,36.837367
-231.102939,36.769416
-231.266833,36.702264
-231.431009,36.636023
-231.595917,36.570481
-231.760925,36.505928
-231.926456,36.442164
-232.092209,36.379343
-232.258544,36.317294
-232.425215,36.256149
-232.592285,36.195853
-232.759949,36.136374
-232.927830,36.077815
-235.663508,35.263264
-235.837495,35.220158
-236.011853,35.177963
-236.186545,35.136725
-236.362010,35.096312
-236.537181,35.057006
-236.712727,35.018620
-236.888764,34.981165
-237.065087,34.944656
-237.242096,34.909048
-237.419071,34.874457
-237.596900,34.840743
-237.774007,34.808176
-237.952017,34.776483
-238.130272,34.745758
-240.985820,34.414792
-241.162353,34.404835
-241.338896,34.396111
-241.515065,34.388548
-241.691236,34.382197
-241.866750,34.376994
-242.042330,34.372979
-242.217544,34.370080
-242.393256,34.368349
-242.567334,34.367725
-242.742070,34.368248
-242.916423,34.369849
-243.090627,34.372586
-243.264350,34.376381
-243.438613,34.381311
-246.187152,34.594523
-246.356975,34.614252
-246.526716,34.634525
-246.696637,34.655350
-246.865733,34.676600
-247.035032,34.698377
-247.203850,34.720593
-247.372695,34.743291
-247.541541,34.766466
-247.709410,34.789962
-247.876252,34.813764
-248.045620,34.838360
-248.212949,34.863094
-248.380160,34.888221
-248.547464,34.913773
-251.201700,35.366758
-251.367448,35.397637
-251.530938,35.428359
-251.695161,35.459468
-251.859353,35.490822
-252.023438,35.522395
-252.187449,35.554193
-252.351116,35.586151
-252.514917,35.618363
-252.678502,35.650749
-252.842135,35.683339
-253.005587,35.716089
-253.169135,35.749040
-253.334375,35.782526
-253.496451,35.815554
-256.121676,36.381798
-256.286252,36.419685
-256.450826,36.457902
-256.615015,36.496378
-256.779873,36.535358
-256.943109,36.574319
-257.108643,36.614194
-257.272613,36.654079
-257.437657,36.694609
-257.602626,36.735526
-257.767560,36.776840
-257.932602,36.818605
-258.097727,36.860815
-258.262848,36.903469
-258.428047,36.946587
-261.077899,37.707840
-261.242720,37.760117
-261.407741,37.813104
-261.572034,37.866482
-261.735714,37.920289
-261.900294,37.974999
-262.063928,38.030005
-262.227238,38.085488
-262.389327,38.141135
-262.553146,38.197938
-262.714293,38.254372
-262.876506,38.311710
-263.038440,38.369484
-263.200134,38.427684
-263.361483,38.486270
-265.907300,39.469869
-266.064394,39.533781
-266.221465,39.598015
-266.377970,39.662334
-266.534584,39.727013
-266.690890,39.791865
-266.846989,39.856932
-267.002847,39.922184
-267.158402,39.987596
-267.314124,40.053350
-267.469422,40.119198
-267.625354,40.185576
-267.779510,40.251433
-267.934794,40.318007
-268.092375,40.385791
-270.567913,41.485507
-270.722698,41.556886
-270.877514,41.628641
-271.032517,41.700866
-271.187074,41.773267
-271.341811,41.846155
-271.496530,41.919438
-271.651265,41.993154
-271.806110,42.067349
-271.960488,42.141766
-272.115075,42.216730
-272.269691,42.292175
-272.424378,42.368125
-272.578609,42.444340
-272.733042,42.521145
-275.192056,43.821057
-275.343735,43.906676
-275.495141,43.992822
-275.646140,44.079393
-275.796931,44.166504
-275.947034,44.253851
-276.096908,44.341698
-276.246444,44.429955
-276.395552,44.518567
-276.544326,44.607563
-276.692754,44.696933
-276.840787,44.786622
-276.988453,44.876643
-277.135785,44.966993
-277.282892,45.057735
-279.595341,46.545386
-279.738463,46.640838
-279.881407,46.736564
-280.024385,46.832724
-280.167022,46.929068
-280.309645,47.025835
-280.452373,47.123106
-280.594605,47.220495
-280.737032,47.318474
-280.879119,47.416699
-281.021340,47.515496
-281.163224,47.614562
-281.305054,47.714095
-281.446679,47.814010
-281.588096,47.914307
-283.829524,49.586666
-283.968040,49.695885
-284.106223,49.805615
-284.244139,49.915931
-284.381744,50.026799
-284.519300,50.138456
-284.656475,50.250639
-284.793411,50.363485
-284.930076,50.476974
-285.066433,50.591097
-285.202318,50.705771
-285.337792,50.821044
-285.472670,50.936789
-285.606972,51.053001
-285.740867,51.169840
-287.808013,53.091917
-287.932921,53.214697
-288.057471,53.337823
-288.181409,53.461014
-288.304973,53.584501
-288.428209,53.708299
-288.551027,53.832317
-288.673262,53.956358
-288.795307,54.080816
-288.916839,54.205335
-289.037970,54.330025
-289.158795,54.454960
-289.279256,54.580075
-289.399389,54.705384
-289.519284,54.830976
-291.394268,56.856905
-291.509244,56.984526
-291.623859,57.112096
-291.738496,57.240026
-291.852645,57.367748
-291.966687,57.495668
-292.080535,57.623690
-292.194324,57.751952
-292.307805,57.880171
-292.420926,58.008276
-292.534035,58.136656
-292.646949,58.265094
-292.759668,58.393587
-292.872114,58.522034
-292.984454,58.650624
-294.760863,60.714728
-294.870866,60.844220
-294.980519,60.973471
-295.090238,61.102965
-295.199773,61.232405
-295.309515,61.362247
-295.418844,61.491757
-295.528395,61.621680
-295.637589,61.751328
-295.746691,61.881010
-295.855849,62.010900
-295.965038,62.140962
-296.073927,62.270803
-296.182857,62.400823
-296.291753,62.530931
-298.025255,64.617161
-298.133066,64.747442
-298.241017,64.877891
-298.348885,65.008207
-298.456768,65.138511
-298.564599,65.268695
-298.672608,65.399034
-298.780583,65.529249
-298.888576,65.659398
-298.996552,65.789414
-299.104654,65.919470
-299.212927,66.049591
-299.321088,66.179437
-299.429424,66.309325
-299.537953,66.439278
-301.296027,68.508269
-301.406973,68.636051
-301.519811,68.765679
-301.631966,68.894201
-301.744824,69.023210
-301.856381,69.150429
-301.969208,69.278796
-302.083441,69.408470
-302.196522,69.536544
-302.309074,69.663745
-302.423740,69.793058
-302.537426,69.921002
-302.651580,70.049209
-302.765830,70.177274
-302.880150,70.305166
-304.718694,72.333520
-304.834129,72.459096
-304.950746,72.585702
-305.066051,72.710601
-305.181585,72.835472
-305.297068,72.959983
-305.411819,73.083406
-305.527834,73.207862
-305.643638,73.331763
-305.759768,73.455659
-305.875874,73.579178
-305.992322,73.702682
-306.108709,73.825745
-306.225516,73.948847
-306.342192,74.071410
-308.242817,76.000688
-308.364235,76.119298
-308.486059,76.237780
-308.608181,76.356048
-308.730537,76.474044
-308.853201,76.591857
-308.976184,76.709501
-309.099457,76.826967
-309.222770,76.944018
-309.346616,77.061144
-309.471183,77.178520
-309.594871,77.294656
-309.719292,77.411074
-309.843970,77.527344
-309.969924,77.644413
-311.995973,79.482233
-312.124169,79.596101
-312.251671,79.709110
-312.380187,79.822785
-312.508869,79.936374
-312.637885,80.050034
-312.766747,80.163338
-312.896113,80.276872
-313.025297,80.390036
-313.154978,80.503433
-313.284435,80.616435
-313.414281,80.729583
-313.544244,80.842642
-313.674349,80.955643
-313.805212,81.069120
-315.911237,82.873922
-316.042896,82.985606
-316.176181,83.098553
-316.309182,83.211146
-316.442510,83.323904
-316.575981,83.436674
-316.709628,83.549486
-316.843415,83.662314
-316.977380,83.775190
-317.111487,83.888086
-317.245766,84.001030
-317.380176,84.113990
-317.514771,84.227014
-317.649413,84.339986
-317.784422,84.453178
-319.965441,86.271212
-320.103378,86.385619
-320.241243,86.499908
-320.379364,86.614353
-320.518435,86.729527
-320.656297,86.843646
-320.796494,86.959645
-320.935255,87.074403
-321.073666,87.188821
-321.212252,87.303334
-321.352995,87.419580
-321.491437,87.533878
-321.631299,87.649302
-321.771202,87.764716
-321.911554,87.880454
-324.183473,89.748577
-324.327314,89.866560
-324.471509,89.984803
-324.615668,90.102987
-324.760215,90.221460
-324.906634,90.341439
-325.051577,90.460181
-325.196104,90.578555
-325.340960,90.697173
-325.486408,90.816250
-325.632336,90.935694
-325.778744,91.055507
-325.926510,91.176407
-326.073136,91.296350
-326.220217,91.416642
-328.604748,93.364055
-328.756336,93.487701
-328.908102,93.611476
-329.060177,93.735488
-329.212309,93.859531
-329.364842,93.983886
-329.517708,94.108498
-329.670895,94.233357
-329.824350,94.358421
-329.978068,94.483686
-330.132113,94.609203
-330.286454,94.734949
-330.441103,94.860933
-330.596034,94.987134
-330.751292,95.113589
-333.278512,97.170467
-333.439282,97.301234
-333.600220,97.432128
-333.761787,97.563526
-333.923433,97.694980
-334.085681,97.826916
-334.248166,97.959036
-334.410988,98.091422
-334.574174,98.224097
-334.737724,98.357061
-334.901603,98.490285
-335.065866,98.623814
-335.230478,98.757620
-335.395442,98.891705
-335.560660,99.025990
-338.257648,101.217215
-338.429519,101.356810
-338.601849,101.496773
-338.774452,101.636954
-338.947560,101.777540
-339.121060,101.918440
-339.294849,102.059571
-339.469280,102.201219
-339.643995,102.343093
-339.819116,102.485292
-339.994531,102.627728
-340.170591,102.770681
-340.346949,102.913875
-340.523712,103.057392
-340.700757,103.201135
-343.590691,105.547027
-343.774796,105.696449
-343.959260,105.846160
-344.144293,105.996330
-344.329601,106.146720
-344.515350,106.297466
-344.701394,106.448450
-344.887880,106.599789
-345.074793,106.751473
-345.261992,106.903386
-345.449972,107.055931
-345.637972,107.208491
-345.826535,107.361505
-346.015381,107.514747
-346.204645,107.668326
-349.289380,110.171199
-349.485524,110.330332
-349.682175,110.489874
-349.880721,110.650953
-350.076512,110.809795
-350.274316,110.970268
-350.472707,111.131217
-350.671340,111.292362
-350.871194,111.454495
-351.070911,111.616516
-351.271748,111.779444
-351.471786,111.941723
-351.670620,112.103024
-351.871659,112.266113
-352.073197,112.429605
-355.350881,115.088409
-355.559415,115.257561
-355.767782,115.426576
-355.976892,115.596195
-356.186394,115.766129
-356.396195,115.936307
-356.606467,116.106864
-356.817189,116.277787
-357.028281,116.449009
-357.239773,116.620555
-357.451882,116.792601
-357.665063,116.965515
-357.877399,117.137743
-358.090390,117.310503
-358.303881,117.483666
-361.766830,120.292419
-361.985999,120.470180
-362.205779,120.648436
-362.426164,120.827183
-362.646245,121.005683
-362.864970,121.183082
-363.087063,121.363213
-363.306624,121.541290
-363.527979,121.720821
-363.751093,121.901779
-363.972858,122.081642
-364.194728,122.261591
-364.417366,122.442161
-364.639559,122.622371
-364.862676,122.803330
-368.454979,125.716823
-368.681319,125.900391
-368.908002,126.084237
-369.134626,126.268036
-369.361455,126.452000
-369.588368,126.636032
-369.815309,126.820087
-370.045274,127.006594
-370.272511,127.190889
-370.499857,127.375271
-370.725291,127.558103
-370.952959,127.742746
-371.181053,127.927735
-371.409112,128.112696
-371.637324,128.297779
-375.302122,131.269980
-375.529563,131.454437
-375.761099,131.642214
-375.990494,131.828256
-376.220210,132.014557
-376.447814,132.199146
-376.679460,132.387012
-376.909449,132.573535
-377.136710,132.757845
-377.368104,132.945507
-377.598119,133.132050
-377.825891,133.316774
-378.055264,133.502797
-378.285130,133.689220
-378.514810,133.875491
-382.183742,136.851000
-382.412548,137.036562
-382.641169,137.221973
-382.869762,137.407362
-383.098048,137.592502
-383.326684,137.777925
-383.554918,137.963022
-383.783096,138.148074
-384.010984,138.332891
-384.238948,138.517769
-384.466745,138.702512
-384.694425,138.887160
-384.922000,139.071723
-385.149505,139.256228
-385.376793,139.440558
-388.991747,142.372271
-389.217754,142.555561
-389.441872,142.737320
-389.664241,142.917660
-389.887952,143.099088
-390.111287,143.280212
-390.334615,143.461330
-390.557549,143.642128
-390.780202,143.822697
-391.003009,144.003393
-391.225187,144.183578
-391.447279,144.363693
-391.668893,144.543421
-391.890581,144.723208
-392.111825,144.902636
-395.613099,147.742145
-395.829286,147.917471
-396.045183,148.092561
-396.260959,148.267554
-396.476143,148.442067
-396.690727,148.616093
-396.905250,148.790069
-397.119420,148.963760
-397.333173,149.137111
-397.546763,149.310332
-397.759836,149.483132
-397.972348,149.655478
-398.184634,149.827640
-398.396675,149.999604
-398.608239,150.171180
-401.937385,152.871090
-402.141946,153.036987
-402.345892,153.202386
-402.549302,153.367350
-402.752303,153.531982
-402.954838,153.696236
-403.156979,153.860171
-403.358512,154.023612
-403.559613,154.186703
-403.760247,154.349415
-403.960470,154.511794
-404.160102,154.673694
-404.359220,154.835178
-404.557864,154.996276
-404.756009,155.156969
-407.855963,157.671005
-408.043153,157.822814
-408.231675,157.975705
-408.419421,158.127964
-408.606600,158.279765
-408.794464,158.432121
-408.979045,158.581814
-409.165937,158.733383
-409.350749,158.883263
-409.534925,159.032628
-409.717263,159.180503
-409.900001,159.328702
-410.082320,159.476560
-410.264100,159.623982
-410.445354,159.770978
-413.254481,162.049154
-413.424177,162.186776
-413.593297,162.323931
-413.761732,162.460530
-413.929588,162.596660
-414.096600,162.732105
-414.262901,162.866974
-414.428481,163.001258
-414.593332,163.134950
-414.757499,163.268088
-414.920739,163.400474
-415.083490,163.532464
-415.245329,163.663714
-415.406675,163.794564
-415.567068,163.924642
-418.028734,165.921030
-418.175989,166.040452
-418.322259,166.159076
-418.469099,166.278161
-418.613632,166.395376
-418.757258,166.511856
-418.900569,166.628080
-419.042673,166.743325
-419.182886,166.857036
-419.324614,166.971977
-419.464636,167.085533
-419.603388,167.198060
-419.740745,167.309454
-419.878035,167.420796
-420.014638,167.531579
-422.090002,169.214680
-422.212760,169.314236
-422.334799,169.413209
-422.456076,169.511563
-422.576573,169.609285
-422.697024,169.706970
-422.817394,169.804588
-422.937886,169.902306
-423.058469,170.000098
-423.178840,170.097718
-423.299429,170.195514
-423.419807,170.293140
-423.540370,170.390915
-423.660818,170.488597
-423.781255,170.586270
-425.702146,172.144096
-425.821602,172.240973
-425.941005,172.337808
-426.060223,172.434493
-426.180324,172.531894
-426.299308,172.628388
-426.418923,172.725395
-426.537362,172.821448
-426.655962,172.917632
-426.774559,173.013813
-426.892016,173.109069
-427.011421,173.205906
-427.129579,173.301731
-427.247652,173.397487
-427.365713,173.493233
-429.228539,175.003968
-429.343442,175.097153
-429.458135,175.190168
-429.572543,175.282952
-429.686725,175.375552
-429.800704,175.467988
-429.914434,175.560222
-430.027902,175.652244
-430.141152,175.744088
-430.254055,175.835652
-430.366895,175.927164
-430.479390,176.018396
-430.591619,176.109413
-430.703601,176.200229
-430.815307,176.290822
-432.562710,177.707949
-432.669359,177.794440
-432.775493,177.880514
-432.881241,177.966275
-432.986781,178.051867
-433.091966,178.137171
-433.196763,178.222160
-433.301130,178.306801
-433.405112,178.391129
-433.508894,178.475295
-433.612091,178.558988
-433.714982,178.642431
-433.817563,178.725623
-433.919684,178.808443
-434.021557,178.891060
-435.593187,180.165638
-435.687743,180.242322
-435.781699,180.318519
-435.875268,180.394403
-435.968267,180.469824
-436.060929,180.544973
-436.152933,180.619587
-436.244697,180.694007
-436.335830,180.767915
-436.426570,180.841504
-436.516508,180.914443
-436.606154,180.987145
-436.695431,181.059548
-436.784043,181.131411
-436.872122,181.202843
-438.208633,182.286740
-438.287372,182.350597
-438.365530,182.413983
-438.443171,182.476949
-438.520087,182.539327
-438.596517,182.601310
-438.672360,182.662819
-438.747480,182.723740
-438.821907,182.784100
-438.895819,182.844042
-438.969106,182.903477
-439.041778,182.962414
-439.113837,183.020852
-439.185332,183.078834
-439.256103,183.136229
-440.298299,183.981440
-440.357598,184.029531
-440.416208,184.077063
-440.474072,184.123990
-440.531216,184.170333
-440.587754,184.216185
-440.643370,184.261289
-440.698389,184.305910
-440.752906,184.350122
-440.806674,184.393728
-440.858835,184.436030
-440.910911,184.478263
-440.962068,184.519751
-441.012626,184.560753
-441.062291,184.601031
-441.751338,185.159841
-441.787450,185.189128
-441.822862,185.217847
-441.857476,185.245918
-441.891321,185.273366
-441.924447,185.300231
-441.956689,185.326379
-441.987985,185.351760
-442.018584,185.376575
-442.048356,185.400720
-442.077296,185.424190
-442.105559,185.447111
-442.132807,185.469209
-442.159388,185.490766
-442.185065,185.511589
-442.549862,185.807437
-442.572267,185.825607
-442.594616,185.843732
-442.616944,185.861840
-442.639197,185.879886
-442.661421,185.897910
-442.683599,185.915896
-442.705683,185.933806
-442.727705,185.951666
-442.749722,185.969522
-442.771609,185.987272
-442.793436,186.004973
-442.815394,186.022780
-442.837171,186.040442
-442.858631,186.057845
-443.188531,186.325391
-443.208010,186.341188
-443.227326,186.356854
-443.246440,186.372355
-443.265412,186.387741
-443.284225,186.402998
-443.302824,186.418082
-443.321272,186.433043
-443.339524,186.447845
-443.357591,186.462498
-443.375436,186.476969
-443.393118,186.491309
-443.410625,186.505507
-443.427817,186.519450
-443.444843,186.533258
-443.685313,186.728277
-443.698118,186.738661
-443.710638,186.748816
-443.722870,186.758735
-443.734807,186.768416
-443.746440,186.777850
-443.757785,186.787051
-443.768801,186.795985
-443.779516,186.804675
-443.789923,186.813115
-443.800005,186.821291
-443.809760,186.829202
-443.819190,186.836850
-443.828275,186.844218
-443.837044,186.851329
-443.928075,186.925155
-443.930484,186.927109
-443.932481,186.928728
-443.934063,186.930011
-443.935226,186.930954
-443.935964,186.931552
-443.936276,186.931806
-443.936154,186.931707
-443.936154,186.931707
-443.936154,186.931707
-443.936154,186.931707
-443.936154,186.931707
-443.936154,186.931707
-443.936161,186.931712
-443.936173,186.931722
-443.936192,186.931737
-443.936192,186.931737
-443.936192,186.931737
-443.936192,186.931737
-443.936192,186.931737
-443.936192,186.931737
-443.936192,186.931737
-443.936192,186.931737
-443.936192,186.931737
-443.936192,186.931737
-443.936192,186.931737
-443.936192,186.931737
-443.936192,186.931737
-443.936192,186.931737
-443.936192,186.931737
-443.936192,186.931737
-443.936192,186.931737
-443.936192,186.931737
-443.936192,186.931737
-443.936192,186.931737
-443.936192,186.931737
-443.936192,186.931737
-443.936192,186.931737
-443.936192,186.931737
-443.936192,186.931737
-443.936192,186.931737
-443.936192,186.931737
-443.936192,186.931737
-443.936192,186.931737
-443.936192,186.931737
-443.936192,186.931737
-443.936192,186.931737
-443.936192,186.931737
-443.936192,186.931737
-443.936192,186.931737
-443.936192,186.931737
-443.936192,186.931737
-443.936192,186.931737
-443.936192,186.931737
-443.936192,186.931737
-443.936192,186.931737
-443.936192,186.931737
-443.936192,186.931737
-443.936189,186.931735
-443.936207,186.931749
-443.936213,186.931754
-443.936209,186.931751
-443.936209,186.931751
-443.936209,186.931751
-443.936209,186.931751
-443.936209,186.931751
-443.936209,186.931751
-443.936209,186.931751
-443.936209,186.931751
-443.936209,186.931751
-443.936209,186.931751
-443.936209,186.931751
-443.936209,186.931751
-443.936209,186.931751
-443.936209,186.931751
-443.936209,186.931751
-443.936209,186.931751
-443.936209,186.931751
-443.936209,186.931751
-443.936209,186.931751
-443.936209,186.931751
-443.936209,186.931751
-443.936209,186.931751
-443.936209,186.931751
-443.936209,186.931751
-443.936209,186.931751
-443.936209,186.931751
-443.936209,186.931751
-443.936209,186.931751
-443.936209,186.931751
-443.936209,186.931751
-443.936209,186.931751
-443.936209,186.931751
-443.936209,186.931751
-443.936209,186.931751
-443.936209,186.931751
-443.936209,186.931751
-443.936209,186.931751
-443.936209,186.931751
-443.936209,186.931751
-443.936209,186.931751
-443.936209,186.931751
-443.936209,186.931751
-443.936209,186.931751
-443.936209,186.931751
-443.936209,186.931751
-443.936209,186.931751
-443.936209,186.931751
-443.936209,186.931751
-443.936209,186.931751
-443.936209,186.931751
-443.936209,186.931751
-443.936209,186.931751
-443.936209,186.931751
-443.936209,186.931751
-443.936209,186.931751
-443.936209,186.931751
-443.936209,186.931751
-443.936209,186.931751
-443.936209,186.931751
-443.936209,186.931751
-443.936209,186.931751
-443.936209,186.931751
-443.936209,186.931751
-443.936209,186.931751
-443.936209,186.931751
-443.936209,186.931751
-443.936209,186.931751
-443.936209,186.931751
-443.936209,186.931751
-443.936209,186.931751
-443.936209,186.931751
-443.936209,186.931751
-443.936209,186.931751
-443.936209,186.931751
-443.936209,186.931751
-443.936209,186.931751
-443.936209,186.931751
-443.936209,186.931751
-443.936209,186.931751
-443.936209,186.931751
-443.936209,186.931751
-443.936209,186.931751
-443.936209,186.931751
-443.936209,186.931751
-443.936209,186.931751
-443.936209,186.931751
-443.936209,186.931751
-443.936209,186.931751
-443.936209,186.931751
-443.936209,186.931751
-443.936209,186.931751
-443.936209,186.931751
-443.936209,186.931751
-443.936209,186.931751
-443.936209,186.931751
-443.936209,186.931751
-443.936209,186.931751
-443.936209,186.931751
-443.936209,186.931751
-443.936209,186.931751
-443.936209,186.931751
-443.936209,186.931751
-443.936209,186.931751
-443.936209,186.931751
-443.936209,186.931751
-443.936209,186.931751
-443.936209,186.931751
-443.936209,186.931751
-443.936209,186.931751
-443.936209,186.931751
-443.936209,186.931751
-443.936209,186.931751
-443.936209,186.931751
-443.936209,186.931751
-443.936209,186.931751
-443.936209,186.931751
-443.936209,186.931751
-443.936209,186.931751
-443.936209,186.931751
-443.936209,186.931751
-443.936209,186.931751
-443.936209,186.931751
-443.936209,186.931751
-443.936209,186.931751
-443.936209,186.931751
-443.936209,186.931751
-443.936209,186.931751
-443.936209,186.931751
-443.936209,186.931751
-443.936209,186.931751
-443.936209,186.931751
-443.936209,186.931751
-443.936209,186.931751
-443.936209,186.931751
-443.936209,186.931751
-443.936209,186.931751
-443.936209,186.931751
-443.936209,186.931751
-443.936209,186.931751
-443.936209,186.931751
-443.936209,186.931751
-443.936209,186.931751
-443.936209,186.931751
-443.936209,186.931751
-443.936209,186.931751
-443.936209,186.931751
-443.936209,186.931751
-443.936209,186.931751
-443.936209,186.931751
-443.936209,186.931751
-443.936209,186.931751
-443.936209,186.931751
-443.936209,186.931751
-443.936209,186.931751
-443.936209,186.931751
-443.936209,186.931751
-443.936209,186.931751
-443.936209,186.931751
-443.936209,186.931751
-443.936209,186.931751
-443.936209,186.931751
-443.936209,186.931751
-443.936209,186.931751
-443.936209,186.931751
-443.936209,186.931751
-443.936209,186.931751
-443.936209,186.931751
-443.936209,186.931751
-443.936209,186.931751
-443.936209,186.931751
-443.936209,186.931751
-443.936209,186.931751
-443.936209,186.931751
-443.936209,186.931751
-443.936209,186.931751
-443.936209,186.931751
-443.936209,186.931751
-443.936209,186.931751
-443.936209,186.931751
-443.936209,186.931751
-443.936209,186.931751
-443.936209,186.931751
-443.936209,186.931751
-443.936209,186.931751
-443.936209,186.931751
-443.936209,186.931751
-443.936209,186.931751
-443.936209,186.931751
-443.936209,186.931751
-443.936209,186.931751
-443.936209,186.931751
-443.936209,186.931751
-443.936209,186.931751
-443.936209,186.931751
-443.936209,186.931751
-443.936209,186.931751
-443.936209,186.931751
-443.936209,186.931751
-443.936209,186.931751
-443.936209,186.931751
-443.936209,186.931751
-443.936209,186.931751
-443.936209,186.931751
-443.936209,186.931751
-443.936209,186.931751
-443.936209,186.931751
-443.936209,186.931751
-443.936209,186.931751
-443.936209,186.931751
-443.936209,186.931751
-443.936209,186.931751
-443.936209,186.931751
-443.936209,186.931751
-443.936209,186.931751
-443.936209,186.931751
-443.936209,186.931751
-443.936209,186.931751
-443.936209,186.931751
-443.936209,186.931751
-443.936209,186.931751
-443.936209,186.931751
-443.936209,186.931751
-443.936209,186.931751
-443.936209,186.931751
-443.936209,186.931751
-443.936209,186.931751
-443.936209,186.931751
-443.936209,186.931751
-443.936209,186.931751
-443.936209,186.931751
-443.936209,186.931751
-443.936209,186.931751
-443.936209,186.931751
-443.936209,186.931751
-443.936209,186.931751
-443.936209,186.931751
-443.936209,186.931751
-443.936209,186.931751
-443.936209,186.931751
-443.936209,186.931751
-443.936209,186.931751
-443.936209,186.931751
-443.936209,186.931751
-443.936209,186.931751
-443.936209,186.931751
-443.936209,186.931751
-443.936209,186.931751
-443.936209,186.931751
-443.936209,186.931751
-443.936209,186.931751
-443.936209,186.931751
-443.936209,186.931751
-443.936209,186.931751
-443.936209,186.931751
-443.936209,186.931751
-443.936209,186.931751
-443.936209,186.931751
-443.936209,186.931751
-443.936209,186.931751
-443.936209,186.931751
-443.936209,186.931751
-443.936209,186.931751
-443.936209,186.931751
-443.936209,186.931751
-443.936209,186.931751
-443.936209,186.931751
-443.936209,186.931751
-443.936209,186.931751
-443.936209,186.931751
-443.936209,186.931751
-443.936209,186.931751
-443.936209,186.931751
-443.936209,186.931751
-443.936209,186.931751
-443.936209,186.931751
-443.936209,186.931751
-443.936209,186.931751
-443.936209,186.931751
-443.936209,186.931751
-443.936209,186.931751
-443.936209,186.931751
-443.936209,186.931751
-443.936209,186.931751
-443.936209,186.931751
-443.936209,186.931751
-443.936209,186.931751
-443.936209,186.931751
-443.936209,186.931751
-443.936209,186.931751
-443.936209,186.931751
-443.936209,186.931751
-443.936209,186.931751
-443.936209,186.931751
-443.936209,186.931751
-443.936209,186.931751
-443.936209,186.931751
-443.936209,186.931751
-443.936209,186.931751
-443.936209,186.931751
-443.936209,186.931751
-443.936209,186.931751
-443.936209,186.931751
-443.936209,186.931751
-443.936209,186.931751
-443.936209,186.931751
-443.936209,186.931751
-443.936209,186.931751
-443.936209,186.931751
-443.936209,186.931751
-443.936209,186.931751
-443.936209,186.931751
-443.936209,186.931751
-443.936209,186.931751
-443.936209,186.931751
-443.936209,186.931751
-443.936209,186.931751
-443.936209,186.931751
-443.936209,186.931751
-443.936209,186.931751
-443.936209,186.931751
-443.936209,186.931751
-443.936209,186.931751
-443.936209,186.931751
-443.936209,186.931751
-443.936209,186.931751
-443.936209,186.931751
-443.936209,186.931751
-443.936209,186.931751
-443.936209,186.931751
-443.936209,186.931751
-443.936209,186.931751
-443.936209,186.931751
-443.936209,186.931751
-443.936209,186.931751
-443.936209,186.931751
-443.936209,186.931751
-443.936209,186.931751
-443.936209,186.931751
-443.936209,186.931751
-443.936209,186.931751
-443.936209,186.931751
-443.936209,186.931751
-443.936209,186.931751
-443.936209,186.931751
-443.936209,186.931751
-443.936209,186.931751
-443.936209,186.931751
-443.936209,186.931751
-443.936209,186.931751
