LanePointX,LanePointY
-1.646000,6.000000
-1.646000,6.000000
-1.646000,6.000000
-1.646000,6.000000
-1.646000,6.000000
-1.646000,6.000000
-1.646000,6.000000
-1.646000,6.000000
-1.646000,6.000000
-1.646000,6.000000
-1.646000,6.000000
-1.646000,6.000000
-1.646000,6.000000
-1.646000,6.000000
-1.646000,6.000000
-1.646000,6.000000
-1.646000,6.000000
-1.646000,6.000000
-1.646000,6.000000
-1.646000,6.000000
-1.646000,6.000000
-1.646000,6.000000
-1.646000,6.000000
-1.646000,6.000000
-1.646000,6.000000
-1.646000,6.000000
-1.646000,6.000000
-1.646000,6.000000
-1.646000,6.000000
-1.646000,6.000000
-1.646000,6.000000
-1.646000,6.000000
-1.646000,6.000000
-1.646000,6.000000
-1.646000,6.000000
-1.646000,6.000000
-1.646000,6.000000
-1.646000,6.000000
-1.646000,6.000000
-1.646000,6.000000
-1.646000,6.000000
-1.646000,6.000000
-1.646000,6.000000
-1.646000,6.000000
-1.646000,6.000000
-1.646000,6.000000
-1.646000,6.000000
-1.646000,6.000000
-1.646000,6.000000
-1.646000,6.000000
-1.646000,6.000000
-1.646000,6.000000
-1.646000,6.000000
-1.646000,6.000000
-1.646000,6.000000
-1.646000,6.000000
-1.646000,6.000000
-1.646000,6.000000
-1.646000,6.000000
-1.646000,6.000000
-1.646000,6.000000
-1.646000,6.000000
-1.646000,6.000000
-1.646000,6.000000
-1.646000,6.000000
-1.646000,6.000000
-1.646000,6.000000
-1.646000,6.000000
-1.646000,6.000000
-1.646000,6.000000
-1.646000,6.000000
-1.646000,6.000000
-1.646000,6.000000
-1.646000,6.000000
-1.646000,6.000000
-1.646000,6.000000
-1.646000,6.000000
-1.646000,6.000000
-1.646000,6.000000
-1.646000,6.000000
-1.646000,6.000000
-1.646000,6.000000
-1.646000,6.000000
-1.646000,6.000000
-1.646000,6.000000
-1.646000,6.000000
-1.646000,6.000000
-1.646000,6.000000
-1.646000,6.000000
-1.646000,6.000000
-1.646000,6.000000
-1.646000,6.000000
-1.646000,6.000000
-1.646000,6.000000
-1.646000,6.000000
-1.646000,6.000000
-1.646000,6.000000
-1.646000,6.000000
-1.646000,6.000000
-1.646000,6.000000
-1.646000,6.000000
-1.646000,6.000000
-1.646000,6.000000
-1.646000,6.000000
-1.646000,6.000000
-1.646000,6.000000
-1.646000,6.000000
-1.646000,6.000000
-1.646000,6.000000
-1.646000,6.000000
-1.646000,6.000000
-1.646000,6.000000
-1.646000,6.000000
-1.646000,6.000000
-1.646000,6.000000
-1.646000,6.000000
-1.646000,6.000000
-1.646000,6.000000
-1.646000,6.000000
-1.646000,6.000000
-1.646000,6.000000
-1.646000,6.000000
-1.646000,6.000000
-1.646000,6.000000
-1.646000,6.000000
-1.646000,6.000000
-1.646000,6.000000
-1.646000,6.000000
-1.646000,6.000000
-1.646000,6.000000
-1.646000,6.000000
-1.646000,6.000000
-1.646000,6.000000
-1.646000,6.000000
-1.646000,6.000000
-1.646000,6.000000
-1.646000,6.000000
-1.646000,6.000000
-1.646000,6.000000
-1.646000,6.000000
-1.646000,6.000000
-1.646000,6.000000
-1.646000,6.000000
-1.646000,6.000000
-1.646000,6.000000
-1.646000,6.000000
-1.646000,6.000000
-1.646000,6.000000
-1.646000,6.000000
-1.646000,6.000000
-1.646000,6.000000
-1.646000,6.000000
-1.646000,6.000000
-1.646000,6.000000
-1.646000,6.000000
-1.646000,6.000000
-1.646000,6.000000
-1.646000,6.000000
-1.646000,6.000000
-1.646000,6.000000
-1.646000,6.000000
-1.646000,6.000000
-1.646000,6.000000
-1.646000,6.000000
-1.646000,6.000000
-1.646000,6.000000
-1.646000,6.000000
-1.646000,6.000000
-1.646000,6.000000
-1.646000,6.000000
-1.646000,6.000000
-1.646000,6.000000
-1.646000,6.000000
-1.646000,6.000000
-1.646000,6.000000
-1.646000,6.000000
-1.646000,6.000000
-1.646000,6.000000
-1.646000,6.000000
-1.646000,6.000000
-1.646000,6.000000
-1.646000,6.000000
-1.646000,6.000000
-1.646000,6.000000
-1.646000,6.000000
-1.646000,6.000000
-1.646000,6.000000
-1.646000,6.000000
-1.646000,6.000000
-1.646000,6.000000
-1.646000,6.000000
-1.646000,6.000000
-1.646000,6.000000
-1.646000,6.000000
-1.646000,6.000000
-1.646000,6.000000
-1.646000,6.000000
-1.646000,6.000000
-1.646000,6.000000
-1.646000,6.000000
-1.646000,6.000000
-1.646000,6.000000
-1.646000,6.000000
-1.646000,6.000000
-1.646000,6.000000
-1.646000,6.000000
-1.646000,6.000000
-1.646000,6.000000
-1.646000,6.000000
-1.646000,6.000000
-1.646000,6.000000
-1.646000,6.000000
-1.646000,6.000000
-1.646000,6.000000
-1.646000,6.000000
-1.646000,6.000000
-1.646000,6.000000
-1.646000,6.000000
-1.646000,6.000000
-1.646000,6.000000
-1.646000,6.000000
-1.646000,6.000000
-1.646000,6.000000
-1.646000,6.000000
-1.646000,6.000000
-1.646000,6.000000
-1.646000,6.000000
-1.646000,6.000000
-1.646000,6.000000
-1.646000,6.000000
-1.646000,6.000000
-1.646000,6.000000
-1.646000,6.000000
-1.646000,6.000000
-1.646000,6.000000
-1.646000,6.000000
-1.646000,6.000000
-1.646000,6.000000
-1.646000,6.000000
-1.646000,6.000000
-1.646000,6.000000
-1.646000,6.000000
-1.646000,6.000000
-1.646000,6.000000
-1.646000,6.000000
-1.646000,6.000000
-1.646000,6.000000
-1.646000,6.000000
-1.646000,6.000000
-1.646000,6.000000
-1.646000,6.000000
-1.646000,6.000000
-1.646000,6.000000
-1.646000,6.000000
-1.646000,6.000000
-1.646000,6.000000
-1.646000,6.000000
-1.646000,6.000000
-1.646000,6.000000
-1.646000,6.000000
-1.646000,6.000000
-1.646000,6.000000
-1.646000,6.000000
-1.646000,6.000000
-1.646000,6.000000
-1.646000,6.000000
-1.646000,6.000000
-1.646000,6.000000
-1.646000,6.000000
-1.646000,6.000000
-1.646000,6.000000
-1.646000,6.000000
-1.646000,6.000000
-1.646000,6.000000
-1.646000,6.000000
-1.646000,6.000000
-1.646000,6.000000
-1.646000,6.000000
-1.646000,6.000000
-1.646000,6.000000
-1.646000,6.000000
-1.646000,6.000000
-1.646000,6.000000
-1.646000,6.000000
-1.646000,6.000000
-1.646000,6.000000
-1.646000,6.000000
-1.646000,6.000000
-1.646000,6.000000
-1.646000,6.000000
-1.646000,6.000000
-1.646000,6.000000
-1.646000,6.000000
-1.646000,6.000000
-1.646000,6.000000
-1.646000,6.000000
-1.646000,6.000000
-1.646000,6.000000
-1.646000,6.000000
-1.646000,6.000000
-1.646000,6.000000
-1.646000,6.000000
-1.646000,6.000000
-1.646000,6.000000
-1.646000,6.000000
-1.646000,6.000000
-1.646000,6.000000
-1.646000,6.000000
-1.646000,6.000000
-1.646000,6.000000
-1.646000,6.000000
-1.646000,6.000000
-1.646000,6.000000
-1.646000,6.000000
-1.646000,6.000000
-1.646000,6.000000
-1.646000,6.000000
-1.646000,6.000000
-1.646000,6.000000
-1.646000,6.000000
-1.646000,6.000000
-1.646000,6.000000
-1.646000,6.000000
-1.646000,6.000000
-1.646000,6.000000
-1.646000,6.000000
-1.646000,6.000000
-1.646000,6.000000
-1.646000,6.000000
-1.646000,6.000000
-1.646000,6.000000
-1.646000,6.000000
-1.646000,6.000000
-1.646000,6.000000
-1.646000,6.000000
-1.646000,6.000000
-1.646000,6.000000
-1.646000,6.000000
-1.646000,6.000000
-1.646000,6.000000
-1.646000,6.000000
-1.646000,6.000000
-1.646000,6.000000
-1.646000,6.000000
-1.646000,6.000000
-1.646000,6.000000
-1.646000,6.000000
-1.646000,6.000000
-1.646000,6.000000
-1.646000,6.000000
-1.646000,6.000000
-1.646000,6.000000
-1.646000,6.000000
-1.646000,6.000000
-1.646000,6.000000
-1.646000,6.000000
-1.646000,6.000000
-1.646000,6.000000
-1.646000,6.000000
-1.646000,6.000000
-1.646000,6.000000
-1.646000,6.000000
-1.646000,6.000000
-1.646000,6.000000
-1.646000,6.000000
-1.646000,6.000000
-1.646000,6.000000
-1.646000,6.000000
-1.646000,6.000000
-1.646000,6.000000
-1.646000,6.000000
-1.646000,6.000000
-1.646000,6.000000
-1.646000,6.000000
-1.646000,6.000000
-1.646000,6.000000
-1.646000,6.000000
-1.646000,6.000000
-1.646000,6.000000
-1.646000,6.000000
-1.646000,6.000000
-1.646000,6.000000
-1.646000,6.000000
-1.646000,6.000000
-1.646000,6.000000
-1.646000,6.000000
-1.646000,6.000000
-1.646000,6.000000
-1.646000,6.000000
-1.646000,6.000000
-1.646000,6.000000
-1.646000,6.000000
-1.646000,6.000000
-1.646000,6.000000
-1.646000,6.000000
-1.646000,6.000000
-1.646000,6.000000
-1.646000,6.000000
-1.646000,6.000000
-1.646000,6.000000
-1.646000,6.000000
-1.646000,6.000000
-1.646000,6.000000
-1.646000,6.000000
-1.646000,6.000000
-1.646000,6.000000
-1.646000,6.000000
-1.646000,6.000000
-1.646000,6.000000
-1.646000,6.000000
-1.646000,6.000000
-1.646000,6.000000
-1.646000,6.000000
-1.646000,6.000000
-1.646000,6.000000
-1.646000,6.000000
-1.646000,6.000000
-1.646000,6.000000
-1.646000,6.000000
-1.646000,6.000000
-1.646000,6.000000
-1.646000,6.000000
-1.646000,6.000000
-1.646000,6.000000
-1.646000,6.000000
-1.646000,6.000000
-1.646000,6.000000
-1.646000,6.000000
-1.646000,6.000000
-1.646000,6.000000
-1.646000,6.000000
-1.646000,6.000000
-1.646000,6.000000
-1.646000,6.000000
-1.646000,6.000000
-1.646000,6.000000
-1.646000,6.000000
-1.646000,6.000000
-1.646000,6.000000
-1.646000,6.000000
-1.646000,6.000000
-1.646000,6.000000
-1.646000,6.000000
-1.646000,6.000000
-1.646000,6.000000
-1.646000,6.000000
-1.646000,6.000000
-1.646000,6.000000
-1.646000,6.000000
-1.646000,6.000000
-1.646000,6.000000
-1.646000,6.000000
-1.646000,6.000000
-1.646000,6.000000
-1.646000,6.000000
-1.646000,6.000000
-1.646000,6.000000
-1.646000,6.000000
-1.646000,6.000000
-1.646000,6.000000
-1.646000,6.000000
-1.646000,6.000000
-1.646000,6.000000
-1.646000,6.000000
-1.646000,6.000000
-1.646000,6.000000
-1.646000,6.000000
-1.646000,6.000000
-1.646000,6.000000
-1.646000,6.000000
-1.646000,6.000000
-1.646000,6.000000
-1.646000,6.000000
-1.646000,6.000000
-1.646000,6.000000
-1.646000,6.000000
-1.646000,6.000000
-1.646000,6.000000
-1.646000,6.000000
-1.646000,6.000000
-1.646000,6.000000
-1.646000,6.000000
-1.646000,6.000000
-1.646000,6.000000
-1.646000,6.000000
-1.646000,6.000000
-1.646000,6.000000
-1.646000,6.000000
-1.646000,6.000000
-1.646000,6.000000
-1.646000,6.000000
-1.646000,6.000000
-1.646000,6.000000
-1.646000,6.000000
-1.646000,6.000000
-1.646000,6.000000
-1.646000,6.000000
-1.646000,6.000000
-1.646000,6.000000
-1.646000,6.000000
-1.646000,6.000000
-1.646000,6.000000
-1.646000,6.000000
-1.646000,6.000000
-1.646000,6.000000
-1.646000,6.000000
-1.646000,6.000000
-1.646000,6.000000
-1.646000,6.000000
-1.646000,6.000000
-1.646000,6.000000
-1.646000,6.000000
-1.646000,6.000000
-1.646000,6.000000
-1.646000,6.000000
-1.646000,6.000000
-1.646000,6.000000
-1.646000,6.000000
-1.646000,6.000000
-1.646000,6.000000
-1.646000,6.000000
-1.646000,6.000000
-1.646000,6.000000
-1.646000,6.000000
-1.646000,6.000000
-1.646000,6.000000
-1.646000,6.000000
-1.646000,6.000000
-1.646000,6.000000
-1.646000,6.000000
-1.646000,6.000000
-1.646000,6.000000
-1.646000,6.000000
-1.646000,6.000000
-1.646000,6.000000
-1.646000,6.000000
-1.646000,6.000000
-1.646000,6.000000
-1.646000,6.000000
-1.646000,6.000000
-1.646000,6.000000
-1.646000,6.000000
-1.646000,6.000000
-1.646000,6.000000
-1.646000,6.000000
-1.646000,6.000000
-1.646000,6.000000
-1.646000,6.000000
-1.646000,6.000000
-1.646000,6.000000
-1.646000,6.000000
-1.646000,6.000000
-1.646000,6.000000
-1.646000,6.000000
-1.646000,6.000000
-1.646000,6.000000
-1.646000,6.000000
-1.646000,6.000000
-1.646000,6.000000
-1.646000,6.000000
-1.646000,6.000000
-1.646000,6.000000
-1.646000,6.000000
-1.646000,6.000000
-1.646000,6.000000
-1.646000,6.000000
-1.646000,6.000000
-1.646000,6.000000
-1.646000,6.000000
-1.646000,6.000000
-1.646000,6.000000
-1.646000,6.000000
-1.646000,6.000000
-1.646000,6.000000
-1.646000,6.000000
-1.646000,6.000000
-1.646000,6.000000
-1.646000,6.000000
-1.646000,6.000000
-1.646000,6.000000
-1.646000,6.000000
-1.646000,6.000000
-1.646000,6.000000
-1.646000,6.000000
-1.646000,6.000000
-1.646000,6.000000
-1.646000,6.000000
-1.646000,6.000000
-1.646000,6.000000
-1.646000,6.000000
-1.646000,6.000000
-1.646000,6.000000
-1.646000,6.000000
-1.646000,6.000000
-1.646000,6.000000
-1.646000,6.000000
-1.646000,6.000000
-1.646000,6.000000
-1.646000,6.000000
-1.646000,6.000000
-1.646000,6.000000
-1.646000,6.000000
-1.646000,6.000000
-1.646000,6.000000
-1.646000,6.000000
-1.646000,6.000000
-1.646000,6.000000
-1.646000,6.000000
-1.646000,6.000000
-1.646000,6.000000
-1.646000,6.000000
-1.646000,6.000000
-1.646000,6.000000
-1.646000,6.000000
-1.646000,6.000000
-1.646000,6.000000
-1.646000,6.000000
-1.646000,6.000000
-1.646000,6.000000
-1.646000,6.000000
-1.646000,6.000000
-1.646000,6.000000
-1.646000,6.000000
-1.646000,6.000000
-1.646000,6.000000
-1.646000,6.000000
-1.646000,6.000000
-1.646000,6.000000
-1.646000,6.000000
-1.646000,6.000000
-1.646000,6.000000
-1.646000,6.000000
-1.646000,6.000000
-1.646000,6.000000
-1.646000,6.000000
-1.646000,6.000000
-1.646000,6.000000
-1.646000,6.000000
-1.646000,6.000000
-1.646000,6.000000
-1.646000,6.000000
-1.646000,6.000000
-1.646000,6.000000
-1.646000,6.000000
-1.646000,6.000000
-1.646000,6.000000
-1.646000,6.000000
-1.646000,6.000000
-1.646000,6.000000
-1.646000,6.000000
-1.646000,6.000000
-1.646000,6.000000
-1.646000,6.000000
-1.646000,6.000000
-1.646000,6.000000
-1.646000,6.000000
-1.646000,6.000000
-1.646000,6.000000
-1.646000,6.000000
-1.646000,6.000000
-1.646000,6.000000
-1.646000,6.000000
-1.646000,6.000000
-1.646000,6.000000
-1.646000,6.000000
-1.646000,6.000000
-1.646000,6.000000
-1.646000,6.000000
-1.646000,6.000000
-1.646000,6.000000
-1.646000,6.000000
-1.646000,6.000000
-1.646000,6.000000
-1.646000,6.000000
-1.646000,6.000000
-1.646000,6.000000
-1.646000,6.000000
-1.646000,6.000000
-1.646000,6.000000
-1.646000,6.000000
-1.646000,6.000000
-1.646000,6.000000
-1.646000,6.000000
-1.646000,6.000000
-1.646000,6.000000
-1.646000,6.000000
-1.646000,6.000000
-1.646000,6.000000
-1.646000,6.000000
-1.646000,6.000000
-1.646000,6.000000
-1.646000,6.000000
-1.646000,6.000000
-1.646000,6.000000
-1.646000,6.000000
-1.646000,6.000000
-1.646000,6.000000
-1.646000,6.000000
-1.646000,6.000000
-1.646000,6.000000
-1.646000,6.000000
-1.646000,6.000000
-1.646000,6.000000
-1.646000,6.000000
-1.646000,6.000000
-1.646000,6.000000
-1.646000,6.000000
-1.646000,6.000000
-1.646000,6.000000
-1.646000,6.000000
-1.646000,6.000000
-1.646000,6.000000
-1.646000,6.000000
-1.646000,6.000000
-1.646000,6.000000
-1.646000,6.000000
-1.646000,6.000000
-1.646000,6.000000
-1.646000,6.000000
-1.646000,6.000000
-1.646000,6.000000
-1.646000,6.000000
-1.646000,6.000000
-1.646000,6.000000
-1.646000,6.000000
-1.646000,6.000000
-1.646000,6.000000
-1.646000,6.000000
-1.646000,6.000000
-1.646000,6.000000
-1.646000,6.000000
-1.646000,6.000000
-1.646000,6.000000
-1.646000,6.000000
-1.646000,6.000000
-1.646000,6.000000
-1.646000,6.000000
-1.646000,6.000000
-1.646000,6.000000
-1.646000,6.000000
-1.646000,6.000000
-1.646000,6.000000
-1.646000,6.000000
-1.646000,6.000000
-1.646000,6.000000
-1.646000,6.000000
-1.646000,6.000000
-1.646000,6.000000
-1.646000,6.000000
-1.646000,6.000000
-1.646000,6.000000
-1.646000,6.000000
-1.646000,6.000000
-1.646000,6.000000
-1.646000,6.000000
-1.646000,6.000000
-1.646000,6.000000
-1.646000,6.000000
-1.646000,6.000000
-1.646000,6.000000
-1.646000,6.000000
-1.646000,6.000000
-1.646000,6.000000
-1.646000,6.000000
-1.646000,6.000000
-1.646000,6.000000
-1.646000,6.000000
-1.646000,6.000000
-1.646000,6.000000
-1.646000,6.000000
-1.646000,6.000000
-1.646000,6.000000
-1.646000,6.000000
-1.646000,6.000000
-1.646000,6.000000
-1.646000,6.000000
-1.646000,6.000000
-1.646000,6.000000
-1.646000,6.000000
-1.646000,6.000000
-1.646000,6.000000
-1.646000,6.000000
-1.646000,6.000000
-1.646000,6.000000
-1.646000,6.000000
-1.646000,6.000000
-1.646000,6.000000
-1.646000,6.000000
-1.646000,6.000000
-1.646000,6.000000
-1.646000,6.000000
-1.646000,6.000000
-1.646000,6.000000
-1.646000,6.000000
-1.646000,6.000000
-1.646000,6.000000
-1.646000,6.000000
-1.646000,6.000000
-1.646000,6.000000
-1.646000,6.000000
-1.646000,6.000000
-1.646000,6.000000
-1.646000,6.000000
-1.646000,6.000000
-1.646000,6.000000
-1.646000,6.000000
-1.646000,6.000000
-1.646000,6.000000
-1.646000,6.000000
-1.646000,6.000000
-1.646000,6.000000
-1.646000,6.000000
-1.646000,6.000000
-1.646000,6.000000
-1.646000,6.000000
-1.646000,6.000000
-1.646000,6.000000
-1.646000,6.000000
-1.646000,6.000000
-1.646000,6.000000
-1.646000,6.000000
-1.646000,6.000000
-1.646000,6.000000
-1.646000,6.000000
-1.646000,6.000000
-1.646000,6.000000
-1.646000,6.000000
-1.646000,6.000000
-1.646000,6.000000
-1.646000,6.000000
-1.646000,6.000000
-1.646000,6.000000
-1.646000,6.000000
-1.646000,6.000000
-1.646000,6.000000
-1.646000,6.000000
-1.646000,6.000000
-1.646000,6.000000
-1.646000,6.000000
-1.646000,6.000000
-1.646000,6.000000
-1.646000,6.000000
-1.646000,6.000000
-1.646000,6.000000
-1.646000,6.000000
-1.646000,6.000000
-1.646000,6.000000
-1.646000,6.000000
-1.646000,6.000000
-1.646000,6.000000
-1.646000,6.000000
-1.646000,6.000000
-1.646000,6.000000
-1.646000,6.000000
-1.646000,6.000000
-1.646000,6.000000
-1.646000,6.000000
-1.646000,6.000000
-1.646000,6.000000
-1.646000,6.000000
-1.646000,6.000000
-1.646000,6.000000
-1.646000,6.000000
-1.646000,6.000000
-1.646000,6.000000
-1.646000,6.000000
-1.646000,6.000000
-1.646000,6.000000
-1.646000,6.000000
-1.646000,6.000000
-1.646000,6.000000
-1.646000,6.000000
-1.646000,6.000000
-1.646000,6.000000
-1.646000,6.000000
-1.646000,6.000000
-1.646000,6.000000
-1.646000,6.000000
-1.646000,6.000000
-1.646000,6.000000
-1.646000,6.000000
-1.646000,6.000000
-1.646000,6.000000
-1.646000,6.000000
-1.646000,6.000000
-1.646000,6.000000
-1.646000,6.000000
-1.646000,6.000000
-1.646000,6.000000
-1.646000,6.000000
-1.646000,6.000000
-1.646000,6.000000
-1.646000,6.000000
-1.646000,6.000000
-1.646000,6.000000
-1.646000,6.000000
-1.646000,6.000000
-1.646000,6.000000
-1.646000,6.000000
-1.646000,6.000000
-1.646000,6.000000
-1.646000,6.000000
-1.646000,6.000000
-1.646000,6.000000
-1.646000,6.000000
-1.646000,6.000000
-1.646000,6.000000
-1.646000,6.000000
-1.646000,6.000000
-1.646000,6.000000
-1.646000,6.000000
-1.646000,6.000000
-1.646000,6.000000
-1.646000,6.000000
-1.646000,6.000000
-1.646000,6.000000
-1.646000,6.000000
-1.646000,6.000000
-1.646000,6.000000
-1.646000,6.000000
-1.646000,6.000000
-1.646000,6.000000
-1.646000,6.000000
-1.646000,6.000000
-1.646000,6.000000
-1.646000,6.000000
-1.646000,6.000000
-1.646000,6.000000
-1.646000,6.000000
-1.646000,6.000000
-1.646000,6.000000
-1.646000,6.000000
-1.646000,6.000000
-1.646000,6.000000
-1.646000,6.000000
-1.646000,6.000000
-1.646000,6.000000
-1.646000,6.000000
-1.646000,6.000000
-1.646000,6.000000
-1.646000,6.000000
-1.646000,6.000000
-1.646000,6.000000
-1.646000,6.000000
-1.646000,6.000000
-1.646000,6.000000
-1.646000,6.000000
-1.646000,6.000000
-1.646000,6.000000
-1.646000,6.000000
-1.646000,6.000000
-1.646000,6.000000
-1.646000,6.000000
-1.646000,6.000000
-1.646000,6.000000
-1.646000,6.000000
-1.646000,6.000000
-1.646000,6.000000
-1.646000,6.000000
-1.646000,6.000000
-1.646000,6.000000
-1.646000,6.000000
-1.646000,6.000000
-1.646000,6.000000
-1.646000,6.000000
-1.646000,6.000000
-1.646000,6.000000
-1.646000,6.000000
-1.646000,6.000000
-1.646000,6.000000
-1.646000,6.000000
-1.646000,6.000000
-1.646000,6.000000
-1.646000,6.000000
-1.646000,6.000000
-1.646000,6.000000
-1.646000,6.000000
-1.646000,6.000000
-1.646000,6.000000
-1.646000,6.000000
-1.646000,6.000000
-1.646000,6.000000
-1.646000,6.000000
-1.646000,6.000000
-1.646000,6.000000
-1.646000,6.000000
-1.646000,6.000000
-1.646000,6.000000
-1.646000,6.000000
-1.646000,6.000000
-1.646000,6.000000
-1.646000,6.000000
-1.646000,6.000000
-1.646000,6.000000
-1.646000,6.000000
-1.646000,6.000000
-1.646000,6.000000
-1.646000,6.000000
-1.646000,6.000000
-1.646000,6.000000
-1.646000,6.000000
-1.646000,6.000000
-1.646000,6.000000
-1.646000,6.000000
-1.646000,6.000000
-1.646000,6.000000
-1.646000,6.000000
-1.646000,6.000000
-1.646000,6.000000
-1.646000,6.000000
-1.646000,6.000000
-1.646000,6.000000
-1.646000,6.000000
-1.646000,6.000000
-1.646000,6.000000
-1.646000,6.000000
-1.646000,6.000000
-1.646000,6.000000
-1.646000,6.000000
-1.646000,6.000000
-1.646000,6.000000
-1.646000,6.000000
-1.646000,6.000000
-1.646000,6.000000
-1.646000,6.000000
-1.646000,6.000000
-1.646000,6.000000
-1.646000,6.000000
-1.646000,6.000000
-1.646000,6.000000
-1.646000,6.000000
-1.646000,6.000000
-1.646000,6.000000
-1.646000,6.000000
-1.646000,6.000000
-1.646000,6.000000
-1.646000,6.000000
-1.646000,6.000000
-1.646000,6.000000
-1.646000,6.000000
-1.646000,6.000000
-1.646000,6.000000
-1.646000,6.000000
-1.646000,6.000000
-1.646000,6.000000
-1.646000,6.000000
-1.646000,6.000000
-1.646000,6.000000
-1.646000,6.000000
-1.646000,6.000000
-1.646000,6.000000
-1.646000,6.000000
-1.646000,6.000000
-1.646000,6.000000
-1.646000,6.000000
-1.646000,6.000000
-1.646000,6.000000
-1.646000,6.000000
-1.646000,6.000000
-1.646000,6.000000
-1.646000,6.000000
-1.646000,6.000000
-1.646000,6.000000
-1.646000,6.000000
-1.646000,6.000000
-1.645664,6.000000
-1.645550,6.000000
-1.645410,5.999999
-1.645244,5.999999
-1.645044,5.999999
-1.644813,5.999999
-1.644546,5.999998
-1.644241,5.999998
-1.643895,5.999997
-1.643506,5.999996
-1.643076,5.999996
-1.642592,5.999995
-1.642059,5.999994
-1.641472,5.999992
-1.640831,5.999991
-1.621093,5.999932
-1.619154,5.999925
-1.617116,5.999918
-1.614980,5.999910
-1.612743,5.999902
-1.610406,5.999893
-1.607961,5.999883
-1.605410,5.999873
-1.602752,5.999863
-1.599984,5.999852
-1.597096,5.999840
-1.594103,5.999828
-1.590986,5.999815
-1.587753,5.999801
-1.584397,5.999788
-1.512800,5.999478
-1.507103,5.999454
-1.501231,5.999430
-1.495267,5.999405
-1.489112,5.999381
-1.482840,5.999355
-1.476393,5.999331
-1.469752,5.999305
-1.462933,5.999280
-1.455991,5.999254
-1.448920,5.999230
-1.441616,5.999204
-1.434157,5.999180
-1.426577,5.999156
-1.418784,5.999132
-1.269484,5.999029
-1.258494,5.999066
-1.247112,5.999108
-1.235600,5.999159
-1.223973,5.999214
-1.212173,5.999279
-1.200023,5.999350
-1.187754,5.999430
-1.175358,5.999515
-1.162865,5.999609
-1.149996,5.999709
-1.137080,5.999818
-1.124008,5.999932
-1.110896,6.000054
-1.097417,6.000184
-0.868130,6.003166
-0.853149,6.003403
-0.838054,6.003646
-0.823018,6.003892
-0.807887,6.004144
-0.792746,6.004400
-0.777575,6.004660
-0.762403,6.004925
-0.747219,6.005193
-0.732023,6.005466
-0.716801,6.005742
-0.701592,6.006022
-0.686351,6.006305
-0.671118,6.006592
-0.655867,6.006882
-0.411327,6.011917
-0.396005,6.012253
-0.380702,6.012590
-0.365382,6.012930
-0.350071,6.013271
-0.334846,6.013609
-0.319631,6.013949
-0.304476,6.014286
-0.289343,6.014624
-0.274290,6.014959
-0.259257,6.015296
-0.244296,6.015630
-0.229338,6.015966
-0.214440,6.016300
-0.199534,6.016636
0.036260,6.022095
0.050962,6.022448
0.065714,6.022805
0.080439,6.023163
0.095202,6.023525
0.109971,6.023888
0.124763,6.024256
0.139659,6.024633
0.154592,6.025015
0.169619,6.025407
0.184670,6.025803
0.199825,6.026208
0.214944,6.026616
0.230155,6.027032
0.245367,6.027452
0.491262,6.034819
0.506704,6.035312
0.522169,6.035808
0.537503,6.036304
0.552949,6.036806
0.568440,6.037312
0.583882,6.037819
0.599371,6.038331
0.614848,6.038845
0.630358,6.039362
0.645837,6.039881
0.661322,6.040403
0.676826,6.040927
0.692306,6.041453
0.707809,6.041982
0.954115,6.050586
0.969251,6.051119
0.984398,6.051655
0.999492,6.052188
1.014602,6.052723
1.029670,6.053257
1.044755,6.053794
1.059811,6.054329
1.074869,6.054867
1.089886,6.055403
1.104950,6.055943
1.119999,6.056483
1.135062,6.057026
1.150088,6.057568
1.165183,6.058115
1.410865,6.067486
1.426479,6.068116
1.442065,6.068748
1.457693,6.069386
1.473279,6.070025
1.488929,6.070671
1.504554,6.071318
1.520204,6.071970
1.535829,6.072623
1.551512,6.073283
1.567157,6.073943
1.582830,6.074608
1.598494,6.075274
1.614161,6.075944
1.629849,6.076617
1.880842,6.087696
1.896505,6.088405
1.912196,6.089115
1.927866,6.089827
1.943537,6.090540
1.959207,6.091255
1.974858,6.091970
1.990520,6.092687
2.006175,6.093405
2.021807,6.094124
2.037457,6.094845
2.053116,6.095568
2.068717,6.096289
2.084358,6.097013
2.100135,6.097745
2.347481,6.109259
2.362802,6.109972
2.378155,6.110688
2.393482,6.111403
2.408839,6.112121
2.424172,6.112837
2.439561,6.113559
2.454904,6.114277
2.470313,6.115001
2.485699,6.115723
2.501120,6.116450
2.516547,6.117177
2.532037,6.117910
2.547497,6.118641
2.563046,6.119379
2.817981,6.131945
2.834262,6.132783
2.850522,6.133622
2.866834,6.134469
2.883117,6.135316
2.899435,6.136170
2.915727,6.137024
2.932188,6.137892
2.948385,6.138748
2.964726,6.139615
2.981040,6.140483
2.997386,6.141356
3.013717,6.142231
3.030094,6.143112
3.046416,6.143991
3.308161,6.158415
3.324538,6.159334
3.340858,6.160252
3.357202,6.161173
3.373534,6.162094
3.389873,6.163018
3.406224,6.163944
3.422472,6.164862
3.438697,6.165780
3.454924,6.166697
3.471043,6.167609
3.487174,6.168520
3.503262,6.169431
3.519337,6.170339
3.535388,6.171248
3.791104,6.185830
3.807120,6.186754
3.823194,6.187685
3.839255,6.188616
3.855452,6.189558
3.871546,6.190494
3.887616,6.191433
3.904019,6.192399
3.920313,6.193362
3.936808,6.194344
3.953303,6.195330
3.969833,6.196324
3.986398,6.197324
4.003069,6.198336
4.019775,6.199354
4.289630,6.216370
4.306599,6.217470
4.323691,6.218581
4.340623,6.219686
4.357440,6.220784
4.374559,6.221907
4.391552,6.223023
4.408481,6.224138
4.425313,6.225248
4.442429,6.226381
4.459413,6.227507
4.476376,6.228634
4.493392,6.229767
4.510345,6.230898
4.527316,6.232032
4.796187,6.250175
4.812543,6.251283
4.829218,6.252416
4.845647,6.253531
4.862039,6.254646
4.878456,6.255762
4.894961,6.256888
4.911159,6.257992
4.927576,6.259114
4.943979,6.260235
4.960439,6.261364
4.976740,6.262481
4.993145,6.263610
5.009508,6.264735
5.025831,6.265862
5.291818,6.284647
5.308924,6.285901
5.326077,6.287163
5.343268,6.288434
5.360483,6.289712
5.377747,6.290999
5.395075,6.292296
5.412362,6.293596
5.429675,6.294901
5.447017,6.296215
5.464380,6.297534
5.481764,6.298860
5.499056,6.300183
5.516481,6.301522
5.533932,6.302865
5.813721,6.324925
5.831124,6.326325
5.848649,6.327736
5.866213,6.329154
5.883745,6.330572
5.901272,6.331992
5.918886,6.333421
5.936494,6.334852
5.953984,6.336276
5.971458,6.337697
5.988966,6.339122
6.006377,6.340539
6.023733,6.341953
6.041117,6.343369
6.058455,6.344783
6.334225,6.367444
6.351555,6.368883
6.368790,6.370319
6.386143,6.371766
6.403498,6.373218
6.420849,6.374670
6.438227,6.376130
6.455619,6.377592
6.473097,6.379067
6.490497,6.380536
6.508116,6.382030
6.525476,6.383503
6.543075,6.385002
6.560831,6.386525
6.578646,6.388058
6.873470,6.414389
6.892206,6.416114
6.910914,6.417840
6.929710,6.419580
6.948484,6.421322
6.967410,6.423085
6.986202,6.424838
7.005011,6.426599
7.023850,6.428365
7.042708,6.430139
7.061379,6.431899
7.080373,6.433694
7.099115,6.435468
7.117985,6.437260
7.136845,6.439053
7.439563,6.468291
7.458525,6.470147
7.477457,6.472002
7.496405,6.473861
7.515320,6.475719
7.534261,6.477582
7.553201,6.479447
7.572131,6.481314
7.591072,6.483183
7.609999,6.485053
7.628922,6.486924
7.647991,6.488812
7.666769,6.490673
7.685679,6.492549
7.704588,6.494427
8.006613,6.524627
8.025285,6.526505
8.044155,6.528404
8.063008,6.530303
8.081795,6.532196
8.100588,6.534090
8.119438,6.535992
8.138104,6.537876
8.156882,6.539772
8.175514,6.541651
8.194247,6.543541
8.212641,6.545395
8.231377,6.547284
8.249856,6.549146
8.268378,6.551013
8.561915,6.580651
8.580218,6.582507
8.598611,6.584376
8.616933,6.586239
8.635353,6.588114
8.653695,6.589983
8.672165,6.591868
8.690545,6.593745
8.709074,6.595642
8.727506,6.597529
8.745901,6.599417
8.764637,6.601342
8.783322,6.603266
8.801914,6.605189
8.820565,6.607122
9.129569,6.639970
9.148902,6.642068
9.168424,6.644190
9.187968,6.646320
9.207509,6.648452
9.227086,6.650594
9.246640,6.652736
9.266224,6.654886
9.285815,6.657039
9.305399,6.659196
9.324979,6.661356
9.344589,6.663523
9.364182,6.665691
9.383684,6.667848
9.403173,6.670006
9.708114,6.703989
9.726847,6.706096
9.745595,6.708209
9.764289,6.710318
9.783001,6.712434
9.801877,6.714570
9.820559,6.716689
9.839162,6.718801
9.857830,6.720927
9.876484,6.723053
9.895135,6.725184
9.913748,6.727313
9.932447,6.729459
9.950924,6.731581
9.969792,6.733755
10.272914,6.769526
10.292645,6.771934
10.312134,6.774320
10.332021,6.776766
10.351847,6.779212
10.371701,6.781672
10.391604,6.784145
10.411430,6.786620
10.431615,6.789145
10.451662,6.791664
10.471686,6.794186
10.491789,6.796728
10.511911,6.799277
10.532063,6.801840
10.552204,6.804407
10.877408,6.846735
10.897881,6.849446
10.918343,6.852160
10.938690,6.854859
10.959051,6.857563
10.979304,6.860252
10.999541,6.862944
11.019689,6.865624
11.039797,6.868304
11.059857,6.870977
11.079887,6.873651
11.099808,6.876311
11.119738,6.878978
11.139595,6.881635
11.159470,6.884300
11.473638,6.926946
11.493170,6.929637
11.512739,6.932341
11.532297,6.935046
11.551894,6.937765
11.571460,6.940484
11.591087,6.943220
11.610664,6.945952
11.630484,6.948728
11.650129,6.951484
11.669828,6.954256
11.689343,6.957008
11.709064,6.959798
11.728811,6.962597
11.748627,6.965415
12.072801,7.012878
12.093817,7.016074
12.115250,7.019344
12.136685,7.022632
12.158121,7.025930
12.179722,7.029271
12.201379,7.032631
12.223169,7.036028
12.244987,7.039438
12.266832,7.042869
12.288627,7.046300
12.310905,7.049823
12.332709,7.053279
12.354848,7.056803
12.376997,7.060337
12.735760,7.118920
12.758553,7.122714
12.781237,7.126496
12.803717,7.130252
12.826611,7.134083
12.849318,7.137891
12.871848,7.141673
12.894686,7.145509
12.917053,7.149271
12.939727,7.153085
12.962234,7.156877
12.984576,7.160643
13.006958,7.164421
13.029219,7.168181
13.051521,7.171954
13.402537,7.232012
13.424296,7.235786
13.446102,7.239578
13.467833,7.243361
13.489649,7.247169
13.511551,7.250998
13.533385,7.254825
13.555118,7.258640
13.576760,7.262450
13.598628,7.266305
13.620612,7.270193
13.642263,7.274028
13.664110,7.277909
13.685858,7.281780
13.707754,7.285689
14.067299,7.351705
14.090686,7.356135
14.114104,7.360582
14.137617,7.365064
14.161157,7.369563
14.184804,7.374098
14.208489,7.378650
14.232211,7.383226
14.255943,7.387813
14.279772,7.392434
14.303591,7.397062
14.327500,7.401722
14.351388,7.406387
14.375382,7.411086
14.399330,7.415785
14.784819,7.492638
14.808570,7.497425
14.832316,7.502219
14.855933,7.506990
14.879570,7.511773
14.903100,7.516539
14.926641,7.521316
14.950086,7.526078
14.973534,7.530850
14.996891,7.535608
15.020205,7.540366
15.043546,7.545136
15.066869,7.549911
15.090257,7.554705
15.113631,7.559508
15.482618,7.636548
15.505658,7.641446
15.528781,7.646377
15.551831,7.651302
15.574959,7.656259
15.598021,7.661212
15.621197,7.666205
15.644316,7.671196
15.667521,7.676222
15.690665,7.681245
15.713937,7.686314
15.737136,7.691377
15.760435,7.696481
15.783711,7.701591
15.807073,7.706738
16.195485,7.795221
16.220845,7.801191
16.246390,7.807219
16.272004,7.813288
16.297408,7.819322
16.323188,7.825468
16.349208,7.831686
16.375087,7.837892
16.400906,7.844097
16.426829,7.850347
16.452826,7.856629
16.478932,7.862956
16.505020,7.869292
16.531224,7.875674
16.557436,7.882070
16.981800,7.987432
17.008246,7.994080
17.034686,8.000736
17.061024,8.007371
17.087390,8.014022
17.113609,8.020642
17.139868,8.027282
17.166005,8.033896
17.192143,8.040522
17.218196,8.047132
17.244284,8.053763
17.270237,8.060365
17.296237,8.066992
17.322148,8.073602
17.348084,8.080232
17.760477,8.187172
17.786151,8.193938
17.811925,8.200750
17.837652,8.207561
17.863199,8.214343
17.889135,8.221240
17.915019,8.228144
17.940511,8.234956
17.966462,8.241911
17.992305,8.248850
18.018313,8.255855
18.044083,8.262811
18.070070,8.269846
18.096225,8.276960
18.122525,8.284135
18.561776,8.407345
18.590246,8.415516
18.618341,8.423594
18.646815,8.431803
18.675252,8.440016
18.703670,8.448243
18.732135,8.456498
18.760614,8.464777
18.789283,8.473124
18.817718,8.481421
18.846500,8.489832
18.875319,8.498272
18.903993,8.506682
18.932961,8.515194
18.961739,8.523662
19.422418,8.660747
19.450784,8.669259
19.479148,8.677783
19.507418,8.686286
19.536085,8.694920
19.563833,8.703286
19.592045,8.711804
19.620110,8.720286
19.648184,8.728785
19.676204,8.737276
19.704241,8.745787
19.732158,8.754270
19.760117,8.762781
19.788206,8.771341
19.816158,8.779876
20.259812,8.917340
20.287515,8.926066
20.315267,8.934830
20.343004,8.943606
20.370760,8.952411
20.398501,8.961228
20.426311,8.970092
20.454080,8.978960
20.481957,8.987889
20.509745,8.996807
20.537665,9.005793
20.565514,9.014776
20.593427,9.023807
20.621317,9.032850
20.649317,9.041957
21.116459,9.198376
21.146900,9.208837
21.177347,9.219321
21.207982,9.229903
21.238660,9.240520
21.269425,9.251198
21.300244,9.261916
21.331187,9.272705
21.362120,9.283510
21.393152,9.294378
21.424216,9.305276
21.455407,9.316244
21.486515,9.327201
21.517779,9.338239
21.549024,9.349286
22.052281,9.529609
22.083374,9.540861
22.114417,9.552111
22.145342,9.563328
22.176274,9.574565
22.207084,9.585769
22.238064,9.597052
22.268599,9.608184
22.299304,9.619397
22.329895,9.630581
22.360525,9.641799
22.391253,9.653065
22.421542,9.664191
22.451935,9.675368
22.482361,9.686579
22.964833,9.867029
22.994779,9.878418
23.024817,9.889871
23.054780,9.901318
23.084850,9.912836
23.114790,9.924326
23.144831,9.935887
23.174788,9.947439
23.204832,9.959056
23.234783,9.970662
23.264809,9.982331
23.294805,9.994013
23.324895,10.005767
23.354884,10.017508
23.384944,10.029312
23.881934,10.229979
23.914396,10.243441
23.946829,10.256921
23.979499,10.270542
24.012369,10.284276
24.045084,10.297985
24.078286,10.311927
24.111311,10.325833
24.144430,10.339806
24.177708,10.353883
24.210701,10.367864
24.244145,10.382073
24.277485,10.396261
24.310975,10.410548
24.344142,10.424719
24.886536,10.659876
24.920804,10.674916
24.955040,10.689958
24.989392,10.705072
25.023665,10.720166
25.058045,10.735327
25.092436,10.750507
25.126827,10.765705
25.161239,10.780927
25.195718,10.796196
25.230173,10.811468
25.264736,10.826804
25.299211,10.842114
25.333770,10.857477
25.368295,10.872837
25.923482,11.121485
25.958248,11.137145
25.993067,11.152835
26.027850,11.168519
26.062655,11.184221
26.097484,11.199943
26.132297,11.215665
26.167175,11.231425
26.201975,11.247156
26.236850,11.262930
26.271693,11.278695
26.306544,11.294472
26.341356,11.310238
26.376215,11.326033
26.411059,11.341826
26.968810,11.595424
27.003618,11.611293
27.038452,11.627177
27.073327,11.643085
27.108129,11.658963
27.142798,11.674777
27.177460,11.690592
27.211973,11.706336
27.246478,11.722082
27.280830,11.737758
27.315203,11.753449
27.349378,11.769049
27.383582,11.784670
27.417638,11.800224
27.451698,11.815788
27.989115,12.062372
28.022267,12.077671
28.055572,12.093058
28.088627,12.108341
28.121795,12.123693
28.154818,12.138990
28.187584,12.154187
28.220548,12.169488
28.253571,12.184837
28.286461,12.200138
28.319356,12.215462
28.352168,12.230761
28.385040,12.246112
28.418024,12.261546
28.451051,12.277022
28.987862,12.531757
29.021711,12.547991
29.055607,12.564263
29.089530,12.580567
29.123448,12.596883
29.157454,12.613259
29.191372,12.629607
29.225208,12.645921
29.258960,12.662208
29.292629,12.678463
29.326229,12.694699
29.359715,12.710887
29.393156,12.727071
29.426423,12.743178
29.459699,12.759307
29.979610,13.013415
30.011324,13.029070
30.043024,13.044743
30.074556,13.060351
30.106065,13.075974
30.137419,13.091538
30.168744,13.107114
30.199916,13.122634
30.231067,13.138171
30.262068,13.153653
30.293037,13.169148
30.323854,13.184587
30.354594,13.200018
30.385285,13.215445
30.415926,13.230878
30.892824,13.474843
30.921814,13.489929
30.950800,13.505051
30.979631,13.520120
31.008396,13.535193
31.037018,13.550220
31.065619,13.565275
31.094070,13.580281
31.122486,13.595308
31.150779,13.610301
31.178988,13.625289
31.207080,13.640247
31.235109,13.655212
31.263145,13.670212
31.290887,13.685098
31.735884,13.929838
31.764492,13.945981
31.793102,13.962160
31.821867,13.978475
31.850609,13.994811
31.879576,14.011322
31.908469,14.027822
31.937561,14.044482
31.966636,14.061162
31.995874,14.077979
32.025071,14.094801
32.054439,14.111763
32.083825,14.128763
32.112988,14.145655
32.142153,14.162575
32.596605,14.429788
32.624228,14.446272
32.651807,14.462766
32.679277,14.479220
32.706686,14.495676
32.733973,14.512085
32.761221,14.528509
32.788325,14.544874
32.815369,14.561240
32.842277,14.577553
32.869167,14.593894
32.896151,14.610322
32.922634,14.626484
32.949193,14.642723
32.975764,14.659009
33.387577,14.916362
33.412523,14.932278
33.437477,14.948245
33.462180,14.964089
33.486911,14.979996
33.511660,14.995952
33.536050,15.011723
33.560478,15.027556
33.584813,15.043377
33.609056,15.059176
33.633225,15.074975
33.657287,15.090743
33.681289,15.106520
33.705110,15.122217
33.728938,15.137968
34.099251,15.388918
34.121963,15.404717
34.144500,15.420452
34.166900,15.436137
34.189291,15.451872
34.211555,15.467564
34.233859,15.483342
34.255962,15.499025
34.278148,15.514825
34.300637,15.530938
34.323173,15.547143
34.346030,15.563671
34.369048,15.580372
34.392022,15.597130
34.415254,15.614130
34.803223,15.906924
34.828392,15.926402
34.853550,15.945911
34.878811,15.965557
34.904069,15.985237
34.929537,16.005137
34.954958,16.025035
34.980550,16.045120
35.006090,16.065199
35.031829,16.085484
35.057517,16.105762
35.083351,16.126204
35.109143,16.146644
35.135127,16.167281
35.161049,16.187900
35.582696,16.527850
35.609392,16.549621
35.636090,16.571413
35.662850,16.593285
35.689563,16.615137
35.716394,16.637114
35.743189,16.659079
35.770041,16.681117
35.796887,16.703168
35.823887,16.725370
35.850694,16.747431
35.877600,16.769596
35.904536,16.791803
35.931549,16.814095
35.958494,16.836348
36.389062,17.193973
36.415669,17.216173
36.442062,17.238213
36.468308,17.260139
36.494362,17.281925
36.520477,17.303771
36.546571,17.325619
36.572529,17.347365
36.598474,17.369120
36.624294,17.390784
36.650098,17.412455
36.675802,17.434056
36.701468,17.455647
36.726962,17.477108
36.752483,17.498615
37.152532,17.838646
37.177040,17.859683
37.201493,17.880705
37.226040,17.901832
37.250518,17.922932
37.274899,17.943973
37.299226,17.965002
37.323658,17.986147
37.347994,18.007244
37.372212,18.028266
37.396571,18.049447
37.420604,18.070371
37.444957,18.091613
37.468903,18.112527
37.493015,18.133626
37.878075,18.475964
37.902723,18.498298
37.927363,18.520663
37.952176,18.543243
37.976952,18.565827
38.001886,18.588608
38.026809,18.611416
38.051856,18.634389
38.076888,18.657384
38.102227,18.680710
38.127370,18.703890
38.152601,18.727196
38.177863,18.750565
38.203193,18.774042
38.228506,18.797533
38.636189,19.180192
38.661253,19.203923
38.686367,19.227730
38.711243,19.251331
38.735958,19.274808
38.760767,19.298395
38.785527,19.321967
38.810162,19.345441
38.834748,19.368900
38.859253,19.392304
38.883699,19.415684
38.908022,19.438970
38.932305,19.462251
38.956480,19.485454
38.980639,19.508675
39.355820,19.873612
39.378561,19.896027
39.401277,19.918459
39.423848,19.940782
39.446424,19.963153
39.468823,19.985383
39.491215,20.007650
39.513498,20.029845
39.535925,20.052229
39.558010,20.074308
39.580103,20.096441
39.602067,20.118482
39.623724,20.140261
39.645514,20.162211
39.667236,20.184142
40.020351,20.548068
40.042944,20.571792
40.065661,20.595682
40.088228,20.619466
40.110845,20.643338
40.133647,20.667454
40.156316,20.691462
40.179083,20.715621
40.201845,20.739807
40.224752,20.764191
40.247548,20.788488
40.270522,20.813016
40.293466,20.837543
40.316505,20.862211
40.339550,20.886914
40.711765,21.290010
40.735074,21.315474
40.758400,21.340975
40.781800,21.366565
40.805190,21.392164
40.828268,21.417432
40.851339,21.442713
40.874414,21.468010
40.897407,21.493239
40.920352,21.518427
40.943357,21.543705
40.966090,21.568696
40.988844,21.593736
41.011593,21.618784
41.034046,21.643531
41.387135,22.035759
41.408685,22.059916
41.430281,22.084161
41.451728,22.108262
41.473231,22.132463
41.494600,22.156538
41.516023,22.180711
41.537301,22.204748
41.558613,22.228861
41.579847,22.252914
41.601116,22.277047
41.622240,22.301043
41.643435,22.325163
41.664486,22.349147
41.685673,22.373330
42.019704,22.760107
42.040872,22.785064
42.062020,22.810045
42.083344,22.835305
42.104663,22.860609
42.126349,22.886418
42.147874,22.912081
42.169479,22.937907
42.191139,22.963841
42.212908,22.989971
42.234698,23.016169
42.256538,23.042488
42.278457,23.068943
42.300239,23.095292
42.322207,23.121905
42.678420,23.559324
42.700902,23.587250
42.723358,23.615172
42.745866,23.643194
42.768354,23.671218
42.790943,23.699403
42.813463,23.727525
42.836024,23.755732
42.858577,23.783953
42.881083,23.812147
42.903784,23.840607
42.926405,23.868998
42.949056,23.897448
42.971471,23.925631
42.994102,23.954103
43.357751,24.414556
43.380536,24.443564
43.403289,24.472544
43.426108,24.501627
43.448794,24.530553
43.471662,24.559727
43.494469,24.588836
43.517274,24.617958
43.540063,24.647072
43.562869,24.676223
43.585644,24.705346
43.608477,24.734556
43.631274,24.763731
43.654075,24.792927
43.676885,24.822143
44.035808,25.282990
44.057696,25.311183
44.079681,25.339523
44.101624,25.367817
44.123505,25.396054
44.145365,25.424275
44.167215,25.452506
44.188946,25.480598
44.210743,25.508799
44.232416,25.536853
44.254126,25.564983
44.275791,25.593069
44.297445,25.621170
44.319013,25.649175
44.340590,25.677221
44.682994,26.126048
44.704333,26.154297
44.725525,26.182394
44.746940,26.210821
44.768027,26.238858
44.789199,26.267041
44.810452,26.295380
44.831885,26.324027
44.853543,26.353023
44.875126,26.381984
44.896834,26.411159
44.918305,26.440076
44.940099,26.469472
44.962000,26.499074
44.983957,26.528793
45.341958,27.019661
45.364610,27.051065
45.387157,27.082351
45.409905,27.113957
45.432508,27.145389
45.455092,27.176831
45.477736,27.208384
45.500515,27.240161
45.523101,27.271694
45.545925,27.303594
45.568600,27.335309
45.591312,27.367110
45.614018,27.398925
45.636723,27.430770
45.659380,27.462569
46.020327,27.971991
46.042451,28.003374
46.064597,28.034817
46.086701,28.066217
46.108604,28.097364
46.130728,28.128844
46.152521,28.159885
46.174554,28.191289
46.196426,28.222499
46.218077,28.253416
46.239877,28.284581
46.261632,28.315706
46.283424,28.346924
46.305086,28.377980
46.326733,28.409056
46.668969,28.905591
46.690101,28.936628
46.711317,28.967848
46.732451,28.998991
46.753571,29.030175
46.774691,29.061406
46.795803,29.092689
46.816826,29.123889
46.837938,29.155289
46.858928,29.186557
46.880003,29.218021
46.900996,29.249417
46.922019,29.280928
46.942949,29.312356
46.963935,29.343943
47.306121,29.870250
47.328167,29.904886
47.350215,29.939590
47.372375,29.974555
47.394510,30.009545
47.416753,30.044787
47.438986,30.080073
47.461337,30.115627
47.483616,30.151123
47.506002,30.186867
47.528396,30.222678
47.550820,30.258611
47.573247,30.294601
47.595689,30.330685
47.618132,30.366823
47.979156,30.955318
48.001808,30.992633
48.024436,31.029943
48.046954,31.067089
48.069477,31.104282
48.091963,31.141434
48.114389,31.178524
48.136630,31.215334
48.158850,31.252148
48.180974,31.288830
48.203137,31.325620
48.225019,31.361971
48.247066,31.398641
48.268969,31.435101
48.290876,31.471618
48.632890,32.047906
48.653686,32.083395
48.674705,32.119335
48.695561,32.155051
48.716419,32.190842
48.737043,32.226289
48.757782,32.262008
48.778432,32.297633
48.799005,32.333203
48.819653,32.368966
48.840224,32.404676
48.860821,32.440496
48.881321,32.476232
48.901540,32.511546
48.922142,32.547616
49.252252,33.138756
49.273628,33.177889
49.294787,33.216704
49.316018,33.255750
49.337269,33.294906
49.358708,33.334506
49.379917,33.373750
49.401310,33.413427
49.422688,33.453147
49.444114,33.493041
49.465530,33.532985
49.487010,33.573130
49.508411,33.613192
49.529978,33.653647
49.551411,33.693909
49.895914,34.349479
49.917465,34.390946
49.939013,34.432449
49.960506,34.473896
49.982151,34.515674
50.003517,34.556963
50.025274,34.599043
50.046848,34.640819
50.068392,34.682569
50.089957,34.724405
50.111498,34.766228
50.133081,34.808175
50.154430,34.849701
50.176010,34.891714
50.197571,34.933721
50.542374,35.609681
50.563943,35.652191
50.585511,35.694720
50.606930,35.736978
50.628432,35.779423
50.649959,35.821938
50.671246,35.863997
50.692922,35.906847
50.714436,35.949396
50.735933,35.991933
50.757434,36.034492
50.778719,36.076647
50.800177,36.119158
50.821636,36.161691
50.843125,36.204299
51.185782,36.885722
51.207157,36.928339
51.228557,36.971015
51.249920,37.013629
51.271304,37.056295
51.292667,37.098928
51.314059,37.141630
51.335417,37.184274
51.356780,37.226937
51.378151,37.269626
51.399505,37.312288
51.420894,37.355032
51.442273,37.397761
51.463685,37.440566
51.485040,37.483265
51.829354,38.172700
51.851051,38.216198
51.872796,38.259798
51.894564,38.303448
51.916365,38.347172
51.938363,38.391295
51.960356,38.435413
51.982127,38.479091
52.004070,38.523117
52.026043,38.567210
52.048067,38.611409
52.070084,38.655598
52.092216,38.700023
52.114304,38.744365
52.136413,38.788751
52.492306,39.503741
52.514519,39.548392
52.536744,39.593073
52.558984,39.637786
52.581215,39.682485
52.603415,39.727122
52.625643,39.771820
52.647809,39.816398
52.670037,39.861101
52.692217,39.905711
52.714183,39.949892
52.736564,39.994911
52.758728,40.039495
52.780878,40.084053
52.803064,40.128686
53.156430,40.839805
53.178480,40.884192
53.200531,40.928583
53.222589,40.972988
53.244650,41.017400
53.266771,41.061953
53.288909,41.106536
53.311135,41.151313
53.333534,41.196432
53.355941,41.241578
53.378205,41.286428
53.400633,41.331615
53.422870,41.376404
53.445587,41.422165
53.467966,41.467226
53.838426,42.211032
53.862261,42.258639
53.886214,42.306466
53.910271,42.354434
53.934425,42.402576
53.958687,42.450862
53.983058,42.499339
54.007516,42.547913
54.031992,42.596442
54.056507,42.644997
54.081020,42.693464
54.105564,42.741946
54.130142,42.790417
54.154735,42.838874
54.179340,42.887277
54.573157,43.655120
54.597707,43.702616
54.622238,43.750027
54.646764,43.797401
54.671265,43.844683
54.695776,43.891957
54.720259,43.939136
54.744745,43.986295
54.769222,44.033396
54.793667,44.080414
54.818112,44.127391
54.842576,44.174384
54.866992,44.221248
54.891397,44.268070
54.915802,44.314856
55.305316,45.058464
55.329677,45.104815
55.354171,45.151432
55.378617,45.197920
55.403205,45.244688
55.427815,45.291457
55.452480,45.338336
55.477218,45.385309
55.502037,45.432436
55.526843,45.479492
55.551854,45.526931
55.576791,45.574179
55.601919,45.621782
55.626952,45.669147
55.652371,45.717233
56.068592,46.497784
56.095205,46.547146
56.121956,46.596664
56.148677,46.646064
56.175435,46.695437
56.202176,46.744722
56.228911,46.793906
56.255703,46.843139
56.282473,46.892244
56.309130,46.941092
56.335931,46.990120
56.362691,47.039025
56.389401,47.087761
56.416134,47.136490
56.442864,47.185141
56.868028,47.952143
56.894693,47.999878
56.921195,48.047274
56.947615,48.094497
56.974055,48.141712
57.000460,48.188836
57.026941,48.236055
57.053247,48.282940
57.079685,48.330017
57.106001,48.376855
57.132303,48.423632
57.158511,48.470218
57.185142,48.517519
57.211486,48.564290
57.237734,48.610858
57.657090,49.351755
57.683342,49.397983
57.709664,49.444344
57.736019,49.490729
57.762453,49.537259
57.788912,49.583796
57.815470,49.630509
57.842056,49.677231
57.868733,49.724111
57.895439,49.770995
57.922258,49.818074
57.949143,49.865220
57.976074,49.912437
58.003099,49.959766
58.030213,50.007237
58.475980,50.781115
58.504552,50.830187
58.533045,50.879028
58.561634,50.927975
58.590130,50.976671
58.618723,51.025478
58.647262,51.074106
58.675910,51.122866
58.704460,51.171377
58.733042,51.219891
58.761490,51.268100
58.790027,51.316413
58.818419,51.364406
58.846879,51.412468
58.875187,51.460203
59.327974,52.217183
59.356162,52.263958
59.384295,52.310595
59.412435,52.357219
59.440549,52.403757
59.468672,52.450286
59.496755,52.496708
59.524839,52.543109
59.552931,52.589485
59.580985,52.635774
59.609012,52.681985
59.637015,52.728134
59.665017,52.774247
59.693058,52.820405
59.721033,52.866420
60.176458,53.612662
60.205562,53.660065
60.234752,53.707583
60.264034,53.755186
60.293414,53.802920
60.322887,53.850735
60.352487,53.898725
60.382371,53.947103
60.411914,53.994891
60.442101,54.043644
60.472081,54.092022
60.501889,54.140042
60.532432,54.189202
60.562505,54.237520
60.593370,54.287062
61.096691,55.083347
61.128696,55.133164
61.160672,55.182820
61.192708,55.232495
61.224731,55.282042
61.256728,55.331478
61.288732,55.380821
61.320716,55.430067
61.352702,55.479217
61.384651,55.528247
61.416609,55.577199
61.448531,55.626035
61.480412,55.674720
61.512272,55.723316
61.544119,55.771808
62.050613,56.535072
62.082073,56.582055
62.113700,56.629273
62.145460,56.676638
62.177424,56.724292
62.209176,56.771574
62.240952,56.818872
62.272861,56.866311
62.304943,56.913980
62.336979,56.961521
62.369320,57.009487
62.401611,57.057311
62.434195,57.105538
62.466487,57.153264
62.499226,57.201614
63.036309,57.985555
63.070958,58.035451
63.105534,58.085169
63.140804,58.135776
63.175681,58.185738
63.211286,58.236631
63.246471,58.286838
63.282272,58.337806
63.317924,58.388474
63.353882,58.439453
63.390405,58.491140
63.426533,58.542141
63.463069,58.593618
63.499767,58.645193
63.536725,58.697028
64.155713,59.546230
64.196378,59.600710
64.237454,59.655586
64.278625,59.710404
64.319955,59.765272
64.361653,59.820439
64.403776,59.876001
64.445959,59.931445
64.488536,59.987234
64.531318,60.043088
64.574542,60.099338
64.617944,60.155611
64.661854,60.212354
64.705564,60.268625
64.749929,60.325545
65.505779,61.262901
65.556047,61.323058
65.606879,61.383625
65.658050,61.444305
65.710220,61.505891
65.761661,61.566318
65.814108,61.627647
65.866960,61.689140
65.920352,61.750970
65.974058,61.812845
66.028316,61.875054
66.082962,61.937380
66.138270,62.000150
66.193667,62.062685
66.249741,62.125663
67.216755,63.160146
67.281884,63.226382
67.347671,63.292867
67.414024,63.359478
67.481058,63.426339
67.548620,63.493269
67.616880,63.560445
67.685733,63.627734
67.754958,63.694930
67.825426,63.762852
67.895689,63.830034
67.966248,63.897025
68.036906,63.963595
68.107802,64.029935
68.178759,64.095841
69.333542,65.112896
69.406659,65.174297
69.479763,65.235369
69.553067,65.296327
69.626312,65.356932
69.699727,65.417409
69.773122,65.477581
69.846692,65.537641
69.920205,65.597378
69.993852,65.656981
70.067463,65.716293
70.141225,65.775494
70.214941,65.834409
70.288759,65.893184
70.362532,65.951687
71.545314,66.863038
71.619153,66.918502
71.692891,66.973740
71.766659,67.028866
71.840386,67.083818
71.914085,67.138621
71.987674,67.193207
72.061360,67.247744
72.134903,67.302044
72.208420,67.356212
72.281750,67.410118
72.355691,67.464366
72.428404,67.517594
72.502182,67.571500
72.575139,67.624694
73.737523,68.460014
73.810062,68.511510
73.882944,68.563199
73.955872,68.614853
74.028994,68.666588
74.102259,68.718351
74.175784,68.770234
74.249441,68.822131
74.323318,68.874114
74.397350,68.926119
74.471769,68.978321
74.546077,69.030352
74.620763,69.082565
74.695608,69.134791
74.770740,69.187129
76.004654,70.030637
76.084020,70.083719
76.163697,70.136859
76.243699,70.190047
76.323925,70.243225
76.404479,70.296446
76.485367,70.349721
76.566530,70.402995
76.648077,70.456347
76.729994,70.509750
76.812092,70.563091
76.894643,70.616527
76.977450,70.669940
77.060631,70.723389
77.144171,70.776870
78.532403,71.633811
78.622618,71.687312
78.713339,71.740839
78.804453,71.794307
78.895587,71.847460
78.986972,71.900459
79.078123,71.953004
79.169601,72.005448
79.261110,72.057604
79.352677,72.109515
79.444056,72.161030
79.535599,72.212374
79.627044,72.263386
79.718733,72.314283
79.810355,72.364879
81.289721,73.151420
81.382964,73.199340
81.476668,73.247321
81.569712,73.294804
81.663369,73.342434
81.757480,73.390140
81.851649,73.437715
81.945975,73.485221
82.040554,73.532700
82.135268,73.580106
82.230066,73.627404
82.325135,73.674703
82.420464,73.721988
82.515901,73.769197
82.611531,73.816364
84.171309,74.569564
84.270854,74.616742
84.370742,74.663987
84.470757,74.711204
84.571068,74.758470
84.671688,74.805796
84.772576,74.853160
84.873778,74.900590
84.975205,74.948041
85.076952,74.995562
85.178978,75.043133
85.281352,75.090789
85.383964,75.138478
85.487809,75.186667
85.590957,75.234455
87.287185,76.011189
87.395759,76.060401
87.505530,76.110100
87.615161,76.159686
87.725166,76.209388
87.835145,76.259029
87.945135,76.308625
88.056485,76.358787
88.167934,76.408945
88.279774,76.459233
88.392091,76.509689
88.504800,76.560276
88.617873,76.610981
88.731323,76.661813
88.845257,76.712817
90.714299,77.544207
90.835077,77.597633
90.954830,77.650573
91.074791,77.703576
91.195186,77.756741
91.316001,77.810063
91.437011,77.863442
91.558259,77.916898
91.679695,77.970409
91.801461,78.024039
91.922508,78.077326
92.044854,78.131160
92.167380,78.185047
92.290063,78.238979
92.413139,78.293058
94.408697,79.166957
94.535033,79.222120
94.661369,79.277266
94.787748,79.332415
94.914386,79.387661
95.041169,79.442955
95.168165,79.498326
95.295153,79.553679
95.422177,79.609033
95.549524,79.664514
95.676757,79.719930
95.804178,79.775416
95.931721,79.830941
96.059488,79.886550
96.187200,79.942123
98.237832,80.832919
98.366201,80.888601
98.495922,80.944861
98.623881,81.000347
98.751877,81.055843
98.880628,81.111657
99.007954,81.166847
99.136255,81.222451
99.264510,81.278029
99.392718,81.333579
99.520927,81.389123
99.649793,81.444945
99.778282,81.500597
99.905449,81.555669
100.034135,81.611394
102.081091,82.497047
102.208508,82.552137
102.337216,82.607781
102.464124,82.662643
102.592065,82.717948
102.720910,82.773639
102.848808,82.828918
102.976521,82.884114
103.104491,82.939417
103.231274,82.994203
103.360231,83.049926
103.488226,83.105230
103.615205,83.160092
103.743196,83.215388
103.871201,83.270687
105.925957,84.158003
106.054812,84.213629
106.184033,84.269409
106.313055,84.325103
106.442233,84.380861
106.571445,84.436633
106.700805,84.492467
106.830260,84.548340
106.959638,84.604162
107.089071,84.660000
107.218906,84.715993
107.348663,84.771947
107.476339,84.826993
107.606468,84.883102
107.734425,84.938273
109.776224,85.824452
109.901693,85.879599
110.027918,85.935194
110.153999,85.990858
110.279943,86.046591
110.405825,86.102444
110.531437,86.158319
110.656972,86.214319
110.782344,86.270403
110.907705,86.326656
111.032704,86.382916
111.158547,86.439744
111.283721,86.496486
111.407685,86.552896
111.534191,86.610695
113.563463,87.567906
113.691532,87.629995
113.819955,87.692432
113.948369,87.755032
114.076968,87.817890
114.205538,87.880894
114.334292,87.944150
114.463043,88.007557
114.591969,88.071204
114.720875,88.134988
114.849928,88.198992
114.978988,88.263139
115.109390,88.328095
115.238292,88.392439
115.367587,88.457113
117.437097,89.507989
117.566438,89.574517
117.695059,89.640741
117.823961,89.707183
117.954233,89.774391
118.083114,89.840956
118.211156,89.907152
118.338708,89.973175
118.465903,90.039087
118.593471,90.105284
118.720649,90.171365
118.847801,90.237538
118.974443,90.303545
119.100892,90.369571
119.227794,90.435948
121.207496,91.493300
121.328852,91.559845
121.449869,91.626444
121.570675,91.693186
121.691079,91.759960
121.811263,91.826886
121.931096,91.893885
122.050721,91.961055
122.170056,92.028345
122.289029,92.095733
122.407681,92.163235
122.526196,92.230977
122.644128,92.298695
122.762821,92.367184
122.879813,92.435017
124.719645,93.552742
124.832951,93.625196
124.946144,93.698075
125.059181,93.771343
125.172343,93.845156
125.285102,93.919176
125.397960,93.993770
125.510982,94.068972
125.624106,94.144768
125.737315,94.221128
125.850634,94.298085
125.964117,94.375655
126.077933,94.453965
126.191720,94.532744
126.305664,94.612130
128.143218,95.952247
128.258684,96.039770
128.374073,96.127584
128.489560,96.215803
128.604912,96.304253
128.720265,96.393018
128.835797,96.482241
128.951144,96.571625
129.066687,96.661465
129.182064,96.751466
129.297621,96.841901
129.413152,96.932592
129.528505,97.023423
129.643941,97.114585
129.760291,97.206738
131.605370,98.699370
131.720731,98.794399
131.835915,98.889458
131.951270,98.984825
132.066456,99.080222
132.181638,99.175774
132.296862,99.271522
132.412172,99.367493
132.527287,99.463456
132.642442,99.559597
132.757595,99.655883
132.872725,99.752288
132.987861,99.848837
133.103114,99.945617
133.218178,100.042371
135.057625,101.604608
135.172618,101.703112
135.287883,101.801936
135.401856,101.899735
135.517492,101.999042
135.632076,102.097525
135.746863,102.196261
135.861281,102.294754
135.976714,102.394195
136.091250,102.492936
136.206150,102.592061
136.320283,102.690592
136.433911,102.788754
136.549325,102.888524
136.664082,102.987791
138.485576,104.570883
138.598686,104.669591
138.711773,104.768320
138.824615,104.866874
138.937292,104.965323
139.049916,105.063763
139.162545,105.162244
139.274932,105.260548
139.387170,105.358758
139.499260,105.456871
139.611221,105.554905
139.723023,105.652831
139.834632,105.750619
139.946087,105.848303
140.057440,105.945927
141.812135,107.487580
141.919547,107.582080
142.026494,107.676176
142.132932,107.769847
142.238773,107.863011
142.344330,107.955962
142.449433,108.048545
142.554025,108.140730
142.658105,108.232512
142.761755,108.323982
142.864890,108.415060
142.967511,108.505767
143.069609,108.596089
143.171227,108.686085
143.272317,108.775706
144.872879,110.214214
144.972685,110.305096
145.072682,110.396278
145.173403,110.488238
145.273211,110.579484
145.372101,110.670002
145.471907,110.761470
145.571700,110.853033
145.671515,110.944725
145.771313,111.036502
145.871172,111.128440
145.970905,111.220358
146.070638,111.312374
146.169954,111.404098
146.270022,111.496610
147.854741,112.971952
147.952142,113.063248
148.048992,113.154121
148.145659,113.244938
148.242912,113.336414
148.339048,113.426971
148.434707,113.517201
148.530036,113.607264
148.625231,113.697339
148.719882,113.787057
148.814208,113.876619
148.908099,113.965940
149.002340,114.055762
149.095110,114.144369
149.188501,114.233749
150.644189,115.659218
150.734780,115.750133
150.825417,115.841339
150.915943,115.932664
151.006630,116.024384
151.097202,116.116208
151.187755,116.208236
151.278278,116.300443
151.368848,116.392912
151.459354,116.485516
151.549831,116.578294
151.640285,116.671242
151.730708,116.764351
151.821138,116.857651
151.911563,116.951132
153.356125,118.466180
153.446190,118.561818
153.536846,118.658206
153.626317,118.753448
153.716378,118.849435
153.807113,118.946252
153.897350,119.042649
153.986469,119.137956
154.077319,119.235220
154.167134,119.331477
154.257252,119.428160
154.347105,119.524653
154.437555,119.621885
154.526863,119.717981
154.616842,119.814889
156.047874,121.366314
156.135715,121.462090
156.223654,121.558047
156.310936,121.653386
156.398239,121.748838
156.485201,121.844029
156.571123,121.938188
156.658196,122.033735
156.744413,122.128465
156.830010,122.222656
156.915673,122.317056
157.000582,122.410782
157.085420,122.504580
157.169724,122.597960
157.253858,122.691315
158.553461,124.162669
158.632856,124.254878
158.713359,124.348681
158.792347,124.441006
158.872156,124.534583
158.950908,124.627195
159.030540,124.721121
159.110031,124.815147
159.189432,124.909335
159.269438,125.004496
159.348962,125.099344
159.428331,125.194250
159.507072,125.288651
159.586466,125.384065
159.665727,125.479555
160.931729,127.032352
161.010549,127.130531
161.088863,127.228236
161.167606,127.326623
161.246452,127.425288
161.325073,127.523812
161.403648,127.622388
161.482231,127.721094
161.560375,127.819350
161.638367,127.917537
161.716135,128.015549
161.793706,128.113443
161.871002,128.211111
161.948092,128.308662
162.024881,128.405967
163.213149,129.936782
163.284509,130.030666
163.355545,130.124387
163.426278,130.218000
163.496419,130.311109
163.566369,130.404269
163.635916,130.497187
163.704914,130.589690
163.773680,130.682188
163.841923,130.774316
163.909840,130.866324
163.977275,130.958025
164.044647,131.049975
164.111043,131.140953
164.177892,131.232900
165.180321,132.663839
165.239158,132.751448
165.297771,132.839184
165.355335,132.925838
165.413148,133.013337
165.470256,133.100271
165.526902,133.186990
165.583278,133.273808
165.639179,133.360398
165.694536,133.446673
165.749470,133.532801
165.803949,133.618758
165.857992,133.704552
165.911645,133.790282
165.964728,133.875641
166.752350,135.219033
166.797989,135.302167
166.842522,135.383954
166.887182,135.466669
166.930710,135.547967
166.974440,135.630353
167.017082,135.711383
167.059548,135.792801
167.101517,135.873977
167.143038,135.955028
167.184075,136.035858
167.224677,136.116594
167.264770,136.197057
167.304427,136.277424
167.343624,136.357615
167.906821,137.615615
167.937729,137.691880
167.968453,137.768612
167.998749,137.845263
168.028536,137.921586
168.057886,137.997799
168.086752,138.073741
168.115155,138.149502
168.143090,138.225024
168.170555,138.300342
168.197606,138.375559
168.224156,138.450484
168.250248,138.525183
168.275889,138.599715
168.301155,138.674262
168.642504,139.833335
168.659912,139.903303
168.677036,139.973604
168.693708,140.043640
168.709973,140.113524
168.725740,140.182920
168.741101,140.252150
168.756039,140.321202
168.770546,140.389962
168.784610,140.458437
168.798276,140.526749
168.811499,140.594763
168.824306,140.662509
168.836688,140.730021
168.848656,140.797258
168.984734,141.837178
168.989877,141.899862
168.994640,141.962183
168.999025,142.024360
169.003029,142.086088
169.006655,142.147636
169.009915,142.208857
169.012799,142.269878
169.015341,142.331032
169.017483,142.391401
169.019276,142.451630
169.020690,142.511307
169.021750,142.570356
169.022457,142.629668
169.022818,142.688620
168.982146,143.594660
168.976802,143.648999
168.971163,143.702952
168.965195,143.756668
168.958935,143.810028
168.952338,143.863263
168.945458,143.916106
168.938201,143.968959
168.930296,144.022714
168.921899,144.076932
168.912784,144.132349
168.903158,144.188266
168.892812,144.245341
168.881962,144.302876
168.870393,144.361548
168.609245,145.383737
168.588554,145.451919
168.567128,145.521310
168.545518,145.590279
168.523314,145.660017
168.500914,145.729426
168.477921,145.799633
168.454534,145.870155
168.430613,145.941307
168.406395,146.012508
168.381673,146.084271
168.356598,146.156275
168.331088,146.228662
168.305293,146.301121
168.279026,146.374097
167.814225,147.573224
167.782784,147.649669
167.751038,147.726376
167.719076,147.803190
167.686906,147.880051
167.654556,147.956950
167.621627,148.034794
167.588887,148.111816
167.555888,148.189048
167.522732,148.266293
167.489588,148.343133
167.456097,148.420448
167.422384,148.497914
167.388314,148.575889
167.354289,148.653415
166.795739,149.888690
166.760241,149.965254
166.724658,150.041801
166.689082,150.118160
166.653453,150.194444
166.617813,150.270586
166.582156,150.346588
166.546516,150.422397
166.510844,150.498108
166.475194,150.573627
166.439543,150.648991
166.403921,150.724158
166.368294,150.799186
166.332714,150.873989
166.297116,150.948688
165.736124,152.111217
165.701786,152.181617
165.667573,152.251682
165.633307,152.321785
165.599006,152.391886
165.564662,152.462009
165.530233,152.532240
165.495789,152.602441
165.461336,152.672594
165.426849,152.742761
165.392299,152.812993
165.357733,152.883206
165.323119,152.953455
165.288436,153.023794
165.253796,153.093992
164.695524,154.219073
164.660156,154.290012
164.624877,154.360737
164.590259,154.430107
164.554818,154.501092
164.519699,154.571401
164.484835,154.641167
164.449493,154.711864
164.414050,154.782730
164.378929,154.852926
164.343783,154.923142
164.308354,154.993899
164.273051,155.064375
164.237889,155.134547
164.202417,155.205310
163.633199,156.337870
163.597342,156.409054
163.561429,156.480330
163.525466,156.551692
163.489660,156.622725
163.453436,156.694573
163.417517,156.765799
163.381253,156.837696
163.345456,156.908653
163.309251,156.980405
163.272996,157.052242
163.236694,157.124160
163.200375,157.196097
163.164040,157.268055
163.127657,157.340093
162.543892,158.494489
162.507392,158.566588
162.470887,158.638689
162.434355,158.710836
162.397889,158.782845
162.361402,158.854886
162.324903,158.926946
162.288415,158.998976
162.251930,159.070992
162.215445,159.143003
162.179013,159.214902
162.142445,159.287064
162.105974,159.359026
162.069528,159.430935
162.033020,159.502959
161.453405,160.646185
161.417561,160.716821
161.381878,160.787124
161.346316,160.857144
161.310741,160.927167
161.275210,160.997048
161.239733,161.066793
161.204310,161.136367
161.168926,161.205825
161.133501,161.275290
161.098203,161.344461
161.062914,161.413533
161.027613,161.482572
160.992382,161.551383
160.957141,161.620151
160.394097,162.704720
160.358787,162.771646
160.323465,162.838458
160.288125,162.905137
160.252756,162.971726
160.217287,163.038328
160.181875,163.104672
160.146372,163.171001
160.110850,163.237206
160.075209,163.303442
160.039649,163.369362
160.003964,163.435314
159.968265,163.501118
159.932472,163.566888
159.896672,163.632490
159.306202,164.682502
159.267501,164.749198
159.228527,164.816123
159.189401,164.883107
159.150018,164.950298
159.110500,165.017527
159.070775,165.084887
159.030883,165.152344
158.990734,165.220030
158.950528,165.287632
158.910061,165.355475
158.869532,165.423253
158.828785,165.491209
158.787925,165.559190
158.746881,165.627297
158.074462,166.723128
158.031617,166.791888
157.988618,166.860780
157.945459,166.929831
157.902393,166.998624
157.859139,167.067625
157.815849,167.136581
157.772439,167.205638
157.728997,167.274650
157.685474,167.343705
157.641823,167.412871
157.598147,167.481995
157.554610,167.550851
157.511050,167.619672
157.467584,167.688294
156.777960,168.765484
156.735065,168.831575
156.692228,168.897460
156.649355,168.963258
156.606471,169.028949
156.563629,169.094427
156.520829,169.159709
156.477917,169.225006
156.435085,169.290045
156.392141,169.355090
156.349300,169.419835
156.306438,169.484441
156.263518,169.548985
156.220589,169.613367
156.177609,169.677668
155.484760,170.688401
155.440920,170.750579
155.397146,170.812449
155.353202,170.874318
155.309221,170.936020
155.265054,170.997735
155.220897,171.059207
155.176632,171.120579
155.132308,171.181799
155.087842,171.242956
155.043369,171.303883
154.998681,171.364839
154.953977,171.425573
154.909185,171.486156
154.863866,171.547114
154.090750,172.546320
154.040036,172.609691
153.988782,172.673506
153.937250,172.737464
153.885549,172.801409
153.833585,172.865485
153.781285,172.929763
153.728873,172.993995
153.675844,173.058777
153.623064,173.123079
153.569858,173.187708
153.516604,173.252227
153.463180,173.316767
153.409593,173.381345
153.355793,173.446005
152.476713,174.483107
152.421210,174.547613
152.365876,174.611832
152.310108,174.676443
152.255285,174.739864
152.200083,174.803606
152.144963,174.867152
152.089744,174.930688
152.034812,174.993784
151.979747,175.056903
151.924326,175.120314
151.869418,175.183000
151.814963,175.245047
151.759606,175.307979
151.705220,175.369680
150.828504,176.343032
150.773595,176.402505
150.718654,176.461830
150.663722,176.520940
150.608732,176.579924
150.553753,176.638687
150.498727,176.697305
150.443597,176.755817
150.388492,176.814104
150.333279,176.872281
150.278021,176.930301
150.222739,176.988118
150.167393,177.045789
150.111981,177.103297
150.056505,177.160652
149.136934,178.075065
149.076687,178.132713
149.015999,178.190538
148.954463,178.248950
148.893119,178.306943
148.831536,178.364956
148.769400,178.423263
148.707099,178.481527
148.644413,178.539935
148.581450,178.598411
148.518313,178.656843
148.454883,178.715365
148.391207,178.773918
148.326872,178.832903
148.263278,178.891022
147.211612,179.830949
147.144493,179.889800
147.076971,179.948884
147.009870,180.007493
146.942182,180.066501
146.874653,180.125269
146.806743,180.184259
146.739007,180.243002
146.670966,180.301906
146.603338,180.360361
146.534869,180.419445
146.466381,180.478458
146.397921,180.537352
146.329603,180.596041
146.260901,180.654971
145.151594,181.596424
145.081551,181.655326
145.011632,181.714067
144.941492,181.772943
144.871393,181.831730
144.801195,181.890551
144.730984,181.949331
144.660709,182.008119
144.590362,182.066918
144.519864,182.125799
144.449406,182.184600
144.378982,182.243330
144.308447,182.302109
144.237946,182.360819
144.167539,182.419432
143.054434,183.340563
142.985522,183.397077
142.916813,183.453354
142.848079,183.509560
142.779526,183.565542
142.710842,183.621532
142.642370,183.677266
142.573858,183.732928
142.505501,183.788375
142.437047,183.843790
142.368698,183.899023
142.300419,183.954083
142.232203,184.008990
142.163935,184.063816
142.095706,184.118501
140.988134,184.986372
140.917246,185.040643
140.845927,185.095105
140.774623,185.149432
140.702983,185.203881
140.631674,185.257960
140.559495,185.312573
140.488237,185.366376
140.415195,185.421405
140.343755,185.475119
140.270521,185.530067
140.198456,185.584035
140.125598,185.638488
140.052541,185.692991
139.979357,185.747483
138.797925,186.615348
138.723274,186.669550
138.648375,186.723865
138.573632,186.778006
138.498755,186.832181
138.423849,186.886319
138.348835,186.940475
138.273674,186.994682
138.198713,187.048712
138.123844,187.102629
138.049182,187.156364
137.974449,187.210099
137.900008,187.263585
137.825629,187.316970
137.750863,187.370587
136.576540,188.203017
136.503423,188.254077
136.430934,188.304596
136.358330,188.355077
136.285695,188.405472
136.213115,188.455704
136.140532,188.505826
136.068041,188.555753
135.995612,188.605518
135.923224,188.655118
135.850915,188.704540
135.778436,188.753934
135.706126,188.803083
135.633686,188.852171
135.561390,188.901024
134.402608,189.661682
134.328487,189.708675
134.254059,189.755636
134.179630,189.802398
134.104916,189.849124
134.029982,189.895797
133.954286,189.942739
133.878170,189.989757
133.802205,190.036484
133.725085,190.083745
133.647937,190.130832
133.571456,190.177345
133.493265,190.224717
133.415911,190.271421
133.337962,190.318312
132.064563,191.064672
131.983505,191.111122
131.902574,191.157419
131.821667,191.203609
131.740929,191.249623
131.660195,191.295541
131.579746,191.341213
131.499325,191.386769
131.419078,191.432137
131.338937,191.477339
131.259003,191.522330
131.178987,191.567256
131.099197,191.611954
131.019476,191.656495
130.939923,191.700836
129.677055,192.386938
129.598777,192.428206
129.520379,192.469381
129.442227,192.510251
129.364004,192.550996
129.286524,192.591175
129.207749,192.631858
129.129660,192.671998
129.051622,192.711939
128.973372,192.751797
128.895412,192.791327
128.817557,192.830608
128.739515,192.869798
128.661626,192.908710
128.583682,192.947459
127.311697,193.548477
127.229160,193.585493
127.146123,193.622516
127.062924,193.659418
126.979361,193.696273
126.895564,193.733047
126.811408,193.769780
126.726966,193.806461
126.642360,193.843024
126.557559,193.879503
126.472311,193.915994
126.386979,193.952359
126.301233,193.988729
126.215492,194.024942
126.129362,194.061156
124.725608,194.632634
124.636357,194.667958
124.547427,194.703077
124.458595,194.738069
124.369778,194.772979
124.281135,194.807731
124.192747,194.842303
124.104407,194.876761
124.016169,194.911094
123.928177,194.945231
123.840181,194.979278
123.752413,195.013130
123.664861,195.046801
123.577322,195.080356
123.489952,195.113742
122.106101,195.625405
122.020314,195.655903
121.934692,195.686188
121.849002,195.716327
121.763464,195.746254
121.678028,195.775969
121.592606,195.805515
121.507230,195.834864
121.421957,195.864007
121.336628,195.892982
121.251519,195.921707
121.166345,195.950261
121.081340,195.978577
120.996247,196.006725
120.911277,196.034645
119.547507,196.453280
119.460083,196.477998
119.372362,196.502536
119.282959,196.527304
119.194764,196.551482
119.105537,196.575716
119.015786,196.599848
118.925733,196.623842
118.835160,196.647741
118.744250,196.671518
118.652949,196.695173
118.561450,196.718678
118.468294,196.742391
118.376468,196.765571
118.283770,196.788767
116.774686,197.143146
116.680293,197.164119
116.586005,197.184944
116.491795,197.205611
116.397894,197.226079
116.304028,197.246393
116.210360,197.266528
116.116651,197.286520
116.023262,197.306301
115.929975,197.325902
115.836854,197.345321
115.743887,197.364544
115.650960,197.383604
115.558239,197.402454
115.465657,197.421115
113.998787,197.691991
113.907963,197.707064
113.817194,197.721917
113.726525,197.736527
113.636092,197.750883
113.545388,197.765050
113.455071,197.778935
113.364756,197.792582
113.274522,197.805989
113.184264,197.819157
113.093623,197.832093
113.002686,197.844801
112.911214,197.857288
112.819414,197.869550
112.727020,197.881602
111.196792,198.047002
111.098892,198.055733
111.000070,198.064349
110.901484,198.072765
110.802502,198.081028
110.703368,198.089133
110.603589,198.097110
110.504348,198.104882
110.404353,198.112542
110.304501,198.120035
110.204237,198.127396
110.103945,198.134611
110.003219,198.141701
109.902731,198.148632
109.801614,198.155459
108.168351,198.248776
108.066384,198.253740
107.964065,198.258638
107.862668,198.263398
107.760888,198.268088
107.659597,198.272654
107.558506,198.277118
107.457646,198.281465
107.356733,198.285714
107.256578,198.289817
107.155797,198.293841
107.055582,198.297721
106.955494,198.301484
106.855624,198.305112
106.755655,198.308625
105.182145,198.344549
105.083501,198.345358
104.985192,198.345949
104.886913,198.346341
104.788874,198.346525
104.689022,198.346520
104.589575,198.346310
104.490253,198.345918
104.391173,198.345334
104.290402,198.344563
104.189909,198.343608
104.089630,198.342486
103.989682,198.341192
103.887920,198.339713
103.786633,198.338070
102.147696,198.291926
102.044385,198.287963
101.941093,198.283890
101.837424,198.279701
101.733362,198.275391
101.629407,198.270988
101.525233,198.266475
101.421120,198.261873
101.315848,198.257122
101.211554,198.252326
101.107899,198.247469
101.002545,198.242449
100.897520,198.237356
100.793924,198.232253
100.688025,198.226953
99.025016,198.134583
98.923511,198.128309
98.821389,198.121909
98.719373,198.115413
98.617552,198.108834
98.515988,198.102162
98.414596,198.095401
98.313194,198.088522
98.212158,198.081559
98.111148,198.074475
98.010508,198.067303
97.909841,198.059999
97.809541,198.052601
97.709280,198.045070
97.609209,198.037425
96.028471,197.895952
95.930851,197.885748
95.833406,197.875376
95.735931,197.864798
95.638831,197.854068
95.541734,197.843130
95.444802,197.832010
95.347859,197.820674
95.250768,197.809069
95.153440,197.797194
95.055638,197.785001
94.957508,197.772526
94.859048,197.759752
94.760346,197.746712
94.661186,197.733364
93.039335,197.485900
92.936187,197.468571
92.832960,197.451061
92.729618,197.433378
92.626032,197.415492
92.522390,197.397450
92.418636,197.379235
92.314662,197.360841
92.210561,197.342278
92.106474,197.323584
92.002048,197.304689
91.897742,197.285688
91.793186,197.266508
91.688558,197.247193
91.583769,197.227721
89.908399,196.902383
89.805023,196.881512
89.702033,196.860619
89.599191,196.839641
89.496724,196.818632
89.394314,196.797513
89.292231,196.776346
89.190185,196.755058
89.088570,196.733739
88.987042,196.712301
88.885718,196.690779
88.784681,196.669174
88.683852,196.647479
88.583047,196.625638
88.482726,196.603760
86.902303,196.236336
86.805183,196.212151
86.707872,196.187671
86.609745,196.162745
86.511824,196.137611
86.413965,196.112255
86.315717,196.086544
86.218241,196.060806
86.118549,196.034237
86.019965,196.007739
85.920648,195.980809
85.821572,195.953729
85.721943,195.926273
85.622465,195.898653
85.522453,195.870670
83.906114,195.393442
83.804118,195.361970
83.701941,195.330301
83.599548,195.298433
83.497693,195.266624
83.395897,195.234719
83.294076,195.202703
83.193409,195.170936
83.092448,195.138971
82.991445,195.106873
82.890641,195.074726
82.789720,195.042414
82.689880,195.010329
82.589860,194.978052
82.490113,194.945738
80.924583,194.417825
80.828575,194.383961
80.732729,194.349964
80.637256,194.315891
80.541951,194.281680
80.446726,194.247283
80.351890,194.212821
80.257161,194.178175
80.162639,194.143392
80.068316,194.108452
79.974335,194.073418
79.880374,194.038155
79.786827,194.002819
79.693365,193.967271
79.599423,193.931303
78.086316,193.313674
77.990117,193.272199
77.893704,193.230397
77.797245,193.188357
77.699776,193.145649
77.602682,193.102894
77.505685,193.059965
77.409186,193.017058
77.311815,192.973557
77.215045,192.930135
77.117313,192.886083
77.020037,192.842053
76.922392,192.797668
76.825724,192.753554
76.727074,192.708355
75.157243,191.968523
75.059927,191.921598
74.962850,191.874674
74.866081,191.827769
74.769466,191.780819
74.673141,191.733871
74.576861,191.686817
74.481893,191.640260
74.386371,191.593296
74.290934,191.546220
74.195800,191.499148
74.100738,191.451951
74.006079,191.404801
73.911569,191.357555
73.817391,191.310314
72.340671,190.543750
72.250275,190.494993
72.160161,190.446153
72.070217,190.397153
71.980454,190.348008
71.890956,190.298747
71.801827,190.249438
71.712812,190.199922
71.623953,190.150233
71.535389,190.100430
71.447078,190.050500
71.358949,190.000387
71.271162,189.950190
71.183421,189.899724
71.096041,189.849178
69.679659,188.983321
69.589770,188.925661
69.499682,188.867580
69.409451,188.809138
69.319172,188.750385
69.228842,188.691339
69.138424,188.631968
69.047834,188.572237
68.957275,188.512268
68.866618,188.451996
68.775769,188.391351
68.685007,188.330535
68.594008,188.269325
68.503199,188.208024
68.412168,188.146348
66.967218,187.142319
66.878820,187.079398
66.790790,187.016549
66.702850,186.953556
66.615286,186.890632
66.527881,186.827604
66.440914,186.764683
66.354102,186.701645
66.267475,186.638524
66.181199,186.575421
66.095243,186.512323
66.009408,186.449068
65.923999,186.385889
65.838746,186.322569
65.753797,186.259229
64.430394,185.234385
64.349846,185.169351
64.269865,185.104438
64.190046,185.039300
64.110141,184.973675
64.030237,184.907652
63.950194,184.841081
63.870140,184.774094
63.789924,184.706543
63.709558,184.638466
63.629041,184.569844
63.548525,184.500835
63.467833,184.431273
63.387085,184.361288
63.306285,184.290869
62.006201,183.112018
61.924720,183.035606
61.843194,182.958883
61.761683,182.881927
61.680045,182.804593
61.598571,182.727176
61.517229,182.649680
61.436081,182.572157
61.355197,182.494695
61.274506,182.417208
61.194160,182.339858
61.114043,182.262513
61.034236,182.185264
60.954652,182.108007
60.875375,182.030832
59.647665,180.801653
59.573524,180.724996
59.499755,180.648412
59.426133,180.571643
59.352959,180.495017
59.279962,180.418228
59.207369,180.341528
59.135040,180.264748
59.063124,180.188058
58.991369,180.111169
58.920074,180.034412
58.848948,179.957454
58.778279,179.880618
58.707792,179.803584
58.637708,179.726606
57.558789,178.483517
57.493048,178.403505
57.427274,178.322859
57.361619,178.241813
57.295855,178.160054
57.230134,178.077815
57.164350,177.994936
57.098620,177.911608
57.032859,177.827697
56.967104,177.743294
56.901362,177.658383
56.835748,177.573153
56.770012,177.487261
56.704439,177.401115
56.638838,177.314445
55.594262,175.877231
55.529351,175.784744
55.464430,175.691905
55.399606,175.598889
55.334891,175.505706
55.270119,175.412138
55.205996,175.319199
55.141279,175.225112
55.076665,175.130876
55.012165,175.036528
54.947561,174.941743
54.883043,174.846818
54.818602,174.751732
54.754200,174.656448
54.689807,174.560917
53.664775,173.009788
53.600999,172.911612
53.537241,172.813288
53.473553,172.714910
53.409785,172.616241
53.345614,172.516791
53.282588,172.418956
53.218483,172.319297
53.154854,172.220225
53.091329,172.121172
53.027945,172.022231
52.964777,171.923507
52.901727,171.824868
52.838783,171.726269
52.775875,171.627618
51.799206,170.074139
51.739793,169.977859
51.680697,169.881845
51.621835,169.785933
51.563128,169.690011
51.504688,169.594231
51.446438,169.498482
51.388419,169.402803
51.330660,169.307255
51.273133,169.211765
51.215806,169.116292
51.158731,169.020896
51.101954,168.925667
51.045345,168.830359
50.988965,168.735089
50.109444,167.190668
50.055225,167.091557
50.001042,166.992072
49.947001,166.892439
49.893424,166.793242
49.838999,166.692083
49.785107,166.591504
49.731289,166.490685
49.678080,166.390618
49.623950,166.288459
49.570283,166.186793
49.516853,166.085229
49.463860,165.984138
49.410022,165.881101
49.356686,165.778677
48.513361,164.119789
48.461825,164.016351
48.410373,163.912860
48.359146,163.809563
48.308112,163.706416
48.257278,163.603394
48.206652,163.500535
48.156185,163.397703
48.106014,163.295193
48.056003,163.192696
48.006645,163.091239
47.956770,162.988386
47.907174,162.885784
47.857997,162.783690
47.809195,162.682036
47.058932,161.063792
47.013928,160.962512
46.969575,160.862057
46.924376,160.759075
46.879736,160.656715
46.835228,160.554051
46.790806,160.450958
46.746538,160.347632
46.702333,160.243841
46.658151,160.139531
46.614229,160.035245
46.570465,159.930783
46.526499,159.825267
46.482934,159.720182
46.439388,159.614591
45.761657,157.909281
45.721356,157.804361
45.680972,157.698783
45.640907,157.593554
45.601196,157.488786
45.561866,157.384521
45.522536,157.279761
45.483725,157.175851
45.445089,157.071894
45.406830,156.968390
45.368986,156.865474
45.331232,156.762221
45.294261,156.660551
45.256851,156.557064
45.220068,156.454719
44.677708,154.856123
44.646086,154.756072
44.614710,154.655828
44.583567,154.555428
44.552463,154.454204
44.521834,154.353648
44.490982,154.251441
44.460522,154.149668
44.430113,154.047173
44.400115,153.945230
44.369846,153.841496
44.339999,153.738391
44.310206,153.634634
44.280537,153.530517
44.251114,153.426444
43.797604,151.726571
43.769960,151.617429
43.742644,151.508977
43.715498,151.400644
43.688525,151.292426
43.661365,151.182915
43.634514,151.074094
43.607720,150.964990
43.581073,150.855946
43.554420,150.746382
43.527865,150.636705
43.501448,150.527119
43.475075,150.417220
43.448936,150.307837
43.422350,150.196103
43.013563,148.422965
42.988477,148.311085
42.963492,148.199325
42.938547,148.087444
42.913644,147.975433
42.888777,147.863292
42.863978,147.751158
42.839229,147.638970
42.814550,147.526814
42.789896,147.414503
42.765278,147.302080
42.740734,147.189738
42.716102,147.076729
42.691745,146.964741
42.667364,146.852474
42.291566,145.089554
42.269245,144.981900
42.247092,144.874615
42.225071,144.767452
42.203238,144.660731
42.181589,144.554354
42.160038,144.447940
42.138832,144.342637
42.117732,144.237311
42.096788,144.132108
42.075971,144.026790
42.055256,143.921241
42.034720,143.815806
42.014239,143.709899
41.993932,143.604088
41.682653,141.888407
41.663817,141.779178
41.645343,141.671465
41.626826,141.562960
41.608373,141.454265
41.590009,141.345568
41.571682,141.236543
41.553470,141.127702
41.535147,141.017664
41.517068,140.908605
41.499177,140.800179
41.481129,140.690335
41.463162,140.580498
41.445320,140.470977
41.427531,140.361307
41.150569,138.600228
41.133647,138.489636
41.116768,138.379012
41.099930,138.268362
41.083129,138.157641
41.066351,138.046793
41.049639,137.936087
41.032943,137.825212
41.016302,137.714429
40.999687,137.603557
40.983091,137.492543
40.966555,137.381681
40.950030,137.270634
40.933547,137.159632
40.917105,137.048665
40.657976,135.272746
40.642145,135.162939
40.626375,135.053399
40.610669,134.944051
40.595042,134.835045
40.579488,134.726248
40.564026,134.617827
40.548667,134.509769
40.533347,134.401677
40.518173,134.294200
40.503087,134.186976
40.488086,134.079886
40.473226,133.973384
40.458463,133.867058
40.443806,133.761009
40.224654,132.079857
40.211775,131.974188
40.198954,131.868197
40.186219,131.762166
40.173566,131.656044
40.160992,131.549868
40.148500,131.443637
40.136060,131.337154
40.123711,131.230725
40.111415,131.124074
40.099199,131.017424
40.087059,130.910792
40.074972,130.803951
40.062943,130.696996
40.050993,130.590093
39.867128,128.870104
39.856038,128.762112
39.844995,128.654130
39.833995,128.546135
39.823043,128.438170
39.812123,128.330111
39.801239,128.221985
39.790389,128.113814
39.779579,128.005630
39.768806,127.897434
39.758066,127.789179
39.747346,127.680773
39.736671,127.572446
39.726044,127.464257
39.715435,127.355896
39.548889,125.611150
39.538520,125.500421
39.528161,125.389689
39.517771,125.278685
39.507355,125.167366
39.496910,125.055873
39.486426,124.944030
39.475898,124.831939
39.465340,124.719673
39.454731,124.607178
39.444081,124.494470
39.433359,124.381402
39.422585,124.268102
39.411746,124.154594
39.400857,124.041168
39.219289,122.231740
39.207652,122.120082
39.195920,122.007945
39.184050,121.894893
39.172318,121.783568
39.160477,121.671582
39.148596,121.559607
39.136674,121.447594
39.124737,121.335817
39.112759,121.223990
39.100748,121.112199
39.088723,121.000600
39.076664,120.889010
39.064574,120.777432
39.052451,120.665870
38.855109,118.883169
38.842460,118.770766
38.829741,118.658031
38.816970,118.545248
38.804109,118.432023
38.791179,118.318676
38.778175,118.205113
38.765067,118.091189
38.751908,117.977315
38.738639,117.863109
38.725247,117.748412
38.711797,117.633904
38.698193,117.518721
38.684502,117.403550
38.670686,117.288025
38.432946,115.430969
38.417072,115.315034
38.401147,115.199552
38.385284,115.085260
38.369197,114.970116
38.353289,114.856948
38.336943,114.741378
38.320738,114.627474
38.304371,114.513096
38.287941,114.398898
38.271496,114.285229
38.255002,114.171803
38.238355,114.057914
38.221723,113.944675
38.204990,113.831304
37.930301,112.033432
37.912733,111.921740
37.894980,111.809093
37.877443,111.698092
37.859689,111.585936
37.841758,111.472954
37.823871,111.360505
37.806051,111.248815
37.787821,111.134853
37.769679,111.021834
37.751617,110.909658
37.733268,110.796131
37.714839,110.682510
37.696288,110.568618
37.677604,110.454369
37.359527,108.597555
37.338194,108.479618
37.316657,108.361549
37.294985,108.243707
37.273173,108.126108
37.251211,108.008637
37.229098,107.891318
37.206844,107.774141
37.184453,107.657152
37.161959,107.540459
37.139332,107.423925
37.116566,107.307461
37.093566,107.190607
37.070730,107.075324
37.047691,106.959760
36.666066,105.129811
36.641652,105.016918
36.616883,104.902790
36.591983,104.788517
36.566931,104.673990
36.541742,104.559331
36.516394,104.444426
36.490902,104.329408
36.465240,104.214129
36.439420,104.098715
36.413417,103.983032
36.387253,103.867239
36.360898,103.751184
36.334365,103.634988
36.307625,103.518504
35.849307,101.626808
35.818462,101.506737
35.787318,101.386402
35.755854,101.265783
35.724224,101.145573
35.692336,101.025379
35.660268,100.905542
35.627958,100.785772
35.595519,100.666506
35.562847,100.547305
35.530055,100.428592
35.496828,100.309174
35.463808,100.191374
35.430626,100.073797
35.396904,99.955133
34.846167,98.109343
34.811225,97.996937
34.775872,97.883598
34.740304,97.769988
34.704754,97.656819
34.668745,97.542608
34.632707,97.428709
34.596483,97.314661
34.560049,97.200375
34.523426,97.085967
34.486576,96.971297
34.449595,96.856714
34.412334,96.741739
34.374857,96.626616
34.337205,96.511459
33.699316,94.644055
33.656987,94.525908
33.614451,94.407993
33.571683,94.290213
33.528870,94.173111
33.485635,94.055611
33.442401,93.938886
33.398995,93.822412
33.355514,93.706466
33.311838,93.590673
33.268015,93.475174
33.224082,93.360021
33.180058,93.245273
33.135902,93.130778
33.091650,93.016642
32.371546,91.227544
32.325924,91.117749
32.280227,91.008130
32.234544,90.898875
32.188748,90.789686
32.142865,90.680603
32.096936,90.571727
32.051020,90.463179
32.005054,90.354812
31.958992,90.246500
31.912912,90.138430
31.866462,90.029757
31.820138,89.921596
31.773730,89.813479
31.727648,89.706329
30.957075,87.953297
30.907252,87.842875
30.856961,87.731807
30.806461,87.620702
30.755650,87.509325
30.704834,87.398380
30.653278,87.286254
30.601760,87.174676
30.550447,87.064053
30.498057,86.951609
30.446056,86.840528
30.393956,86.729723
30.341683,86.619051
30.289536,86.509112
30.237059,86.398953
29.381328,84.657078
29.325952,84.547662
29.270497,84.438504
29.215538,84.330761
29.159015,84.220385
29.103039,84.111539
29.046751,84.002533
28.990243,83.893577
28.933502,83.784635
28.876571,83.675816
28.819360,83.566944
28.761966,83.458227
28.704217,83.349333
28.647055,83.242062
28.588327,83.132357
27.635346,81.428446
27.574895,81.324821
27.514455,81.221671
27.453971,81.118869
27.393367,81.016293
27.332794,80.914168
27.272093,80.812232
27.211372,80.710638
27.150674,80.609466
27.089856,80.508447
27.029009,80.407742
26.968178,80.307399
26.907265,80.207259
26.846258,80.107283
26.785353,80.007796
25.805897,78.444302
25.744642,78.348445
25.683392,78.252793
25.621968,78.157049
25.560653,78.061662
25.499264,77.966331
25.437899,77.871215
25.376545,77.776277
25.315070,77.681322
25.253734,77.586734
25.192088,77.491790
25.131070,77.397951
25.069264,77.303017
25.007282,77.207954
24.945156,77.112803
23.926111,75.577160
23.860654,75.480453
23.794995,75.383706
23.729055,75.286831
23.662888,75.189894
23.596532,75.092980
23.529929,74.995994
23.463015,74.898865
23.395868,74.801703
23.328512,74.704563
23.260912,74.607389
23.192962,74.510051
23.124802,74.412742
23.056457,74.315524
22.987684,74.218040
21.852494,72.663627
21.780245,72.568371
21.708026,72.473581
21.635754,72.379117
21.563422,72.284979
21.491125,72.191258
21.418894,72.098005
21.346576,72.004990
21.274214,71.912278
21.201892,71.819950
21.129644,71.728055
21.057240,71.636276
20.984931,71.544938
20.912581,71.453845
20.840249,71.363077
19.683596,69.945729
19.611342,69.859000
19.538967,69.772275
19.466456,69.685549
19.393725,69.598709
19.320818,69.511826
19.247729,69.424881
19.174462,69.337901
19.100948,69.250795
19.027245,69.163655
18.953251,69.076349
18.879174,68.989147
18.804861,68.901857
18.730229,68.814406
18.655451,68.726989
17.425292,67.323229
17.346915,67.236207
17.267560,67.148409
17.187967,67.060681
17.107995,66.972858
17.027857,66.885197
16.947379,66.797499
16.866562,66.709787
16.785815,66.622543
16.704247,66.534789
16.623228,66.448019
16.543176,66.362643
16.462420,66.276886
16.381521,66.191321
16.300770,66.106267
15.012457,64.788915
14.932206,64.708951
14.852004,64.629252
14.771788,64.549735
14.691644,64.470492
14.611419,64.391356
14.531143,64.312329
14.450410,64.233024
14.369558,64.153759
14.288915,64.074872
14.207796,63.995683
14.126930,63.916922
14.045423,63.837712
13.963669,63.758453
13.881710,63.679180
12.537722,62.410213
12.451657,62.331148
12.365146,62.251955
12.278193,62.172659
12.191339,62.093744
12.104046,62.014742
12.016405,61.935729
11.928502,61.856800
11.840415,61.778021
11.751786,61.699088
11.663060,61.620394
11.573891,61.541648
11.484530,61.463069
11.394862,61.384573
11.305216,61.306482
9.877444,60.108526
9.789107,60.036836
9.700467,59.965149
9.612657,59.894360
9.524313,59.823374
9.435991,59.752622
9.347588,59.682028
9.259508,59.611898
9.170733,59.541425
9.082626,59.471678
8.994685,59.402262
8.907340,59.333499
8.818737,59.263934
8.731010,59.195233
8.643979,59.127254
7.236015,58.047604
7.147382,57.980813
7.057962,57.913577
6.967504,57.845729
6.878121,57.778848
6.787971,57.711568
6.697674,57.644348
6.607072,57.577087
6.516085,57.509719
6.425067,57.442524
6.333708,57.375266
6.242098,57.308029
6.150231,57.240802
6.057441,57.173117
5.965781,57.106463
4.453785,56.040453
4.356993,55.974536
4.259776,55.908623
4.162511,55.842987
4.065102,55.777596
3.967834,55.712623
3.870707,55.648083
3.773491,55.583798
3.676643,55.520080
3.579770,55.456643
3.483140,55.393672
3.386548,55.331008
3.290191,55.268786
3.193048,55.206325
3.097606,55.145232
1.572049,54.199405
1.477207,54.142246
1.382432,54.085297
1.288592,54.029063
1.193632,53.972291
1.099513,53.916162
1.004278,53.859498
0.909899,53.803487
0.814594,53.747061
0.718881,53.690546
0.622880,53.634006
0.527474,53.577977
0.431830,53.521960
0.335443,53.465675
0.239004,53.409522
-1.337990,52.518042
-1.438631,52.463038
-1.539517,52.408141
-1.640661,52.353361
-1.742111,52.298665
-1.843783,52.244115
-1.945757,52.189662
-2.047974,52.135354
-2.150470,52.081166
-2.253189,52.027143
-2.356246,51.973220
-2.459723,51.919368
-2.563300,51.865751
-2.667052,51.812344
-2.771120,51.759069
-4.445558,50.945487
-4.549036,50.897793
-4.652278,50.850478
-4.755388,50.803472
-4.858204,50.756856
-4.961906,50.710075
-5.063665,50.664414
-5.166227,50.618613
-5.268426,50.573204
-5.370571,50.528029
-5.472460,50.483185
-5.574411,50.438513
-5.676042,50.394187
-5.777675,50.350050
-5.878882,50.306292
-7.488281,49.632218
-7.589274,49.591079
-7.690674,49.549903
-7.792035,49.508886
-7.893773,49.467852
-7.995684,49.426900
-8.097846,49.385992
-8.200158,49.345182
-8.302752,49.304412
-8.405520,49.263739
-8.508541,49.223128
-8.611719,49.182629
-8.715188,49.142185
-8.818834,49.101855
-8.922742,49.061599
-10.616012,48.434004
-10.723829,48.396016
-10.832007,48.358153
-10.940305,48.320512
-11.048309,48.283265
-11.156373,48.246273
-11.264049,48.209703
-11.371662,48.173421
-11.478979,48.137516
-11.586335,48.101852
-11.693051,48.066662
-11.799820,48.031695
-11.906282,47.997077
-12.012651,47.962717
-12.118803,47.928663
-13.792109,47.418119
-13.895371,47.388018
-13.998436,47.358120
-14.101434,47.328375
-14.204579,47.298700
-14.307782,47.269131
-14.411221,47.239606
-14.514905,47.210136
-14.618670,47.180761
-14.722615,47.151466
-14.826937,47.122190
-14.931191,47.093073
-15.035828,47.063981
-15.140594,47.034999
-15.245717,47.006058
-16.953817,46.558944
-17.062194,46.532208
-17.170981,46.505581
-17.279968,46.479128
-17.389163,46.452842
-17.498548,46.426742
-17.608210,46.400800
-17.718149,46.375033
-17.828117,46.349492
-17.938463,46.324110
-18.048899,46.298949
-18.159709,46.273957
-18.270540,46.249209
-18.381755,46.224639
-18.493067,46.200303
-20.297551,45.845045
-20.409644,45.825573
-20.521282,45.806484
-20.632890,45.787677
-20.743955,45.769249
-20.854845,45.751112
-20.965285,45.733320
-21.075633,45.715792
-21.185658,45.698573
-21.295466,45.681622
-21.404939,45.664968
-21.514239,45.648562
-21.623176,45.632442
-21.731905,45.616564
-21.840384,45.600941
-23.546953,45.379565
-23.651852,45.367265
-23.756910,45.355082
-23.861643,45.343060
-23.966172,45.331192
-24.070721,45.319438
-24.174867,45.307853
-24.278972,45.296383
-24.382899,45.285050
-24.486851,45.273820
-24.590418,45.262742
-24.694064,45.251756
-24.797754,45.240848
-24.901412,45.230035
-25.005401,45.219269
-26.692446,45.059304
-26.799857,45.050218
-26.906946,45.041303
-27.014204,45.032533
-27.121694,45.023894
-27.229349,45.015408
-27.337234,45.007062
-27.445246,44.998879
-27.553515,44.990843
-27.661930,44.982976
-27.770545,44.975268
-27.879264,44.967740
-27.988248,44.960374
-28.097475,44.953187
-28.206702,44.946188
-29.960767,44.863138
-30.068599,44.859883
-30.176100,44.856839
-30.283480,44.853982
-30.389783,44.851344
-30.496678,44.848864
-30.603282,44.846573
-30.709622,44.844452
-30.815911,44.842505
-30.921863,44.840721
-31.027571,44.839104
-31.133133,44.837638
-31.238469,44.836330
-31.343503,44.835167
-31.448476,44.834152
-33.142619,44.835455
-33.249836,44.836782
-33.357416,44.838277
-33.464908,44.839945
-33.572654,44.841787
-33.680647,44.843816
-33.788673,44.846022
-33.896771,44.848419
-34.005219,44.851007
-34.113716,44.853793
-34.222469,44.856778
-34.331332,44.859970
-34.440391,44.863366
-34.549535,44.866977
-34.658912,44.870801
-36.429399,44.964704
-36.541313,44.972828
-36.653299,44.981231
-36.765494,44.989937
-36.877276,44.998930
-36.988721,45.008193
-37.099856,45.017742
-37.210665,45.027550
-37.320916,45.037606
-37.430924,45.047912
-37.540452,45.058456
-37.649640,45.069224
-37.758481,45.080227
-37.867081,45.091449
-37.975682,45.102927
-39.664578,45.309630
-39.767874,45.323789
-39.871420,45.338114
-39.974813,45.352558
-40.078593,45.367187
-40.182362,45.381959
-40.286370,45.396902
-40.390354,45.411991
-40.494586,45.427260
-40.599033,45.442718
-40.703442,45.458320
-40.808012,45.474111
-40.912733,45.490082
-41.017564,45.506241
-41.122647,45.522604
-42.820934,45.813338
-42.928032,45.833499
-43.035364,45.853935
-43.142710,45.874619
-43.250297,45.895590
-43.357804,45.916797
-43.465649,45.938319
-43.573446,45.960093
-43.680794,45.982065
-43.788117,46.004302
-43.894789,46.026690
-44.001240,46.049292
-44.107178,46.072057
-44.212921,46.095028
-44.318031,46.118119
-45.959642,46.507442
-46.059598,46.532690
-46.159695,46.558135
-46.259261,46.583591
-46.358800,46.609195
-46.457939,46.634834
-46.556970,46.660591
-46.655545,46.686361
-46.754384,46.712338
-46.852497,46.738251
-46.951005,46.764374
-47.049490,46.790606
-47.148295,46.817030
-47.247119,46.843579
-47.345717,46.870179
-48.943384,47.320093
-49.044049,47.349798
-49.145039,47.379775
-49.246229,47.410001
-49.347389,47.440402
-49.448588,47.471012
-49.549995,47.501876
-49.651427,47.532952
-49.753037,47.564282
-49.854528,47.595786
-49.956306,47.627586
-50.058568,47.659757
-50.160251,47.691960
-50.262201,47.724475
-50.364368,47.757281
-51.958152,48.300409
-52.055260,48.335234
-52.151813,48.370042
-52.248265,48.404978
-52.344361,48.439957
-52.440425,48.475081
-52.536299,48.510271
-52.632436,48.545703
-52.728445,48.581223
-52.824744,48.617000
-52.921340,48.653029
-53.018360,48.689373
-53.115041,48.725740
-53.211129,48.762046
-53.308291,48.798914
-54.866549,49.415274
-54.964555,49.455797
-55.062791,49.496639
-55.161215,49.537798
-55.259259,49.579031
-55.357597,49.620634
-55.455561,49.662318
-55.554696,49.704756
-55.652653,49.746976
-55.750080,49.789231
-55.846987,49.831539
-55.944664,49.874438
-56.041209,49.917110
-56.137371,49.959854
-56.232425,50.002358
-57.721451,50.696295
-57.812115,50.740069
-57.902580,50.783907
-57.992812,50.827777
-58.082666,50.871615
-58.172545,50.915603
-58.262313,50.959653
-58.352147,51.003862
-58.442123,51.048259
-58.532168,51.092821
-58.622457,51.137627
-58.712694,51.182547
-58.803576,51.227919
-58.893985,51.273201
-58.984422,51.318634
-60.441209,52.073174
-60.532622,52.122128
-60.624389,52.171479
-60.715964,52.220949
-60.807762,52.270753
-60.899603,52.320812
-60.991391,52.371065
-61.083217,52.421577
-61.175262,52.472441
-61.267071,52.523422
-61.359074,52.574750
-61.451066,52.626326
-61.543138,52.678196
-61.635153,52.730297
-61.726755,52.782460
-63.144078,53.623336
-63.229930,53.676109
-63.315456,53.728876
-63.400817,53.781715
-63.485781,53.834493
-63.570651,53.887379
-63.655142,53.940204
-63.739350,53.993010
-63.823688,54.046033
-63.908007,54.099191
-63.992449,54.152563
-64.076885,54.206082
-64.161445,54.259823
-64.245993,54.313716
-64.330668,54.367840
-65.691548,55.262342
-65.777635,55.320686
-65.862738,55.378587
-65.947610,55.436570
-66.033042,55.495166
-66.118518,55.554041
-66.204538,55.613534
-66.289331,55.672435
-66.375673,55.732663
-66.460920,55.792395
-66.546472,55.852600
-66.631275,55.912550
-66.716676,55.973189
-66.802066,56.034104
-66.888140,56.095786
-68.233167,57.101322
-68.314310,57.164598
-68.395746,57.228393
-68.476077,57.291585
-68.556112,57.354820
-68.635035,57.417421
-68.714330,57.480576
-68.793383,57.543773
-68.871984,57.606858
-68.950360,57.669985
-69.028303,57.733000
-69.106135,57.796138
-69.183469,57.859096
-69.260633,57.922118
-69.338318,57.985781
-70.557849,59.009781
-70.634383,59.075680
-70.710932,59.141803
-70.787455,59.208132
-70.864703,59.275310
-70.940593,59.341546
-71.017306,59.408727
-71.094029,59.476165
-71.171234,59.544267
-71.247370,59.611683
-71.324195,59.679957
-71.400976,59.748458
-71.477841,59.817294
-71.554636,59.886344
-71.632334,59.956479
-72.840539,61.087894
-72.913391,61.158595
-72.985891,61.229225
-73.058232,61.299943
-73.130553,61.370901
-73.202378,61.441606
-73.273737,61.512099
-73.344846,61.582564
-73.414990,61.652305
-73.485555,61.722672
-73.556493,61.793636
-73.626415,61.863784
-73.695547,61.933349
-73.765636,62.004066
-73.834340,62.073587
-74.929208,63.204030
-74.997734,63.276216
-75.066369,63.348703
-75.135401,63.421814
-75.204450,63.495140
-75.272950,63.568100
-75.341753,63.641586
-75.409913,63.714608
-75.479477,63.789351
-75.548486,63.863735
-75.617076,63.937894
-75.685944,64.012599
-75.754313,64.086996
-75.823234,64.162249
-75.892244,64.237847
-76.989786,65.479680
-77.056533,65.557852
-77.122837,65.635812
-77.188992,65.713874
-77.254756,65.791770
-77.320305,65.869675
-77.385440,65.947368
-77.450461,66.025177
-77.515025,66.102708
-77.579478,66.180345
-77.643570,66.257801
-77.707884,66.335757
-77.771614,66.413249
-77.834886,66.490402
-77.898061,66.567667
-78.882702,67.797392
-78.943605,67.874837
-79.004677,67.952651
-79.065572,68.030416
-79.126706,68.108652
-79.187619,68.186792
-79.248363,68.264890
-79.309438,68.343611
-79.370514,68.422519
-79.431643,68.501705
-79.492788,68.581111
-79.553983,68.660799
-79.615202,68.740730
-79.676375,68.820833
-79.737587,68.901207
-80.718070,70.224917
-80.779945,70.311077
-80.840775,70.396180
-80.901409,70.481371
-80.961750,70.566541
-81.021810,70.651668
-81.081529,70.736685
-81.141006,70.821699
-81.200242,70.906726
-81.258855,70.991182
-81.317388,71.075863
-81.375676,71.160500
-81.433718,71.245105
-81.491372,71.329441
-81.548235,71.412927
-82.434556,72.748828
-82.488265,72.831678
-82.541936,72.914629
-82.595511,72.997610
-82.649183,73.080899
-82.702858,73.164378
-82.756483,73.247950
-82.810112,73.331723
-82.863803,73.415776
-82.917451,73.499970
-82.971131,73.584408
-83.024782,73.669022
-83.078474,73.753906
-83.132132,73.838972
-83.185811,73.924291
-84.043301,75.324158
-84.096208,75.413187
-84.149570,75.503330
-84.202836,75.593691
-84.256088,75.684396
-84.309284,75.775402
-84.362536,75.866890
-84.415635,75.958530
-84.468779,76.050649
-84.521793,76.142976
-84.574472,76.235205
-84.626873,76.327401
-84.678975,76.419552
-84.730874,76.511786
-84.782342,76.603721
-85.568395,78.059858
-85.615370,78.149759
-85.662604,78.240467
-85.709164,78.330163
-85.755522,78.419766
-85.801764,78.509412
-85.847696,78.598739
-85.893525,78.688119
-85.939121,78.777312
-85.984510,78.866344
-86.029822,78.955481
-86.074912,79.044413
-86.119862,79.133315
-86.164536,79.221891
-86.209136,79.310552
-86.903584,80.717112
-86.945936,80.804317
-86.988276,80.891647
-87.030493,80.978860
-87.072563,81.065913
-87.114573,81.152974
-87.156536,81.240075
-87.198382,81.327056
-87.240078,81.413875
-87.281686,81.500633
-87.323146,81.587222
-87.364515,81.673733
-87.405728,81.760043
-87.446861,81.846285
-87.487824,81.932285
-88.132411,83.294066
-88.171979,83.377862
-88.211672,83.461925
-88.251363,83.545951
-88.290913,83.629662
-88.330457,83.713319
-88.370142,83.797203
-88.410111,83.881619
-88.449929,83.965642
-88.489312,84.048679
-88.529200,84.132709
-88.569087,84.216670
-88.609051,84.300723
-88.649374,84.385467
-88.689538,84.469809
-89.334496,85.816623
-89.375027,85.900854
-89.415570,85.985066
-89.456106,86.069226
-89.496665,86.153391
-89.537305,86.237688
-89.577802,86.321689
-89.618244,86.405547
-89.658678,86.489384
-89.699061,86.573079
-89.739234,86.656324
-89.779482,86.739676
-89.819590,86.822710
-89.859752,86.905795
-89.899817,86.988639
-90.536472,88.292898
-90.576213,88.373247
-90.616013,88.453573
-90.655728,88.533546
-90.695401,88.613281
-90.735200,88.693079
-90.775017,88.772747
-90.814823,88.852193
-90.854256,88.930719
-90.894167,89.009988
-90.934072,89.089058
-90.974503,89.168944
-91.014201,89.247117
-91.054568,89.326358
-91.095110,89.405671
-91.767303,90.689042
-91.810528,90.769880
-91.853833,90.850690
-91.897268,90.931584
-91.940823,91.012534
-91.984500,91.093560
-92.028281,91.174620
-92.072093,91.255595
-92.116057,91.336700
-92.160146,91.417899
-92.204268,91.499015
-92.248494,91.580193
-92.292862,91.661495
-92.337245,91.742701
-92.381636,91.823837
-93.087111,93.097477
-93.131047,93.175552
-93.175023,93.253533
-93.219018,93.331355
-93.262920,93.408838
-93.306945,93.486336
-93.350897,93.563521
-93.394941,93.640656
-93.439031,93.717680
-93.483071,93.794392
-93.527176,93.871015
-93.571265,93.947380
-93.615451,94.023701
-93.659655,94.099813
-93.703848,94.175685
-94.435421,95.393639
-94.483368,95.471203
-94.530688,95.547516
-94.578994,95.625207
-94.627133,95.702402
-94.675128,95.779166
-94.723723,95.856677
-94.772286,95.933946
-94.821195,96.011559
-94.869882,96.088640
-94.918786,96.165923
-94.967603,96.242907
-95.016689,96.320179
-95.065210,96.396396
-95.113950,96.472814
-95.892374,97.668549
-95.940748,97.741104
-95.989383,97.813831
-96.038160,97.886525
-96.086955,97.959019
-96.135804,98.031338
-96.184712,98.103509
-96.233567,98.175340
-96.282566,98.247140
-96.331536,98.318627
-96.380558,98.389940
-96.429748,98.461220
-96.478817,98.532068
-96.528345,98.603292
-96.577385,98.673548
-97.404290,99.814198
-97.458314,99.886299
-97.512547,99.958425
-97.567005,100.030624
-97.621741,100.102950
-97.676625,100.175258
-97.731723,100.247617
-97.787081,100.320113
-97.842392,100.392381
-97.897706,100.464470
-97.952919,100.536268
-98.008232,100.608014
-98.063396,100.679401
-98.118575,100.750618
-98.173698,100.821592
-99.054661,101.928023
-99.109840,101.995400
-99.164930,102.062432
-99.220344,102.129598
-99.275548,102.196268
-99.330626,102.262519
-99.386108,102.329008
-99.441498,102.395113
-99.496810,102.460870
-99.552207,102.526450
-99.607937,102.592162
-99.663073,102.656888
-99.718603,102.721813
-99.774182,102.786504
-99.830225,102.851388
-100.774767,103.901716
-100.836329,103.967860
-100.898362,104.034265
-100.960413,104.100474
-101.022771,104.166780
-101.085476,104.233248
-101.148318,104.299641
-101.211375,104.366065
-101.274365,104.432257
-101.337402,104.498323
-101.400462,104.564260
-101.463396,104.629889
-101.526269,104.695296
-101.589114,104.760494
-101.651889,104.825453
-102.652162,105.834158
-102.714778,105.895482
-102.776703,105.955909
-102.839172,106.016624
-102.901561,106.077035
-102.964368,106.137599
-103.026683,106.197454
-103.089328,106.257371
-103.151647,106.316736
-103.214087,106.375958
-103.276358,106.434775
-103.339178,106.493844
-103.401735,106.552415
-103.464488,106.610898
-103.527406,106.669209
-104.585910,107.609836
-104.655341,107.669346
-104.724334,107.728251
-104.793736,107.787302
-104.863421,107.846377
-104.933681,107.905745
-105.003517,107.964591
-105.073687,108.023546
-105.143524,108.082066
-105.213028,108.140135
-105.282255,108.197817
-105.352603,108.256256
-105.421819,108.313589
-105.491609,108.371214
-105.561264,108.428558
-106.661768,109.308188
-106.730085,109.361005
-106.798340,109.413555
-106.866592,109.465868
-106.934679,109.517831
-107.002859,109.569624
-107.070866,109.621059
-107.138927,109.672289
-107.206808,109.723151
-107.274784,109.773835
-107.343120,109.824486
-107.412242,109.875441
-107.480815,109.925686
-107.550100,109.976186
-107.619921,110.026781
-108.782238,110.835185
-108.857382,110.885637
-108.932352,110.935823
-109.007408,110.985910
-109.082360,111.035783
-109.157230,111.085445
-109.231885,111.134817
-109.306669,111.184113
-109.381104,111.233028
-109.455575,111.281799
-109.529898,111.330316
-109.604284,111.378702
-109.678431,111.426771
-109.752487,111.474602
-109.826419,111.522187
-110.997926,112.250627
-111.070445,112.293995
-111.142849,112.337084
-111.215710,112.380219
-111.288000,112.422799
-111.360166,112.465077
-111.431684,112.506759
-111.503779,112.548545
-111.575622,112.589963
-111.647510,112.631170
-111.719289,112.672088
-111.791637,112.713086
-111.863261,112.753443
-111.934757,112.793482
-112.006931,112.833601
-113.210875,113.466170
-113.289105,113.505296
-113.367718,113.544404
-113.446585,113.583453
-113.525265,113.622251
-113.604022,113.660923
-113.682600,113.699357
-113.761133,113.737604
-113.839559,113.775646
-113.917854,113.813456
-113.996082,113.851076
-114.074084,113.888414
-114.152093,113.925594
-114.229925,113.962512
-114.307690,113.999231
-115.541056,114.556193
-115.617573,114.589036
-115.693981,114.621625
-115.770429,114.654006
-115.846766,114.686129
-115.923222,114.718073
-115.999393,114.749681
-116.075651,114.781092
-116.151820,114.812246
-116.228036,114.843182
-116.304128,114.873841
-116.380320,114.904299
-116.456363,114.934466
-116.532396,114.964384
-116.608369,114.994043
-117.822737,115.433389
-117.898614,115.458551
-117.974591,115.483472
-118.050412,115.508048
-118.126228,115.532344
-118.202140,115.556374
-118.278005,115.580105
-118.353957,115.603561
-118.429881,115.626720
-118.505856,115.649587
-118.581774,115.672145
-118.657861,115.694440
-118.733775,115.716387
-118.809899,115.738078
-118.885842,115.759414
-120.106173,116.057821
-120.182784,116.073645
-120.259241,116.089089
-120.335818,116.104190
-120.412523,116.118962
-120.489147,116.133346
-120.565823,116.147379
-120.642547,116.161043
-120.719323,116.174351
-120.796104,116.187277
-120.873775,116.199878
-120.952005,116.212135
-121.031343,116.224070
-121.111404,116.235673
-121.192422,116.246927
-122.594477,116.381813
-122.687625,116.387491
-122.781772,116.392876
-122.874987,116.397888
-122.969905,116.402655
-123.065234,116.407133
-123.161201,116.411313
-123.257526,116.415211
-123.354493,116.418820
-123.451695,116.422151
-123.549442,116.425199
-123.647536,116.427983
-123.746234,116.430494
-123.845036,116.432744
-123.944503,116.434731
-125.575210,116.434781
-125.679167,116.433019
-125.783305,116.431069
-125.887669,116.428944
-125.992354,116.426636
-126.097019,116.424165
-126.202018,116.421518
-126.307194,116.418710
-126.412507,116.415738
-126.517892,116.412615
-126.623665,116.409326
-126.729441,116.405896
-126.835227,116.402319
-126.941250,116.398599
-127.047502,116.394731
-128.765073,116.316000
-128.873562,116.310149
-128.982134,116.304202
-129.090776,116.298167
-129.199639,116.292031
-129.308482,116.285816
-129.417568,116.279504
-129.526833,116.273104
-129.636212,116.266618
-129.745696,116.260051
-129.855213,116.253407
-129.964995,116.246676
-130.074881,116.239866
-130.184785,116.232988
-130.295003,116.226020
-132.059485,116.106825
-132.169019,116.098916
-132.278211,116.090959
-132.387416,116.082912
-132.496485,116.074794
-132.605556,116.066580
-132.714380,116.058296
-132.823253,116.049904
-132.931721,116.041446
-133.040409,116.032860
-133.148809,116.024191
-133.257176,116.015406
-133.365306,116.006528
-133.473650,115.997505
-133.581468,115.988405
-135.298508,115.823191
-135.405166,115.811452
-135.511616,115.799544
-135.618273,115.787403
-135.724632,115.775097
-135.831021,115.762570
-135.937261,115.749852
-136.043547,115.736903
-136.149669,115.723757
-136.255656,115.710395
-136.362142,115.696700
-136.468941,115.682702
-136.575772,115.668460
-136.682595,115.653974
-136.790048,115.639124
-138.558951,115.358520
-138.672330,115.338516
-138.786149,115.318219
-138.900436,115.297638
-139.014696,115.276856
-139.129291,115.255821
-139.244196,115.234531
-139.359148,115.213048
-139.474597,115.191284
-139.590020,115.169348
-139.705808,115.147160
-139.821761,115.124773
-139.937942,115.102168
-140.054253,115.079375
-140.170809,115.056368
-142.017396,114.672898
-142.131167,114.647942
-142.244758,114.622848
-142.358011,114.597637
-142.471157,114.572263
-142.584174,114.546717
-142.697074,114.521001
-142.809705,114.495136
-142.921980,114.469149
-143.034390,114.442910
-143.146302,114.416573
-143.258185,114.390015
-143.369923,114.363269
-143.481340,114.336361
-143.592623,114.309254
-145.349200,113.845521
-145.457508,113.814435
-145.565553,113.783108
-145.673453,113.751489
-145.781162,113.719599
-145.888644,113.687433
-145.995974,113.654975
-146.103235,113.622184
-146.210226,113.589128
-146.316970,113.555785
-146.423558,113.522133
-146.530136,113.488109
-146.636272,113.453859
-146.742370,113.419236
-146.848239,113.384310
-148.524760,112.773568
-148.630734,112.730789
-148.737305,112.687235
-148.844260,112.643021
-148.951688,112.598092
-149.059358,112.552575
-149.167603,112.506311
-149.276862,112.459139
-149.385687,112.411665
-149.494867,112.363582
-149.604711,112.314735
-149.714570,112.265442
-149.825427,112.215246
-149.935590,112.164938
-150.046601,112.113809
-151.854726,111.228631
-151.969177,111.169715
-152.083109,111.110763
-152.197748,111.051161
-152.313008,110.990944
-152.427892,110.930648
-152.542923,110.869995
-152.658404,110.808842
-152.773644,110.747548
-152.888381,110.686272
-153.004252,110.624134
-153.118904,110.562410
-153.234349,110.500015
-153.350197,110.437173
-153.465492,110.374396
-155.321760,109.336399
-155.436931,109.270563
-155.552452,109.204403
-155.667973,109.138105
-155.782973,109.071979
-155.897830,109.005793
-156.012932,108.939328
-156.126678,108.873494
-156.240576,108.807425
-156.354535,108.741156
-156.467511,108.675300
-156.580375,108.609333
-156.693090,108.543284
-156.805511,108.477218
-156.917789,108.411053
-158.672845,107.346361
-158.780001,107.279124
-158.886847,107.211786
-158.993512,107.144248
-159.099700,107.076704
-159.205615,107.009006
-159.311135,106.941240
-159.416580,106.873182
-159.521499,106.805130
-159.626249,106.736834
-159.730475,106.668534
-159.834605,106.599930
-159.938298,106.531255
-160.041749,106.462360
-160.144881,106.393305
-161.749591,105.262491
-161.847008,105.189937
-161.944501,105.116756
-162.041766,105.043183
-162.139459,104.968683
-162.237044,104.893685
-162.334911,104.817862
-162.432782,104.741459
-162.530953,104.664225
-162.629135,104.586416
-162.727520,104.507865
-162.826053,104.428647
-162.924593,104.348861
-163.023153,104.268529
-163.122014,104.187407
-164.711067,102.818546
-164.810506,102.729288
-164.910009,102.639592
-165.009454,102.549589
-165.109786,102.458415
-165.209365,102.367577
-165.307866,102.277376
-165.407290,102.186003
-165.507592,102.093486
-165.606376,102.002053
-165.705652,101.909847
-165.805036,101.817237
-165.904463,101.724282
-166.003870,101.631055
-166.103308,101.537506
-167.691837,100.008681
-167.791082,99.911288
-167.890501,99.813528
-167.989752,99.715747
-168.088966,99.617816
-168.188444,99.519449
-168.287677,99.421144
-168.386923,99.322658
-168.486303,99.223868
-168.585658,99.124942
-168.685163,99.025703
-168.784477,98.926499
-168.884115,98.826816
-168.983536,98.727203
-169.082949,98.627448
-170.680818,97.006572
-170.781039,96.903952
-170.881416,96.801073
-170.981871,96.698020
-171.082478,96.594716
-171.182961,96.491448
-171.283749,96.387776
-171.384340,96.284221
-171.485206,96.180296
-171.586083,96.076275
-171.686937,95.972197
-171.787932,95.867894
-171.889052,95.763382
-171.990083,95.658888
-172.091377,95.554045
-173.713538,93.866130
-173.814969,93.760104
-173.917671,93.652698
-174.018643,93.547053
-174.120173,93.440777
-174.221460,93.334710
-174.321912,93.229471
-174.423299,93.123212
-174.524613,93.016985
-174.625909,92.910736
-174.727178,92.804474
-174.828424,92.698196
-174.929562,92.591993
-175.030866,92.485579
-175.131973,92.379333
-176.748706,90.676096
-176.849518,90.569654
-176.950388,90.463128
-177.051221,90.356618
-177.152061,90.250079
-177.252886,90.143532
-177.353807,90.036864
-177.454554,89.930357
-177.555327,89.823802
-177.656086,89.717243
-177.756844,89.610665
-177.857463,89.504215
-177.958242,89.397577
-178.058933,89.291015
-178.159539,89.184524
-179.767975,87.479924
-179.868464,87.373314
-179.968762,87.266895
-180.069091,87.160433
-180.169511,87.053864
-180.269661,86.947570
-180.370055,86.841007
-180.470365,86.734522
-180.571401,86.627280
-180.671305,86.521240
-180.771375,86.415037
-180.870794,86.309520
-180.970048,86.204185
-181.069829,86.098273
-181.169130,85.992861
-182.727120,84.329547
-182.821946,84.227261
-182.917108,84.124442
-183.012306,84.021388
-183.106422,83.919315
-183.201599,83.815878
-183.296019,83.713053
-183.390081,83.610384
-183.482787,83.508971
-183.576722,83.405964
-183.669770,83.303683
-183.762651,83.201317
-183.854926,83.099357
-183.947746,82.996505
-184.039353,82.894716
-185.473056,81.255179
-185.559989,81.152344
-185.646605,81.049426
-185.732826,80.946493
-185.818724,80.843469
-185.904436,80.740161
-185.989992,80.636538
-186.074902,80.533170
-186.159660,80.429396
-186.243975,80.325578
-186.328597,80.220755
-186.413166,80.115384
-186.497667,80.009462
-186.582128,79.902979
-186.666600,79.795852
-188.011687,78.013650
-188.095221,77.898686
-188.178735,77.783294
-188.262252,77.667463
-188.345553,77.551494
-188.428773,77.435222
-188.512592,77.317692
-188.595842,77.200556
-188.678852,77.083354
-188.761669,76.966043
-188.844317,76.848587
-188.927103,76.730570
-189.009434,76.612833
-189.091967,76.494459
-189.174556,76.375650
-190.485705,74.448024
-190.567135,74.326035
-190.648585,74.203778
-190.729977,74.081384
-190.811467,73.958615
-190.892824,73.835832
-190.974029,73.713061
-191.055313,73.589965
-191.136570,73.466703
-191.217808,73.343275
-191.299041,73.219655
-191.380212,73.095941
-191.461394,72.972023
-191.542621,72.847855
-191.623720,72.723702
-192.921990,70.714974
-193.003241,70.588099
-193.084851,70.460541
-193.166448,70.332889
-193.247883,70.205374
-193.329216,70.077911
-193.410477,69.950449
-193.491839,69.822725
-193.573311,69.694721
-193.654087,69.567714
-193.735363,69.439819
-193.817877,69.309880
-193.899449,69.181327
-193.980404,69.053655
-194.063061,68.923183
-195.396576,66.809561
-195.481920,66.674394
-195.567756,66.538537
-195.653947,66.402239
-195.739252,66.267462
-195.825940,66.130650
-195.912895,65.993565
-196.000194,65.856122
-196.087799,65.718378
-196.175784,65.580250
-196.264213,65.441638
-196.352895,65.302872
-196.442051,65.163610
-196.531547,65.024094
-196.621394,64.884344
-198.082093,62.657966
-198.174515,62.519688
-198.267074,62.381469
-198.359406,62.243845
-198.453375,62.104036
-198.545349,61.967437
-198.638279,61.829658
-198.731311,61.691959
-198.824389,61.554422
-198.917645,61.416839
-199.010804,61.279619
-199.104174,61.142295
-199.197570,61.005143
-199.290990,60.868151
-199.384480,60.731255
-200.896567,58.540027
-200.993101,58.401681
-201.089872,58.263236
-201.187066,58.124455
-201.284554,57.985523
-201.382280,57.846553
-201.480475,57.707216
-201.578977,57.567774
-201.677970,57.427968
-201.777124,57.288295
-201.876790,57.148262
-201.976930,57.007956
-202.077297,56.867723
-202.178215,56.727143
-202.279428,56.586575
-203.966138,54.316841
-204.075699,54.174677
-204.186340,54.031808
-204.297532,53.888952
-204.409392,53.745968
-204.522328,53.602367
-204.635061,53.459783
-204.748807,53.316700
-204.864111,53.172453
-204.979067,53.029460
-205.094754,52.886419
-205.210250,52.744471
-205.326376,52.602626
-205.443373,52.460581
-205.560365,52.319416
-207.453844,50.138140
-207.573387,50.005921
-207.692869,49.874316
-207.812005,49.743615
-207.931739,49.612774
-208.052220,49.481617
-208.170733,49.353091
-208.290375,49.223803
-208.411031,49.093887
-208.530357,48.965847
-208.651074,48.836755
-208.771253,48.708662
-208.891426,48.580992
-209.011434,48.453894
-209.130318,48.328377
-211.073849,46.322263
-211.197996,46.196925
-211.322658,46.071440
-211.447636,45.946034
-211.573179,45.820461
-211.699119,45.694914
-211.825534,45.569318
-211.952494,45.443632
-212.079791,45.318063
-212.207572,45.192493
-212.335899,45.066864
-212.464682,44.941291
-212.594028,44.815673
-212.723844,44.690127
-212.854216,44.564574
-215.017723,42.566491
-215.158007,42.442881
-215.298855,42.319576
-215.439667,42.197100
-215.580653,42.075286
-215.721809,41.954123
-215.863208,41.833555
-216.004532,41.713827
-216.144986,41.595606
-216.286568,41.477177
-216.428142,41.359495
-216.569823,41.242436
-216.711495,41.126089
-216.853196,41.010393
-216.995023,40.895261
-219.288692,39.111400
-219.435091,39.002134
-219.582534,38.892657
-219.729148,38.784381
-219.877446,38.675450
-220.025984,38.566955
-220.175302,38.458505
-220.325062,38.350368
-220.475311,38.242517
-220.626309,38.134786
-220.777579,38.027522
-220.929611,37.920399
-221.081926,37.813759
-221.235119,37.707208
-221.388802,37.601024
-223.928444,35.954210
-224.092116,35.855310
-224.256841,35.756678
-224.421907,35.658764
-224.588245,35.561023
-224.754147,35.464483
-224.922666,35.367370
-225.087629,35.273262
-225.255638,35.178366
-225.425155,35.083604
-225.594905,34.989701
-225.765457,34.896362
-225.936403,34.803813
-226.108234,34.711812
-226.280612,34.620535
-229.130956,33.260838
-229.314754,33.182825
-229.499200,33.105679
-229.684267,33.029447
-229.870067,32.954058
-230.056313,32.879667
-230.243585,32.806016
-230.431093,32.733456
-230.619389,32.661744
-230.808056,32.591078
-230.997574,32.521250
-231.187588,32.452430
-231.378242,32.384541
-231.569684,32.317569
-231.761554,32.251616
-234.905884,31.335669
-235.106858,31.287453
-235.308405,31.240304
-235.510404,31.194285
-235.713436,31.149243
-235.916192,31.105503
-236.119516,31.062852
-236.323467,31.021311
-236.527882,30.980894
-236.733144,30.941559
-236.938495,30.903431
-237.144885,30.866365
-237.350561,30.830653
-237.557330,30.796003
-237.764502,30.762516
-241.034430,30.415088
-241.231819,30.405438
-241.428614,30.397117
-241.624606,30.390048
-241.820039,30.384271
-242.014390,30.379720
-242.208295,30.376424
-242.401477,30.374311
-242.594725,30.373425
-242.785889,30.373700
-242.977333,30.375172
-243.168099,30.377774
-243.358294,30.381552
-243.547734,30.386431
-243.737388,30.392485
-246.698735,30.627373
-246.879956,30.648588
-247.060797,30.670341
-247.241635,30.692652
-247.421305,30.715370
-247.600996,30.738619
-247.779896,30.762289
-247.958637,30.786439
-248.137106,30.811052
-248.314361,30.835973
-248.490277,30.861173
-248.668680,30.887183
-248.844686,30.913295
-249.020403,30.939793
-249.195982,30.966695
-251.958373,31.438979
-252.129609,31.470919
-252.298359,31.502666
-252.467765,31.534792
-252.636993,31.567141
-252.806014,31.599695
-252.974821,31.632452
-253.143179,31.665356
-253.311545,31.698492
-253.479600,31.731790
-253.647775,31.765311
-253.815812,31.799007
-253.984113,31.832944
-254.154266,31.867455
-254.321365,31.901538
-257.053319,32.491805
-257.226201,32.531691
-257.399310,32.571982
-257.572166,32.612583
-257.745955,32.653775
-257.918185,32.694986
-258.093067,32.737223
-258.266450,32.779509
-258.441195,32.822541
-258.616012,32.866023
-258.791020,32.909990
-258.966294,32.954477
-259.141882,32.999502
-259.317617,33.045041
-259.493660,33.091140
-262.340660,33.912390
-262.518090,33.968887
-262.695441,34.026043
-262.871808,34.083549
-263.047209,34.141403
-263.223366,34.200150
-263.398201,34.259102
-263.572485,34.318485
-263.745170,34.377933
-263.919498,34.438539
-264.090699,34.498642
-264.262842,34.559634
-264.434417,34.620984
-264.605555,34.682715
-264.776069,34.744753
-267.441198,35.775663
-267.604279,35.842067
-267.767169,35.908734
-267.929360,35.975440
-268.091506,36.042451
-268.253225,36.109596
-268.414580,36.176896
-268.575584,36.244345
-268.736131,36.311896
-268.896755,36.379758
-269.056803,36.447656
-269.217414,36.516060
-269.376255,36.583954
-269.536298,36.652603
-269.698863,36.722568
-272.275369,37.868244
-272.437970,37.943322
-272.600817,38.018901
-272.764005,38.095045
-272.926937,38.171479
-273.090201,38.248498
-273.253658,38.326041
-273.417274,38.404114
-273.581219,38.482801
-273.744811,38.561795
-273.908833,38.641477
-274.073028,38.721744
-274.237508,38.802657
-274.401644,38.883927
-274.566203,38.965935
-277.204950,40.364432
-277.367455,40.456378
-277.529392,40.548722
-277.690707,40.641407
-277.851527,40.734502
-278.011427,40.827734
-278.170820,40.921335
-278.329675,41.015260
-278.487823,41.109403
-278.645446,41.203846
-278.802461,41.298531
-278.958896,41.393450
-279.114712,41.488573
-279.270022,41.583943
-279.424876,41.679584
-281.843920,43.237230
-281.994003,43.337425
-282.144092,43.438040
-282.294345,43.539203
-282.444434,43.640695
-282.594639,43.742726
-282.745148,43.845427
-282.895265,43.948346
-283.045781,44.052027
-283.196069,44.156063
-283.346691,44.260846
-283.497086,44.366010
-283.647615,44.471810
-283.798055,44.578113
-283.948465,44.684964
-286.353296,46.483350
-286.503192,46.601858
-286.652906,46.721072
-286.802450,46.841025
-286.951835,46.961732
-287.101284,47.083402
-287.250496,47.205798
-287.399564,47.329023
-287.548514,47.453105
-287.697244,47.577987
-287.845356,47.703379
-287.992946,47.829363
-288.139664,47.955657
-288.285602,48.082321
-288.430830,48.209418
-290.644023,50.271093
-290.776139,50.401138
-290.907678,50.531345
-291.038439,50.661482
-291.168620,50.791737
-291.298327,50.922187
-291.427420,51.052683
-291.555779,51.183075
-291.683772,51.313728
-291.811112,51.444324
-291.937873,51.574928
-292.064207,51.705673
-292.190009,51.836443
-292.315367,51.967305
-292.440332,52.098307
-294.380721,54.195872
-294.498956,54.327155
-294.616729,54.458282
-294.734463,54.589710
-294.851611,54.720824
-294.968590,54.852076
-295.085289,54.983339
-295.201872,55.114784
-295.318061,55.246095
-295.433830,55.377228
-295.549512,55.508558
-295.664945,55.639889
-295.780108,55.771194
-295.894945,55.902398
-296.009606,56.033669
-297.816207,58.133087
-297.927726,58.264373
-298.038847,58.395366
-298.150006,58.526569
-298.260939,58.657670
-298.372054,58.789145
-298.482712,58.920238
-298.593568,59.051716
-298.704027,59.182873
-298.814368,59.314035
-298.924730,59.445365
-299.035100,59.576840
-299.145134,59.708053
-299.255186,59.839418
-299.365172,59.970835
-301.104669,62.064278
-301.211808,62.193750
-301.318928,62.323197
-301.425856,62.452381
-301.532641,62.581363
-301.639265,62.710095
-301.745903,62.838789
-301.852400,62.967230
-301.958752,63.095414
-302.064979,63.223337
-302.171168,63.351107
-302.277416,63.478811
-302.383390,63.606052
-302.489425,63.733205
-302.595486,63.860229
-304.302451,65.869820
-304.410375,65.994162
-304.520226,66.120398
-304.629470,66.245623
-304.739484,66.371416
-304.848286,66.495527
-304.958405,66.620846
-305.069952,66.747502
-305.180452,66.872682
-305.290486,66.997064
-305.402659,67.123594
-305.513925,67.248839
-305.625717,67.374418
-305.737652,67.499910
-305.849721,67.625307
-307.648831,69.610600
-307.760818,69.732470
-307.873774,69.855151
-307.985337,69.976051
-308.096948,70.096739
-308.208387,70.216953
-308.318946,70.335933
-308.430602,70.455783
-308.541876,70.574914
-308.653340,70.693914
-308.764604,70.812368
-308.876071,70.930681
-308.987301,71.048388
-309.098808,71.166008
-309.210009,71.282928
-311.011270,73.113532
-311.126967,73.226667
-311.243215,73.339834
-311.359861,73.452902
-311.476889,73.565857
-311.594321,73.678738
-311.712210,73.791597
-311.830483,73.904382
-311.948938,74.016902
-312.068005,74.129585
-312.187906,74.242635
-312.307055,74.354578
-312.427042,74.466913
-312.547369,74.579186
-312.669053,74.692345
-314.639108,76.479928
-314.764447,76.591283
-314.889189,76.701868
-315.014979,76.813155
-315.141010,76.924425
-315.267422,77.035812
-315.393758,77.146913
-315.520639,77.258286
-315.647413,77.369356
-315.774723,77.480697
-315.901882,77.591708
-316.029469,77.702903
-316.157236,77.814066
-316.285187,77.925210
-316.413946,78.036874
-318.492294,79.818084
-318.622556,79.928589
-318.754465,80.040375
-318.886122,80.151835
-319.018140,80.263491
-319.150327,80.375181
-319.282725,80.486943
-319.415287,80.598742
-319.548059,80.710616
-319.680997,80.822533
-319.814138,80.934523
-319.947432,81.046549
-320.080942,81.158665
-320.214520,81.270748
-320.348492,81.383074
-322.515816,83.189721
-322.653052,83.303549
-322.790237,83.417274
-322.927691,83.531167
-323.066109,83.645802
-323.203335,83.759397
-323.342906,83.874879
-323.481059,83.989135
-323.618881,84.103066
-323.756888,84.217102
-323.897061,84.332878
-324.034953,84.446724
-324.174275,84.561703
-324.313650,84.676681
-324.453486,84.791994
-326.718575,86.654509
-326.862067,86.772206
-327.005921,86.890170
-327.149747,87.008081
-327.293969,87.126288
-327.440065,87.246002
-327.584698,87.364490
-327.728922,87.482617
-327.873482,87.600993
-328.018639,87.719832
-328.164284,87.839045
-328.310414,87.958630
-328.457907,88.079306
-328.604267,88.199033
-328.751089,88.319113
-331.132189,90.263726
-331.283601,90.387228
-331.435194,90.510862
-331.587102,90.634737
-331.739070,90.758647
-331.891442,90.882871
-332.044150,91.007355
-332.197184,91.132089
-332.350489,91.257031
-332.504060,91.382176
-332.657961,91.507577
-332.812162,91.633208
-332.966674,91.759080
-333.121471,91.885172
-333.276599,92.011521
-335.802077,94.066982
-335.962759,94.197676
-336.123609,94.328500
-336.285091,94.459828
-336.446653,94.591214
-336.608819,94.723083
-336.771225,94.855139
-336.933968,94.987462
-337.097078,95.120075
-337.260553,95.252978
-337.424359,95.386143
-337.588551,95.519613
-337.753093,95.653362
-337.917989,95.787392
-338.083141,95.921623
-340.779240,98.112127
-340.951066,98.251685
-341.123351,98.391611
-341.295910,98.531757
-341.468975,98.672308
-341.642433,98.813174
-341.816182,98.954272
-341.990573,99.095887
-342.165249,99.237730
-342.340331,99.379898
-342.515709,99.522303
-342.691732,99.665227
-342.868055,99.808392
-343.044783,99.951881
-343.221794,100.095596
-346.111273,102.441119
-346.295355,102.590522
-346.479796,102.740214
-346.664807,102.890366
-346.850093,103.040739
-347.035820,103.191467
-347.221844,103.342434
-347.408309,103.493756
-347.595202,103.645424
-347.782381,103.797321
-347.970342,103.949851
-348.158324,104.102396
-348.346868,104.255395
-348.535696,104.408622
-348.724944,104.562187
-351.809447,107.064873
-352.005579,107.223996
-352.202218,107.383528
-352.400753,107.544598
-352.596533,107.703431
-352.794325,107.863896
-352.992706,108.024836
-353.191329,108.185972
-353.391173,108.348097
-353.590880,108.510110
-353.791707,108.673030
-353.991736,108.835301
-354.190560,108.996595
-354.391590,109.159677
-354.593119,109.323162
-357.870686,111.981870
-358.079214,112.151017
-358.287575,112.320028
-358.496680,112.489642
-358.706176,112.659572
-358.915972,112.829744
-359.126238,113.000298
-359.336955,113.171216
-359.548041,113.342434
-359.759528,113.513976
-359.971633,113.686018
-360.184809,113.858928
-360.397140,114.031152
-360.610127,114.203908
-360.823613,114.377068
-364.286503,117.185773
-364.505669,117.363531
-364.725446,117.541786
-364.945828,117.720530
-365.165907,117.899028
-365.384629,118.076425
-365.606719,118.256553
-365.826277,118.434628
-366.047630,118.614157
-366.270741,118.795113
-366.492504,118.974974
-366.714371,119.154921
-366.937007,119.335490
-367.159198,119.515697
-367.382313,119.696654
-370.974586,122.610124
-371.200924,122.793690
-371.427606,122.977536
-371.654228,123.161333
-371.881056,123.345296
-372.107967,123.529327
-372.334907,123.713381
-372.564871,123.899887
-372.792107,124.084180
-373.019452,124.268562
-373.244885,124.451393
-373.472551,124.636035
-373.700644,124.821023
-373.928703,125.005983
-374.156913,125.191065
-377.821696,128.163254
-378.049137,128.347711
-378.280672,128.535488
-378.510066,128.721528
-378.739782,128.907830
-378.967386,129.092418
-379.199030,129.280283
-379.429019,129.466806
-379.656279,129.651115
-379.887673,129.838777
-380.117687,130.025319
-380.345458,130.210043
-380.574831,130.396066
-380.804697,130.582487
-381.034376,130.768758
-384.703301,133.744262
-384.932106,133.929823
-385.160728,134.115235
-385.389320,134.300623
-385.617606,134.485762
-385.846241,134.671185
-386.074475,134.856283
-386.302653,135.041334
-386.530540,135.226150
-386.758504,135.411029
-386.986301,135.595771
-387.213981,135.780419
-387.441556,135.964982
-387.669060,136.149487
-387.896347,136.333816
-391.511298,139.265526
-391.737305,139.448817
-391.961423,139.630575
-392.183792,139.810915
-392.407503,139.992343
-392.630838,140.173467
-392.854166,140.354584
-393.077100,140.535383
-393.299752,140.715952
-393.522559,140.896648
-393.744737,141.076833
-393.966829,141.256948
-394.188443,141.436675
-394.410130,141.616462
-394.631375,141.795890
-398.132647,144.635397
-398.348834,144.810724
-398.564731,144.985814
-398.780507,145.160807
-398.995690,145.335319
-399.210275,145.509345
-399.424797,145.683321
-399.638968,145.857012
-399.852720,146.030364
-400.066311,146.203584
-400.279383,146.376384
-400.491896,146.548730
-400.704182,146.720892
-400.916223,146.892856
-401.127786,147.064432
-404.456932,149.764342
-404.661493,149.930239
-404.865438,150.095637
-405.068848,150.260601
-405.271849,150.425233
-405.474384,150.589487
-405.676525,150.753422
-405.878058,150.916863
-406.079159,151.079955
-406.279793,151.242667
-406.480016,151.405046
-406.679648,151.566946
-406.878766,151.728429
-407.077410,151.889527
-407.275554,152.050221
-410.375508,154.564256
-410.562698,154.716065
-410.751221,154.868955
-410.938967,155.021215
-411.126146,155.173016
-411.314010,155.325372
-411.498590,155.475065
-411.685483,155.626633
-411.870294,155.776514
-412.054471,155.925879
-412.236809,156.073754
-412.419547,156.221953
-412.601865,156.369811
-412.783645,156.517233
-412.964899,156.664228
-415.774026,158.942405
-415.943722,159.080027
-416.112842,159.217182
-416.281277,159.353781
-416.449134,159.489911
-416.616145,159.625355
-416.782446,159.760224
-416.948026,159.894508
-417.112877,160.028201
-417.277045,160.161339
-417.440284,160.293725
-417.603035,160.425714
-417.764874,160.556964
-417.926220,160.687814
-418.086614,160.817892
-420.548279,162.814280
-420.695534,162.933703
-420.841804,163.052326
-420.988644,163.171412
-421.133177,163.288627
-421.276803,163.405106
-421.420114,163.521330
-421.562218,163.636575
-421.702431,163.750287
-421.844160,163.865227
-421.984181,163.978783
-422.122933,164.091310
-422.260290,164.202705
-422.397580,164.314046
-422.534183,164.424830
-424.609547,166.107931
-424.732305,166.207486
-424.854345,166.306459
-424.975621,166.404813
-425.096118,166.502536
-425.216569,166.600220
-425.336939,166.697839
-425.457431,166.795557
-425.578014,166.893349
-425.698385,166.990968
-425.818974,167.088765
-425.939352,167.186391
-426.059915,167.284166
-426.180363,167.381848
-426.300800,167.479521
-428.221691,169.037346
-428.341147,169.134223
-428.460550,169.231059
-428.579768,169.327743
-428.699869,169.425144
-428.818853,169.521639
-428.938468,169.618646
-429.056907,169.714699
-429.175507,169.810882
-429.294104,169.907063
-429.411561,170.002319
-429.530966,170.099156
-429.649124,170.194981
-429.767197,170.290737
-429.885258,170.386484
-431.748084,171.897218
-431.862987,171.990403
-431.977680,172.083418
-432.092088,172.176202
-432.206270,172.268802
-432.320249,172.361238
-432.433979,172.453473
-432.547447,172.545494
-432.660697,172.637338
-432.773600,172.728902
-432.886440,172.820414
-432.998935,172.911646
-433.111164,173.002663
-433.223146,173.093480
-433.334853,173.184073
-435.082255,174.601200
-435.188904,174.687691
-435.295038,174.773764
-435.400786,174.859526
-435.506326,174.945117
-435.611511,175.030421
-435.716308,175.115411
-435.820675,175.200052
-435.924657,175.284380
-436.028439,175.368546
-436.131636,175.452238
-436.234527,175.535681
-436.337108,175.618874
-436.439229,175.701693
-436.541102,175.784311
-438.112732,177.058889
-438.207288,177.135572
-438.301244,177.211770
-438.394813,177.287654
-438.487812,177.363075
-438.580474,177.438223
-438.672478,177.512837
-438.764242,177.587257
-438.855375,177.661165
-438.946115,177.734754
-439.036053,177.807693
-439.125699,177.880395
-439.214976,177.952798
-439.303588,178.024662
-439.391667,178.096093
-440.728178,179.179990
-440.806917,179.243847
-440.885075,179.307233
-440.962716,179.370199
-441.039632,179.432577
-441.116062,179.494561
-441.191905,179.556069
-441.267025,179.616990
-441.341452,179.677350
-441.415364,179.737292
-441.488651,179.796728
-441.561323,179.855664
-441.633382,179.914103
-441.704877,179.972084
-441.775648,180.029479
-442.817844,180.874690
-442.877143,180.922781
-442.935753,180.970313
-442.993617,181.017241
-443.050761,181.063584
-443.107299,181.109435
-443.162915,181.154540
-443.217934,181.199160
-443.272451,181.243372
-443.326219,181.286978
-443.378380,181.329280
-443.430456,181.371513
-443.481613,181.413001
-443.532171,181.454003
-443.581836,181.494281
-444.270883,182.053091
-444.306995,182.082378
-444.342407,182.111097
-444.377021,182.139169
-444.410866,182.166616
-444.443992,182.193481
-444.476234,182.219629
-444.507530,182.245010
-444.538129,182.269825
-444.567901,182.293970
-444.596841,182.317441
-444.625104,182.340361
-444.652352,182.362459
-444.678933,182.384016
-444.704610,182.404840
-445.069407,182.700687
-445.091812,182.718857
-445.114161,182.736982
-445.136489,182.755090
-445.158742,182.773137
-445.180966,182.791160
-445.203144,182.809147
-445.225228,182.827056
-445.247250,182.844916
-445.269267,182.862772
-445.291154,182.880522
-445.312981,182.898223
-445.334939,182.916031
-445.356716,182.933692
-445.378176,182.951096
-445.708076,183.218641
-445.727555,183.234439
-445.746872,183.250104
-445.765985,183.265605
-445.784957,183.280991
-445.803770,183.296249
-445.822369,183.311332
-445.840817,183.326293
-445.859069,183.341095
-445.877136,183.355748
-445.894981,183.370220
-445.912663,183.384560
-445.930170,183.398758
-445.947362,183.412701
-445.964388,183.426508
-446.204858,183.621527
-446.217663,183.631912
-446.230183,183.642066
-446.242415,183.651985
-446.254352,183.661666
-446.265985,183.671101
-446.277330,183.680302
-446.288346,183.689235
-446.299061,183.697925
-446.309468,183.706365
-446.319550,183.714541
-446.329305,183.722453
-446.338735,183.730101
-446.347820,183.737468
-446.356589,183.744580
-446.447620,183.818405
-446.450029,183.820359
-446.452026,183.821978
-446.453608,183.823261
-446.454771,183.824204
-446.455509,183.824803
-446.455821,183.825056
-446.455699,183.824957
-446.455699,183.824957
-446.455699,183.824957
-446.455699,183.824957
-446.455699,183.824957
-446.455699,183.824957
-446.455706,183.824962
-446.455718,183.824973
-446.455737,183.824987
-446.455737,183.824987
-446.455737,183.824987
-446.455737,183.824987
-446.455737,183.824987
-446.455737,183.824987
-446.455737,183.824987
-446.455737,183.824987
-446.455737,183.824987
-446.455737,183.824987
-446.455737,183.824987
-446.455737,183.824987
-446.455737,183.824987
-446.455737,183.824987
-446.455737,183.824987
-446.455737,183.824987
-446.455737,183.824987
-446.455737,183.824987
-446.455737,183.824987
-446.455737,183.824987
-446.455737,183.824987
-446.455737,183.824987
-446.455737,183.824987
-446.455737,183.824987
-446.455737,183.824987
-446.455737,183.824987
-446.455737,183.824987
-446.455737,183.824987
-446.455737,183.824987
-446.455737,183.824987
-446.455737,183.824987
-446.455737,183.824987
-446.455737,183.824987
-446.455737,183.824987
-446.455737,183.824987
-446.455737,183.824987
-446.455737,183.824987
-446.455737,183.824987
-446.455737,183.824987
-446.455737,183.824987
-446.455737,183.824987
-446.455737,183.824987
-446.455737,183.824987
-446.455737,183.824987
-446.455737,183.824987
-446.455737,183.824987
-446.455737,183.824987
-446.455737,183.824987
-446.455737,183.824987
-446.455737,183.824987
-446.455737,183.824987
-446.455737,183.824987
-446.455737,183.824987
-446.455737,183.824987
-446.455737,183.824987
-446.455737,183.824987
-446.455734,183.824986
-446.455752,183.825000
-446.455758,183.825005
-446.455754,183.825001
-446.455754,183.825001
-446.455754,183.825001
-446.455754,183.825001
-446.455754,183.825001
-446.455754,183.825001
-446.455754,183.825001
-446.455754,183.825001
-446.455754,183.825001
-446.455754,183.825001
-446.455754,183.825001
-446.455754,183.825001
-446.455754,183.825001
-446.455754,183.825001
-446.455754,183.825001
-446.455754,183.825001
-446.455754,183.825001
-446.455754,183.825001
-446.455754,183.825001
-446.455754,183.825001
-446.455754,183.825001
-446.455754,183.825001
-446.455754,183.825001
-446.455754,183.825001
-446.455754,183.825001
-446.455754,183.825001
-446.455754,183.825001
-446.455754,183.825001
-446.455754,183.825001
-446.455754,183.825001
-446.455754,183.825001
-446.455754,183.825001
-446.455754,183.825001
-446.455754,183.825001
-446.455754,183.825001
-446.455754,183.825001
-446.455754,183.825001
-446.455754,183.825001
-446.455754,183.825001
-446.455754,183.825001
-446.455754,183.825001
-446.455754,183.825001
-446.455754,183.825001
-446.455754,183.825001
-446.455754,183.825001
-446.455754,183.825001
-446.455754,183.825001
-446.455754,183.825001
-446.455754,183.825001
-446.455754,183.825001
-446.455754,183.825001
-446.455754,183.825001
-446.455754,183.825001
-446.455754,183.825001
-446.455754,183.825001
-446.455754,183.825001
-446.455754,183.825001
-446.455754,183.825001
-446.455754,183.825001
-446.455754,183.825001
-446.455754,183.825001
-446.455754,183.825001
-446.455754,183.825001
-446.455754,183.825001
-446.455754,183.825001
-446.455754,183.825001
-446.455754,183.825001
-446.455754,183.825001
-446.455754,183.825001
-446.455754,183.825001
-446.455754,183.825001
-446.455754,183.825001
-446.455754,183.825001
-446.455754,183.825001
-446.455754,183.825001
-446.455754,183.825001
-446.455754,183.825001
-446.455754,183.825001
-446.455754,183.825001
-446.455754,183.825001
-446.455754,183.825001
-446.455754,183.825001
-446.455754,183.825001
-446.455754,183.825001
-446.455754,183.825001
-446.455754,183.825001
-446.455754,183.825001
-446.455754,183.825001
-446.455754,183.825001
-446.455754,183.825001
-446.455754,183.825001
-446.455754,183.825001
-446.455754,183.825001
-446.455754,183.825001
-446.455754,183.825001
-446.455754,183.825001
-446.455754,183.825001
-446.455754,183.825001
-446.455754,183.825001
-446.455754,183.825001
-446.455754,183.825001
-446.455754,183.825001
-446.455754,183.825001
-446.455754,183.825001
-446.455754,183.825001
-446.455754,183.825001
-446.455754,183.825001
-446.455754,183.825001
-446.455754,183.825001
-446.455754,183.825001
-446.455754,183.825001
-446.455754,183.825001
-446.455754,183.825001
-446.455754,183.825001
-446.455754,183.825001
-446.455754,183.825001
-446.455754,183.825001
-446.455754,183.825001
-446.455754,183.825001
-446.455754,183.825001
-446.455754,183.825001
-446.455754,183.825001
-446.455754,183.825001
-446.455754,183.825001
-446.455754,183.825001
-446.455754,183.825001
-446.455754,183.825001
-446.455754,183.825001
-446.455754,183.825001
-446.455754,183.825001
-446.455754,183.825001
-446.455754,183.825001
-446.455754,183.825001
-446.455754,183.825001
-446.455754,183.825001
-446.455754,183.825001
-446.455754,183.825001
-446.455754,183.825001
-446.455754,183.825001
-446.455754,183.825001
-446.455754,183.825001
-446.455754,183.825001
-446.455754,183.825001
-446.455754,183.825001
-446.455754,183.825001
-446.455754,183.825001
-446.455754,183.825001
-446.455754,183.825001
-446.455754,183.825001
-446.455754,183.825001
-446.455754,183.825001
-446.455754,183.825001
-446.455754,183.825001
-446.455754,183.825001
-446.455754,183.825001
-446.455754,183.825001
-446.455754,183.825001
-446.455754,183.825001
-446.455754,183.825001
-446.455754,183.825001
-446.455754,183.825001
-446.455754,183.825001
-446.455754,183.825001
-446.455754,183.825001
-446.455754,183.825001
-446.455754,183.825001
-446.455754,183.825001
-446.455754,183.825001
-446.455754,183.825001
-446.455754,183.825001
-446.455754,183.825001
-446.455754,183.825001
-446.455754,183.825001
-446.455754,183.825001
-446.455754,183.825001
-446.455754,183.825001
-446.455754,183.825001
-446.455754,183.825001
-446.455754,183.825001
-446.455754,183.825001
-446.455754,183.825001
-446.455754,183.825001
-446.455754,183.825001
-446.455754,183.825001
-446.455754,183.825001
-446.455754,183.825001
-446.455754,183.825001
-446.455754,183.825001
-446.455754,183.825001
-446.455754,183.825001
-446.455754,183.825001
-446.455754,183.825001
-446.455754,183.825001
-446.455754,183.825001
-446.455754,183.825001
-446.455754,183.825001
-446.455754,183.825001
-446.455754,183.825001
-446.455754,183.825001
-446.455754,183.825001
-446.455754,183.825001
-446.455754,183.825001
-446.455754,183.825001
-446.455754,183.825001
-446.455754,183.825001
-446.455754,183.825001
-446.455754,183.825001
-446.455754,183.825001
-446.455754,183.825001
-446.455754,183.825001
-446.455754,183.825001
-446.455754,183.825001
-446.455754,183.825001
-446.455754,183.825001
-446.455754,183.825001
-446.455754,183.825001
-446.455754,183.825001
-446.455754,183.825001
-446.455754,183.825001
-446.455754,183.825001
-446.455754,183.825001
-446.455754,183.825001
-446.455754,183.825001
-446.455754,183.825001
-446.455754,183.825001
-446.455754,183.825001
-446.455754,183.825001
-446.455754,183.825001
-446.455754,183.825001
-446.455754,183.825001
-446.455754,183.825001
-446.455754,183.825001
-446.455754,183.825001
-446.455754,183.825001
-446.455754,183.825001
-446.455754,183.825001
-446.455754,183.825001
-446.455754,183.825001
-446.455754,183.825001
-446.455754,183.825001
-446.455754,183.825001
-446.455754,183.825001
-446.455754,183.825001
-446.455754,183.825001
-446.455754,183.825001
-446.455754,183.825001
-446.455754,183.825001
-446.455754,183.825001
-446.455754,183.825001
-446.455754,183.825001
-446.455754,183.825001
-446.455754,183.825001
-446.455754,183.825001
-446.455754,183.825001
-446.455754,183.825001
-446.455754,183.825001
-446.455754,183.825001
-446.455754,183.825001
-446.455754,183.825001
-446.455754,183.825001
-446.455754,183.825001
-446.455754,183.825001
-446.455754,183.825001
-446.455754,183.825001
-446.455754,183.825001
-446.455754,183.825001
-446.455754,183.825001
-446.455754,183.825001
-446.455754,183.825001
-446.455754,183.825001
-446.455754,183.825001
-446.455754,183.825001
-446.455754,183.825001
-446.455754,183.825001
-446.455754,183.825001
-446.455754,183.825001
-446.455754,183.825001
-446.455754,183.825001
-446.455754,183.825001
-446.455754,183.825001
-446.455754,183.825001
-446.455754,183.825001
-446.455754,183.825001
-446.455754,183.825001
-446.455754,183.825001
-446.455754,183.825001
-446.455754,183.825001
-446.455754,183.825001
-446.455754,183.825001
-446.455754,183.825001
-446.455754,183.825001
-446.455754,183.825001
-446.455754,183.825001
-446.455754,183.825001
-446.455754,183.825001
-446.455754,183.825001
-446.455754,183.825001
-446.455754,183.825001
-446.455754,183.825001
-446.455754,183.825001
-446.455754,183.825001
-446.455754,183.825001
-446.455754,183.825001
-446.455754,183.825001
-446.455754,183.825001
-446.455754,183.825001
-446.455754,183.825001
-446.455754,183.825001
