LanePointX,LanePointY
-1.646000,-6.000000
-1.646000,-6.000000
-1.646000,-6.000000
-1.646000,-6.000000
-1.646000,-6.000000
-1.646000,-6.000000
-1.646000,-6.000000
-1.646000,-6.000000
-1.646000,-6.000000
-1.646000,-6.000000
-1.646000,-6.000000
-1.646000,-6.000000
-1.646000,-6.000000
-1.646000,-6.000000
-1.646000,-6.000000
-1.646000,-6.000000
-1.646000,-6.000000
-1.646000,-6.000000
-1.646000,-6.000000
-1.646000,-6.000000
-1.646000,-6.000000
-1.646000,-6.000000
-1.646000,-6.000000
-1.646000,-6.000000
-1.646000,-6.000000
-1.646000,-6.000000
-1.646000,-6.000000
-1.646000,-6.000000
-1.646000,-6.000000
-1.646000,-6.000000
-1.646000,-6.000000
-1.646000,-6.000000
-1.646000,-6.000000
-1.646000,-6.000000
-1.646000,-6.000000
-1.646000,-6.000000
-1.646000,-6.000000
-1.646000,-6.000000
-1.646000,-6.000000
-1.646000,-6.000000
-1.646000,-6.000000
-1.646000,-6.000000
-1.646000,-6.000000
-1.646000,-6.000000
-1.646000,-6.000000
-1.646000,-6.000000
-1.646000,-6.000000
-1.646000,-6.000000
-1.646000,-6.000000
-1.646000,-6.000000
-1.646000,-6.000000
-1.646000,-6.000000
-1.646000,-6.000000
-1.646000,-6.000000
-1.646000,-6.000000
-1.646000,-6.000000
-1.646000,-6.000000
-1.646000,-6.000000
-1.646000,-6.000000
-1.646000,-6.000000
-1.646000,-6.000000
-1.646000,-6.000000
-1.646000,-6.000000
-1.646000,-6.000000
-1.646000,-6.000000
-1.646000,-6.000000
-1.646000,-6.000000
-1.646000,-6.000000
-1.646000,-6.000000
-1.646000,-6.000000
-1.646000,-6.000000
-1.646000,-6.000000
-1.646000,-6.000000
-1.646000,-6.000000
-1.646000,-6.000000
-1.646000,-6.000000
-1.646000,-6.000000
-1.646000,-6.000000
-1.646000,-6.000000
-1.646000,-6.000000
-1.646000,-6.000000
-1.646000,-6.000000
-1.646000,-6.000000
-1.646000,-6.000000
-1.646000,-6.000000
-1.646000,-6.000000
-1.646000,-6.000000
-1.646000,-6.000000
-1.646000,-6.000000
-1.646000,-6.000000
-1.646000,-6.000000
-1.646000,-6.000000
-1.646000,-6.000000
-1.646000,-6.000000
-1.646000,-6.000000
-1.646000,-6.000000
-1.646000,-6.000000
-1.646000,-6.000000
-1.646000,-6.000000
-1.646000,-6.000000
-1.646000,-6.000000
-1.646000,-6.000000
-1.646000,-6.000000
-1.646000,-6.000000
-1.646000,-6.000000
-1.646000,-6.000000
-1.646000,-6.000000
-1.646000,-6.000000
-1.646000,-6.000000
-1.646000,-6.000000
-1.646000,-6.000000
-1.646000,-6.000000
-1.646000,-6.000000
-1.646000,-6.000000
-1.646000,-6.000000
-1.646000,-6.000000
-1.646000,-6.000000
-1.646000,-6.000000
-1.646000,-6.000000
-1.646000,-6.000000
-1.646000,-6.000000
-1.646000,-6.000000
-1.646000,-6.000000
-1.646000,-6.000000
-1.646000,-6.000000
-1.646000,-6.000000
-1.646000,-6.000000
-1.646000,-6.000000
-1.646000,-6.000000
-1.646000,-6.000000
-1.646000,-6.000000
-1.646000,-6.000000
-1.646000,-6.000000
-1.646000,-6.000000
-1.646000,-6.000000
-1.646000,-6.000000
-1.646000,-6.000000
-1.646000,-6.000000
-1.646000,-6.000000
-1.646000,-6.000000
-1.646000,-6.000000
-1.646000,-6.000000
-1.646000,-6.000000
-1.646000,-6.000000
-1.646000,-6.000000
-1.646000,-6.000000
-1.646000,-6.000000
-1.646000,-6.000000
-1.646000,-6.000000
-1.646000,-6.000000
-1.646000,-6.000000
-1.646000,-6.000000
-1.646000,-6.000000
-1.646000,-6.000000
-1.646000,-6.000000
-1.646000,-6.000000
-1.646000,-6.000000
-1.646000,-6.000000
-1.646000,-6.000000
-1.646000,-6.000000
-1.646000,-6.000000
-1.646000,-6.000000
-1.646000,-6.000000
-1.646000,-6.000000
-1.646000,-6.000000
-1.646000,-6.000000
-1.646000,-6.000000
-1.646000,-6.000000
-1.646000,-6.000000
-1.646000,-6.000000
-1.646000,-6.000000
-1.646000,-6.000000
-1.646000,-6.000000
-1.646000,-6.000000
-1.646000,-6.000000
-1.646000,-6.000000
-1.646000,-6.000000
-1.646000,-6.000000
-1.646000,-6.000000
-1.646000,-6.000000
-1.646000,-6.000000
-1.646000,-6.000000
-1.646000,-6.000000
-1.646000,-6.000000
-1.646000,-6.000000
-1.646000,-6.000000
-1.646000,-6.000000
-1.646000,-6.000000
-1.646000,-6.000000
-1.646000,-6.000000
-1.646000,-6.000000
-1.646000,-6.000000
-1.646000,-6.000000
-1.646000,-6.000000
-1.646000,-6.000000
-1.646000,-6.000000
-1.646000,-6.000000
-1.646000,-6.000000
-1.646000,-6.000000
-1.646000,-6.000000
-1.646000,-6.000000
-1.646000,-6.000000
-1.646000,-6.000000
-1.646000,-6.000000
-1.646000,-6.000000
-1.646000,-6.000000
-1.646000,-6.000000
-1.646000,-6.000000
-1.646000,-6.000000
-1.646000,-6.000000
-1.646000,-6.000000
-1.646000,-6.000000
-1.646000,-6.000000
-1.646000,-6.000000
-1.646000,-6.000000
-1.646000,-6.000000
-1.646000,-6.000000
-1.646000,-6.000000
-1.646000,-6.000000
-1.646000,-6.000000
-1.646000,-6.000000
-1.646000,-6.000000
-1.646000,-6.000000
-1.646000,-6.000000
-1.646000,-6.000000
-1.646000,-6.000000
-1.646000,-6.000000
-1.646000,-6.000000
-1.646000,-6.000000
-1.646000,-6.000000
-1.646000,-6.000000
-1.646000,-6.000000
-1.646000,-6.000000
-1.646000,-6.000000
-1.646000,-6.000000
-1.646000,-6.000000
-1.646000,-6.000000
-1.646000,-6.000000
-1.646000,-6.000000
-1.646000,-6.000000
-1.646000,-6.000000
-1.646000,-6.000000
-1.646000,-6.000000
-1.646000,-6.000000
-1.646000,-6.000000
-1.646000,-6.000000
-1.646000,-6.000000
-1.646000,-6.000000
-1.646000,-6.000000
-1.646000,-6.000000
-1.646000,-6.000000
-1.646000,-6.000000
-1.646000,-6.000000
-1.646000,-6.000000
-1.646000,-6.000000
-1.646000,-6.000000
-1.646000,-6.000000
-1.646000,-6.000000
-1.646000,-6.000000
-1.646000,-6.000000
-1.646000,-6.000000
-1.646000,-6.000000
-1.646000,-6.000000
-1.646000,-6.000000
-1.646000,-6.000000
-1.646000,-6.000000
-1.646000,-6.000000
-1.646000,-6.000000
-1.646000,-6.000000
-1.646000,-6.000000
-1.646000,-6.000000
-1.646000,-6.000000
-1.646000,-6.000000
-1.646000,-6.000000
-1.646000,-6.000000
-1.646000,-6.000000
-1.646000,-6.000000
-1.646000,-6.000000
-1.646000,-6.000000
-1.646000,-6.000000
-1.646000,-6.000000
-1.646000,-6.000000
-1.646000,-6.000000
-1.646000,-6.000000
-1.646000,-6.000000
-1.646000,-6.000000
-1.646000,-6.000000
-1.646000,-6.000000
-1.646000,-6.000000
-1.646000,-6.000000
-1.646000,-6.000000
-1.646000,-6.000000
-1.646000,-6.000000
-1.646000,-6.000000
-1.646000,-6.000000
-1.646000,-6.000000
-1.646000,-6.000000
-1.646000,-6.000000
-1.646000,-6.000000
-1.646000,-6.000000
-1.646000,-6.000000
-1.646000,-6.000000
-1.646000,-6.000000
-1.646000,-6.000000
-1.646000,-6.000000
-1.646000,-6.000000
-1.646000,-6.000000
-1.646000,-6.000000
-1.646000,-6.000000
-1.646000,-6.000000
-1.646000,-6.000000
-1.646000,-6.000000
-1.646000,-6.000000
-1.646000,-6.000000
-1.646000,-6.000000
-1.646000,-6.000000
-1.646000,-6.000000
-1.646000,-6.000000
-1.646000,-6.000000
-1.646000,-6.000000
-1.646000,-6.000000
-1.646000,-6.000000
-1.646000,-6.000000
-1.646000,-6.000000
-1.646000,-6.000000
-1.646000,-6.000000
-1.646000,-6.000000
-1.646000,-6.000000
-1.646000,-6.000000
-1.646000,-6.000000
-1.646000,-6.000000
-1.646000,-6.000000
-1.646000,-6.000000
-1.646000,-6.000000
-1.646000,-6.000000
-1.646000,-6.000000
-1.646000,-6.000000
-1.646000,-6.000000
-1.646000,-6.000000
-1.646000,-6.000000
-1.646000,-6.000000
-1.646000,-6.000000
-1.646000,-6.000000
-1.646000,-6.000000
-1.646000,-6.000000
-1.646000,-6.000000
-1.646000,-6.000000
-1.646000,-6.000000
-1.646000,-6.000000
-1.646000,-6.000000
-1.646000,-6.000000
-1.646000,-6.000000
-1.646000,-6.000000
-1.646000,-6.000000
-1.646000,-6.000000
-1.646000,-6.000000
-1.646000,-6.000000
-1.646000,-6.000000
-1.646000,-6.000000
-1.646000,-6.000000
-1.646000,-6.000000
-1.646000,-6.000000
-1.646000,-6.000000
-1.646000,-6.000000
-1.646000,-6.000000
-1.646000,-6.000000
-1.646000,-6.000000
-1.646000,-6.000000
-1.646000,-6.000000
-1.646000,-6.000000
-1.646000,-6.000000
-1.646000,-6.000000
-1.646000,-6.000000
-1.646000,-6.000000
-1.646000,-6.000000
-1.646000,-6.000000
-1.646000,-6.000000
-1.646000,-6.000000
-1.646000,-6.000000
-1.646000,-6.000000
-1.646000,-6.000000
-1.646000,-6.000000
-1.646000,-6.000000
-1.646000,-6.000000
-1.646000,-6.000000
-1.646000,-6.000000
-1.646000,-6.000000
-1.646000,-6.000000
-1.646000,-6.000000
-1.646000,-6.000000
-1.646000,-6.000000
-1.646000,-6.000000
-1.646000,-6.000000
-1.646000,-6.000000
-1.646000,-6.000000
-1.646000,-6.000000
-1.646000,-6.000000
-1.646000,-6.000000
-1.646000,-6.000000
-1.646000,-6.000000
-1.646000,-6.000000
-1.646000,-6.000000
-1.646000,-6.000000
-1.646000,-6.000000
-1.646000,-6.000000
-1.646000,-6.000000
-1.646000,-6.000000
-1.646000,-6.000000
-1.646000,-6.000000
-1.646000,-6.000000
-1.646000,-6.000000
-1.646000,-6.000000
-1.646000,-6.000000
-1.646000,-6.000000
-1.646000,-6.000000
-1.646000,-6.000000
-1.646000,-6.000000
-1.646000,-6.000000
-1.646000,-6.000000
-1.646000,-6.000000
-1.646000,-6.000000
-1.646000,-6.000000
-1.646000,-6.000000
-1.646000,-6.000000
-1.646000,-6.000000
-1.646000,-6.000000
-1.646000,-6.000000
-1.646000,-6.000000
-1.646000,-6.000000
-1.646000,-6.000000
-1.646000,-6.000000
-1.646000,-6.000000
-1.646000,-6.000000
-1.646000,-6.000000
-1.646000,-6.000000
-1.646000,-6.000000
-1.646000,-6.000000
-1.646000,-6.000000
-1.646000,-6.000000
-1.646000,-6.000000
-1.646000,-6.000000
-1.646000,-6.000000
-1.646000,-6.000000
-1.646000,-6.000000
-1.646000,-6.000000
-1.646000,-6.000000
-1.646000,-6.000000
-1.646000,-6.000000
-1.646000,-6.000000
-1.646000,-6.000000
-1.646000,-6.000000
-1.646000,-6.000000
-1.646000,-6.000000
-1.646000,-6.000000
-1.646000,-6.000000
-1.646000,-6.000000
-1.646000,-6.000000
-1.646000,-6.000000
-1.646000,-6.000000
-1.646000,-6.000000
-1.646000,-6.000000
-1.646000,-6.000000
-1.646000,-6.000000
-1.646000,-6.000000
-1.646000,-6.000000
-1.646000,-6.000000
-1.646000,-6.000000
-1.646000,-6.000000
-1.646000,-6.000000
-1.646000,-6.000000
-1.646000,-6.000000
-1.646000,-6.000000
-1.646000,-6.000000
-1.646000,-6.000000
-1.646000,-6.000000
-1.646000,-6.000000
-1.646000,-6.000000
-1.646000,-6.000000
-1.646000,-6.000000
-1.646000,-6.000000
-1.646000,-6.000000
-1.646000,-6.000000
-1.646000,-6.000000
-1.646000,-6.000000
-1.646000,-6.000000
-1.646000,-6.000000
-1.646000,-6.000000
-1.646000,-6.000000
-1.646000,-6.000000
-1.646000,-6.000000
-1.646000,-6.000000
-1.646000,-6.000000
-1.646000,-6.000000
-1.646000,-6.000000
-1.646000,-6.000000
-1.646000,-6.000000
-1.646000,-6.000000
-1.646000,-6.000000
-1.646000,-6.000000
-1.646000,-6.000000
-1.646000,-6.000000
-1.646000,-6.000000
-1.646000,-6.000000
-1.646000,-6.000000
-1.646000,-6.000000
-1.646000,-6.000000
-1.646000,-6.000000
-1.646000,-6.000000
-1.646000,-6.000000
-1.646000,-6.000000
-1.646000,-6.000000
-1.646000,-6.000000
-1.646000,-6.000000
-1.646000,-6.000000
-1.646000,-6.000000
-1.646000,-6.000000
-1.646000,-6.000000
-1.646000,-6.000000
-1.646000,-6.000000
-1.646000,-6.000000
-1.646000,-6.000000
-1.646000,-6.000000
-1.646000,-6.000000
-1.646000,-6.000000
-1.646000,-6.000000
-1.646000,-6.000000
-1.646000,-6.000000
-1.646000,-6.000000
-1.646000,-6.000000
-1.646000,-6.000000
-1.646000,-6.000000
-1.646000,-6.000000
-1.646000,-6.000000
-1.646000,-6.000000
-1.646000,-6.000000
-1.646000,-6.000000
-1.646000,-6.000000
-1.646000,-6.000000
-1.646000,-6.000000
-1.646000,-6.000000
-1.646000,-6.000000
-1.646000,-6.000000
-1.646000,-6.000000
-1.646000,-6.000000
-1.646000,-6.000000
-1.646000,-6.000000
-1.646000,-6.000000
-1.646000,-6.000000
-1.646000,-6.000000
-1.646000,-6.000000
-1.646000,-6.000000
-1.646000,-6.000000
-1.646000,-6.000000
-1.646000,-6.000000
-1.646000,-6.000000
-1.646000,-6.000000
-1.646000,-6.000000
-1.646000,-6.000000
-1.646000,-6.000000
-1.646000,-6.000000
-1.646000,-6.000000
-1.646000,-6.000000
-1.646000,-6.000000
-1.646000,-6.000000
-1.646000,-6.000000
-1.646000,-6.000000
-1.646000,-6.000000
-1.646000,-6.000000
-1.646000,-6.000000
-1.646000,-6.000000
-1.646000,-6.000000
-1.646000,-6.000000
-1.646000,-6.000000
-1.646000,-6.000000
-1.646000,-6.000000
-1.646000,-6.000000
-1.646000,-6.000000
-1.646000,-6.000000
-1.646000,-6.000000
-1.646000,-6.000000
-1.646000,-6.000000
-1.646000,-6.000000
-1.646000,-6.000000
-1.646000,-6.000000
-1.646000,-6.000000
-1.646000,-6.000000
-1.646000,-6.000000
-1.646000,-6.000000
-1.646000,-6.000000
-1.646000,-6.000000
-1.646000,-6.000000
-1.646000,-6.000000
-1.646000,-6.000000
-1.646000,-6.000000
-1.646000,-6.000000
-1.646000,-6.000000
-1.646000,-6.000000
-1.646000,-6.000000
-1.646000,-6.000000
-1.646000,-6.000000
-1.646000,-6.000000
-1.646000,-6.000000
-1.646000,-6.000000
-1.646000,-6.000000
-1.646000,-6.000000
-1.646000,-6.000000
-1.646000,-6.000000
-1.646000,-6.000000
-1.646000,-6.000000
-1.646000,-6.000000
-1.646000,-6.000000
-1.646000,-6.000000
-1.646000,-6.000000
-1.646000,-6.000000
-1.646000,-6.000000
-1.646000,-6.000000
-1.646000,-6.000000
-1.646000,-6.000000
-1.646000,-6.000000
-1.646000,-6.000000
-1.646000,-6.000000
-1.646000,-6.000000
-1.646000,-6.000000
-1.646000,-6.000000
-1.646000,-6.000000
-1.646000,-6.000000
-1.646000,-6.000000
-1.646000,-6.000000
-1.646000,-6.000000
-1.646000,-6.000000
-1.646000,-6.000000
-1.646000,-6.000000
-1.646000,-6.000000
-1.646000,-6.000000
-1.646000,-6.000000
-1.646000,-6.000000
-1.646000,-6.000000
-1.646000,-6.000000
-1.646000,-6.000000
-1.646000,-6.000000
-1.646000,-6.000000
-1.646000,-6.000000
-1.646000,-6.000000
-1.646000,-6.000000
-1.646000,-6.000000
-1.646000,-6.000000
-1.646000,-6.000000
-1.646000,-6.000000
-1.646000,-6.000000
-1.646000,-6.000000
-1.646000,-6.000000
-1.646000,-6.000000
-1.646000,-6.000000
-1.646000,-6.000000
-1.646000,-6.000000
-1.646000,-6.000000
-1.646000,-6.000000
-1.646000,-6.000000
-1.646000,-6.000000
-1.646000,-6.000000
-1.646000,-6.000000
-1.646000,-6.000000
-1.646000,-6.000000
-1.646000,-6.000000
-1.646000,-6.000000
-1.646000,-6.000000
-1.646000,-6.000000
-1.646000,-6.000000
-1.646000,-6.000000
-1.646000,-6.000000
-1.646000,-6.000000
-1.646000,-6.000000
-1.646000,-6.000000
-1.646000,-6.000000
-1.646000,-6.000000
-1.646000,-6.000000
-1.646000,-6.000000
-1.646000,-6.000000
-1.646000,-6.000000
-1.646000,-6.000000
-1.646000,-6.000000
-1.646000,-6.000000
-1.646000,-6.000000
-1.646000,-6.000000
-1.646000,-6.000000
-1.646000,-6.000000
-1.646000,-6.000000
-1.646000,-6.000000
-1.646000,-6.000000
-1.646000,-6.000000
-1.646000,-6.000000
-1.646000,-6.000000
-1.646000,-6.000000
-1.646000,-6.000000
-1.646000,-6.000000
-1.646000,-6.000000
-1.646000,-6.000000
-1.646000,-6.000000
-1.646000,-6.000000
-1.646000,-6.000000
-1.646000,-6.000000
-1.646000,-6.000000
-1.646000,-6.000000
-1.646000,-6.000000
-1.646000,-6.000000
-1.646000,-6.000000
-1.646000,-6.000000
-1.646000,-6.000000
-1.646000,-6.000000
-1.646000,-6.000000
-1.646000,-6.000000
-1.646000,-6.000000
-1.646000,-6.000000
-1.646000,-6.000000
-1.646000,-6.000000
-1.646000,-6.000000
-1.646000,-6.000000
-1.646000,-6.000000
-1.646000,-6.000000
-1.646000,-6.000000
-1.646000,-6.000000
-1.646000,-6.000000
-1.646000,-6.000000
-1.646000,-6.000000
-1.646000,-6.000000
-1.646000,-6.000000
-1.646000,-6.000000
-1.646000,-6.000000
-1.646000,-6.000000
-1.646000,-6.000000
-1.646000,-6.000000
-1.646000,-6.000000
-1.646000,-6.000000
-1.646000,-6.000000
-1.646000,-6.000000
-1.646000,-6.000000
-1.646000,-6.000000
-1.646000,-6.000000
-1.646000,-6.000000
-1.646000,-6.000000
-1.646000,-6.000000
-1.646000,-6.000000
-1.646000,-6.000000
-1.646000,-6.000000
-1.646000,-6.000000
-1.646000,-6.000000
-1.646000,-6.000000
-1.646000,-6.000000
-1.646000,-6.000000
-1.646000,-6.000000
-1.646000,-6.000000
-1.646000,-6.000000
-1.646000,-6.000000
-1.646000,-6.000000
-1.646000,-6.000000
-1.646000,-6.000000
-1.646000,-6.000000
-1.646000,-6.000000
-1.646000,-6.000000
-1.646000,-6.000000
-1.646000,-6.000000
-1.646000,-6.000000
-1.646000,-6.000000
-1.646000,-6.000000
-1.646000,-6.000000
-1.646000,-6.000000
-1.646000,-6.000000
-1.646000,-6.000000
-1.646000,-6.000000
-1.646000,-6.000000
-1.646000,-6.000000
-1.646000,-6.000000
-1.646000,-6.000000
-1.646000,-6.000000
-1.646000,-6.000000
-1.646000,-6.000000
-1.646000,-6.000000
-1.646000,-6.000000
-1.646000,-6.000000
-1.646000,-6.000000
-1.646000,-6.000000
-1.646000,-6.000000
-1.646000,-6.000000
-1.646000,-6.000000
-1.646000,-6.000000
-1.646000,-6.000000
-1.646000,-6.000000
-1.646000,-6.000000
-1.646000,-6.000000
-1.646000,-6.000000
-1.646000,-6.000000
-1.646000,-6.000000
-1.646000,-6.000000
-1.646000,-6.000000
-1.646000,-6.000000
-1.646000,-6.000000
-1.646000,-6.000000
-1.646000,-6.000000
-1.646000,-6.000000
-1.646000,-6.000000
-1.646000,-6.000000
-1.646000,-6.000000
-1.646000,-6.000000
-1.646000,-6.000000
-1.646000,-6.000000
-1.646000,-6.000000
-1.646000,-6.000000
-1.646000,-6.000000
-1.646000,-6.000000
-1.646000,-6.000000
-1.646000,-6.000000
-1.646000,-6.000000
-1.646000,-6.000000
-1.646000,-6.000000
-1.646000,-6.000000
-1.646000,-6.000000
-1.646000,-6.000000
-1.646000,-6.000000
-1.646000,-6.000000
-1.646000,-6.000000
-1.646000,-6.000000
-1.646000,-6.000000
-1.646000,-6.000000
-1.646000,-6.000000
-1.646000,-6.000000
-1.646000,-6.000000
-1.646000,-6.000000
-1.646000,-6.000000
-1.646000,-6.000000
-1.646000,-6.000000
-1.646000,-6.000000
-1.646000,-6.000000
-1.646000,-6.000000
-1.646000,-6.000000
-1.646000,-6.000000
-1.646000,-6.000000
-1.646000,-6.000000
-1.646000,-6.000000
-1.646000,-6.000000
-1.646000,-6.000000
-1.646000,-6.000000
-1.646000,-6.000000
-1.646000,-6.000000
-1.646000,-6.000000
-1.646000,-6.000000
-1.646000,-6.000000
-1.646000,-6.000000
-1.646000,-6.000000
-1.646000,-6.000000
-1.646000,-6.000000
-1.646000,-6.000000
-1.646000,-6.000000
-1.646000,-6.000000
-1.646000,-6.000000
-1.646000,-6.000000
-1.646000,-6.000000
-1.646000,-6.000000
-1.646000,-6.000000
-1.646000,-6.000000
-1.646000,-6.000000
-1.646000,-6.000000
-1.646000,-6.000000
-1.646000,-6.000000
-1.646000,-6.000000
-1.646000,-6.000000
-1.646000,-6.000000
-1.646000,-6.000000
-1.646000,-6.000000
-1.646000,-6.000000
-1.646000,-6.000000
-1.646000,-6.000000
-1.646000,-6.000000
-1.646000,-6.000000
-1.646000,-6.000000
-1.646000,-6.000000
-1.646000,-6.000000
-1.646000,-6.000000
-1.646000,-6.000000
-1.646000,-6.000000
-1.646000,-6.000000
-1.646000,-6.000000
-1.646000,-6.000000
-1.646000,-6.000000
-1.646000,-6.000000
-1.646000,-6.000000
-1.646000,-6.000000
-1.646000,-6.000000
-1.646000,-6.000000
-1.646000,-6.000000
-1.646000,-6.000000
-1.646000,-6.000000
-1.646000,-6.000000
-1.646000,-6.000000
-1.646000,-6.000000
-1.646000,-6.000000
-1.646000,-6.000000
-1.646000,-6.000000
-1.646000,-6.000000
-1.646000,-6.000000
-1.646000,-6.000000
-1.646000,-6.000000
-1.646000,-6.000000
-1.646000,-6.000000
-1.646000,-6.000000
-1.646000,-6.000000
-1.646000,-6.000000
-1.646000,-6.000000
-1.646000,-6.000000
-1.646000,-6.000000
-1.646000,-6.000000
-1.646000,-6.000000
-1.646000,-6.000000
-1.646000,-6.000000
-1.646000,-6.000000
-1.646000,-6.000000
-1.646000,-6.000000
-1.646000,-6.000000
-1.646000,-6.000000
-1.646000,-6.000000
-1.646000,-6.000000
-1.646000,-6.000000
-1.646000,-6.000000
-1.646000,-6.000000
-1.646000,-6.000000
-1.646000,-6.000000
-1.646000,-6.000000
-1.646000,-6.000000
-1.646000,-6.000000
-1.646000,-6.000000
-1.646000,-6.000000
-1.646000,-6.000000
-1.646000,-6.000000
-1.646000,-6.000000
-1.646000,-6.000000
-1.646000,-6.000000
-1.646000,-6.000000
-1.646000,-6.000000
-1.646000,-6.000000
-1.646000,-6.000000
-1.646000,-6.000000
-1.646000,-6.000000
-1.646000,-6.000000
-1.646000,-6.000000
-1.646000,-6.000000
-1.646000,-6.000000
-1.646000,-6.000000
-1.646000,-6.000000
-1.646000,-6.000000
-1.646000,-6.000000
-1.646000,-6.000000
-1.646000,-6.000000
-1.646000,-6.000000
-1.646000,-6.000000
-1.646000,-6.000000
-1.646000,-6.000000
-1.646000,-6.000000
-1.646000,-6.000000
-1.646000,-6.000000
-1.646000,-6.000000
-1.646000,-6.000000
-1.646000,-6.000000
-1.646000,-6.000000
-1.646000,-6.000000
-1.646000,-6.000000
-1.646000,-6.000000
-1.646000,-6.000000
-1.646000,-6.000000
-1.646000,-6.000000
-1.646000,-6.000000
-1.646000,-6.000000
-1.646000,-6.000000
-1.646000,-6.000000
-1.646000,-6.000000
-1.646000,-6.000000
-1.646000,-6.000000
-1.646000,-6.000000
-1.646000,-6.000000
-1.646000,-6.000000
-1.646000,-6.000000
-1.646000,-6.000000
-1.646000,-6.000000
-1.646000,-6.000000
-1.646000,-6.000000
-1.646000,-6.000000
-1.646000,-6.000000
-1.646000,-6.000000
-1.646000,-6.000000
-1.646000,-6.000000
-1.646000,-6.000000
-1.646000,-6.000000
-1.646000,-6.000000
-1.646000,-6.000000
-1.646000,-6.000000
-1.646000,-6.000000
-1.646000,-6.000000
-1.646000,-6.000000
-1.646000,-6.000000
-1.646000,-6.000000
-1.646000,-6.000000
-1.646000,-6.000000
-1.646000,-6.000000
-1.646000,-6.000000
-1.646000,-6.000000
-1.646000,-6.000000
-1.646000,-6.000000
-1.646000,-6.000000
-1.646000,-6.000000
-1.646000,-6.000000
-1.646000,-6.000000
-1.646000,-6.000000
-1.646000,-6.000000
-1.646000,-6.000000
-1.646000,-6.000000
-1.646000,-6.000000
-1.646000,-6.000000
-1.646000,-6.000000
-1.646000,-6.000000
-1.646000,-6.000000
-1.646000,-6.000000
-1.646000,-6.000000
-1.646000,-6.000000
-1.646000,-6.000000
-1.646000,-6.000000
-1.646000,-6.000000
-1.646000,-6.000000
-1.646000,-6.000000
-1.646000,-6.000000
-1.646000,-6.000000
-1.646000,-6.000000
-1.646000,-6.000000
-1.646000,-6.000000
-1.646000,-6.000000
-1.646000,-6.000000
-1.646000,-6.000000
-1.646000,-6.000000
-1.646000,-6.000000
-1.646000,-6.000000
-1.646000,-6.000000
-1.646000,-6.000000
-1.646000,-6.000000
-1.646000,-6.000000
-1.646000,-6.000000
-1.646000,-6.000000
-1.646000,-6.000000
-1.646000,-6.000000
-1.646000,-6.000000
-1.646000,-6.000000
-1.646000,-6.000000
-1.646000,-6.000000
-1.646000,-6.000000
-1.646000,-6.000000
-1.646000,-6.000000
-1.646000,-6.000000
-1.646000,-6.000000
-1.646000,-6.000000
-1.646000,-6.000000
-1.646000,-6.000000
-1.646000,-6.000000
-1.646000,-6.000000
-1.646000,-6.000000
-1.646000,-6.000000
-1.646000,-6.000000
-1.646000,-6.000000
-1.646000,-6.000000
-1.646000,-6.000000
-1.645651,-6.000000
-1.645530,-6.000000
-1.645383,-6.000001
-1.645206,-6.000001
-1.644993,-6.000001
-1.644745,-6.000001
-1.644459,-6.000002
-1.644129,-6.000002
-1.643756,-6.000003
-1.643331,-6.000004
-1.642863,-6.000004
-1.642332,-6.000005
-1.641747,-6.000006
-1.641098,-6.000008
-1.640388,-6.000009
-1.617656,-6.000068
-1.615355,-6.000074
-1.612937,-6.000082
-1.610382,-6.000089
-1.607706,-6.000097
-1.604890,-6.000106
-1.601942,-6.000115
-1.598843,-6.000125
-1.595614,-6.000135
-1.592225,-6.000146
-1.588689,-6.000157
-1.584995,-6.000169
-1.581148,-6.000181
-1.577126,-6.000194
-1.572952,-6.000207
-1.480424,-6.000478
-1.472815,-6.000497
-1.464972,-6.000515
-1.456943,-6.000534
-1.448656,-6.000551
-1.440145,-6.000569
-1.431395,-6.000585
-1.422311,-6.000601
-1.412982,-6.000616
-1.403410,-6.000630
-1.393659,-6.000643
-1.383507,-6.000655
-1.373139,-6.000665
-1.362517,-6.000673
-1.351599,-6.000679
-1.138959,-6.000261
-1.123987,-6.000181
-1.108480,-6.000092
-1.093030,-5.999994
-1.077425,-5.999891
-1.061813,-5.999778
-1.045736,-5.999658
-1.029721,-5.999529
-1.013540,-5.999394
-0.997441,-5.999251
-0.980856,-5.999099
-0.964414,-5.998940
-0.947773,-5.998774
-0.931274,-5.998601
-0.914313,-5.998419
-0.638461,-5.994636
-0.621096,-5.994353
-0.603599,-5.994064
-0.586294,-5.993772
-0.568878,-5.993476
-0.551568,-5.993176
-0.534224,-5.992872
-0.516989,-5.992565
-0.499741,-5.992255
-0.482584,-5.991941
-0.465397,-5.991625
-0.448324,-5.991305
-0.431215,-5.990983
-0.414209,-5.990658
-0.397183,-5.990330
-0.129899,-5.984783
-0.113451,-5.984420
-0.097023,-5.984057
-0.080634,-5.983691
-0.064253,-5.983324
-0.047837,-5.982958
-0.031433,-5.982590
-0.014964,-5.982222
0.001479,-5.981852
0.017964,-5.981482
0.034426,-5.981110
0.050938,-5.980738
0.067447,-5.980364
0.084017,-5.979988
0.100597,-5.979610
0.372252,-5.973200
0.389793,-5.972768
0.407396,-5.972329
0.425104,-5.971886
0.442857,-5.971438
0.460758,-5.970983
0.478686,-5.970524
0.496575,-5.970058
0.514508,-5.969586
0.532397,-5.969108
0.550313,-5.968625
0.568205,-5.968136
0.586053,-5.967645
0.603868,-5.967147
0.621684,-5.966646
0.901048,-5.958182
0.918143,-5.957632
0.935264,-5.957079
0.952158,-5.956530
0.969174,-5.955974
0.986162,-5.955415
1.003097,-5.954856
1.020008,-5.954294
1.036905,-5.953731
1.053769,-5.953165
1.070599,-5.952599
1.087367,-5.952032
1.104157,-5.951462
1.120857,-5.950892
1.137582,-5.950320
1.402944,-5.941017
1.419693,-5.940424
1.436454,-5.939828
1.453287,-5.939229
1.470138,-5.938627
1.487073,-5.938022
1.504028,-5.937414
1.521082,-5.936802
1.538139,-5.936188
1.555282,-5.935569
1.572478,-5.934946
1.589792,-5.934317
1.607123,-5.933685
1.624545,-5.933049
1.642049,-5.932406
1.925676,-5.921466
1.943213,-5.920753
1.960718,-5.920038
1.978174,-5.919321
1.995584,-5.918603
2.012971,-5.917881
2.030332,-5.917158
2.047633,-5.916433
2.064907,-5.915707
2.082161,-5.914978
2.099374,-5.914249
2.116539,-5.913518
2.133695,-5.912785
2.150780,-5.912051
2.167887,-5.911315
2.437078,-5.899405
2.453640,-5.898655
2.470231,-5.897903
2.486757,-5.897151
2.503283,-5.896398
2.519767,-5.895645
2.536230,-5.894892
2.552666,-5.894139
2.569094,-5.893384
2.585460,-5.892631
2.601846,-5.891875
2.618205,-5.891120
2.634503,-5.890366
2.650809,-5.889610
2.667257,-5.888846
2.929485,-5.876619
2.946285,-5.875834
2.963119,-5.875045
2.980057,-5.874252
2.997027,-5.873455
3.014104,-5.872653
3.031243,-5.871846
3.048464,-5.871034
3.065760,-5.870217
3.083163,-5.869394
3.100608,-5.868566
3.118195,-5.867731
3.135854,-5.866889
3.153617,-5.866042
3.171482,-5.865186
3.463401,-5.850685
3.481570,-5.849746
3.499714,-5.848804
3.517821,-5.847860
3.535896,-5.846916
3.553921,-5.845969
3.571916,-5.845021
3.590012,-5.844064
3.607817,-5.843120
3.625700,-5.842168
3.643554,-5.841214
3.661366,-5.840260
3.679161,-5.839304
3.696934,-5.838346
3.714647,-5.837389
3.994274,-5.821955
4.011537,-5.820984
4.028739,-5.820016
4.045925,-5.819047
4.063097,-5.818077
4.080236,-5.817107
4.097388,-5.816135
4.114565,-5.815163
4.131716,-5.814192
4.149004,-5.813214
4.166177,-5.812241
4.183496,-5.811260
4.200770,-5.810281
4.218164,-5.809295
4.235531,-5.808310
4.522133,-5.791882
4.540721,-5.790801
4.559377,-5.789712
4.578162,-5.788614
4.597108,-5.787502
4.616081,-5.786386
4.635025,-5.785268
4.654211,-5.784128
4.673268,-5.782992
4.692417,-5.781843
4.711566,-5.780690
4.730619,-5.779535
4.749712,-5.778375
4.768798,-5.777208
4.787923,-5.776036
5.088931,-5.756981
5.107444,-5.755777
5.126091,-5.754562
5.144488,-5.753359
5.162760,-5.752163
5.181286,-5.750946
5.199676,-5.749736
5.217928,-5.748531
5.236074,-5.747331
5.254462,-5.746113
5.272707,-5.744901
5.290868,-5.743692
5.309086,-5.742478
5.327177,-5.741269
5.345287,-5.740057
5.634152,-5.720531
5.652277,-5.719299
5.670757,-5.718040
5.689106,-5.716790
5.707414,-5.715540
5.725892,-5.714277
5.744471,-5.713005
5.762846,-5.711746
5.781469,-5.710467
5.800223,-5.709178
5.819040,-5.707880
5.837823,-5.706584
5.856725,-5.705276
5.875727,-5.703960
5.894681,-5.702643
6.210678,-5.680122
6.230651,-5.678647
6.250680,-5.677164
6.270604,-5.675681
6.290557,-5.674191
6.310425,-5.672700
6.330367,-5.671200
6.350130,-5.669706
6.369921,-5.668206
6.389620,-5.666707
6.409342,-5.665202
6.428968,-5.663698
6.448491,-5.662199
6.468050,-5.660690
6.487639,-5.659177
6.794796,-5.634903
6.813544,-5.633393
6.832423,-5.631870
6.851277,-5.630346
6.870097,-5.628823
6.888848,-5.627302
6.907692,-5.625771
6.926469,-5.624243
6.945120,-5.622723
6.963900,-5.621194
6.982715,-5.619659
7.001573,-5.618122
7.020372,-5.616588
7.039346,-5.615040
7.058271,-5.613493
7.370059,-5.587767
7.390349,-5.586070
7.410528,-5.584378
7.431003,-5.582658
7.451482,-5.580933
7.472117,-5.579192
7.492784,-5.577443
7.513630,-5.575676
7.534579,-5.573894
7.555598,-5.572102
7.576882,-5.570281
7.598019,-5.568470
7.619446,-5.566626
7.640861,-5.564774
7.662347,-5.562908
8.005276,-5.532118
8.026413,-5.530165
8.047518,-5.528211
8.068599,-5.526253
8.089657,-5.524293
8.110769,-5.522321
8.131733,-5.520360
8.152605,-5.518401
8.173511,-5.516436
8.194335,-5.514473
8.214951,-5.512525
8.235826,-5.510548
8.256423,-5.508595
8.277069,-5.506631
8.297703,-5.504666
8.623230,-5.473188
8.643323,-5.471220
8.663385,-5.469253
8.683407,-5.467287
8.703395,-5.465322
8.723357,-5.463358
8.743319,-5.461391
8.763220,-5.459428
8.783133,-5.457462
8.802984,-5.455499
8.822831,-5.453536
8.842785,-5.451559
8.862435,-5.449611
8.882180,-5.447651
8.901925,-5.445690
9.214688,-5.414408
9.233887,-5.412477
9.253290,-5.410524
9.272650,-5.408574
9.291942,-5.406629
9.311216,-5.404686
9.330549,-5.402735
9.349669,-5.400805
9.368905,-5.398863
9.388139,-5.396923
9.407477,-5.394971
9.426615,-5.393042
9.446107,-5.391075
9.465482,-5.389123
9.484902,-5.387164
9.803651,-5.354930
9.824231,-5.352836
9.844914,-5.350728
9.865677,-5.348611
9.886550,-5.346478
9.907499,-5.344336
9.928593,-5.342175
9.949748,-5.340006
9.971076,-5.337814
9.992458,-5.335614
10.013797,-5.333413
10.035702,-5.331152
10.057547,-5.328891
10.079121,-5.326649
10.100765,-5.324394
10.449198,-5.287250
10.470475,-5.284937
10.491959,-5.282597
10.513371,-5.280260
10.534777,-5.277920
10.556132,-5.275581
10.577461,-5.273241
10.598734,-5.270902
10.620015,-5.268560
10.641204,-5.266223
10.662389,-5.263883
10.683527,-5.261545
10.704647,-5.259205
10.725832,-5.256859
10.747005,-5.254511
11.090059,-5.216171
11.111887,-5.213706
11.133732,-5.211232
11.155684,-5.208743
11.177658,-5.206246
11.199999,-5.203704
11.222108,-5.201182
11.244298,-5.198648
11.266566,-5.196097
11.288991,-5.193525
11.311413,-5.190946
11.333966,-5.188348
11.356622,-5.185730
11.379186,-5.183118
11.402227,-5.180444
11.780292,-5.135423
11.804305,-5.132472
11.828022,-5.129549
11.851998,-5.126581
11.875900,-5.123614
11.899621,-5.120658
11.923403,-5.117686
11.946891,-5.114740
11.970803,-5.111733
11.994361,-5.108759
12.017891,-5.105783
12.041334,-5.102807
12.064797,-5.099821
12.088124,-5.096843
12.111438,-5.093861
12.477431,-5.046117
12.499926,-5.043133
12.522409,-5.040147
12.544941,-5.037154
12.567488,-5.034154
12.590091,-5.031146
12.612676,-5.028136
12.635337,-5.025115
12.657953,-5.022095
12.680691,-5.019056
12.703396,-5.016018
12.726153,-5.012970
12.748920,-5.009915
12.771782,-5.006845
12.794665,-5.003767
13.169348,-4.952640
13.193476,-4.949292
13.217650,-4.945929
13.241999,-4.942534
13.266399,-4.939123
13.290950,-4.935684
13.315580,-4.932223
13.340340,-4.928736
13.365408,-4.925195
13.390450,-4.921649
13.415562,-4.918082
13.440637,-4.914511
13.465975,-4.910891
13.491549,-4.907229
13.517212,-4.903540
13.945171,-4.840148
13.972012,-4.836031
13.999383,-4.831818
14.026439,-4.827635
14.053496,-4.823439
14.080457,-4.819239
14.107489,-4.815016
14.134398,-4.810795
14.161342,-4.806556
14.188048,-4.802338
14.214692,-4.798119
14.241666,-4.793832
14.268066,-4.789625
14.294626,-4.785378
14.321199,-4.781119
14.736782,-4.713067
14.762410,-4.708793
14.787914,-4.704533
14.813047,-4.700327
14.838644,-4.696036
14.863897,-4.691795
14.888952,-4.687582
14.914550,-4.683276
14.939619,-4.679052
14.965230,-4.674735
14.990653,-4.670444
15.016087,-4.666147
15.041567,-4.661836
15.067106,-4.657512
15.092693,-4.653172
15.509836,-4.581509
15.536620,-4.576838
15.563461,-4.572145
15.590421,-4.567423
15.617486,-4.562671
15.644872,-4.557853
15.672173,-4.553037
15.699563,-4.548195
15.726837,-4.543361
15.754614,-4.538428
15.782539,-4.533454
15.810258,-4.528506
15.838228,-4.523498
15.866291,-4.518462
15.894546,-4.513376
16.357080,-4.427807
16.385855,-4.422328
16.414667,-4.416829
16.443309,-4.411343
16.471985,-4.405839
16.500520,-4.400343
16.529100,-4.394827
16.557469,-4.389335
16.585850,-4.383828
16.614103,-4.378331
16.642345,-4.372825
16.670464,-4.367327
16.698558,-4.361824
16.726558,-4.356325
16.754505,-4.350827
17.195583,-4.262710
17.223235,-4.257123
17.250881,-4.251527
17.278591,-4.245913
17.306326,-4.240284
17.334151,-4.234631
17.361990,-4.228964
17.389931,-4.223269
17.417877,-4.217562
17.445933,-4.211826
17.473938,-4.206088
17.502195,-4.200291
17.530430,-4.194486
17.558966,-4.188611
17.587485,-4.182726
18.053966,-4.084722
18.084142,-4.078256
18.114424,-4.071747
18.144853,-4.065192
18.175382,-4.058595
18.206068,-4.051947
18.236904,-4.045246
18.267912,-4.038490
18.299032,-4.031688
18.330319,-4.024831
18.361780,-4.017913
18.393390,-4.010943
18.425138,-4.003919
18.457109,-3.996825
18.489197,-3.989680
19.009763,-3.870105
19.041864,-3.862507
19.074199,-3.854834
19.106256,-3.847201
19.138049,-3.839612
19.169968,-3.831969
19.202184,-3.824237
19.233899,-3.816601
19.265540,-3.808966
19.297000,-3.801353
19.328550,-3.793702
19.359940,-3.786070
19.391309,-3.778427
19.422539,-3.770798
19.453780,-3.763152
19.943582,-3.641318
19.974006,-3.633657
20.004425,-3.625985
20.034962,-3.618278
20.065530,-3.610550
20.096167,-3.602798
20.126852,-3.595021
20.157632,-3.587213
20.188414,-3.579390
20.219336,-3.571523
20.250300,-3.563632
20.281344,-3.555711
20.312446,-3.547761
20.343683,-3.539766
20.374951,-3.531748
20.890050,-3.397550
20.923268,-3.388742
20.956616,-3.379877
20.990168,-3.370938
21.023483,-3.362038
21.057575,-3.352911
21.091598,-3.343777
21.125373,-3.334687
21.159756,-3.325409
21.194266,-3.316073
21.228998,-3.306649
21.263686,-3.297213
21.298666,-3.287670
21.333370,-3.278164
21.368267,-3.268577
21.919883,-3.113207
21.954021,-3.103382
21.987710,-3.093669
22.021557,-3.083887
22.055360,-3.074100
22.088863,-3.064379
22.122420,-3.054625
22.155732,-3.044922
22.189265,-3.035139
22.222277,-3.025489
22.255692,-3.015706
22.288911,-3.005961
22.321963,-2.996252
22.355129,-2.986491
22.388077,-2.976781
22.910262,-2.821193
22.943225,-2.811284
22.976185,-2.801360
23.009293,-2.791383
23.042866,-2.781250
23.075618,-2.771354
23.108918,-2.761277
23.142303,-2.751163
23.175700,-2.741029
23.209294,-2.730822
23.242907,-2.720592
23.276640,-2.710313
23.310424,-2.699999
23.344630,-2.689542
23.378670,-2.679116
23.938450,-2.504903
23.974660,-2.493433
24.010932,-2.481915
24.047473,-2.470285
24.084038,-2.458617
24.120874,-2.446836
24.157803,-2.434993
24.194968,-2.423046
24.232280,-2.411018
24.269768,-2.398905
24.307433,-2.386698
24.345302,-2.374394
24.383259,-2.362026
24.421485,-2.349536
24.459864,-2.336959
25.073791,-2.130328
25.111636,-2.117278
25.149488,-2.104198
25.187178,-2.091140
25.224921,-2.078036
25.262396,-2.064993
25.299939,-2.051901
25.337277,-2.038848
25.374603,-2.025777
25.411713,-2.012751
25.448862,-1.999689
25.485844,-1.986657
25.522729,-1.973638
25.559497,-1.960634
25.596243,-1.947617
26.175811,-1.739663
26.212231,-1.726461
26.248591,-1.713261
26.285098,-1.699994
26.321612,-1.686704
26.358268,-1.673347
26.395125,-1.659895
26.431738,-1.646516
26.468554,-1.633040
26.505522,-1.619491
26.542537,-1.605902
26.579961,-1.592144
26.616851,-1.578557
26.654158,-1.564797
26.691506,-1.550996
27.305087,-1.320562
27.344540,-1.305480
27.384114,-1.290313
27.423901,-1.275031
27.463832,-1.259653
27.503906,-1.244186
27.544115,-1.228624
27.584529,-1.212946
27.625061,-1.197179
27.665790,-1.181296
27.706619,-1.165329
27.747733,-1.149210
27.788977,-1.132993
27.830410,-1.116659
27.871940,-1.100237
28.541544,-0.828414
28.582805,-0.811240
28.624030,-0.794042
28.665080,-0.776871
28.706381,-0.759557
28.747040,-0.742468
28.788304,-0.725090
28.828922,-0.707940
28.869657,-0.690708
28.910182,-0.673524
28.950361,-0.656455
28.990706,-0.639277
29.030927,-0.622123
29.070966,-0.605009
29.110620,-0.588032
29.737175,-0.316066
29.775619,-0.299179
29.814028,-0.282290
29.852356,-0.265414
29.890596,-0.248561
29.928755,-0.231723
29.966926,-0.214864
30.004908,-0.198068
30.042914,-0.181246
30.080813,-0.164454
30.118687,-0.147658
30.156507,-0.130868
30.194232,-0.114107
30.231887,-0.097360
30.269504,-0.080617
30.864541,0.185950
30.901284,0.202503
30.938082,0.219088
30.974745,0.235623
31.011432,0.252176
31.048053,0.268710
31.084656,0.285242
31.121240,0.301775
31.157743,0.318278
31.194241,0.334788
31.230706,0.351290
31.267099,0.367767
31.303453,0.384233
31.339781,0.400695
31.376092,0.417155
31.952753,0.679367
31.988499,0.695664
32.024272,0.711977
32.060042,0.728294
32.095736,0.744579
32.131572,0.760926
32.167400,0.777274
32.203351,0.793677
32.239294,0.810081
32.275357,0.826539
32.311442,0.843014
32.347598,0.859521
32.383785,0.876051
32.420095,0.892638
32.456411,0.909237
33.049797,1.181678
33.087702,1.199189
33.125783,1.216802
33.163873,1.234432
33.202092,1.252144
33.240442,1.269932
33.278494,1.287604
33.317075,1.305538
33.355724,1.323528
33.394520,1.341605
33.433321,1.359709
33.472326,1.377929
33.511404,1.396209
33.550291,1.414434
33.589230,1.432710
34.202384,1.723947
34.240020,1.742009
34.277707,1.760112
34.315235,1.778160
34.352757,1.796219
34.390195,1.814258
34.427536,1.832265
34.465078,1.850377
34.502527,1.868460
34.540175,1.886648
34.577746,1.904816
34.615480,1.923073
34.653165,1.941325
34.690946,1.959635
34.728736,1.977969
35.340200,2.277304
35.378832,2.296416
35.417449,2.315551
35.456162,2.334759
35.494847,2.353985
35.533643,2.373293
35.572403,2.392616
35.611278,2.412024
35.650126,2.431453
35.689091,2.450970
35.728016,2.470503
35.767054,2.490123
35.805995,2.509731
35.845181,2.529495
35.884303,2.549265
36.515093,2.873424
36.554829,2.894216
36.594560,2.915057
36.634394,2.935997
36.674135,2.956942
36.713994,2.977995
36.753824,2.999088
36.793762,3.020285
36.833650,3.041513
36.873683,3.062867
36.913597,3.084215
36.953665,3.105696
36.993642,3.127188
37.033949,3.148909
37.073834,3.170464
37.705972,3.520321
37.744099,3.541929
37.782230,3.563585
37.820039,3.585115
37.857819,3.606672
37.895396,3.628167
37.932877,3.649648
37.970147,3.671059
38.007395,3.692496
38.044409,3.713847
38.081371,3.735205
38.118132,3.756492
38.154915,3.777828
38.191706,3.799197
38.228498,3.820603
38.822377,4.171145
38.859782,4.193571
38.897127,4.216011
38.934618,4.238581
38.972029,4.261152
39.009567,4.283844
39.047053,4.306556
39.084636,4.329372
39.122136,4.352191
39.159746,4.375123
39.197330,4.398094
39.235347,4.421377
39.272657,4.444284
39.310373,4.467489
39.348107,4.490762
39.954263,4.872526
39.992337,4.897038
40.030424,4.921628
40.068434,4.946234
40.106486,4.970938
40.144876,4.995929
40.182708,5.020630
40.220907,5.045639
40.258961,5.070627
40.297181,5.095794
40.335283,5.120960
40.373527,5.146291
40.411674,5.171636
40.449844,5.197069
40.488025,5.222589
41.103622,5.645264
41.142807,5.672927
41.181692,5.700477
41.220662,5.728179
41.259616,5.755970
41.298673,5.783930
41.337800,5.812043
41.376899,5.840233
41.416144,5.868633
41.454804,5.896734
41.493544,5.924992
41.531789,5.953007
41.570302,5.981313
41.607772,6.008963
41.645663,6.037012
42.220296,6.473630
42.254674,6.500356
42.289036,6.527124
42.323026,6.553667
42.357009,6.580255
42.390791,6.606749
42.424508,6.633240
42.457995,6.659609
42.491413,6.685970
42.524661,6.712252
42.557841,6.738525
42.590804,6.764678
42.623712,6.790830
42.656480,6.816920
42.689170,6.842988
43.197668,7.253574
43.228662,7.278875
43.259658,7.304202
43.290506,7.329438
43.321299,7.354651
43.352021,7.379835
43.382700,7.405006
43.413247,7.430095
43.443786,7.455199
43.474314,7.480319
43.504623,7.505279
43.534866,7.530209
43.565143,7.555186
43.595338,7.580118
43.625457,7.605006
44.103614,8.002364
44.133926,8.027675
44.163994,8.052803
44.194128,8.077999
44.224042,8.103033
44.254259,8.128335
44.284452,8.153640
44.314721,8.179025
44.344975,8.204421
44.375320,8.229910
44.405644,8.255408
44.436087,8.281025
44.466484,8.306630
44.496914,8.332282
44.527376,8.357990
45.021894,8.779224
45.053273,8.806234
45.084583,8.833226
45.116260,8.860569
45.147846,8.887878
45.179557,8.915330
45.211196,8.942767
45.243222,8.970576
45.275121,8.998324
45.307117,9.026195
45.339298,9.054277
45.371299,9.082243
45.403726,9.110633
45.435863,9.138813
45.468223,9.167241
45.994302,9.637024
46.026712,9.666491
46.059111,9.696000
46.091313,9.725394
46.123466,9.754793
46.155420,9.784071
46.187362,9.813384
46.219082,9.842552
46.250785,9.871747
46.282515,9.901023
46.313999,9.930115
46.345254,9.959048
46.376549,9.988057
46.407608,10.016897
46.438646,10.045756
46.924774,10.502672
46.955105,10.531437
46.985495,10.560293
47.015834,10.589127
47.045975,10.617811
47.076468,10.646857
47.106900,10.675884
47.137416,10.705022
47.167871,10.734141
47.198463,10.763424
47.228982,10.792677
47.259584,10.822044
47.290136,10.851406
47.320791,10.880902
47.351425,10.910423
47.844150,11.391381
47.875093,11.422011
47.906001,11.452665
47.936955,11.483417
47.967915,11.514236
47.998876,11.545111
48.029826,11.576036
48.060871,11.607113
48.092114,11.638453
48.123128,11.669621
48.154150,11.700864
48.185237,11.732231
48.215889,11.763227
48.246974,11.794721
48.277963,11.826188
48.758227,12.323134
48.787083,12.353517
48.816097,12.384113
48.844585,12.414211
48.873136,12.444420
48.901601,12.474592
48.929899,12.504628
48.958020,12.534529
48.986136,12.564464
49.014146,12.594334
49.042020,12.624098
49.069843,12.653853
49.097631,12.683605
49.125279,12.713253
49.152934,12.742942
49.584242,13.210459
49.610458,13.239116
49.636693,13.267814
49.663215,13.296839
49.689726,13.325875
49.716086,13.354760
49.742439,13.383660
49.769001,13.412805
49.795469,13.441873
49.822087,13.471123
49.848775,13.500476
49.875353,13.529726
49.901955,13.559032
49.928758,13.588580
49.955212,13.617772
50.385993,14.097210
50.413223,14.127810
50.440511,14.158522
50.467822,14.189294
50.495206,14.220195
50.522630,14.251181
50.550125,14.282293
50.577648,14.313479
50.605213,14.344762
50.632894,14.376219
50.660621,14.407779
50.688374,14.439414
50.716221,14.471210
50.744095,14.503084
50.772149,14.535221
51.228976,15.066648
51.257667,15.100618
51.286330,15.134623
51.314812,15.168494
51.343288,15.202424
51.371855,15.236540
51.400208,15.270463
51.428294,15.304143
51.456450,15.337964
51.484396,15.371604
51.512367,15.405331
51.540071,15.438803
51.567873,15.472448
51.595190,15.505570
51.622741,15.539024
52.050449,16.064988
52.076460,16.097330
52.102441,16.129666
52.128303,16.161892
52.154141,16.194120
52.179925,16.226316
52.205629,16.258441
52.231218,16.290458
52.256799,16.322491
52.282174,16.354300
52.307768,16.386409
52.333127,16.418255
52.358520,16.450168
52.383512,16.481607
52.408744,16.513371
52.805831,17.016328
52.830273,17.047452
52.854680,17.078546
52.879076,17.109645
52.903331,17.140577
52.927701,17.171674
52.952007,17.202702
52.976237,17.233650
53.000451,17.264588
53.024613,17.295477
53.048742,17.326336
53.072865,17.357202
53.096951,17.388031
53.120979,17.418800
53.145015,17.449591
53.532641,17.947449
53.557117,17.978994
53.581703,18.010704
53.606432,18.042612
53.631090,18.074454
53.655917,18.106529
53.680732,18.138616
53.705604,18.170795
53.730551,18.203098
53.755548,18.235487
53.780590,18.267963
53.805772,18.300644
53.830943,18.333342
53.856208,18.366187
53.881483,18.399079
54.296846,18.944556
54.323650,18.980125
54.350268,19.015504
54.377377,19.051583
54.404070,19.087168
54.431080,19.123224
54.458193,19.159479
54.485219,19.195694
54.512530,19.232351
54.539445,19.268550
54.566517,19.305017
54.593012,19.340777
54.619904,19.377126
54.646661,19.413359
54.673485,19.449735
55.094334,20.027441
55.120107,20.063198
55.145758,20.098821
55.171481,20.134585
55.197040,20.170152
55.222428,20.205521
55.247883,20.241015
55.273348,20.276560
55.298598,20.311833
55.323978,20.347324
55.349192,20.382611
55.374321,20.417812
55.399443,20.453030
55.424444,20.488110
55.449391,20.523139
55.848001,21.086005
55.873187,21.121759
55.898397,21.157581
55.923754,21.193636
55.948882,21.229399
55.974460,21.265830
55.999654,21.301753
56.025324,21.338383
56.050806,21.374785
56.076228,21.411131
56.101824,21.447768
56.127565,21.484647
56.153350,21.521636
56.179180,21.558723
56.204993,21.595835
56.627583,22.210368
56.654601,22.250169
56.681727,22.290204
56.708958,22.330461
56.736171,22.370769
56.763598,22.411463
56.791013,22.452224
56.818525,22.493202
56.846155,22.534442
56.873838,22.575840
56.901634,22.617497
56.929538,22.659398
56.957482,22.701453
56.985519,22.743735
57.013632,22.786231
57.462372,23.478806
57.489800,23.522002
57.517232,23.565284
57.544515,23.608429
57.571769,23.651605
57.598885,23.694654
57.625988,23.737756
57.652981,23.780771
57.679885,23.823715
57.706677,23.866564
57.733479,23.909495
57.760088,23.952197
57.786700,23.994968
57.813114,24.037497
57.839530,24.080089
58.251404,24.752019
58.276566,24.793493
58.301702,24.834961
58.326909,24.876571
58.352123,24.918233
58.377489,24.960176
58.402788,25.002049
58.428073,25.043931
58.453333,25.085819
58.478680,25.127884
58.504072,25.170073
58.529335,25.212086
58.554789,25.254469
58.580272,25.296939
58.605761,25.339477
59.017748,26.035027
59.043685,26.079404
59.069901,26.124346
59.096116,26.169362
59.122331,26.214473
59.148455,26.259506
59.174724,26.304885
59.201084,26.350505
59.227344,26.396055
59.253907,26.442218
59.280369,26.488312
59.307071,26.534917
59.333647,26.581414
59.360062,26.627728
59.386979,26.675036
59.810431,27.435699
59.836560,27.483642
59.862425,27.531195
59.888131,27.578565
59.913861,27.626069
59.939583,27.673668
59.965028,27.720838
59.990474,27.768111
60.015902,27.815433
60.041177,27.862566
60.066441,27.909756
60.091581,27.956808
60.116629,28.003761
60.141684,28.050816
60.166582,28.097647
60.555482,28.838254
60.579221,28.883954
60.602957,28.929695
60.626524,28.975163
60.650257,29.020993
60.673582,29.066087
60.697333,29.112046
60.720788,29.157480
60.744210,29.202887
60.767561,29.248205
60.790886,29.293509
60.814169,29.338774
60.837200,29.383584
60.860396,29.428756
60.883571,29.473922
61.249104,30.190645
61.271701,30.235188
61.294298,30.279750
61.316688,30.323931
61.339166,30.368306
61.361622,30.412661
61.383827,30.456539
61.406393,30.501153
61.428791,30.545454
61.451129,30.589657
61.473469,30.633883
61.495546,30.677608
61.517802,30.721703
61.540020,30.765745
61.562270,30.809863
61.914694,31.510741
61.936554,31.554325
61.958440,31.597970
61.980264,31.641506
62.002110,31.685094
62.023912,31.728604
62.045744,31.772184
62.067519,31.815664
62.089300,31.859162
62.111070,31.902647
62.132821,31.946105
62.154590,31.989607
62.176348,32.033095
62.198121,32.076623
62.219836,32.120044
62.568838,32.818870
62.590770,32.862841
62.612751,32.906913
62.634743,32.951015
62.656770,32.995190
62.678985,33.039748
62.701194,33.084300
62.723169,33.128387
62.745317,33.172827
62.767486,33.217312
62.789707,33.261907
62.811910,33.306471
62.834230,33.351273
62.856497,33.395974
62.878785,33.440720
63.237035,34.160445
63.259368,34.205340
63.281709,34.250252
63.304064,34.295197
63.326405,34.340116
63.348714,34.384974
63.371047,34.429883
63.393313,34.474662
63.415641,34.519566
63.437916,34.564367
63.459975,34.608737
63.482448,34.653940
63.504702,34.698705
63.526938,34.743436
63.549211,34.788242
63.903685,35.501592
63.925790,35.546090
63.947897,35.590592
63.970007,35.635103
63.992120,35.679621
64.014123,35.723935
64.036142,35.768279
64.058077,35.812472
64.080184,35.857002
64.102127,35.901215
64.123931,35.945138
64.145724,35.989049
64.167332,36.032574
64.189236,36.076699
64.210813,36.120149
64.556713,36.814891
64.578315,36.858066
64.599846,36.901092
64.621481,36.944260
64.643025,36.987238
64.664674,37.030359
64.686243,37.073305
64.707895,37.116349
64.729691,37.159601
64.751517,37.202868
64.773467,37.246302
64.795440,37.289741
64.817565,37.333405
64.839700,37.377048
64.861960,37.420867
65.224437,38.127893
65.247378,38.172290
65.270377,38.216752
65.293370,38.261177
65.316412,38.305654
65.339461,38.350121
65.362555,38.394631
65.385648,38.439118
65.408800,38.483678
65.431921,38.528156
65.455104,38.572717
65.478303,38.617289
65.501518,38.661854
65.524720,38.706376
65.547979,38.750973
65.922074,39.465215
65.945438,39.509674
65.968742,39.554033
65.992006,39.598281
66.015219,39.642443
66.038459,39.686617
66.061564,39.730543
66.084743,39.774569
66.107812,39.818388
66.130876,39.862153
66.153943,39.905925
66.176949,39.949531
66.199945,39.993118
66.222859,40.036498
66.245942,40.080189
66.612602,40.768574
66.635647,40.811373
66.658973,40.854601
66.682271,40.897725
66.705756,40.941106
66.729226,40.984408
66.752839,41.027889
66.776500,41.071412
66.800284,41.115078
66.823967,41.158514
66.847913,41.202354
66.871822,41.246084
66.895817,41.289896
66.919830,41.333701
66.943966,41.377658
67.334701,42.082837
67.359588,42.127403
67.384407,42.171800
67.409148,42.216034
67.433986,42.260398
67.458790,42.304676
67.483740,42.349177
67.508526,42.393360
67.533507,42.437853
67.558372,42.482118
67.583293,42.526444
67.608123,42.570589
67.633419,42.615528
67.658443,42.659963
67.683438,42.704313
68.085906,43.415444
68.111068,43.459758
68.136099,43.503852
68.161166,43.547975
68.186108,43.591890
68.211079,43.635818
68.235944,43.679566
68.260841,43.723330
68.285625,43.766899
68.310439,43.810478
68.335162,43.853896
68.359950,43.897381
68.384583,43.940591
68.409307,43.983911
68.433915,44.027021
68.826400,44.709145
68.851127,44.751669
68.875959,44.794282
68.900873,44.836987
68.925871,44.879750
68.950953,44.922609
68.976147,44.965577
69.001436,45.008660
69.026790,45.051777
69.052171,45.094895
69.077578,45.137984
69.103064,45.181165
69.128559,45.224290
69.154114,45.267477
69.179664,45.310588
69.595648,46.006317
69.621951,46.049976
69.648289,46.093650
69.674634,46.137310
69.701038,46.181028
69.727450,46.224735
69.753904,46.268474
69.780358,46.312192
69.806897,46.356011
69.833398,46.399748
69.859947,46.443529
69.886473,46.487251
69.913066,46.531052
69.939697,46.574895
69.966330,46.618710
70.386664,47.307768
70.412705,47.350212
70.438616,47.392430
70.464612,47.434727
70.490489,47.476811
70.516451,47.518970
70.542319,47.560957
70.568438,47.603284
70.594054,47.644771
70.620231,47.687099
70.646024,47.728777
70.671671,47.770149
70.697747,47.812182
70.723419,47.853491
70.749565,47.895527
71.166680,48.556838
71.193482,48.598633
71.220484,48.640634
71.247540,48.682660
71.274802,48.724903
71.302046,48.767060
71.329502,48.809449
71.356947,48.851763
71.384589,48.894292
71.412205,48.936726
71.440018,48.979376
71.467804,49.021932
71.495735,49.064628
71.523652,49.107254
71.551731,49.150048
72.008179,49.838290
72.037078,49.881467
72.065915,49.924542
72.094868,49.967744
72.123786,50.010882
72.152508,50.053676
72.181033,50.096165
72.209673,50.138772
72.238249,50.181267
72.266779,50.223639
72.295363,50.266069
72.323896,50.308367
72.352470,50.350701
72.380783,50.392588
72.409270,50.434707
72.862047,51.096804
72.890354,51.137664
72.918388,51.178079
72.946977,51.219203
72.975030,51.259502
73.003664,51.300541
73.031743,51.340728
73.060307,51.381512
73.088537,51.421758
73.117000,51.462239
73.145693,51.502982
73.174065,51.543168
73.202543,51.583436
73.231136,51.623764
73.259715,51.664000
73.723140,52.303003
73.752629,52.342745
73.782198,52.382495
73.811816,52.422175
73.841331,52.461615
73.871088,52.501242
73.900929,52.540874
73.930791,52.580394
73.960713,52.619883
73.990757,52.659389
74.020891,52.698900
74.051125,52.738395
74.081492,52.777947
74.111696,52.817136
74.142134,52.856509
74.643702,53.484831
74.675989,53.523913
74.708411,53.563004
74.741011,53.602123
74.774017,53.641567
74.806520,53.680221
74.839434,53.719203
74.872558,53.758238
74.905790,53.797234
74.939174,53.836210
74.972669,53.875144
75.006359,53.914103
75.040224,53.953088
75.074097,53.991875
75.108152,54.030691
75.675613,54.648523
75.712577,54.686862
75.749669,54.725111
75.787016,54.763374
75.824498,54.801548
75.862209,54.839701
75.900060,54.877765
75.938172,54.915832
75.976239,54.953618
76.014916,54.991748
76.054298,55.030199
76.094088,55.068763
76.134822,55.107875
76.175966,55.147102
76.218019,55.186841
76.972830,55.858639
77.024662,55.902510
77.077133,55.946669
77.129978,55.990930
77.183406,56.035434
77.237181,56.080022
77.291544,56.124863
77.346254,56.169793
77.401503,56.214938
77.457062,56.260147
77.513154,56.305571
77.569565,56.351071
77.626479,56.396766
77.683669,56.442507
77.741343,56.488434
78.707929,57.235113
78.770609,57.282286
78.833560,57.329527
78.896673,57.376773
78.960093,57.424119
79.023618,57.471433
79.087378,57.518796
79.151345,57.566209
79.215501,57.613643
79.279754,57.661047
79.344144,57.708439
79.409185,57.756213
79.473432,57.803297
79.538729,57.851057
79.603575,57.898385
80.658212,58.656746
80.724612,58.703911
80.790968,58.751003
80.857231,58.797967
80.923302,58.844749
80.989362,58.891459
81.055289,58.938022
81.121194,58.984499
81.186927,59.030797
81.252658,59.077020
81.318365,59.123164
81.383835,59.169060
81.449271,59.214866
81.514707,59.260588
81.580027,59.306156
82.618900,60.018057
82.683619,60.061480
82.748230,60.104714
82.812964,60.147898
82.877517,60.190841
82.942193,60.233728
83.006775,60.276428
83.071436,60.319037
83.136040,60.361480
83.200796,60.403875
83.265333,60.445992
83.330084,60.488097
83.394673,60.529957
83.459413,60.571758
83.524069,60.613362
84.564104,61.259873
84.629549,61.299013
84.694997,61.337966
84.760579,61.376794
84.826729,61.415703
84.893296,61.454631
84.960384,61.493606
85.028006,61.532670
85.096349,61.571900
85.165033,61.611110
85.234250,61.650385
85.303881,61.689688
85.374085,61.729084
85.444759,61.768544
85.516006,61.808102
86.720283,62.450532
86.799202,62.491195
86.878947,62.532127
86.958329,62.572734
87.038651,62.613672
87.119557,62.654773
87.200918,62.695959
87.282601,62.737179
87.364890,62.778564
87.447478,62.819974
87.530508,62.861472
87.613952,62.903054
87.697980,62.944798
87.782272,62.986556
87.867076,63.028443
89.280649,63.711634
89.372552,63.755219
89.465007,63.798976
89.557697,63.842762
89.650887,63.886697
89.744478,63.930742
89.838533,63.974921
89.932991,64.019213
90.027866,64.063620
90.123147,64.108142
90.218887,64.152801
90.315056,64.197588
90.411638,64.242493
90.509481,64.287914
90.606850,64.333041
92.224829,65.074111
92.329321,65.121481
92.435088,65.169375
92.540790,65.217191
92.646972,65.265173
92.753193,65.313125
92.859539,65.361085
92.967263,65.409620
93.075193,65.458200
93.183563,65.506934
93.292500,65.555877
93.401876,65.604974
93.511707,65.654230
93.621960,65.703634
93.732779,65.753250
95.559832,66.566009
95.678402,66.618461
95.796032,66.670465
95.913903,66.722548
96.032263,66.774816
96.151073,66.827255
96.270135,66.879776
96.389465,66.932388
96.509037,66.985080
96.628969,67.037904
96.748245,67.090413
96.868834,67.143475
96.989653,67.196613
97.110657,67.249808
97.232099,67.303171
99.205902,68.167556
99.331120,68.222231
99.456371,68.276904
99.581684,68.331589
99.707285,68.386383
99.833050,68.441233
99.959055,68.496173
100.085071,68.551103
100.211152,68.606046
100.337570,68.661123
100.463903,68.716148
100.590438,68.771248
100.717122,68.826399
100.844043,68.881640
100.970935,68.936856
103.010750,69.822958
103.138571,69.878402
103.267754,69.934428
103.395191,69.989689
103.522681,70.044965
103.650932,70.100563
103.777778,70.155544
103.905604,70.210944
104.033399,70.266322
104.161156,70.321677
104.288927,70.377031
104.417360,70.432665
104.545431,70.488136
104.672192,70.543033
104.800479,70.598584
106.842227,71.481985
106.969382,71.536962
107.097832,71.592494
107.224491,71.647249
107.352189,71.702449
107.480792,71.758036
107.608459,71.813215
107.735945,71.868312
107.863694,71.923520
107.990262,71.978213
108.119007,72.033845
108.246796,72.089059
108.373575,72.143835
108.501370,72.199046
108.629184,72.254263
110.681427,73.140494
110.810155,73.196064
110.939251,73.251792
111.068152,73.307433
111.197211,73.363140
111.326307,73.418862
111.455555,73.474647
111.584899,73.530472
111.714537,73.586407
111.844463,73.642457
111.975310,73.698887
112.106403,73.755418
112.235960,73.811277
112.368360,73.868367
112.499145,73.924761
114.652006,74.859656
114.788473,74.919701
114.926387,74.980514
115.064536,75.041583
115.203168,75.103015
115.342127,75.164760
115.481421,75.226820
115.621027,75.289203
115.761086,75.351973
115.901533,75.415117
116.042212,75.478567
116.184246,75.542848
116.325464,75.607004
116.465278,75.670766
116.607632,75.735944
118.846535,76.793438
118.985245,76.860752
119.124018,76.928282
119.262577,76.995887
119.401030,77.063618
119.539257,77.131409
119.677394,77.199325
119.815341,77.267310
119.953200,77.335414
120.090864,77.403575
120.228421,77.471839
120.365819,77.540171
120.504395,77.609237
120.641217,77.677570
120.778220,77.746135
122.948457,78.848490
123.082872,78.917644
123.216838,78.986636
123.351290,79.055956
123.487665,79.126334
123.622904,79.196205
123.757828,79.265985
123.892595,79.335772
124.027577,79.405753
124.163335,79.476238
124.299290,79.546923
124.435608,79.617914
124.571996,79.689055
124.708571,79.760427
124.846257,79.832511
127.062044,81.018365
127.202164,81.095418
127.342524,81.172898
127.483043,81.250777
127.623728,81.329061
127.764562,81.407758
127.905618,81.486912
128.046835,81.566508
128.188345,81.646621
128.329833,81.727093
128.471576,81.808083
128.613561,81.889604
128.755486,81.971483
128.898737,82.054544
129.040576,82.137202
131.331539,83.538609
131.475085,83.631095
131.618097,83.723856
131.760656,83.816935
131.903579,83.910848
132.046127,84.005119
132.188320,84.099781
132.330405,84.194993
132.471875,84.290426
132.612971,84.386223
132.753385,84.482179
132.893475,84.578512
133.033154,84.675166
133.172266,84.772007
133.310777,84.869009
135.468091,86.447183
135.599582,86.547077
135.730494,86.646915
135.861199,86.746962
135.991288,86.846903
136.121077,86.946962
136.250630,87.047187
136.379690,87.147363
136.508553,87.247718
136.636959,87.348034
136.765172,87.448516
136.893098,87.549075
137.020453,87.649486
137.147658,87.750065
137.275512,87.851448
139.269037,89.465292
139.391858,89.566517
139.514268,89.667588
139.636717,89.768866
139.758777,89.869999
139.880695,89.971182
140.002459,90.072404
140.124185,90.173753
140.245514,90.274932
140.366763,90.376196
140.487831,90.477460
140.608758,90.578750
140.729519,90.680046
140.850293,90.781490
140.970704,90.882768
142.880023,92.504603
142.998540,92.606138
143.117234,92.707913
143.234531,92.808574
143.353441,92.910703
143.471206,93.011930
143.589086,93.113335
143.706528,93.214439
143.824921,93.316440
143.942338,93.417672
144.060044,93.519225
144.176909,93.620122
144.293178,93.720573
144.411225,93.822625
144.528521,93.924094
146.383053,95.535959
146.497822,95.636118
146.612520,95.736255
146.726938,95.836188
146.841143,95.935974
146.955265,96.035725
147.069349,96.135481
147.183159,96.235032
147.296778,96.334452
147.410220,96.433750
147.523492,96.532934
147.636579,96.631986
147.749432,96.730867
147.862107,96.829621
147.974642,96.928283
149.746441,98.484980
149.855855,98.581246
149.965271,98.677519
150.074466,98.773623
150.183541,98.869643
150.292634,98.965719
150.401759,99.061860
150.510668,99.157867
150.619549,99.253903
150.728294,99.349894
150.837003,99.445924
150.945486,99.541845
151.053920,99.637810
151.162159,99.733711
151.270340,99.829666
152.975800,101.363075
153.080954,101.458856
153.186148,101.554803
153.292004,101.651478
153.396745,101.747259
153.500430,101.842189
153.604930,101.937983
153.709328,102.033792
153.813610,102.129608
153.917789,102.225434
154.021900,102.321305
154.125799,102.417080
154.229572,102.512840
154.332835,102.608226
154.436762,102.704320
156.088514,104.242405
156.192383,104.339807
156.296145,104.437214
156.400005,104.534842
156.504981,104.633644
156.609050,104.731739
156.713085,104.829943
156.817055,104.928249
156.921363,105.027033
157.025370,105.125714
157.129504,105.224692
157.233452,105.323690
157.338275,105.423718
157.441758,105.522684
157.546418,105.622987
159.189662,107.234559
159.290208,107.335584
159.390496,107.436614
159.490475,107.537582
159.590338,107.638685
159.689898,107.739719
159.789158,107.840687
159.888217,107.941679
159.987065,108.042682
160.085683,108.143668
160.184019,108.244581
160.282181,108.345520
160.380071,108.446388
160.477825,108.547311
160.575350,108.648193
162.112399,110.260836
162.207107,110.361431
162.302294,110.462663
162.396152,110.562600
162.490496,110.663176
162.585465,110.764532
162.679784,110.865311
162.772859,110.964869
162.867620,111.066340
162.961229,111.166681
163.055039,111.267341
163.148502,111.367729
163.242478,111.468767
163.335202,111.568553
163.428518,111.669070
164.912243,113.277868
165.005011,113.379047
165.098315,113.480895
165.191184,113.582376
165.284508,113.684458
165.377731,113.786554
165.470272,113.888023
165.564315,113.991283
165.657877,114.094153
165.751026,114.196731
165.844685,114.300027
165.937782,114.402882
166.031237,114.506307
166.124367,114.609569
166.217744,114.713299
167.698001,116.392380
167.788532,116.497714
167.879979,116.604452
167.969501,116.709263
168.059622,116.815098
168.148355,116.919604
168.237765,117.025213
168.326828,117.130704
168.415488,117.236012
168.504645,117.342189
168.592977,117.447666
168.680970,117.553003
168.767999,117.657449
168.855592,117.762824
168.942781,117.867967
170.311919,119.548233
170.395901,119.652887
170.479187,119.756836
170.562836,119.861393
170.646444,119.966055
170.729723,120.070453
170.813158,120.175165
170.896725,120.280172
170.980154,120.385121
171.063616,120.490244
171.147211,120.595656
171.230814,120.701223
171.314507,120.807043
171.398206,120.913032
171.481970,121.019258
172.819202,122.744861
172.902086,122.854161
172.984984,122.963807
173.067758,123.073641
173.150228,123.183419
173.232703,123.293575
173.315092,123.403983
173.397058,123.514216
173.479137,123.624986
173.560816,123.735629
173.642491,123.846673
173.723810,123.957664
173.805439,124.069506
173.886106,124.180483
173.967709,124.293197
175.229777,126.105758
175.306230,126.220440
175.382754,126.335869
175.458112,126.450199
175.534153,126.566224
175.609470,126.681834
175.684535,126.797742
175.759441,126.914115
175.834073,127.030773
175.908174,127.147339
175.982060,127.264301
176.055529,127.381362
176.128759,127.498800
176.201651,127.616485
176.274114,127.734261
177.382241,129.650783
177.448485,129.773432
177.513436,129.894727
177.578733,130.017748
177.642680,130.139297
177.707082,130.262820
177.770181,130.384953
177.833175,130.508017
177.895728,130.631361
177.957765,130.754866
178.019367,130.878685
178.080468,131.002711
178.141087,131.126975
178.201194,131.251443
178.260881,131.376299
179.143088,133.402978
179.192943,133.530130
179.242718,133.658754
179.291907,133.787608
179.340486,133.916615
179.388451,134.045800
179.435833,134.175232
179.482550,134.304721
179.528696,134.434511
179.574156,134.564315
179.619120,134.694661
179.663338,134.824866
179.706977,134.955399
179.749940,135.086006
179.792451,135.217365
180.378990,137.332356
180.409498,137.464610
180.439590,137.598249
180.468902,137.731760
180.497572,137.865742
180.525367,137.999165
180.552508,138.133031
180.578896,138.266929
180.604571,138.401027
180.629448,138.534946
180.653652,138.669317
180.677050,138.803477
180.699729,138.937885
180.721621,139.072202
180.742785,139.206752
180.975390,141.363710
180.983164,141.498546
180.990136,141.633410
180.996293,141.768326
181.001633,141.903076
181.006152,142.037798
181.009860,142.172611
181.012740,142.307349
181.014817,142.443199
181.016038,142.577667
181.016438,142.712638
181.016001,142.846729
181.014748,142.980217
181.012652,143.114659
181.009722,143.249103
180.846801,145.391871
180.829220,145.525218
180.810759,145.658447
180.791424,145.791441
180.771196,145.924382
180.750046,146.057368
180.728007,146.190210
180.705000,146.323198
180.681260,146.454759
180.656685,146.585875
180.631409,146.715720
180.605382,146.844947
180.578727,146.972866
180.551389,147.100102
180.523463,147.226155
180.011355,149.124311
179.976199,149.236301
179.940506,149.348355
179.904825,149.458887
179.868835,149.568872
179.832825,149.677562
179.796494,149.785846
179.759826,149.893883
179.722926,150.001317
179.685837,150.108137
179.648553,150.214334
179.610991,150.320244
179.573326,150.425337
179.535482,150.529934
179.497464,150.633984
178.870500,152.237855
178.830474,152.334596
178.790392,152.430913
178.750181,152.527035
178.710027,152.622499
178.669783,152.717703
178.629124,152.813395
178.588829,152.907782
178.548499,153.001790
178.508102,153.095542
178.467990,153.188202
178.427574,153.281177
178.387150,153.373764
178.346409,153.466712
178.305971,153.558582
177.662541,154.979134
177.622735,155.064884
177.582989,155.150289
177.543314,155.235352
177.503728,155.320021
177.464189,155.404408
177.424771,155.488347
177.385430,155.571955
177.346185,155.655180
177.307018,155.738082
177.267976,155.820553
177.229015,155.902704
177.190169,155.984456
177.151421,156.065865
177.112768,156.146926
176.512454,157.390487
176.476179,157.464841
176.440106,157.538698
176.404010,157.612527
176.367946,157.686215
176.331861,157.759879
176.295750,157.833527
176.259645,157.907100
176.223591,157.980500
176.187522,158.053873
176.151446,158.127197
176.115371,158.200462
176.079302,158.273655
176.043180,158.346903
176.007154,158.419898
175.430588,159.581759
175.394282,159.654577
175.358101,159.727106
175.322608,159.798224
175.286304,159.870933
175.250342,159.942928
175.214671,160.014307
175.178520,160.086618
175.142296,160.159042
175.106411,160.230762
175.070528,160.302450
175.034365,160.374669
174.998357,160.446550
174.962502,160.518102
174.926356,160.590208
174.348262,161.740409
174.311952,161.812492
174.275601,161.884636
174.239204,161.956857
174.202983,162.028714
174.166343,162.101384
174.130028,162.173397
174.093368,162.246078
174.057195,162.317780
174.020613,162.390277
173.983995,162.462833
173.947334,162.535462
173.910668,162.608085
173.873991,162.680721
173.837278,162.753412
173.249149,163.916433
173.212428,163.988969
173.175709,164.061492
173.138966,164.134056
173.102296,164.206466
173.065609,164.278903
173.028916,164.351345
172.992236,164.423753
172.955568,164.496132
172.918900,164.568503
172.882293,164.640748
172.845551,164.713252
172.808913,164.785544
172.772302,164.857778
172.735635,164.930116
172.147484,166.090142
172.110138,166.163727
172.072747,166.237384
172.035407,166.310889
171.997840,166.384815
171.960244,166.458738
171.922489,166.532936
171.884717,166.607098
171.846769,166.681559
171.808702,166.756174
171.770552,166.830896
171.732335,166.905659
171.693885,166.980810
171.655436,167.055862
171.616753,167.131293
170.978436,168.359077
170.937102,168.437265
170.895515,168.515760
170.853821,168.594256
170.811851,168.673088
170.769675,168.752093
170.727323,168.831235
170.684774,168.910520
170.641956,168.990102
170.598904,169.069884
170.555701,169.149730
170.512255,169.229778
170.468541,169.310095
170.424620,169.390532
170.380436,169.471214
169.647040,170.770774
169.600383,170.850964
169.553705,170.930918
169.506958,171.010750
169.460198,171.090347
169.413386,171.169806
169.366608,171.248963
169.319737,171.328061
169.272829,171.406993
169.225955,171.485664
169.179028,171.564205
169.132124,171.642514
169.085206,171.720639
169.038250,171.798648
168.991311,171.876430
168.240631,173.098786
168.193784,173.173922
168.146915,173.248973
168.099925,173.324111
168.053177,173.398748
168.006276,173.473529
167.959468,173.548054
167.912581,173.622610
167.865784,173.696920
167.818947,173.771202
167.772092,173.845416
167.725256,173.919515
167.678361,173.993651
167.631363,174.067870
167.584211,174.142274
166.811733,175.347536
166.762119,175.423857
166.712290,175.500365
166.662313,175.576930
166.612040,175.653796
166.561708,175.730571
166.511140,175.807543
166.460331,175.884692
166.409327,175.961963
166.358080,176.039403
166.306666,176.116914
166.255116,176.194419
166.203203,176.272279
166.151165,176.350106
166.098770,176.428266
165.226000,177.696128
165.168959,177.776620
165.111679,177.857153
165.054049,177.937856
164.996041,178.018781
164.937658,178.099898
164.878956,178.181138
164.819978,178.262419
164.760584,178.343942
164.700867,178.425556
164.640801,178.507306
164.580307,178.589273
164.519446,178.671385
164.458324,178.753475
164.396987,178.835434
163.405476,180.111760
163.343431,180.189061
163.281152,180.266388
163.218714,180.343674
163.156480,180.420453
163.094099,180.497188
163.031703,180.573701
162.969333,180.649965
162.906603,180.726442
162.844320,180.802170
162.781886,180.877867
162.719540,180.953263
162.657330,181.028292
162.595068,181.103201
162.532876,181.177832
161.540526,182.347413
161.478005,182.419999
161.415336,182.492649
161.352033,182.565904
161.289458,182.638201
161.226310,182.711022
161.162910,182.784009
161.099251,182.857148
161.035575,182.930173
160.971599,183.003387
160.906855,183.077334
160.842562,183.150601
160.778451,183.223511
160.713130,183.297623
160.648597,183.370680
159.574001,184.559861
159.504493,184.634844
159.434561,184.710040
159.364476,184.785133
159.293929,184.860465
159.223232,184.935682
159.152083,185.011114
159.080634,185.086579
159.008821,185.162153
158.936700,185.237756
158.864119,185.313554
158.791336,185.389257
158.718067,185.465171
158.644536,185.541039
158.570515,185.617108
157.357023,186.817498
157.281074,186.889884
157.205157,186.961951
157.128442,187.034511
157.052533,187.106033
156.976571,187.177356
156.900464,187.248557
156.824388,187.319492
156.748353,187.390142
156.672205,187.460673
156.596331,187.530717
156.520316,187.600678
156.444465,187.670268
156.368033,187.740188
156.292917,187.808695
155.087383,188.884801
155.012410,188.950478
154.937265,189.016176
154.862708,189.081243
154.787761,189.146528
154.713107,189.211447
154.638281,189.276399
154.563756,189.340986
154.489133,189.405547
154.415066,189.469528
154.340303,189.534005
154.265619,189.598320
154.191182,189.662322
154.116992,189.726022
154.042589,189.789812
152.858245,190.794659
152.784384,190.856759
152.710783,190.918581
152.637006,190.980497
152.563396,191.042217
152.489737,191.103928
152.416182,191.165498
152.342610,191.227034
152.269075,191.288488
152.195433,191.349987
152.121937,191.411314
152.048524,191.472529
151.975097,191.533711
151.901749,191.594784
151.828203,191.656002
150.628952,192.647908
150.552309,192.710709
150.475480,192.773577
150.398445,192.836510
150.321199,192.899521
150.243624,192.962688
150.165874,193.025896
150.087895,193.089169
150.009675,193.152528
149.931161,193.215996
149.852345,193.279589
149.773425,193.343129
149.694155,193.406823
149.614638,193.470570
149.534739,193.534487
148.236392,194.549988
148.155336,194.611958
148.074147,194.673876
147.993134,194.735520
147.912083,194.797049
147.831558,194.858047
147.750375,194.919406
147.670373,194.979748
147.588678,195.041236
147.508915,195.101151
147.427443,195.162226
147.347405,195.222112
147.266765,195.282332
147.186031,195.342515
147.105424,195.402490
145.826487,196.341566
145.746878,196.399349
145.667174,196.457130
145.587711,196.514674
145.508267,196.572136
145.428863,196.629510
145.349499,196.686793
145.270047,196.744081
145.190499,196.801401
145.110912,196.858698
145.031146,196.916086
144.951127,196.973600
144.870999,197.031147
144.790753,197.088717
144.709660,197.146841
143.394611,198.077931
143.310078,198.136862
143.225821,198.195476
143.141231,198.254180
143.056154,198.313090
142.970938,198.371945
142.885263,198.430976
142.799492,198.489914
142.713337,198.548967
142.627025,198.607960
142.540346,198.667045
142.453256,198.726235
142.365902,198.785437
142.278183,198.844701
142.190170,198.903988
140.738094,199.852934
140.645057,199.911662
140.552323,199.969934
140.459900,200.027769
140.367778,200.085167
140.275685,200.142318
140.183281,200.199426
140.090655,200.256452
139.998810,200.312772
139.905842,200.369572
139.813414,200.425826
139.722042,200.481242
139.629166,200.537366
139.537533,200.592552
139.445705,200.647663
137.989083,201.500191
137.898696,201.551933
137.808151,201.603670
137.717494,201.655366
137.626590,201.707108
137.535486,201.758856
137.444234,201.810586
137.352794,201.862306
137.261075,201.914077
137.169254,201.965781
137.077187,202.017507
136.984802,202.069280
136.892191,202.121056
136.799434,202.172772
136.706384,202.224520
135.180952,203.050292
135.083319,203.101528
134.985020,203.152905
134.886788,203.204023
134.787946,203.255241
134.689802,203.305866
134.589494,203.357380
134.489809,203.408330
134.389661,203.459281
134.288993,203.510244
134.188164,203.561043
134.087223,203.611639
133.985504,203.662370
133.883731,203.712858
133.781345,203.763387
132.124788,204.540936
132.021814,204.586878
131.918958,204.632514
131.816254,204.677850
131.713806,204.722834
131.611405,204.767576
131.509232,204.811992
131.407029,204.856212
131.305261,204.900029
131.203561,204.943619
131.101925,204.986977
131.000476,205.030068
130.899106,205.072932
130.798015,205.115500
130.697006,205.157850
129.097251,205.807997
128.998031,205.847216
128.898851,205.886328
128.799630,205.925357
128.699956,205.964474
128.600253,206.003499
128.500328,206.042515
128.400216,206.081494
128.299701,206.120526
128.199219,206.159427
128.098209,206.198422
127.997212,206.237286
127.895939,206.276137
127.794429,206.314945
127.692587,206.353754
126.026980,206.966776
125.920371,207.004451
125.813413,207.042046
125.706101,207.079548
125.598420,207.116967
125.490598,207.154208
125.382231,207.191416
125.273650,207.228462
125.164633,207.265427
125.055272,207.302263
124.945622,207.338957
124.835613,207.375517
124.725248,207.411947
124.614491,207.448242
124.503316,207.484416
122.677777,208.037813
122.562827,208.069934
122.448495,208.101562
122.332473,208.133357
122.218986,208.164151
122.104637,208.194898
121.990530,208.225290
121.876489,208.255396
121.762657,208.285171
121.648828,208.314689
121.535333,208.343858
121.421998,208.372744
121.307397,208.401701
121.194821,208.429914
121.081910,208.457975
119.296936,208.875080
119.185071,208.899795
119.072763,208.924451
118.960263,208.948977
118.847557,208.973383
118.734606,208.997661
118.621315,209.021838
118.507684,209.045898
118.393858,209.069815
118.279867,209.093570
118.165494,209.117213
118.051018,209.140670
117.936005,209.164036
117.820951,209.187195
117.705479,209.210229
115.816217,209.553566
115.695431,209.573190
115.574097,209.592607
115.452584,209.611741
115.330763,209.630617
115.208261,209.649277
115.085652,209.667635
114.962728,209.685709
114.839281,209.703532
114.715475,209.721065
114.591921,209.738188
114.468354,209.754957
114.345154,209.771306
114.222064,209.787292
114.099303,209.802879
112.167533,210.007673
112.049297,210.018037
111.930660,210.028211
111.812669,210.038121
111.694876,210.047802
111.577246,210.057271
111.459492,210.066548
111.342698,210.075561
111.225618,210.084406
111.109016,210.093036
110.992506,210.101478
110.876256,210.109732
110.760046,210.117811
110.644388,210.125692
110.528522,210.133422
108.698591,210.237056
108.584661,210.242542
108.469778,210.247977
108.355644,210.253267
108.240507,210.258499
108.125627,210.263601
108.010396,210.268607
107.895133,210.273487
107.779225,210.278274
107.663891,210.282903
107.547252,210.287454
107.430966,210.291848
107.314239,210.296120
107.197466,210.300242
107.079986,210.304241
105.172080,210.344545
105.050176,210.345312
104.929406,210.345819
104.809032,210.346088
104.689694,210.346115
104.568529,210.345915
104.448592,210.345482
104.329175,210.344836
104.210734,210.343977
104.090628,210.342900
103.971520,210.341621
103.853000,210.340153
103.735490,210.338499
103.616169,210.336636
103.498003,210.334598
101.638098,210.281101
101.523638,210.276659
101.409569,210.272113
101.295271,210.267448
101.180893,210.262667
101.066813,210.257793
100.952827,210.252815
100.839080,210.247749
100.724387,210.242537
100.610923,210.237285
100.498452,210.231983
100.384291,210.226512
100.270778,210.220978
100.158954,210.215442
100.044916,210.209708
98.227430,210.108048
98.113142,210.100915
97.997586,210.093599
97.881849,210.086150
97.765749,210.078564
97.649642,210.070848
97.533149,210.062984
97.416344,210.054960
97.299372,210.046793
97.182129,210.038460
97.064727,210.029974
96.946990,210.021309
96.829092,210.012481
96.710935,210.003469
96.592408,209.994269
94.659742,209.817637
94.536545,209.804469
94.412951,209.791009
94.288998,209.777245
94.164900,209.763204
94.040484,209.748853
93.915655,209.734183
93.790482,209.719186
93.665687,209.703921
93.540883,209.688353
93.416330,209.672502
93.291807,209.656357
93.167766,209.639970
93.043889,209.623319
92.920313,209.606416
90.977290,209.307404
90.857875,209.287227
90.738915,209.266939
90.620109,209.246505
90.501540,209.225934
90.383179,209.205235
90.265182,209.184430
90.147191,209.163471
90.029523,209.142409
89.912117,209.121244
89.794768,209.099939
89.677787,209.078558
89.560945,209.057059
89.444243,209.035452
89.327760,209.013747
87.473430,208.652741
87.356502,208.629054
87.239429,208.605217
87.122220,208.581217
87.004855,208.557056
86.887248,208.532700
86.769433,208.508161
86.651351,208.483414
86.533182,208.458499
86.414805,208.433376
86.296076,208.408021
86.177374,208.382498
86.058326,208.356732
85.938994,208.330722
85.819643,208.304529
83.878926,207.849225
83.755816,207.818243
83.632955,207.787019
83.509326,207.755303
83.386730,207.723542
83.264618,207.691616
83.142830,207.659478
83.022423,207.627428
82.900071,207.594575
82.779505,207.561934
82.658796,207.528983
82.538781,207.495968
82.418812,207.462708
82.299403,207.429363
82.180034,207.395784
80.311085,206.842275
80.196358,206.806798
80.081849,206.771233
79.967320,206.735518
79.853104,206.699776
79.738802,206.663877
79.623982,206.627694
79.510203,206.591706
79.395553,206.555318
79.280562,206.518680
79.165233,206.481800
79.049468,206.444629
78.934373,206.407529
78.818771,206.370106
78.702912,206.332445
76.826151,205.696249
76.707355,205.654079
76.588172,205.611520
76.469142,205.568750
76.349731,205.525580
76.230107,205.482056
76.110381,205.438221
75.990475,205.394029
75.870240,205.349431
75.749941,205.304506
75.629484,205.259225
75.508736,205.213520
75.387925,205.167480
75.266905,205.121035
75.144661,205.073794
73.243909,204.293250
73.128081,204.243098
73.012660,204.192851
72.897542,204.142484
72.781853,204.091608
72.666953,204.040836
72.552766,203.990134
72.439481,203.939605
72.325737,203.888640
72.213000,203.837909
72.099676,203.786693
71.987170,203.735641
71.874745,203.684415
71.763714,203.633630
71.650889,203.581825
69.889593,202.750539
69.779755,202.697487
69.669654,202.644171
69.559615,202.590735
69.449213,202.536975
69.338850,202.483074
69.227998,202.428776
69.118366,202.374904
69.007558,202.320288
68.896553,202.265392
68.785355,202.210221
68.673946,202.154751
68.562462,202.099053
68.450861,202.043091
68.339104,201.986848
66.530795,201.043528
66.416558,200.981543
66.302120,200.919135
66.187596,200.856348
66.072743,200.793052
65.957926,200.729430
65.843023,200.665418
65.727964,200.600960
65.612545,200.535943
65.497205,200.470596
65.381632,200.404744
65.265994,200.338467
65.150241,200.271737
65.034242,200.204460
64.918156,200.136731
63.106603,199.022989
62.996774,198.952245
62.887376,198.881441
62.778174,198.810447
62.669552,198.739507
62.561218,198.668453
62.453380,198.597418
62.345667,198.526178
62.238561,198.455048
62.131652,198.383775
62.025058,198.312434
61.918861,198.241099
61.812901,198.169657
61.707441,198.098306
61.602208,198.026856
59.934542,196.865562
59.829934,196.790897
59.725256,196.715943
59.620406,196.640609
59.515497,196.564980
59.410499,196.489016
59.305520,196.412799
59.200449,196.336231
59.095093,196.259176
58.989884,196.181928
58.884556,196.104299
58.779098,196.026261
58.673653,195.947922
58.568120,195.869192
58.462455,195.790038
56.764253,194.466410
56.657604,194.379640
56.551194,194.292590
56.444716,194.204989
56.338619,194.117168
56.232804,194.029058
56.127581,193.940900
56.022772,193.852574
55.918574,193.764237
55.814636,193.675623
55.711309,193.587023
55.608428,193.498327
55.506088,193.409614
55.404101,193.320751
55.302772,193.231998
53.736798,191.807819
53.642064,191.718785
53.547711,191.629810
53.453620,191.540800
53.359792,191.451754
53.266383,191.362836
53.172942,191.273650
53.079619,191.184332
52.986236,191.094723
52.892867,191.004881
52.799474,190.914778
52.706110,190.824444
52.612664,190.733780
52.519234,190.642860
52.425716,190.551587
50.931734,189.049838
50.838639,188.953106
50.745568,188.855982
50.652434,188.758352
50.559423,188.660415
50.466391,188.561997
50.373430,188.463198
50.280562,188.364020
50.187780,188.264460
50.094963,188.164364
50.002298,188.063937
49.909609,187.962965
49.817075,187.861646
49.724536,187.759783
49.632086,187.657481
48.169568,185.956302
48.080598,185.847010
47.992361,185.737873
47.904720,185.628764
47.817688,185.519697
47.731136,185.410553
47.645220,185.301520
47.559775,185.192434
47.474966,185.083501
47.390545,184.974442
47.306776,184.865596
47.223526,184.756828
47.140720,184.648039
47.058455,184.539391
46.976716,184.430864
45.725044,182.703543
45.649893,182.596229
45.575064,182.488996
45.500533,182.381835
45.426441,182.274947
45.352460,182.167880
45.279515,182.061971
45.206059,181.955001
45.133002,181.848284
45.060232,181.741678
44.987611,181.634977
44.915235,181.528345
44.843198,181.421912
44.771344,181.315472
44.699739,181.209116
43.581242,179.515351
43.512793,179.409927
43.444509,179.304573
43.376384,179.199290
43.308312,179.093914
43.239889,178.987829
43.172819,178.883673
43.104673,178.777692
43.037161,178.672534
42.969828,178.567506
42.902462,178.462309
42.835222,178.357178
42.767829,178.251694
42.700390,178.146003
42.632679,178.039760
41.548469,176.312921
41.480426,176.202439
41.412424,176.091721
41.344510,175.980818
41.276454,175.869359
41.208528,175.757759
41.140500,175.645648
41.072564,175.533311
41.004610,175.420576
40.936751,175.307600
40.868807,175.194090
40.800984,175.080358
40.733196,174.966268
40.665430,174.851769
40.597620,174.736752
39.539093,172.871133
39.475649,172.754822
39.412546,172.638641
39.349775,172.522608
39.287823,172.407619
39.225049,172.290660
39.163160,172.174894
39.101506,172.059141
39.040797,171.944736
38.979181,171.828215
38.918332,171.712727
38.857886,171.597616
38.798155,171.483479
38.737599,171.367393
38.677823,171.252422
37.747549,169.420477
37.690309,169.305440
37.632897,169.189793
37.575584,169.074048
37.518219,168.957910
37.460924,168.841595
37.403595,168.724898
37.346295,168.607911
37.289060,168.490721
37.231856,168.373222
37.175133,168.256349
37.117666,168.137544
37.060249,168.018445
37.003165,167.899608
36.946250,167.780705
36.044884,165.827272
35.989762,165.702529
35.935708,165.579449
35.880779,165.453644
35.826832,165.329328
35.773211,165.205049
35.719986,165.080963
35.667110,164.956999
35.614587,164.833164
35.562249,164.709100
35.510483,164.585720
35.459050,164.462501
35.407629,164.338662
35.356818,164.215683
35.306261,164.092701
34.527851,162.128476
34.480684,162.005229
34.433200,161.880604
34.385965,161.756039
34.338928,161.631409
34.292220,161.507028
34.245293,161.381442
34.198863,161.256522
34.152426,161.130928
34.106321,161.005530
34.060504,160.880227
34.014676,160.754159
33.969590,160.629406
33.923849,160.502068
33.878664,160.375501
33.194458,158.339652
33.154469,158.211898
33.115059,158.084827
33.076089,157.958068
33.037426,157.831176
32.999495,157.705619
32.961531,157.578867
32.924183,157.453136
32.887128,157.327337
32.850696,157.202670
32.814149,157.076595
32.778229,156.951720
32.742575,156.826797
32.707178,156.701852
32.672262,156.577664
32.149893,154.612887
32.118892,154.490167
32.088367,154.368667
32.058090,154.247541
32.028104,154.126958
31.997964,154.005165
31.968263,153.884537
31.938676,153.763812
31.909338,153.643528
31.880043,153.522878
31.850940,153.402462
31.822033,153.282342
31.793252,153.162218
31.764770,153.042845
31.735876,152.921232
31.298069,151.020504
31.271549,150.902145
31.245179,150.784116
31.218877,150.666074
31.192661,150.548088
31.166506,150.430073
31.140463,150.312251
31.114494,150.194473
31.088637,150.076905
31.062826,149.959270
31.037090,149.841687
31.011450,149.724279
30.985752,149.606335
30.960361,149.489544
30.934868,149.372107
30.530521,147.472371
30.505754,147.352611
30.481057,147.232669
30.456444,147.112537
30.431927,146.992304
30.407553,146.872132
30.383177,146.751320
30.359130,146.631442
30.335092,146.510940
30.311174,146.390274
30.287441,146.269682
30.263845,146.148938
30.240530,146.028741
30.217318,145.908229
30.194386,145.788284
29.850156,143.886406
29.829717,143.767669
29.809723,143.650884
29.789708,143.533403
29.769810,143.416005
29.750033,143.298761
29.730340,143.181438
29.710795,143.064462
29.691172,142.946462
29.671834,142.829655
29.652736,142.713772
29.633491,142.596506
29.614371,142.479487
29.595405,142.362932
29.576528,142.246443
29.285694,140.395981
29.268087,140.280862
29.250547,140.165853
29.233061,140.050894
29.215633,139.935997
29.198241,139.821042
29.180936,139.706363
29.163657,139.591579
29.146454,139.477013
29.129287,139.362421
29.112157,139.247800
29.095099,139.133398
29.078067,139.018917
29.061088,138.904543
29.044167,138.790311
28.777942,136.965314
28.761444,136.850818
28.744930,136.736038
28.728442,136.621156
28.711957,136.506063
28.695509,136.390886
28.679077,136.275535
28.662714,136.160265
28.646315,136.044383
28.630032,135.928853
28.613765,135.813019
28.597548,135.697021
28.581409,135.581082
28.565335,135.465027
28.549300,135.348693
28.307796,133.489994
28.293797,133.374829
28.279897,133.259624
28.266108,133.144538
28.252441,133.029648
28.238877,132.914855
28.225433,132.800281
28.212061,132.685582
28.198817,132.571210
28.185644,132.456737
28.172585,132.342519
28.159621,132.228451
28.146740,132.114401
28.133934,132.000356
28.121237,131.886595
27.927927,130.076538
27.916377,129.963986
27.904891,129.851589
27.893456,129.739255
27.882086,129.627091
27.870755,129.514901
27.859474,129.402773
27.848236,129.290668
27.837052,129.178675
27.825911,129.066734
27.814816,128.954851
27.803749,128.842875
27.792738,128.731093
27.781783,128.619514
27.770856,128.507865
27.601580,126.734450
27.591317,126.624852
27.581116,126.515799
27.570912,126.406761
27.560733,126.297957
27.550554,126.189266
27.540388,126.080775
27.530208,125.972326
27.520050,125.864250
27.509872,125.756233
27.499705,125.648549
27.489499,125.540801
27.479296,125.433369
27.469060,125.326020
27.458776,125.218750
27.285757,123.493021
27.274567,123.385581
27.263271,123.277551
27.251835,123.168570
27.240519,123.061130
27.229090,122.952988
27.217610,122.844739
27.206083,122.736391
27.194530,122.628158
27.182930,122.519819
27.171286,122.411406
27.159623,122.303124
27.147915,122.194748
27.136171,122.086331
27.124385,121.977832
26.932867,120.247033
26.920842,120.140079
26.908813,120.033343
26.896768,119.926839
26.884701,119.820449
26.872603,119.714221
26.860499,119.608321
26.848331,119.502359
26.836180,119.396972
26.823961,119.291552
26.811694,119.186204
26.799407,119.081303
26.787046,118.976308
26.774639,118.871597
26.762186,118.767087
26.549446,117.099031
26.535005,116.993275
26.520474,116.887625
26.505975,116.782908
26.491229,116.677124
26.476624,116.573004
26.461577,116.466401
26.446639,116.361188
26.431511,116.255275
26.416304,116.149391
26.401045,116.043748
26.385721,115.938200
26.370218,115.831982
26.354710,115.726247
26.339072,115.620160
26.079159,113.917694
26.062360,113.810830
26.045440,113.703402
26.028755,113.597724
26.011942,113.491426
25.995002,113.384598
25.978190,113.278795
25.961484,113.173970
25.944480,113.067537
25.927604,112.962261
25.910889,112.858289
25.893954,112.753335
25.877034,112.648819
25.860047,112.544325
25.843029,112.440025
25.562948,110.797719
25.544775,110.696656
25.526383,110.595257
25.507853,110.493935
25.489123,110.392415
25.470220,110.290793
25.451098,110.188861
25.431807,110.086822
25.412308,109.984510
25.392672,109.882229
25.372834,109.779667
25.352827,109.676947
25.332531,109.573479
25.312336,109.471190
25.291881,109.368272
24.946170,107.707412
24.924035,107.604862
24.901690,107.501683
24.879286,107.398637
24.856861,107.295871
24.834374,107.193253
24.811863,107.090926
24.789286,106.988763
24.766675,106.886878
24.743988,106.785139
24.721259,106.683670
24.698452,106.582368
24.675598,106.481342
24.652653,106.380456
24.629650,106.279823
24.248563,104.696454
24.223749,104.599086
24.198827,104.501988
24.173720,104.404918
24.148381,104.307829
24.122783,104.210568
24.096879,104.113038
24.070694,104.015267
24.044230,103.917311
24.017485,103.819094
23.990467,103.720692
23.962999,103.621392
23.935533,103.522872
23.907843,103.424242
23.879540,103.324156
23.401984,101.719146
23.370845,101.618774
23.339422,101.517825
23.307852,101.416773
23.276438,101.316546
23.244694,101.215626
23.213082,101.115464
23.181389,101.015423
23.149675,100.915666
23.117883,100.816059
23.086058,100.716719
23.054206,100.617713
23.022279,100.518859
22.990253,100.420136
22.958245,100.321874
22.433862,98.778006
22.400191,98.683378
22.366224,98.588589
22.332000,98.493725
22.297525,98.398853
22.262597,98.303365
22.227437,98.207913
22.192014,98.112352
22.156301,98.016644
22.120306,97.920753
22.083965,97.824544
22.047414,97.728326
22.010572,97.631909
21.973503,97.535419
21.936146,97.438716
21.308972,95.877217
21.268173,95.778881
21.227163,95.680365
21.186089,95.581997
21.144774,95.483368
21.103308,95.384663
21.061667,95.285838
21.019968,95.187149
20.978096,95.088331
20.936070,94.989409
20.893905,94.890428
20.851338,94.790747
20.809006,94.691814
20.766662,94.593065
20.724802,94.495628
20.046863,92.950024
20.004424,92.855693
19.961805,92.761279
19.919126,92.667080
19.876403,92.573117
19.833793,92.479764
19.790783,92.385881
19.747923,92.292705
19.705112,92.200075
19.661339,92.105786
19.617676,92.012198
19.573817,91.918613
19.529581,91.824669
19.485331,91.731100
19.440571,91.636878
18.709114,90.143774
18.663003,90.052342
18.617065,89.961582
18.571663,89.872236
18.525210,89.781157
18.479335,89.691585
18.433444,89.602329
18.387501,89.513350
18.341609,89.424829
18.295690,89.336643
18.249787,89.248856
18.203864,89.161427
18.157900,89.074297
18.112529,88.988692
18.066158,88.901582
17.310094,87.543114
17.260306,87.457459
17.210217,87.371686
17.159930,87.285936
17.109244,87.199885
17.058429,87.113960
17.007220,87.027728
16.955845,86.941543
16.904215,86.855270
16.852340,86.768899
16.800175,86.682371
16.747889,86.595934
16.695277,86.509268
16.642454,86.422533
16.589476,86.335836
15.715641,84.939432
15.659790,84.851964
15.603782,84.764433
15.547530,84.676688
15.491221,84.589030
15.434763,84.501300
15.378178,84.413540
15.321525,84.325825
15.264618,84.237877
15.207765,84.150156
15.150801,84.062373
15.094507,83.975747
15.037744,83.888500
14.980952,83.801339
14.924313,83.714522
14.024710,82.356707
13.968761,82.273864
13.912928,82.191404
13.857005,82.109046
13.801178,82.027049
13.745340,81.945281
13.689584,81.863862
13.633715,81.782531
13.577942,81.701581
13.522142,81.620857
13.466432,81.540508
13.410580,81.460230
13.354846,81.380379
13.299110,81.300806
13.243315,81.221415
12.344833,79.985128
12.286994,79.908547
12.228765,79.831816
12.170284,79.755083
12.111354,79.678110
12.052247,79.601224
11.992812,79.524240
11.933109,79.447210
11.873001,79.369972
11.812737,79.292819
11.752182,79.215593
11.691316,79.138240
11.630190,79.060844
11.568857,78.983441
11.507214,78.905918
10.492472,77.660860
10.427485,77.582778
10.362576,77.504923
10.297642,77.427180
10.232807,77.349682
10.167965,77.272321
10.103285,77.195283
10.038611,77.118403
9.974049,77.041797
9.909488,76.965354
9.845004,76.889148
9.780615,76.813226
9.716352,76.737609
9.651981,76.662044
9.587817,76.586888
8.566100,75.417345
8.503082,75.347102
8.439608,75.276586
8.376112,75.206306
8.312647,75.136304
8.249217,75.066607
8.185851,74.997232
8.122385,74.928021
8.058683,74.858876
7.994185,74.789171
7.929682,74.719793
7.865730,74.651306
7.800767,74.582051
7.735455,74.512713
7.669814,74.443329
6.582372,73.329036
6.512409,73.259216
6.442182,73.189327
6.371787,73.119448
6.301160,73.049524
6.230315,72.979551
6.159623,72.909867
6.088629,72.840034
6.017856,72.770549
5.947426,72.701549
5.876935,72.632624
5.806838,72.564238
5.736546,72.495804
5.666221,72.427499
5.596085,72.359527
4.482714,71.304978
4.413692,71.241317
4.344673,71.177872
4.275482,71.114504
4.206730,71.051759
4.137811,70.989101
4.068979,70.926748
4.000121,70.864618
3.931480,70.802917
3.862596,70.741250
3.794000,70.680079
3.725240,70.619021
3.656695,70.558398
3.588093,70.497989
3.519142,70.437586
2.370117,69.470152
2.296026,69.409869
2.221260,69.349257
2.146987,69.289240
2.071860,69.228742
1.996550,69.168286
1.920784,69.107663
1.845102,69.047287
1.768450,68.986329
1.692190,68.925854
1.615720,68.865394
1.539593,68.805368
1.462031,68.744382
1.385067,68.684022
1.308391,68.624051
0.059834,67.665423
-0.017077,67.607366
-0.094274,67.549215
-0.172167,67.490681
-0.248733,67.433275
-0.325762,67.375667
-0.402518,67.318400
-0.479337,67.261240
-0.556082,67.204277
-0.632657,67.147602
-0.709122,67.091158
-0.785599,67.034872
-0.861894,66.978877
-0.938758,66.922640
-1.014288,66.867541
-2.220368,66.013200
-2.295107,65.962006
-2.369780,65.911072
-2.444297,65.860476
-2.519327,65.809808
-2.594448,65.759336
-2.670034,65.708834
-2.745972,65.658350
-2.822220,65.607933
-2.898780,65.557553
-2.975731,65.507177
-3.052938,65.456867
-3.130518,65.406561
-3.209009,65.355890
-3.286665,65.305994
-4.575041,64.505388
-4.657755,64.455453
-4.740778,64.405485
-4.823159,64.356043
-4.906283,64.306266
-4.988552,64.257123
-5.071413,64.207734
-5.153342,64.159022
-5.235660,64.110189
-5.318125,64.061397
-5.400411,64.012829
-5.481981,63.964817
-5.563334,63.917055
-5.645112,63.869182
-5.726509,63.821662
-7.015168,63.090159
-7.094791,63.046414
-7.174189,63.002974
-7.253588,62.959729
-7.332808,62.916767
-7.412000,62.874024
-7.491009,62.831569
-7.570006,62.789328
-7.648801,62.747391
-7.727565,62.705683
-7.806172,62.664258
-7.884899,62.622988
-7.963285,62.582102
-8.041603,62.541473
-8.119745,62.501146
-9.389160,61.879873
-9.471246,61.841825
-9.553765,61.803807
-9.636480,61.765905
-9.719552,61.728059
-9.803629,61.689953
-9.886701,61.652513
-9.970699,61.614842
-10.054945,61.577259
-10.139409,61.539758
-10.224183,61.502311
-10.309260,61.464900
-10.394571,61.427568
-10.480123,61.390294
-10.565794,61.353140
-11.961499,60.767312
-12.048671,60.731715
-12.135744,60.696264
-12.222566,60.661034
-12.309260,60.625965
-12.395883,60.591051
-12.482269,60.556347
-12.568565,60.521810
-12.654648,60.487479
-12.740663,60.453312
-12.826438,60.419367
-12.912130,60.385596
-12.997615,60.352038
-13.083032,60.318655
-13.168218,60.285499
-14.512214,59.783876
-14.595063,59.754429
-14.677751,59.725221
-14.760323,59.696252
-14.843143,59.667431
-14.926235,59.638733
-15.009685,59.610151
-15.093400,59.581693
-15.177559,59.553317
-15.262072,59.525028
-15.346740,59.496910
-15.431762,59.468871
-15.517173,59.440917
-15.602810,59.413078
-15.688880,59.385300
-17.097884,58.953796
-17.187723,58.927534
-17.277797,58.901335
-17.368005,58.875215
-17.458070,58.849233
-17.548056,58.823378
-17.637823,58.797678
-17.727601,58.772081
-17.816991,58.746691
-17.906321,58.721428
-17.995509,58.696306
-18.084419,58.671378
-18.173192,58.646594
-18.261855,58.621962
-18.350356,58.597487
-19.742835,58.230335
-19.828382,58.209031
-19.913803,58.187915
-19.999167,58.166983
-20.084243,58.146282
-20.169255,58.125773
-20.254031,58.105484
-20.338811,58.085376
-20.423164,58.065538
-20.507597,58.045866
-20.591651,58.026455
-20.675779,58.007217
-20.759478,57.988255
-20.843257,57.969468
-20.926664,57.950946
-22.248755,57.685349
-22.332586,57.670500
-22.416876,57.655818
-22.501522,57.641293
-22.586525,57.626944
-22.671756,57.612766
-22.757380,57.598749
-22.843278,57.584888
-22.929633,57.571169
-23.016151,57.557617
-23.103082,57.544206
-23.190193,57.530952
-23.277663,57.517840
-23.365270,57.504883
-23.453297,57.492052
-24.891126,57.304044
-24.982429,57.293269
-25.074285,57.282551
-25.166050,57.271955
-25.258032,57.261451
-25.350216,57.251030
-25.442424,57.240719
-25.534770,57.230493
-25.627320,57.220351
-25.720060,57.210285
-25.812802,57.200320
-25.905774,57.190422
-25.998481,57.180624
-26.091017,57.170924
-26.183404,57.161309
-27.635649,57.022179
-27.725201,57.014487
-27.814012,57.006972
-27.902748,56.999591
-27.991209,56.992351
-28.079590,56.985249
-28.167693,56.978292
-28.255685,56.971481
-28.343422,56.964817
-28.431062,56.958302
-28.518401,56.951942
-28.605610,56.945737
-28.692571,56.939687
-28.779512,56.933789
-28.865994,56.928063
-30.246334,56.859739
-30.334001,56.856947
-30.421994,56.854319
-30.510162,56.851841
-30.598013,56.849537
-30.686615,56.847361
-30.775524,56.845337
-30.864463,56.843453
-30.953882,56.841712
-31.043259,56.840107
-31.132930,56.838641
-31.222706,56.837303
-31.312767,56.836100
-31.402790,56.835020
-31.493215,56.834068
-32.918512,56.833362
-33.005911,56.834303
-33.093143,56.835366
-33.180093,56.836565
-33.266789,56.837888
-33.353473,56.839355
-33.439724,56.840947
-33.525823,56.842684
-33.611744,56.844554
-33.697497,56.846573
-33.782995,56.848728
-33.868373,56.851036
-33.953451,56.853482
-34.038388,56.856086
-34.123055,56.858831
-35.450048,56.924674
-35.531251,56.930243
-35.612071,56.935972
-35.692844,56.941901
-35.773936,56.948099
-35.855065,56.954524
-35.936770,56.961243
-36.018602,56.968194
-36.100836,56.975420
-36.183258,56.982874
-36.266109,56.990599
-36.349062,56.998537
-36.432507,57.006743
-36.516111,57.015160
-36.600445,57.023864
-37.972937,57.189797
-38.060255,57.201669
-38.147519,57.213642
-38.234537,57.225698
-38.321460,57.237844
-38.408184,57.250080
-38.494658,57.262388
-38.580908,57.274786
-38.666910,57.287260
-38.752884,57.299856
-38.838371,57.312497
-38.923786,57.325258
-39.008872,57.338091
-39.093844,57.351042
-39.178569,57.364080
-40.504674,57.587672
-40.585650,57.602664
-40.666370,57.617772
-40.746906,57.633026
-40.827192,57.648400
-40.907225,57.663911
-40.987081,57.679559
-41.066710,57.695350
-41.146566,57.711416
-41.226656,57.727737
-41.306991,57.744339
-41.387487,57.761179
-41.468334,57.778316
-41.549363,57.795688
-41.630621,57.813325
-42.959673,58.126400
-43.043909,58.147578
-43.128742,58.169049
-43.213338,58.190587
-43.298369,58.212373
-43.383260,58.234245
-43.468496,58.256337
-43.553532,58.278492
-43.639212,58.300941
-43.724450,58.323385
-43.809751,58.345933
-43.894907,58.368542
-43.979923,58.391200
-44.064769,58.413914
-44.148981,58.436547
-45.470872,58.806679
-45.551539,58.830320
-45.632038,58.854043
-45.712505,58.877904
-45.792519,58.901768
-45.872375,58.925737
-45.951970,58.949767
-46.031395,58.973904
-46.110536,58.998099
-46.189397,59.022370
-46.268059,59.046729
-46.346908,59.071312
-46.424890,59.095779
-46.502893,59.120422
-46.580644,59.145145
-47.842666,59.572621
-47.923008,59.601311
-48.003397,59.630177
-48.083923,59.659233
-48.164634,59.688507
-48.245531,59.717984
-48.326015,59.747420
-48.406610,59.777016
-48.486702,59.806535
-48.566866,59.836201
-48.646855,59.865913
-48.727011,59.895814
-48.806460,59.925567
-48.885240,59.955200
-48.964480,59.985125
-50.195445,60.468816
-50.270423,60.499579
-50.345174,60.530409
-50.419893,60.561403
-50.493923,60.592276
-50.568002,60.623351
-50.641404,60.654310
-50.715510,60.685752
-50.789246,60.717266
-50.862803,60.748908
-50.936615,60.780887
-51.011300,60.813447
-51.085784,60.846142
-51.160257,60.879027
-51.234501,60.912021
-52.450035,61.476470
-52.526949,61.513510
-52.604116,61.550814
-52.681268,61.588237
-52.758497,61.625834
-52.835923,61.663648
-52.912994,61.701384
-52.990010,61.739201
-53.066767,61.776984
-53.143419,61.814826
-53.219873,61.852668
-53.296110,61.890517
-53.372484,61.928537
-53.448284,61.966392
-53.523704,62.004165
-54.700666,62.611018
-54.772198,62.649118
-54.843622,62.687312
-54.914732,62.725505
-54.985634,62.763743
-55.056404,62.802082
-55.126753,62.840355
-55.196969,62.878732
-55.266975,62.917160
-55.336640,62.955583
-55.406077,62.994050
-55.475345,63.032611
-55.544300,63.071172
-55.613054,63.109812
-55.681983,63.148786
-56.802173,63.810595
-56.873119,63.854074
-56.944249,63.897834
-57.015434,63.941779
-57.086720,63.985948
-57.158112,64.030325
-57.229598,64.074916
-57.301020,64.119604
-57.372315,64.164322
-57.443493,64.209090
-57.514422,64.253808
-57.585195,64.298553
-57.655697,64.343238
-57.726032,64.387946
-57.796095,64.432599
-58.887084,65.146636
-58.953932,65.191708
-59.019656,65.236185
-59.085055,65.280621
-59.150533,65.325276
-59.215895,65.370038
-59.281319,65.415015
-59.345660,65.459438
-59.410828,65.504609
-59.475019,65.549300
-59.539095,65.594092
-59.602465,65.638589
-59.665939,65.683344
-59.729260,65.728196
-59.792742,65.773354
-60.783643,66.509010
-60.846075,66.557439
-60.909289,66.606717
-60.971880,66.655721
-61.034765,66.705185
-61.096996,66.754335
-61.160017,66.804327
-61.223059,66.854530
-61.286222,66.905041
-61.349405,66.955753
-61.412697,67.006756
-61.476091,67.058019
-61.539515,67.109500
-61.602984,67.161188
-61.667301,67.213755
-62.668301,68.051630
-62.729295,68.103946
-62.789974,68.156148
-62.850498,68.208393
-62.911267,68.261013
-62.970834,68.312774
-63.030727,68.364985
-63.090494,68.417274
-63.150313,68.469783
-63.209172,68.521642
-63.268248,68.573871
-63.327157,68.626152
-63.385816,68.678396
-63.444289,68.730680
-63.503134,68.783489
-64.427337,69.644648
-64.485564,69.700944
-64.543945,69.757621
-64.602384,69.814556
-64.661226,69.872107
-64.719842,69.929633
-64.778477,69.987389
-64.837073,70.045294
-64.895249,70.102986
-64.953934,70.161359
-65.013295,70.220602
-65.071960,70.279323
-65.130302,70.337906
-65.189598,70.397610
-65.248052,70.456645
-66.180427,71.417363
-66.237281,71.477099
-66.293922,71.536754
-66.350763,71.596785
-66.407314,71.656660
-66.463291,71.716100
-66.519217,71.775641
-66.574497,71.834671
-66.630618,71.894762
-66.686164,71.954425
-66.741079,72.013579
-66.796095,72.073032
-66.850422,72.131915
-66.905066,72.191339
-66.959491,72.250707
-67.812498,73.211265
-67.865739,73.273375
-67.919026,73.335802
-67.972362,73.398517
-68.025766,73.461564
-68.079157,73.524816
-68.132574,73.588342
-68.186053,73.652153
-68.239504,73.716163
-68.293011,73.780446
-68.346549,73.844987
-68.400416,73.910124
-68.454111,73.975268
-68.507554,74.040294
-68.561214,74.105790
-69.417037,75.173107
-69.469683,75.239943
-69.522195,75.306733
-69.574437,75.373329
-69.626608,75.439964
-69.678472,75.506364
-69.729919,75.572368
-69.781532,75.638747
-69.832871,75.704920
-69.884139,75.771174
-69.935150,75.837249
-69.986087,75.903408
-70.036775,75.969405
-70.087312,76.035393
-70.137614,76.101243
-70.918710,77.151138
-70.966480,77.217300
-71.013732,77.283067
-71.060951,77.349077
-71.108310,77.415607
-71.155606,77.482335
-71.203003,77.549521
-71.250368,77.616937
-71.297896,77.684892
-71.345078,77.752618
-71.392533,77.821027
-71.439936,77.889621
-71.487464,77.958675
-71.534813,78.027720
-71.581818,78.096529
-72.339562,79.236592
-72.386858,79.309455
-72.433958,79.382148
-72.480905,79.454756
-72.527704,79.527267
-72.574407,79.599786
-72.620824,79.671999
-72.667140,79.744220
-72.713267,79.816294
-72.759254,79.888320
-72.805025,79.960166
-72.850669,80.031995
-72.896107,80.103664
-72.941415,80.175319
-72.986503,80.246799
-73.684805,81.382340
-73.726567,81.452272
-73.768472,81.522699
-73.810207,81.593130
-73.851714,81.663443
-73.893086,81.733826
-73.934286,81.804196
-73.975276,81.874516
-74.016087,81.944819
-74.056706,82.015111
-74.097318,82.085782
-74.137824,82.156625
-74.178421,82.228025
-74.219000,82.299749
-74.259566,82.371839
-74.905546,83.564734
-74.945608,83.641223
-74.986101,83.718815
-75.026110,83.795726
-75.066144,83.872949
-75.106166,83.950384
-75.146109,84.027921
-75.186045,84.105670
-75.225958,84.183618
-75.265770,84.261583
-75.305685,84.339985
-75.345480,84.418360
-75.385316,84.497037
-75.424978,84.575572
-75.464730,84.654496
-76.096408,85.932948
-76.135626,86.013655
-76.174933,86.094685
-76.214169,86.175698
-76.253363,86.256762
-76.292543,86.337919
-76.331769,86.419304
-76.370925,86.500660
-76.410125,86.582252
-76.449324,86.663958
-76.488584,86.745931
-76.527848,86.828017
-76.567170,86.910350
-76.606506,86.992808
-76.645886,87.075474
-77.285477,88.426709
-77.326002,88.512528
-77.366872,88.599074
-77.407835,88.685785
-77.448870,88.772629
-77.489997,88.859619
-77.531267,88.946842
-77.572831,89.034614
-77.614194,89.121886
-77.655088,89.208097
-77.696457,89.295234
-77.737802,89.382255
-77.779179,89.469269
-77.820906,89.556954
-77.862421,89.644124
-78.525152,91.027966
-78.566588,91.114071
-78.608004,91.200095
-78.649401,91.286037
-78.690791,91.371924
-78.732252,91.457921
-78.773739,91.543970
-78.815245,91.630029
-78.856954,91.716502
-78.898704,91.803022
-78.940459,91.889530
-78.982388,91.976349
-79.024394,92.063295
-79.066555,92.150497
-79.108840,92.237908
-79.802748,93.658266
-79.847473,93.748574
-79.892507,93.839332
-79.937550,93.929903
-79.982791,94.020681
-80.028282,94.111742
-80.074040,94.203134
-80.119896,94.294486
-80.165568,94.385254
-80.211904,94.477094
-80.258485,94.569188
-80.305793,94.662454
-80.352099,94.753437
-80.399119,94.845544
-80.446125,94.937318
-81.205144,96.384724
-81.252844,96.473851
-81.300475,96.562663
-81.348180,96.651439
-81.395868,96.740006
-81.443623,96.828533
-81.491350,96.916841
-81.539048,97.004941
-81.586778,97.092939
-81.634582,97.180929
-81.682295,97.268597
-81.730062,97.356228
-81.777861,97.443773
-81.825621,97.531116
-81.873567,97.618704
-82.659557,99.036005
-82.710104,99.125672
-82.760968,99.215703
-82.811979,99.305761
-82.863155,99.395898
-82.914600,99.486266
-82.966236,99.576741
-83.018105,99.667370
-83.070311,99.758345
-83.122583,99.849165
-83.175215,99.940356
-83.227956,100.031454
-83.281099,100.122977
-83.334394,100.214466
-83.387964,100.306144
-84.262663,101.758779
-84.318197,101.848452
-84.372736,101.936256
-84.428290,102.025457
-84.483393,102.113685
-84.538217,102.201241
-84.593485,102.289273
-84.648605,102.376856
-84.703885,102.464470
-84.758810,102.551319
-84.814163,102.638681
-84.869502,102.725836
-84.925422,102.813738
-84.980821,102.900632
-85.036762,102.988202
-85.959743,104.402258
-86.018985,104.490816
-86.078866,104.580045
-86.139071,104.669448
-86.199625,104.759070
-86.260394,104.848689
-86.321567,104.938593
-86.382824,105.028286
-86.444595,105.118408
-86.506481,105.208351
-86.568768,105.298543
-86.631424,105.388908
-86.694266,105.479194
-86.757853,105.570176
-86.821157,105.660393
-87.849738,107.074399
-87.914237,107.160265
-87.978607,107.245674
-88.043070,107.330943
-88.107502,107.415902
-88.171944,107.500627
-88.236294,107.584975
-88.300790,107.669281
-88.365428,107.753572
-88.430158,107.837769
-88.495085,107.922023
-88.560274,108.006398
-88.625628,108.090779
-88.691157,108.175158
-88.756970,108.259685
-89.843678,109.619434
-89.913989,109.704895
-89.984565,109.790361
-90.055731,109.876202
-90.127014,109.961853
-90.198308,110.047169
-90.270513,110.133233
-90.342779,110.219007
-90.415333,110.304771
-90.488180,110.390509
-90.561861,110.476863
-90.634940,110.562128
-90.708937,110.648093
-90.783188,110.733959
-90.857583,110.819556
-92.050925,112.141533
-92.125323,112.221245
-92.199823,112.300790
-92.274128,112.379873
-92.348360,112.458619
-92.422798,112.537344
-92.496979,112.615550
-92.571219,112.693592
-92.645594,112.771579
-92.720124,112.849522
-92.795038,112.927673
-92.869970,113.005630
-92.945219,113.083716
-93.020617,113.161735
-93.096329,113.239870
-94.342713,114.491702
-94.423306,114.570244
-94.503438,114.648036
-94.584473,114.726386
-94.665841,114.804744
-94.747959,114.883491
-94.829873,114.961717
-94.912425,115.040210
-94.994991,115.118382
-95.077923,115.196550
-95.161076,115.274582
-95.245171,115.353136
-95.329369,115.431431
-95.414048,115.509798
-95.498390,115.587444
-96.846767,116.780750
-96.931233,116.852927
-97.014623,116.923921
-97.098255,116.994885
-97.181719,117.065459
-97.265629,117.136183
-97.349262,117.206473
-97.433401,117.276980
-97.517538,117.347288
-97.601459,117.417206
-102.343117,120.964880
-102.433446,121.024984
-102.524077,121.085108
-102.614811,121.145104
-102.705752,121.205051
-102.797073,121.265043
-102.888447,121.324877
-102.980093,121.384676
-103.072042,121.444470
-103.164298,121.504243
-103.256749,121.563930
-103.349315,121.623463
-103.442220,121.682994
-104.963217,122.622815
-105.060497,122.680550
-105.158147,122.738206
-105.256660,122.796058
-105.354933,122.853462
-105.453282,122.910589
-105.551275,122.967198
-105.650305,123.024081
-105.749526,123.080750
-105.849058,123.137261
-105.948980,123.193663
-106.049948,123.250307
-106.150455,123.306350
-106.251033,123.362080
-106.351770,123.417512
-107.936785,124.245037
-108.034510,124.293680
-108.131997,124.341961
-108.229467,124.390010
-108.326959,124.437870
-108.424665,124.485629
-108.522611,124.533309
-108.620715,124.580855
-108.719196,124.628382
-108.817748,124.675726
-108.916738,124.723070
-109.015683,124.770168
-109.115166,124.817305
-109.214666,124.864217
-109.314611,124.911113
-110.952170,125.644120
-111.057109,125.688683
-111.162464,125.733121
-111.268134,125.777375
-111.374219,125.821493
-111.480732,125.865462
-111.587421,125.909184
-111.694497,125.952730
-111.802023,125.996130
-111.909883,126.039322
-112.018147,126.082336
-112.126825,126.125162
-112.235874,126.167786
-112.345181,126.210148
-112.454989,126.252348
-114.268984,126.895101
-114.386096,126.932967
-114.503996,126.970637
-114.621953,127.007860
-114.740538,127.044820
-114.859576,127.081445
-114.979181,127.117772
-115.099230,127.153745
-115.219882,127.189414
-115.340923,127.224699
-115.462528,127.259651
-115.584714,127.294258
-115.707280,127.328464
-115.830501,127.362328
-115.954094,127.395773
-118.007366,127.872854
-118.140589,127.898595
-118.274262,127.923778
-118.408492,127.948405
-118.543669,127.972543
-118.679060,127.996043
-118.815269,128.019007
-118.951922,128.041354
-119.089400,128.063142
-119.227264,128.084283
-119.364899,128.104638
-119.502595,128.124280
-119.639864,128.143122
-119.777173,128.161269
-119.913722,128.178605
-122.058518,128.369838
-122.189784,128.377160
-122.321022,128.384027
-122.450220,128.390368
-122.580441,128.396333
-122.710508,128.401889
-122.840163,128.407018
-122.969628,128.411757
-123.098745,128.416094
-123.227538,128.420057
-123.355911,128.423638
-123.484138,128.426870
-123.612072,128.429744
-123.739572,128.432280
-123.866907,128.434480
-125.863660,128.431314
-125.986137,128.429092
-126.108200,128.426670
-126.230197,128.424055
-126.351973,128.421246
-126.473410,128.418261
-126.594672,128.415092
-126.715839,128.411750
-126.836629,128.408240
-126.957218,128.404570
-127.077744,128.400732
-127.198004,128.396745
-127.317795,128.392612
-127.437600,128.388330
-127.557207,128.383901
-129.449967,128.296439
-129.567334,128.290077
-129.684504,128.283629
-129.801597,128.277095
-129.918654,128.270471
-130.035544,128.263770
-130.152436,128.256982
-130.269381,128.250108
-130.386200,128.243158
-130.503000,128.236131
-130.619600,128.229037
-130.736357,128.221859
-130.853000,128.214612
-130.969544,128.207300
-131.086207,128.199908
-132.969225,128.072290
-133.089319,128.063574
-133.209628,128.054757
-133.330269,128.045814
-133.451353,128.036744
-133.572759,128.027539
-133.694487,128.018204
-133.816591,128.008720
-133.938839,127.999110
-134.061659,127.989324
-134.184756,127.979392
-134.308142,127.969296
-134.431862,127.959037
-134.556154,127.948579
-134.680451,127.937976
-136.723408,127.738294
-136.854357,127.723624
-136.985688,127.708662
-137.117626,127.693366
-137.249838,127.677775
-137.382439,127.661860
-137.515500,127.645614
-137.648974,127.629027
-137.782890,127.612096
-137.916995,127.594836
-138.051253,127.577226
-138.185631,127.559275
-138.320344,127.540969
-138.455215,127.522328
-138.590307,127.503317
-140.730479,127.160404
-140.862820,127.136895
-140.995055,127.113164
-141.127480,127.089172
-141.259282,127.065063
-141.391135,127.040729
-141.522784,127.016213
-141.654168,126.991541
-141.785589,126.966653
-141.916676,126.941632
-142.047674,126.916428
-142.178568,126.891058
-142.309241,126.865540
-142.439786,126.839869
-142.570151,126.814053
-144.680026,126.373770
-144.814053,126.344186
-144.948507,126.314287
-145.082931,126.284159
-145.217868,126.253683
-145.353024,126.222909
-145.488684,126.191773
-145.624395,126.160363
-145.760322,126.128643
-145.896788,126.096522
-146.033299,126.064116
-146.170150,126.031341
-146.307475,125.998164
-146.444783,125.964688
-146.582580,125.930792
-148.827078,125.330484
-148.969878,125.288896
-149.113007,125.246771
-149.256338,125.204128
-149.400093,125.160899
-149.543941,125.117166
-149.688265,125.072811
-149.832895,125.027868
-149.977843,124.982331
-150.122857,124.936260
-150.268341,124.889527
-150.414215,124.842136
-150.560170,124.794187
-150.706474,124.745572
-150.853151,124.696281
-153.227711,123.813598
-153.374780,123.753222
-153.521268,123.692401
-153.667432,123.631061
-153.812888,123.569360
-153.957855,123.507242
-154.102313,123.444713
-154.247341,123.381334
-154.390574,123.318136
-154.533543,123.254483
-154.676235,123.190380
-154.818252,123.126033
-154.960472,123.061043
-155.101145,122.996238
-155.241880,122.930882
-157.438479,121.850387
-157.572467,121.781177
-157.705233,121.712259
-157.838445,121.642787
-157.971787,121.572920
-158.104334,121.503160
-158.236493,121.433293
-158.368828,121.363038
-158.500357,121.292915
-158.630991,121.222990
-158.762415,121.152361
-158.892150,121.082373
-159.022311,121.011889
-159.152632,120.941065
-159.281881,120.870568
-161.321162,119.729049
-161.446288,119.657460
-161.572249,119.585253
-161.698496,119.512728
-161.824712,119.440074
-161.951103,119.367158
-162.078336,119.293597
-162.204421,119.220524
-162.331251,119.146848
-162.458507,119.072735
-162.585250,118.998733
-162.712224,118.924392
-162.839617,118.849603
-162.967038,118.774576
-163.094886,118.699079
-165.156491,117.444001
-165.286352,117.362149
-165.416434,117.279780
-165.546662,117.196921
-165.676904,117.113655
-165.807178,117.029952
-165.937563,116.945761
-166.068222,116.860958
-166.198828,116.775751
-166.329589,116.689986
-166.460295,116.603800
-166.591248,116.516975
-166.722248,116.429640
-166.853312,116.341764
-166.984569,116.253258
-169.090581,114.755112
-169.222438,114.655825
-169.353897,114.556081
-169.484732,114.456060
-169.615254,114.355508
-169.745075,114.254746
-169.874278,114.153704
-170.002867,114.052411
-170.130852,113.950856
-170.258234,113.849075
-170.384921,113.747141
-170.511202,113.644855
-170.636581,113.542622
-170.761420,113.440181
-170.885782,113.337484
-172.804513,111.678350
-172.920354,111.574081
-173.035755,111.469782
-173.150767,111.365427
-173.266314,111.260178
-173.380687,111.155609
-173.493366,111.052203
-173.606816,110.947726
-173.720828,110.842358
-173.832840,110.738487
-173.945003,110.634129
-174.057029,110.529562
-174.168712,110.424982
-174.280128,110.320333
-174.391210,110.215679
-176.130903,108.539927
-176.237726,108.435031
-176.344506,108.329970
-176.450962,108.225031
-176.557162,108.120149
-176.663506,108.014937
-176.769381,107.910001
-176.875142,107.805001
-176.980848,107.699876
-177.086404,107.594730
-177.191934,107.489440
-177.297143,107.384308
-177.402518,107.278846
-177.507552,107.173572
-177.612409,107.068320
-179.281697,105.374660
-179.385529,105.268326
-179.489416,105.161835
-179.593316,105.055234
-179.697270,104.948478
-179.801032,104.841828
-179.905012,104.734861
-180.008726,104.628078
-180.112631,104.521010
-180.216491,104.413905
-180.320237,104.306832
-180.424074,104.199584
-180.527954,104.092210
-180.631690,103.984908
-180.735617,103.877331
-182.392310,102.153405
-182.495487,102.045550
-182.599905,101.936344
-182.702532,101.828965
-182.805678,101.720994
-182.908545,101.613269
-183.010520,101.506433
-183.113413,101.398591
-183.216189,101.290830
-183.318918,101.183075
-183.421578,101.075351
-183.524188,100.967639
-183.626648,100.860046
-183.729252,100.752264
-183.831618,100.644694
-185.464842,98.924063
-185.566487,98.816742
-185.668165,98.709362
-185.769790,98.602014
-185.871399,98.494661
-185.972979,98.387317
-186.074632,98.279873
-186.176098,98.172607
-186.277567,98.065315
-186.379010,97.958032
-186.480431,97.850752
-186.581701,97.743613
-186.683112,97.636306
-186.784422,97.529088
-186.885628,97.421961
-188.501939,95.709011
-188.602826,95.601979
-188.703510,95.495150
-188.804218,95.388286
-188.905005,95.281327
-189.005515,95.174650
-189.106259,95.067716
-189.206913,94.960867
-189.308569,94.852965
-189.409262,94.746086
-189.510511,94.638631
-189.611348,94.531608
-189.712448,94.424309
-189.814363,94.316127
-189.916244,94.207970
-191.565059,92.446865
-191.668581,92.335100
-191.772936,92.222238
-191.877631,92.108786
-191.981607,91.995892
-192.087052,91.881157
-192.192136,91.766568
-192.297121,91.651817
-192.401059,91.537945
-192.506672,91.421948
-192.611763,91.306231
-192.716963,91.190078
-192.821946,91.073850
-192.927850,90.956262
-193.032843,90.839346
-194.726869,88.895005
-194.832778,88.769127
-194.938767,88.642563
-195.044570,88.515604
-195.150441,88.387941
-195.256379,88.259547
-195.362592,88.130161
-195.468299,88.000706
-195.573603,87.871015
-195.678215,87.741447
-195.782735,87.611239
-195.886886,87.480751
-195.990396,87.350313
-196.093503,87.219655
-196.196059,87.088960
-197.774281,84.991598
-197.869368,84.860442
-197.964079,84.729303
-198.058567,84.597991
-198.152477,84.467001
-198.246083,84.335978
-198.340044,84.203996
-198.433163,84.072754
-198.525716,83.941872
-198.617861,83.811149
-198.709538,83.680674
-198.801187,83.549842
-198.892065,83.419712
-198.982996,83.289130
-199.073734,83.158442
-200.490261,81.074400
-200.576950,80.944463
-200.663505,80.814480
-200.749896,80.684505
-200.836243,80.554360
-200.922353,80.424347
-201.008162,80.294563
-201.093964,80.164574
-201.179604,80.034616
-201.265136,79.904616
-201.350536,79.774611
-201.435790,79.644632
-201.520933,79.514627
-201.606047,79.384479
-201.690912,79.254525
-203.038429,77.169247
-203.122166,77.038474
-203.206201,76.907112
-203.290174,76.775728
-203.373911,76.644595
-203.457497,76.513586
-203.540944,76.382683
-203.624453,76.251577
-203.708012,76.120283
-203.790815,75.990076
-203.874073,75.859053
-203.958559,75.725997
-204.042023,75.594453
-204.124819,75.463869
-204.209115,75.330803
-205.530576,73.236227
-205.612580,73.106324
-205.694686,72.976338
-205.776888,72.846311
-205.857879,72.718306
-205.939942,72.588742
-206.021888,72.459496
-206.103914,72.330290
-206.185856,72.201375
-206.267910,72.072475
-206.350007,71.943696
-206.432094,71.815149
-206.514249,71.686711
-206.596470,71.558413
-206.678975,71.429958
-208.035724,69.360595
-208.122741,69.230336
-208.210038,69.099911
-208.297221,68.969901
-208.386095,68.837613
-208.473180,68.708221
-208.561306,68.577513
-208.649621,68.446745
-208.738111,68.315938
-208.826860,68.184960
-208.915641,68.054145
-209.004709,67.923108
-209.093920,67.792060
-209.183236,67.661049
-209.272734,67.529964
-210.709592,65.446873
-210.799008,65.318630
-210.888240,65.190860
-210.977593,65.063156
-211.066814,64.935876
-211.155982,64.808934
-211.245175,64.682217
-211.334377,64.555775
-211.423620,64.429561
-211.512737,64.303837
-211.601911,64.178341
-211.691238,64.052969
-211.780363,63.928213
-211.869706,63.803512
-211.958905,63.679369
-213.398429,61.735189
-213.489015,61.617088
-213.580079,61.498913
-213.671317,61.381092
-213.762684,61.263676
-213.854646,61.146095
-213.946023,61.029855
-214.037938,60.913545
-214.130687,60.796794
-214.222867,60.681398
-214.315779,60.565787
-214.408640,60.450937
-214.502400,60.335709
-214.597136,60.220003
-214.692367,60.104437
-216.291405,58.255869
-216.395671,58.140249
-216.500295,58.024730
-216.604893,57.909711
-216.710408,57.794154
-216.816851,57.678034
-216.921931,57.563848
-217.028265,57.448722
-217.135863,57.332655
-217.242522,57.218010
-217.350770,57.102061
-217.458772,56.986766
-217.567102,56.871507
-217.675508,56.756534
-217.783210,56.642669
-219.542664,54.823979
-219.652393,54.712979
-219.762085,54.602329
-219.871723,54.492072
-219.981362,54.382146
-220.091014,54.272565
-220.200586,54.163416
-220.310295,54.054506
-220.419801,53.946170
-220.529389,53.838149
-220.638950,53.730543
-220.748567,53.623298
-220.858166,53.516479
-220.967829,53.410031
-221.077463,53.304037
-222.839256,51.667240
-222.949910,51.569012
-223.061204,51.470856
-223.172609,51.373243
-223.284658,51.275738
-223.397189,51.178468
-223.510545,51.081161
-223.624274,50.984184
-223.737970,50.887893
-223.853032,50.791071
-223.968763,50.694324
-224.085039,50.597730
-224.201967,50.501206
-224.319367,50.404874
-224.437511,50.308517
-226.365981,48.802220
-226.486426,48.711854
-226.607184,48.621700
-226.726896,48.532792
-226.847439,48.443725
-226.967805,48.355270
-227.088255,48.267229
-227.208689,48.179695
-227.328968,48.092765
-227.449475,48.006179
-227.569650,47.920336
-227.690058,47.834851
-227.810141,47.750112
-227.930546,47.665685
-228.050784,47.581906
-229.974451,46.319817
-230.094500,46.246238
-230.214767,46.173160
-230.334911,46.100813
-230.455424,46.028889
-230.575247,45.958042
-230.696403,45.887065
-230.814632,45.818472
-230.934498,45.749579
-231.055063,45.680968
-231.175234,45.613257
-231.295597,45.546129
-231.415680,45.479838
-231.536010,45.414113
-231.656164,45.349162
-233.579869,44.405665
-233.700065,44.352832
-233.820143,44.300742
-233.940282,44.249355
-234.060365,44.198675
-234.180403,44.148734
-234.300581,44.099411
-234.420588,44.050873
-234.540589,44.003005
-234.660516,43.955872
-234.780485,43.909383
-234.900470,43.863588
-235.020370,43.818478
-235.140480,43.773983
-235.260382,43.730214
-237.178755,43.118455
-237.298769,43.085568
-237.418750,43.053282
-237.538828,43.021605
-237.659157,42.990450
-237.779160,42.960011
-237.899148,42.930156
-238.019357,42.900872
-238.139498,42.872181
-238.260000,42.844026
-238.380223,42.816509
-238.500929,42.789500
-238.620899,42.763223
-238.741390,42.737443
-238.861810,42.712241
-240.888601,42.414202
-241.023421,42.403629
-241.159462,42.394098
-241.295982,42.385547
-241.433632,42.378048
-241.571469,42.371543
-241.710400,42.366090
-241.849678,42.361618
-241.990318,42.358195
-242.130226,42.355774
-242.271544,42.354399
-242.413071,42.353998
-242.555293,42.354655
-242.697584,42.356279
-242.841065,42.358963
-245.163986,42.528824
-245.311014,42.545580
-245.458553,42.562894
-245.606643,42.580747
-245.754591,42.599059
-245.903104,42.617893
-246.051757,42.637201
-246.200812,42.656993
-246.350410,42.677295
-246.499506,42.697942
-246.648203,42.718946
-246.799500,42.740713
-246.949474,42.762691
-247.099674,42.785079
-247.250427,42.807929
-249.688353,43.222315
-249.843126,43.251072
-249.996095,43.279744
-250.149953,43.308820
-250.304072,43.338185
-250.458286,43.367795
-250.612707,43.397673
-250.766989,43.427742
-250.921662,43.458104
-251.076307,43.488668
-251.230856,43.519396
-251.385135,43.550254
-251.539179,43.581233
-251.694593,43.612667
-251.846623,43.643584
-254.258391,44.161783
-254.406355,44.195673
-254.553860,44.229744
-254.700714,44.263967
-254.847710,44.298524
-254.992956,44.332985
-255.139795,44.368138
-255.284940,44.403218
-255.430582,44.438745
-255.575853,44.474530
-255.720640,44.510540
-255.865219,44.546860
-256.009417,44.583442
-256.153311,44.620324
-256.296822,44.657480
-258.552378,45.298738
-258.691979,45.342579
-258.832341,45.387225
-258.972485,45.432350
-259.112723,45.478061
-259.254150,45.524696
-259.395380,45.571812
-259.536745,45.619494
-259.677641,45.667539
-259.820441,45.716736
-259.961482,45.765831
-260.103834,45.815862
-260.246485,45.866483
-260.389292,45.917622
-260.532312,45.969304
-262.839505,46.858281
-262.984625,46.917210
-263.130058,46.976579
-263.275191,47.036123
-263.420742,47.096136
-263.566220,47.156404
-263.711808,47.217002
-263.857374,47.277862
-264.002944,47.338996
-264.148863,47.400535
-264.294658,47.462282
-264.441235,47.524608
-264.586022,47.586393
-264.731785,47.648814
-264.879401,47.712236
-267.153003,48.720035
-267.292155,48.784013
-267.430907,48.848122
-267.569540,48.912509
-267.707348,48.976843
-267.845031,49.041468
-267.982273,49.106232
-268.119246,49.171235
-268.255893,49.236446
-268.391844,49.301708
-268.527558,49.367235
-268.663017,49.433036
-268.798117,49.499060
-268.932539,49.565167
-269.066720,49.631566
-271.166267,50.734306
-271.296294,50.807272
-271.426639,50.881021
-271.557006,50.955364
-271.687741,51.030508
-271.818248,51.106086
-271.949083,51.182425
-272.079980,51.259346
-272.211009,51.336896
-272.342086,51.414999
-272.473339,51.493737
-272.604570,51.572966
-272.735934,51.652784
-272.867311,51.733094
-272.998924,51.814037
-275.098183,53.161697
-275.227382,53.247664
-275.356038,53.333611
-275.484464,53.419767
-275.612198,53.505813
-275.739658,53.592053
-275.866823,53.678465
-275.993284,53.764794
-276.119532,53.851368
-276.245219,53.937969
-276.370638,54.024795
-276.495501,54.111666
-276.619933,54.198664
-276.743928,54.285805
-276.867360,54.372995
-278.781978,55.793298
-278.897736,55.883939
-279.012857,55.974701
-279.127516,56.065741
-279.241563,56.156933
-279.355331,56.248566
-279.468434,56.340322
-279.581103,56.432410
-279.693201,56.524713
-279.804811,56.617318
-279.916244,56.710553
-280.027485,56.804407
-280.138683,56.899052
-280.249712,56.994362
-280.360942,57.090685
-282.135992,58.733564
-282.246486,58.841815
-282.357055,58.950778
-282.467348,59.060078
-282.577680,59.170028
-282.687971,59.280522
-282.798242,59.391585
-282.908228,59.502923
-283.018379,59.614991
-283.128293,59.727358
-283.238162,59.840219
-283.347970,59.953534
-283.457749,60.067338
-283.567434,60.181541
-283.677189,60.296314
-285.421362,62.178971
-285.529820,62.299269
-285.638119,62.419724
-285.746561,62.540660
-285.854714,62.661594
-285.962880,62.782851
-286.071027,62.904393
-286.179229,63.026289
-286.287292,63.148324
-286.395119,63.270371
-286.503081,63.392852
-286.610958,63.515505
-286.718788,63.638372
-286.826453,63.761307
-286.934149,63.884534
-288.650175,65.878011
-288.757146,66.003912
-288.863862,66.129682
-288.970700,66.255756
-289.077440,66.381875
-289.184436,66.508451
-289.291108,66.634796
-289.398048,66.761606
-289.504712,66.888236
-289.611338,67.014959
-289.718087,67.141969
-289.824913,67.269205
-289.931514,67.396304
-290.038199,67.523632
-290.144914,67.651123
-291.866427,69.722926
-291.975581,69.854827
-292.085195,69.987280
-292.194941,70.119858
-292.305023,70.252808
-292.415269,70.385895
-292.526017,70.519525
-292.636950,70.653287
-292.748222,70.787366
-292.859697,70.921569
-292.971625,71.056196
-293.083950,71.191152
-293.196484,71.326206
-293.309422,71.461565
-293.422887,71.597375
-295.283179,73.785168
-295.400169,73.919829
-295.518983,74.056242
-295.636957,74.191358
-295.755504,74.326799
-295.872571,74.460234
-295.990813,74.594697
-296.110418,74.730406
-296.228663,74.864269
-296.346251,74.997105
-296.465901,75.131987
-296.584428,75.265328
-296.703304,75.398790
-296.822186,75.532000
-296.941006,75.664885
-298.858418,77.779361
-298.980751,77.912349
-299.104691,78.046804
-299.227478,78.179702
-299.350860,78.312939
-299.474428,78.446045
-299.597565,78.578354
-299.722298,78.712020
-299.847162,78.845461
-299.972622,78.979150
-300.098414,79.112799
-300.224823,79.246684
-300.351526,79.380458
-300.478934,79.514527
-300.606560,79.648373
-302.705912,81.775001
-302.838772,81.904560
-302.971747,82.033671
-303.104821,82.162340
-303.237833,82.290417
-303.370961,82.418095
-303.504131,82.545307
-303.637407,82.672136
-303.770434,82.798250
-303.903837,82.924262
-304.037738,83.050289
-304.170502,83.174811
-304.303791,83.299397
-304.437174,83.423661
-304.571666,83.548548
-306.709704,85.486844
-306.843614,85.605738
-306.976635,85.723592
-307.110604,85.842045
-307.244588,85.960271
-307.378812,86.078479
-307.512726,86.196186
-307.647062,86.314045
-307.781066,86.431397
-307.915487,86.548906
-308.049542,86.665888
-308.183904,86.782943
-308.318260,86.899794
-308.452672,87.016509
-308.587746,87.133610
-310.749123,88.985597
-310.883577,89.099642
-311.019612,89.214908
-311.155302,89.329767
-311.291249,89.444729
-311.427288,89.559661
-311.563434,89.674573
-311.699673,89.789460
-311.836022,89.904336
-311.972467,90.019194
-312.109021,90.134044
-312.245662,90.248872
-312.382429,90.363712
-312.519199,90.478464
-312.656281,90.593388
-314.864692,92.434195
-315.004030,92.549761
-315.143255,92.665175
-315.282711,92.780723
-315.423089,92.896978
-315.562219,93.012145
-315.703670,93.129179
-315.843647,93.244940
-315.983236,93.360330
-316.122978,93.475797
-316.264862,93.592983
-316.404404,93.708188
-316.545346,93.824502
-316.686308,93.940786
-316.827691,94.057374
-319.113267,95.936712
-319.257808,96.055268
-319.402684,96.174069
-319.547511,96.292799
-319.692708,96.411805
-319.839772,96.532312
-319.985336,96.651562
-320.130469,96.770432
-320.275915,96.889533
-320.421944,97.009085
-320.568439,97.128993
-320.715405,97.249262
-320.863716,97.370607
-321.010873,97.490984
-321.158472,97.611699
-323.549866,99.564714
-323.701807,99.688648
-323.853916,99.812702
-324.006329,99.936989
-324.158788,100.061299
-324.311643,100.185916
-324.464822,100.310783
-324.618317,100.435894
-324.772072,100.561202
-324.926084,100.686706
-325.080415,100.812456
-325.235037,100.938431
-325.389960,101.064638
-325.545160,101.191058
-325.700680,101.317726
-328.231380,103.377436
-328.392330,103.508348
-328.553442,103.639385
-328.715181,103.770922
-328.876992,103.902511
-329.039405,104.034580
-329.202049,104.166830
-329.365027,104.299343
-329.528366,104.432142
-329.692065,104.565228
-329.856090,104.698570
-330.020496,104.832215
-330.185248,104.966134
-330.350349,105.100331
-330.515700,105.234724
-333.214464,107.427392
-333.386427,107.567061
-333.558846,107.707097
-333.731536,107.847348
-333.904729,107.988003
-334.078313,108.128972
-334.252184,108.270169
-334.426695,108.411881
-334.601488,108.553819
-334.776685,108.696081
-334.952175,108.838576
-335.128307,108.981590
-335.304738,109.124841
-335.481571,109.268416
-335.658683,109.412213
-338.549527,111.758844
-338.733679,111.908304
-338.918188,112.058051
-339.103266,112.208258
-339.288618,112.358683
-339.474409,112.509464
-339.660495,112.660481
-339.847022,112.811853
-340.033975,112.963570
-340.221212,113.115515
-340.409231,113.268091
-340.597268,113.420681
-340.785867,113.573724
-340.974749,113.726995
-341.164049,113.880603
-344.249247,116.383852
-344.445415,116.543004
-344.642089,116.702565
-344.840658,116.863662
-345.036471,117.022522
-345.234296,117.183013
-345.432708,117.343980
-345.631363,117.505141
-345.831237,117.667291
-346.030974,117.829328
-346.231830,117.992272
-346.431887,118.154566
-346.630739,118.315882
-346.831797,118.478986
-347.033352,118.642492
-350.311271,121.301486
-350.519817,121.470648
-350.728195,121.639673
-350.937318,121.809301
-351.146830,121.979245
-351.356643,122.149431
-351.566925,122.319997
-351.777658,122.490928
-351.988760,122.662159
-352.200262,122.833712
-352.412381,123.005766
-352.625572,123.178688
-352.837917,123.350924
-353.050917,123.523691
-353.264417,123.696862
-356.727484,126.505710
-356.946659,126.683476
-357.166446,126.861738
-357.386836,127.040489
-357.606923,127.218994
-357.825653,127.396397
-358.047751,127.576532
-358.267318,127.754614
-358.488678,127.934149
-358.711797,128.115111
-358.933567,128.294978
-359.155442,128.474931
-359.378084,128.655505
-359.600282,128.835718
-359.823404,129.016681
-363.415765,131.930222
-363.642108,132.113792
-363.868794,132.297641
-364.095420,132.481441
-364.322253,132.665408
-364.549168,132.849442
-364.776112,133.033499
-365.006079,133.220008
-365.233319,133.404305
-365.460668,133.588690
-365.686104,133.771524
-365.913774,133.956169
-366.141870,134.141159
-366.369932,134.326122
-366.598146,134.511207
-370.262973,137.483431
-370.490415,137.667889
-370.721952,137.855668
-370.951349,138.041710
-371.181067,138.228013
-371.408672,138.412603
-371.640319,138.600470
-371.870310,138.786994
-372.097571,138.971305
-372.328967,139.158968
-372.558983,139.345512
-372.786756,139.530237
-373.016130,139.716261
-373.245998,139.902684
-373.475678,140.088956
-377.144624,143.064477
-377.373431,143.250039
-377.602053,143.435451
-377.830646,143.620840
-378.058933,143.805980
-378.287570,143.991404
-378.515804,144.176502
-378.743982,144.361554
-378.971871,144.546371
-379.199836,144.731250
-379.427633,144.915994
-379.655314,145.100642
-379.882890,145.285205
-380.110395,145.469711
-380.337683,145.654041
-383.952644,148.585759
-384.178651,148.769050
-384.402769,148.950809
-384.625139,149.131149
-384.848850,149.312578
-385.072186,149.493702
-385.295514,149.674820
-385.518448,149.855618
-385.741101,150.036188
-385.963909,150.216884
-386.186087,150.397069
-386.408179,150.577185
-386.629793,150.756912
-386.851481,150.936700
-387.072726,151.116128
-390.574003,153.955639
-390.790191,154.130966
-391.006087,154.306056
-391.221863,154.481049
-391.437047,154.655561
-391.651632,154.829588
-391.866154,155.003564
-392.080325,155.177255
-392.294078,155.350606
-392.507668,155.523827
-392.720741,155.696627
-392.933254,155.868973
-393.145540,156.041136
-393.357581,156.213099
-393.569145,156.384676
-396.898293,159.084587
-397.102854,159.250484
-397.306799,159.415883
-397.510210,159.580847
-397.713211,159.745479
-397.915746,159.909733
-398.117887,160.073668
-398.319419,160.237109
-398.520521,160.400201
-398.721155,160.562913
-398.921378,160.725292
-399.121010,160.887192
-399.320128,161.048675
-399.518772,161.209773
-399.716917,161.370467
-402.816872,163.884503
-403.004062,164.036313
-403.192584,164.189203
-403.380330,164.341463
-403.567509,164.493263
-403.755373,164.645620
-403.939954,164.795313
-404.126846,164.946881
-404.311658,165.096761
-404.495834,165.246127
-404.678172,165.394001
-404.860910,165.542200
-405.043229,165.690059
-405.225009,165.837481
-405.406263,165.984476
-408.215390,168.262653
-408.385086,168.400275
-408.554206,168.537430
-408.722641,168.674029
-408.890498,168.810159
-409.057509,168.945604
-409.223811,169.080473
-409.389391,169.214757
-409.554241,169.348449
-409.718409,169.481587
-409.881649,169.613973
-410.044399,169.745962
-410.206238,169.877212
-410.367585,170.008063
-410.527978,170.138140
-412.989644,172.134529
-413.136899,172.253951
-413.283169,172.372575
-413.430008,172.491660
-413.574542,172.608875
-413.718168,172.725355
-413.861479,172.841579
-414.003583,172.956824
-414.143796,173.070535
-414.285524,173.185476
-414.425546,173.299032
-414.564298,173.411559
-414.701655,173.522954
-414.838945,173.634295
-414.975548,173.745078
-417.050912,175.428179
-417.173670,175.527735
-417.295709,175.626708
-417.416986,175.725062
-417.537483,175.822784
-417.657934,175.920469
-417.778304,176.018087
-417.898796,176.115805
-418.019379,176.213598
-418.139750,176.311217
-418.260338,176.409013
-418.380717,176.506639
-418.501280,176.604414
-418.621728,176.702097
-418.742164,176.799770
-420.663056,178.357595
-420.782512,178.454472
-420.901915,178.551307
-421.021133,178.647992
-421.141234,178.745393
-421.260218,178.841888
-421.379833,178.938894
-421.498272,179.034947
-421.616872,179.131131
-421.735469,179.227312
-421.852926,179.322568
-421.972331,179.419405
-422.090489,179.515230
-422.208562,179.610986
-422.326623,179.706732
-424.189449,181.217467
-424.304352,181.310652
-424.419045,181.403667
-424.533453,181.496451
-424.647635,181.589051
-424.761614,181.681487
-424.875344,181.773721
-424.988812,181.865743
-425.102061,181.957587
-425.214965,182.049151
-425.327805,182.140663
-425.440299,182.231895
-425.552529,182.322912
-425.664511,182.413728
-425.776217,182.504321
-427.523620,183.921448
-427.630268,184.007939
-427.736402,184.094013
-427.842151,184.179774
-427.947691,184.265366
-428.052876,184.350670
-428.157673,184.435659
-428.262040,184.520300
-428.366022,184.604628
-428.469804,184.688795
-428.573001,184.772487
-428.675892,184.855930
-428.778473,184.939122
-428.880594,185.021942
-428.982467,185.104559
-430.554097,186.379137
-430.648653,186.455821
-430.742609,186.532018
-430.836178,186.607902
-430.929177,186.683323
-431.021839,186.758472
-431.113843,186.833086
-431.205607,186.907506
-431.296740,186.981414
-431.387480,187.055003
-431.477418,187.127942
-431.567064,187.200644
-431.656341,187.273047
-431.744953,187.344910
-431.833032,187.416342
-433.169542,188.500239
-433.248282,188.564096
-433.326440,188.627482
-433.404081,188.690448
-433.480997,188.752826
-433.557427,188.814810
-433.633270,188.876318
-433.708390,188.937239
-433.782817,188.997599
-433.856729,189.057541
-433.930016,189.116976
-434.002688,189.175913
-434.074747,189.234351
-434.146242,189.292333
-434.217013,189.349728
-435.259209,190.194939
-435.318508,190.243030
-435.377118,190.290562
-435.434982,190.337489
-435.492126,190.383833
-435.548663,190.429684
-435.604280,190.474788
-435.659299,190.519409
-435.713816,190.563621
-435.767584,190.607227
-435.819745,190.649529
-435.871821,190.691762
-435.922978,190.733250
-435.973536,190.774252
-436.023201,190.814530
-436.712248,191.373340
-436.748360,191.402627
-436.783772,191.431346
-436.818386,191.459417
-436.852231,191.486865
-436.885357,191.513730
-436.917599,191.539878
-436.948895,191.565259
-436.979494,191.590074
-437.009266,191.614219
-437.038206,191.637689
-437.066469,191.660610
-437.093717,191.682708
-437.120298,191.704265
-437.145975,191.725089
-437.510772,192.020936
-437.533176,192.039106
-437.555526,192.057231
-437.577854,192.075339
-437.600107,192.093385
-437.622331,192.111409
-437.644509,192.129395
-437.666593,192.147305
-437.688615,192.165165
-437.710632,192.183021
-437.732519,192.200771
-437.754346,192.218472
-437.776304,192.236280
-437.798081,192.253941
-437.819541,192.271344
-438.149441,192.538890
-438.168920,192.554688
-438.188236,192.570353
-438.207350,192.585854
-438.226322,192.601240
-438.245135,192.616497
-438.263734,192.631581
-438.282182,192.646542
-438.300434,192.661344
-438.318501,192.675997
-438.336346,192.690469
-438.354028,192.704809
-438.371535,192.719006
-438.388727,192.732949
-438.405753,192.746757
-438.646223,192.941776
-438.659028,192.952161
-438.671548,192.962315
-438.683780,192.972234
-438.695717,192.981915
-438.707350,192.991350
-438.718695,193.000551
-438.729711,193.009484
-438.740426,193.018174
-438.750833,193.026614
-438.760915,193.034790
-438.770670,193.042702
-438.780100,193.050349
-438.789185,193.057717
-438.797954,193.064828
-438.888985,193.138654
-438.891394,193.140608
-438.893391,193.142227
-438.894973,193.143510
-438.896136,193.144453
-438.896874,193.145051
-438.897186,193.145305
-438.897064,193.145206
-438.897064,193.145206
-438.897064,193.145206
-438.897064,193.145206
-438.897064,193.145206
-438.897064,193.145206
-438.897071,193.145211
-438.897083,193.145222
-438.897102,193.145236
-438.897102,193.145236
-438.897102,193.145236
-438.897102,193.145236
-438.897102,193.145236
-438.897102,193.145236
-438.897102,193.145236
-438.897102,193.145236
-438.897102,193.145236
-438.897102,193.145236
-438.897102,193.145236
-438.897102,193.145236
-438.897102,193.145236
-438.897102,193.145236
-438.897102,193.145236
-438.897102,193.145236
-438.897102,193.145236
-438.897102,193.145236
-438.897102,193.145236
-438.897102,193.145236
-438.897102,193.145236
-438.897102,193.145236
-438.897102,193.145236
-438.897102,193.145236
-438.897102,193.145236
-438.897102,193.145236
-438.897102,193.145236
-438.897102,193.145236
-438.897102,193.145236
-438.897102,193.145236
-438.897102,193.145236
-438.897102,193.145236
-438.897102,193.145236
-438.897102,193.145236
-438.897102,193.145236
-438.897102,193.145236
-438.897102,193.145236
-438.897102,193.145236
-438.897102,193.145236
-438.897102,193.145236
-438.897102,193.145236
-438.897102,193.145236
-438.897102,193.145236
-438.897102,193.145236
-438.897102,193.145236
-438.897102,193.145236
-438.897102,193.145236
-438.897102,193.145236
-438.897102,193.145236
-438.897102,193.145236
-438.897102,193.145236
-438.897102,193.145236
-438.897102,193.145236
-438.897102,193.145236
-438.897102,193.145236
-438.897102,193.145236
-438.897099,193.145234
-438.897117,193.145248
-438.897123,193.145254
-438.897119,193.145250
-438.897119,193.145250
-438.897119,193.145250
-438.897119,193.145250
-438.897119,193.145250
-438.897119,193.145250
-438.897119,193.145250
-438.897119,193.145250
-438.897119,193.145250
-438.897119,193.145250
-438.897119,193.145250
-438.897119,193.145250
-438.897119,193.145250
-438.897119,193.145250
-438.897119,193.145250
-438.897119,193.145250
-438.897119,193.145250
-438.897119,193.145250
-438.897119,193.145250
-438.897119,193.145250
-438.897119,193.145250
-438.897119,193.145250
-438.897119,193.145250
-438.897119,193.145250
-438.897119,193.145250
-438.897119,193.145250
-438.897119,193.145250
-438.897119,193.145250
-438.897119,193.145250
-438.897119,193.145250
-438.897119,193.145250
-438.897119,193.145250
-438.897119,193.145250
-438.897119,193.145250
-438.897119,193.145250
-438.897119,193.145250
-438.897119,193.145250
-438.897119,193.145250
-438.897119,193.145250
-438.897119,193.145250
-438.897119,193.145250
-438.897119,193.145250
-438.897119,193.145250
-438.897119,193.145250
-438.897119,193.145250
-438.897119,193.145250
-438.897119,193.145250
-438.897119,193.145250
-438.897119,193.145250
-438.897119,193.145250
-438.897119,193.145250
-438.897119,193.145250
-438.897119,193.145250
-438.897119,193.145250
-438.897119,193.145250
-438.897119,193.145250
-438.897119,193.145250
-438.897119,193.145250
-438.897119,193.145250
-438.897119,193.145250
-438.897119,193.145250
-438.897119,193.145250
-438.897119,193.145250
-438.897119,193.145250
-438.897119,193.145250
-438.897119,193.145250
-438.897119,193.145250
-438.897119,193.145250
-438.897119,193.145250
-438.897119,193.145250
-438.897119,193.145250
-438.897119,193.145250
-438.897119,193.145250
-438.897119,193.145250
-438.897119,193.145250
-438.897119,193.145250
-438.897119,193.145250
-438.897119,193.145250
-438.897119,193.145250
-438.897119,193.145250
-438.897119,193.145250
-438.897119,193.145250
-438.897119,193.145250
-438.897119,193.145250
-438.897119,193.145250
-438.897119,193.145250
-438.897119,193.145250
-438.897119,193.145250
-438.897119,193.145250
-438.897119,193.145250
-438.897119,193.145250
-438.897119,193.145250
-438.897119,193.145250
-438.897119,193.145250
-438.897119,193.145250
-438.897119,193.145250
-438.897119,193.145250
-438.897119,193.145250
-438.897119,193.145250
-438.897119,193.145250
-438.897119,193.145250
-438.897119,193.145250
-438.897119,193.145250
-438.897119,193.145250
-438.897119,193.145250
-438.897119,193.145250
-438.897119,193.145250
-438.897119,193.145250
-438.897119,193.145250
-438.897119,193.145250
-438.897119,193.145250
-438.897119,193.145250
-438.897119,193.145250
-438.897119,193.145250
-438.897119,193.145250
-438.897119,193.145250
-438.897119,193.145250
-438.897119,193.145250
-438.897119,193.145250
-438.897119,193.145250
-438.897119,193.145250
-438.897119,193.145250
-438.897119,193.145250
-438.897119,193.145250
-438.897119,193.145250
-438.897119,193.145250
-438.897119,193.145250
-438.897119,193.145250
-438.897119,193.145250
-438.897119,193.145250
-438.897119,193.145250
-438.897119,193.145250
-438.897119,193.145250
-438.897119,193.145250
-438.897119,193.145250
-438.897119,193.145250
-438.897119,193.145250
-438.897119,193.145250
-438.897119,193.145250
-438.897119,193.145250
-438.897119,193.145250
-438.897119,193.145250
-438.897119,193.145250
-438.897119,193.145250
-438.897119,193.145250
-438.897119,193.145250
-438.897119,193.145250
-438.897119,193.145250
-438.897119,193.145250
-438.897119,193.145250
-438.897119,193.145250
-438.897119,193.145250
-438.897119,193.145250
-438.897119,193.145250
-438.897119,193.145250
-438.897119,193.145250
-438.897119,193.145250
-438.897119,193.145250
-438.897119,193.145250
-438.897119,193.145250
-438.897119,193.145250
-438.897119,193.145250
-438.897119,193.145250
-438.897119,193.145250
-438.897119,193.145250
-438.897119,193.145250
-438.897119,193.145250
-438.897119,193.145250
-438.897119,193.145250
-438.897119,193.145250
-438.897119,193.145250
-438.897119,193.145250
-438.897119,193.145250
-438.897119,193.145250
-438.897119,193.145250
-438.897119,193.145250
-438.897119,193.145250
-438.897119,193.145250
-438.897119,193.145250
-438.897119,193.145250
-438.897119,193.145250
-438.897119,193.145250
-438.897119,193.145250
-438.897119,193.145250
-438.897119,193.145250
-438.897119,193.145250
-438.897119,193.145250
-438.897119,193.145250
-438.897119,193.145250
-438.897119,193.145250
-438.897119,193.145250
-438.897119,193.145250
-438.897119,193.145250
-438.897119,193.145250
-438.897119,193.145250
-438.897119,193.145250
-438.897119,193.145250
-438.897119,193.145250
-438.897119,193.145250
-438.897119,193.145250
-438.897119,193.145250
-438.897119,193.145250
-438.897119,193.145250
-438.897119,193.145250
-438.897119,193.145250
-438.897119,193.145250
-438.897119,193.145250
-438.897119,193.145250
-438.897119,193.145250
-438.897119,193.145250
-438.897119,193.145250
-438.897119,193.145250
-438.897119,193.145250
-438.897119,193.145250
-438.897119,193.145250
-438.897119,193.145250
-438.897119,193.145250
-438.897119,193.145250
-438.897119,193.145250
-438.897119,193.145250
-438.897119,193.145250
-438.897119,193.145250
-438.897119,193.145250
-438.897119,193.145250
-438.897119,193.145250
-438.897119,193.145250
-438.897119,193.145250
-438.897119,193.145250
-438.897119,193.145250
-438.897119,193.145250
-438.897119,193.145250
-438.897119,193.145250
-438.897119,193.145250
-438.897119,193.145250
-438.897119,193.145250
-438.897119,193.145250
-438.897119,193.145250
-438.897119,193.145250
-438.897119,193.145250
-438.897119,193.145250
-438.897119,193.145250
-438.897119,193.145250
-438.897119,193.145250
-438.897119,193.145250
-438.897119,193.145250
-438.897119,193.145250
-438.897119,193.145250
-438.897119,193.145250
-438.897119,193.145250
-438.897119,193.145250
-438.897119,193.145250
-438.897119,193.145250
-438.897119,193.145250
-438.897119,193.145250
-438.897119,193.145250
-438.897119,193.145250
-438.897119,193.145250
-438.897119,193.145250
-438.897119,193.145250
-438.897119,193.145250
-438.897119,193.145250
-438.897119,193.145250
-438.897119,193.145250
-438.897119,193.145250
-438.897119,193.145250
-438.897119,193.145250
-438.897119,193.145250
-438.897119,193.145250
-438.897119,193.145250
-438.897119,193.145250
-438.897119,193.145250
-438.897119,193.145250
-438.897119,193.145250
-438.897119,193.145250
-438.897119,193.145250
-438.897119,193.145250
-438.897119,193.145250
-438.897119,193.145250
-438.897119,193.145250
-438.897119,193.145250
-438.897119,193.145250
-438.897119,193.145250
-438.897119,193.145250
-438.897119,193.145250
-438.897119,193.145250
-438.897119,193.145250
-438.897119,193.145250
-438.897119,193.145250
-438.897119,193.145250
-438.897119,193.145250
-438.897119,193.145250
-438.897119,193.145250
-438.897119,193.145250
-438.897119,193.145250
-438.897119,193.145250
-438.897119,193.145250
-438.897119,193.145250
-438.897119,193.145250
-438.897119,193.145250
-438.897119,193.145250
-438.897119,193.145250
-438.897119,193.145250
-438.897119,193.145250
-438.897119,193.145250
-438.897119,193.145250
-438.897119,193.145250
-438.897119,193.145250
-438.897119,193.145250
-438.897119,193.145250
-438.897119,193.145250
-438.897119,193.145250
-438.897119,193.145250
-438.897119,193.145250
-438.897119,193.145250
-438.897119,193.145250
-438.897119,193.145250
-438.897119,193.145250
-438.897119,193.145250
-438.897119,193.145250
-438.897119,193.145250
-438.897119,193.145250
-438.897119,193.145250
-438.897119,193.145250
-438.897119,193.145250
-438.897119,193.145250
-438.897119,193.145250
-438.897119,193.145250
-438.897119,193.145250
-438.897119,193.145250
-438.897119,193.145250
-438.897119,193.145250
-438.897119,193.145250
-438.897119,193.145250
-438.897119,193.145250
-438.897119,193.145250
-438.897119,193.145250
-438.897119,193.145250
-438.897119,193.145250
-438.897119,193.145250
-438.897119,193.145250
-438.897119,193.145250
-438.897119,193.145250
-438.897119,193.145250
-438.897119,193.145250
-438.897119,193.145250
-438.897119,193.145250
-438.897119,193.145250
-438.897119,193.145250
-438.897119,193.145250
