[0.000000] (-) TimerEvent: {}
[0.000230] (ad_msgs) JobQueued: {'identifier': 'ad_msgs', 'dependencies': OrderedDict()}
[0.000286] (autonomous_driving) JobQueued: {'identifier': 'autonomous_driving', 'dependencies': OrderedDict([('ad_msgs', '/home/joon/mission_hard/mission_hard/install/ad_msgs')])}
[0.000331] (evaluation) JobQueued: {'identifier': 'evaluation', 'dependencies': OrderedDict([('ad_msgs', '/home/joon/mission_hard/mission_hard/install/ad_msgs')])}
[0.000372] (mission_manager) JobQueued: {'identifier': 'mission_manager', 'dependencies': OrderedDict([('ad_msgs', '/home/joon/mission_hard/mission_hard/install/ad_msgs')])}
[0.000413] (simulator) JobQueued: {'identifier': 'simulator', 'dependencies': OrderedDict([('ad_msgs', '/home/joon/mission_hard/mission_hard/install/ad_msgs')])}
[0.000457] (ad_msgs) JobStarted: {'identifier': 'ad_msgs'}
[0.013100] (ad_msgs) JobProgress: {'identifier': 'ad_msgs', 'progress': 'cmake'}
[0.014579] (ad_msgs) JobProgress: {'identifier': 'ad_msgs', 'progress': 'build'}
[0.015427] (ad_msgs) Command: {'cmd': ['/usr/bin/cmake', '--build', '/home/joon/mission_hard/mission_hard/build/ad_msgs', '--', '-j16', '-l16'], 'cwd': '/home/joon/mission_hard/mission_hard/build/ad_msgs', 'env': OrderedDict([('PYTHON_BASIC_REPL', '1'), ('LESSOPEN', '| /usr/bin/lesspipe %s'), ('USER', 'joon'), ('GIT_ASKPASS', '/home/joon/.vscode-server/bin/bf9252a2fb45be6893dd8870c0bf37e2e1766d61/extensions/git/dist/askpass.sh'), ('SHLVL', '1'), ('LD_LIBRARY_PATH', '/home/joon/mission_hard/mission_hard/install/ad_msgs/lib:/home/joon/automotive_software_final/install/ad_msgs/lib:/usr/lib/x86_64-linux-gnu/gazebo-11/plugins:/opt/ros/humble/opt/rviz_ogre_vendor/lib:/opt/ros/humble/lib/x86_64-linux-gnu:/opt/ros/humble/lib'), ('MOTD_SHOWN', 'update-motd'), ('HOME', '/home/joon'), ('OLDPWD', '/home/joon/mission_hard'), ('TERM_PROGRAM_VERSION', '1.106.3'), ('VSCODE_IPC_HOOK_CLI', '/run/user/1000/vscode-ipc-720ca6f3-2537-4b04-b3dc-21832d244e7e.sock'), ('ROS_PYTHON_VERSION', '3'), ('VSCODE_GIT_ASKPASS_MAIN', '/home/joon/.vscode-server/bin/bf9252a2fb45be6893dd8870c0bf37e2e1766d61/extensions/git/dist/askpass-main.js'), ('VSCODE_GIT_ASKPASS_NODE', '/home/joon/.vscode-server/bin/bf9252a2fb45be6893dd8870c0bf37e2e1766d61/node'), ('PYDEVD_DISABLE_FILE_VALIDATION', '1'), ('BUNDLED_DEBUGPY_PATH', '/home/joon/.vscode-server/extensions/ms-python.debugpy-2025.16.0-linux-x64/bundled/libs/debugpy'), ('VSCODE_PYTHON_AUTOACTIVATE_GUARD', '1'), ('DBUS_SESSION_BUS_ADDRESS', 'unix:path=/run/user/1000/bus'), ('COLORTERM', 'truecolor'), ('WSL_DISTRO_NAME', 'Ubuntu-22.04'), ('WAYLAND_DISPLAY', 'wayland-0'), ('COLCON_PREFIX_PATH', '/home/joon/mission_hard/mission_hard/install:/home/joon/automotive_software_final/install'), ('ROS_DISTRO', 'humble'), ('LOGNAME', 'joon'), ('NAME', 'Joon'), ('WSL_INTEROP', '/run/WSL/523_interop'), ('PULSE_SERVER', 'unix:/mnt/wslg/PulseServer'), ('_', '/usr/bin/colcon'), ('ROS_VERSION', '2'), ('CLAUDE_CODE_SSE_PORT', '20257'), ('TERM', 'xterm-256color'), ('ROS_LOCALHOST_ONLY', '0'), ('PATH', '/opt/ros/humble/bin:/usr/bin:/usr/bin:/home/joon/.vscode-server/data/User/globalStorage/github.copilot-chat/debugCommand:/home/joon/.vscode-server/data/User/globalStorage/github.copilot-chat/copilotCli:/home/joon/.vscode-server/bin/bf9252a2fb45be6893dd8870c0bf37e2e1766d61/bin/remote-cli:/home/joon/.local/bin:/usr/bin:/usr/bin:/usr/local/sbin:/usr/local/bin:/usr/sbin:/usr/bin:/sbin:/bin:/usr/games:/usr/local/games:/usr/lib/wsl/lib:/mnt/c/WINDOWS/system32:/mnt/c/WINDOWS:/mnt/c/WINDOWS/System32/Wbem:/mnt/c/WINDOWS/System32/WindowsPowerShell/v1.0/:/mnt/c/WINDOWS/System32/OpenSSH/:/mnt/c/Program Files/MATLAB/R2024b/bin:/mnt/c/Program Files/nodejs/:/mnt/c/Program Files/Git/cmd:/mnt/c/Users/ksyj0/AppData/Local/Programs/Python/Python312/Scripts/:/mnt/c/Users/ksyj0/AppData/Local/Programs/Python/Python312/:/mnt/c/Users/ksyj0/AppData/Local/Programs/Python/Launcher/:/mnt/c/Users/ksyj0/AppData/Local/Microsoft/WindowsApps:/mnt/c/Users/ksyj0/AppData/Local/Programs/Microsoft VS Code/bin:/mnt/c/Users/ksyj0/AppData/Roaming/npm:/mnt/c/Users/ksyj0/AppData/Local/SOOP:/mnt/c/Users/ksyj0/AppData/Local/Programs/Kiro/bin:/snap/bin:/home/joon/.vscode-server/extensions/ms-python.debugpy-2025.16.0-linux-x64/bundled/scripts/noConfigScripts'), ('XDG_RUNTIME_DIR', '/run/user/1000/'), ('DISPLAY', ':0'), ('VSCODE_DEBUGPY_ADAPTER_ENDPOINTS', '/home/joon/.vscode-server/extensions/ms-python.debugpy-2025.16.0-linux-x64/.noConfigDebugAdapterEndpoints/endpoint-5f6b0efddf9f6982.txt'), ('LANG', 'en_US.UTF-8'), ('PYTHONSTARTUP', '/home/joon/.vscode-server/data/User/workspaceStorage/6032d0949a26c1de4974618490f207f6-1/ms-python.python/pythonrc.py'), ('LS_COLORS', 'rs=0:di=01;34:ln=01;36:mh=00:pi=40;33:so=01;35:do=01;35:bd=40;33;01:cd=40;33;01:or=40;31;01:mi=00:su=37;41:sg=30;43:ca=30;41:tw=30;42:ow=34;42:st=37;44:ex=01;32:*.tar=01;31:*.tgz=01;31:*.arc=01;31:*.arj=01;31:*.taz=01;31:*.lha=01;31:*.lz4=01;31:*.lzh=01;31:*.lzma=01;31:*.tlz=01;31:*.txz=01;31:*.tzo=01;31:*.t7z=01;31:*.zip=01;31:*.z=01;31:*.dz=01;31:*.gz=01;31:*.lrz=01;31:*.lz=01;31:*.lzo=01;31:*.xz=01;31:*.zst=01;31:*.tzst=01;31:*.bz2=01;31:*.bz=01;31:*.tbz=01;31:*.tbz2=01;31:*.tz=01;31:*.deb=01;31:*.rpm=01;31:*.jar=01;31:*.war=01;31:*.ear=01;31:*.sar=01;31:*.rar=01;31:*.alz=01;31:*.ace=01;31:*.zoo=01;31:*.cpio=01;31:*.7z=01;31:*.rz=01;31:*.cab=01;31:*.wim=01;31:*.swm=01;31:*.dwm=01;31:*.esd=01;31:*.jpg=01;35:*.jpeg=01;35:*.mjpg=01;35:*.mjpeg=01;35:*.gif=01;35:*.bmp=01;35:*.pbm=01;35:*.pgm=01;35:*.ppm=01;35:*.tga=01;35:*.xbm=01;35:*.xpm=01;35:*.tif=01;35:*.tiff=01;35:*.png=01;35:*.svg=01;35:*.svgz=01;35:*.mng=01;35:*.pcx=01;35:*.mov=01;35:*.mpg=01;35:*.mpeg=01;35:*.m2v=01;35:*.mkv=01;35:*.webm=01;35:*.webp=01;35:*.ogm=01;35:*.mp4=01;35:*.m4v=01;35:*.mp4v=01;35:*.vob=01;35:*.qt=01;35:*.nuv=01;35:*.wmv=01;35:*.asf=01;35:*.rm=01;35:*.rmvb=01;35:*.flc=01;35:*.avi=01;35:*.fli=01;35:*.flv=01;35:*.gl=01;35:*.dl=01;35:*.xcf=01;35:*.xwd=01;35:*.yuv=01;35:*.cgm=01;35:*.emf=01;35:*.ogv=01;35:*.ogx=01;35:*.aac=00;36:*.au=00;36:*.flac=00;36:*.m4a=00;36:*.mid=00;36:*.midi=00;36:*.mka=00;36:*.mp3=00;36:*.mpc=00;36:*.ogg=00;36:*.ra=00;36:*.wav=00;36:*.oga=00;36:*.opus=00;36:*.spx=00;36:*.xspf=00;36:'), ('VSCODE_GIT_IPC_HANDLE', '/run/user/1000/vscode-git-167d3a068c.sock'), ('TERM_PROGRAM', 'vscode'), ('AMENT_PREFIX_PATH', '/home/joon/mission_hard/mission_hard/install/simulator:/home/joon/mission_hard/mission_hard/install/mission_manager:/home/joon/mission_hard/mission_hard/install/evaluation:/home/joon/mission_hard/mission_hard/install/autonomous_driving:/home/joon/mission_hard/mission_hard/install/ad_msgs:/home/joon/automotive_software_final/install/simulator:/home/joon/automotive_software_final/install/mission_manager:/home/joon/automotive_software_final/install/evaluation:/home/joon/automotive_software_final/install/autonomous_driving:/home/joon/automotive_software_final/install/ad_msgs:/opt/ros/humble'), ('SHELL', '/bin/bash'), ('LESSCLOSE', '/usr/bin/lesspipe %s %s'), ('VSCODE_GIT_ASKPASS_EXTRA_ARGS', ''), ('PWD', '/home/joon/mission_hard/mission_hard/build/ad_msgs'), ('ENABLE_IDE_INTEGRATION', 'true'), ('XDG_DATA_DIRS', '/usr/local/share:/usr/share:/var/lib/snapd/desktop'), ('PYTHONPATH', '/home/joon/mission_hard/mission_hard/install/ad_msgs/local/lib/python3.10/dist-packages:/home/joon/automotive_software_final/install/ad_msgs/local/lib/python3.10/dist-packages:/opt/ros/humble/lib/python3.10/site-packages:/opt/ros/humble/local/lib/python3.10/dist-packages'), ('COLCON', '1'), ('WSL2_GUI_APPS_ENABLED', '1'), ('HOSTTYPE', 'x86_64'), ('CMAKE_PREFIX_PATH', '/home/joon/mission_hard/mission_hard/install/simulator:/home/joon/mission_hard/mission_hard/install/mission_manager:/home/joon/mission_hard/mission_hard/install/evaluation:/home/joon/mission_hard/mission_hard/install/autonomous_driving:/home/joon/mission_hard/mission_hard/install/ad_msgs:/home/joon/automotive_software_final/install/simulator:/home/joon/automotive_software_final/install/mission_manager:/home/joon/automotive_software_final/install/evaluation:/home/joon/automotive_software_final/install/autonomous_driving:/home/joon/automotive_software_final/install/ad_msgs:/opt/ros/humble'), ('WSLENV', 'VSCODE_WSL_EXT_LOCATION/up')]), 'shell': False}
[0.099757] (-) TimerEvent: {}
[0.150759] (ad_msgs) StdoutLine: {'line': b'[  0%] Built target ad_msgs__cpp\n'}
[0.166081] (ad_msgs) StdoutLine: {'line': b'[ 12%] Built target ad_msgs__rosidl_generator_c\n'}
[0.169918] (ad_msgs) StdoutLine: {'line': b'[ 12%] Built target ament_cmake_python_symlink_ad_msgs\n'}
[0.200037] (-) TimerEvent: {}
[0.216258] (ad_msgs) StdoutLine: {'line': b'[ 24%] Built target ad_msgs__rosidl_typesupport_introspection_cpp\n'}
[0.218353] (ad_msgs) StdoutLine: {'line': b'[ 36%] Built target ad_msgs__rosidl_typesupport_cpp\n'}
[0.225507] (ad_msgs) StdoutLine: {'line': b'[ 53%] Built target ad_msgs__rosidl_typesupport_fastrtps_cpp\n'}
[0.228752] (ad_msgs) StdoutLine: {'line': b'[ 58%] Built target ad_msgs__rosidl_typesupport_c\n'}
[0.233974] (ad_msgs) StdoutLine: {'line': b'[ 70%] Built target ad_msgs__rosidl_typesupport_introspection_c\n'}
[0.242940] (ad_msgs) StdoutLine: {'line': b'[ 82%] Built target ad_msgs__rosidl_typesupport_fastrtps_c\n'}
[0.268553] (ad_msgs) StdoutLine: {'line': b'[ 82%] Built target ad_msgs\n'}
[0.295883] (ad_msgs) StdoutLine: {'line': b'[ 83%] Built target ad_msgs__py\n'}
[0.300188] (-) TimerEvent: {}
[0.335311] (ad_msgs) StdoutLine: {'line': b'[ 94%] Built target ad_msgs__rosidl_generator_py\n'}
[0.370986] (ad_msgs) StdoutLine: {'line': b'[ 96%] Built target ad_msgs__rosidl_typesupport_c__pyext\n'}
[0.373519] (ad_msgs) StdoutLine: {'line': b'[ 98%] Built target ad_msgs__rosidl_typesupport_introspection_c__pyext\n'}
[0.374172] (ad_msgs) StdoutLine: {'line': b'[100%] Built target ad_msgs__rosidl_typesupport_fastrtps_c__pyext\n'}
[0.400505] (-) TimerEvent: {}
[0.501074] (-) TimerEvent: {}
[0.532498] (ad_msgs) StdoutLine: {'line': b'running egg_info\n'}
[0.534114] (ad_msgs) StdoutLine: {'line': b'writing ad_msgs.egg-info/PKG-INFO\n'}
[0.534670] (ad_msgs) StdoutLine: {'line': b'writing dependency_links to ad_msgs.egg-info/dependency_links.txt\n'}
[0.536014] (ad_msgs) StdoutLine: {'line': b'writing top-level names to ad_msgs.egg-info/top_level.txt\n'}
[0.541120] (ad_msgs) StdoutLine: {'line': b"reading manifest file 'ad_msgs.egg-info/SOURCES.txt'\n"}
[0.541653] (ad_msgs) StdoutLine: {'line': b"writing manifest file 'ad_msgs.egg-info/SOURCES.txt'\n"}
[0.581799] (ad_msgs) StdoutLine: {'line': b'[100%] Built target ament_cmake_python_build_ad_msgs_egg\n'}
[0.599271] (ad_msgs) CommandEnded: {'returncode': 0}
[0.601668] (ad_msgs) JobProgress: {'identifier': 'ad_msgs', 'progress': 'install'}
[0.601765] (-) TimerEvent: {}
[0.612992] (ad_msgs) Command: {'cmd': ['/usr/bin/cmake', '--install', '/home/joon/mission_hard/mission_hard/build/ad_msgs'], 'cwd': '/home/joon/mission_hard/mission_hard/build/ad_msgs', 'env': OrderedDict([('PYTHON_BASIC_REPL', '1'), ('LESSOPEN', '| /usr/bin/lesspipe %s'), ('USER', 'joon'), ('GIT_ASKPASS', '/home/joon/.vscode-server/bin/bf9252a2fb45be6893dd8870c0bf37e2e1766d61/extensions/git/dist/askpass.sh'), ('SHLVL', '1'), ('LD_LIBRARY_PATH', '/home/joon/mission_hard/mission_hard/install/ad_msgs/lib:/home/joon/automotive_software_final/install/ad_msgs/lib:/usr/lib/x86_64-linux-gnu/gazebo-11/plugins:/opt/ros/humble/opt/rviz_ogre_vendor/lib:/opt/ros/humble/lib/x86_64-linux-gnu:/opt/ros/humble/lib'), ('MOTD_SHOWN', 'update-motd'), ('HOME', '/home/joon'), ('OLDPWD', '/home/joon/mission_hard'), ('TERM_PROGRAM_VERSION', '1.106.3'), ('VSCODE_IPC_HOOK_CLI', '/run/user/1000/vscode-ipc-720ca6f3-2537-4b04-b3dc-21832d244e7e.sock'), ('ROS_PYTHON_VERSION', '3'), ('VSCODE_GIT_ASKPASS_MAIN', '/home/joon/.vscode-server/bin/bf9252a2fb45be6893dd8870c0bf37e2e1766d61/extensions/git/dist/askpass-main.js'), ('VSCODE_GIT_ASKPASS_NODE', '/home/joon/.vscode-server/bin/bf9252a2fb45be6893dd8870c0bf37e2e1766d61/node'), ('PYDEVD_DISABLE_FILE_VALIDATION', '1'), ('BUNDLED_DEBUGPY_PATH', '/home/joon/.vscode-server/extensions/ms-python.debugpy-2025.16.0-linux-x64/bundled/libs/debugpy'), ('VSCODE_PYTHON_AUTOACTIVATE_GUARD', '1'), ('DBUS_SESSION_BUS_ADDRESS', 'unix:path=/run/user/1000/bus'), ('COLORTERM', 'truecolor'), ('WSL_DISTRO_NAME', 'Ubuntu-22.04'), ('WAYLAND_DISPLAY', 'wayland-0'), ('COLCON_PREFIX_PATH', '/home/joon/mission_hard/mission_hard/install:/home/joon/automotive_software_final/install'), ('ROS_DISTRO', 'humble'), ('LOGNAME', 'joon'), ('NAME', 'Joon'), ('WSL_INTEROP', '/run/WSL/523_interop'), ('PULSE_SERVER', 'unix:/mnt/wslg/PulseServer'), ('_', '/usr/bin/colcon'), ('ROS_VERSION', '2'), ('CLAUDE_CODE_SSE_PORT', '20257'), ('TERM', 'xterm-256color'), ('ROS_LOCALHOST_ONLY', '0'), ('PATH', '/opt/ros/humble/bin:/usr/bin:/usr/bin:/home/joon/.vscode-server/data/User/globalStorage/github.copilot-chat/debugCommand:/home/joon/.vscode-server/data/User/globalStorage/github.copilot-chat/copilotCli:/home/joon/.vscode-server/bin/bf9252a2fb45be6893dd8870c0bf37e2e1766d61/bin/remote-cli:/home/joon/.local/bin:/usr/bin:/usr/bin:/usr/local/sbin:/usr/local/bin:/usr/sbin:/usr/bin:/sbin:/bin:/usr/games:/usr/local/games:/usr/lib/wsl/lib:/mnt/c/WINDOWS/system32:/mnt/c/WINDOWS:/mnt/c/WINDOWS/System32/Wbem:/mnt/c/WINDOWS/System32/WindowsPowerShell/v1.0/:/mnt/c/WINDOWS/System32/OpenSSH/:/mnt/c/Program Files/MATLAB/R2024b/bin:/mnt/c/Program Files/nodejs/:/mnt/c/Program Files/Git/cmd:/mnt/c/Users/ksyj0/AppData/Local/Programs/Python/Python312/Scripts/:/mnt/c/Users/ksyj0/AppData/Local/Programs/Python/Python312/:/mnt/c/Users/ksyj0/AppData/Local/Programs/Python/Launcher/:/mnt/c/Users/ksyj0/AppData/Local/Microsoft/WindowsApps:/mnt/c/Users/ksyj0/AppData/Local/Programs/Microsoft VS Code/bin:/mnt/c/Users/ksyj0/AppData/Roaming/npm:/mnt/c/Users/ksyj0/AppData/Local/SOOP:/mnt/c/Users/ksyj0/AppData/Local/Programs/Kiro/bin:/snap/bin:/home/joon/.vscode-server/extensions/ms-python.debugpy-2025.16.0-linux-x64/bundled/scripts/noConfigScripts'), ('XDG_RUNTIME_DIR', '/run/user/1000/'), ('DISPLAY', ':0'), ('VSCODE_DEBUGPY_ADAPTER_ENDPOINTS', '/home/joon/.vscode-server/extensions/ms-python.debugpy-2025.16.0-linux-x64/.noConfigDebugAdapterEndpoints/endpoint-5f6b0efddf9f6982.txt'), ('LANG', 'en_US.UTF-8'), ('PYTHONSTARTUP', '/home/joon/.vscode-server/data/User/workspaceStorage/6032d0949a26c1de4974618490f207f6-1/ms-python.python/pythonrc.py'), ('LS_COLORS', 'rs=0:di=01;34:ln=01;36:mh=00:pi=40;33:so=01;35:do=01;35:bd=40;33;01:cd=40;33;01:or=40;31;01:mi=00:su=37;41:sg=30;43:ca=30;41:tw=30;42:ow=34;42:st=37;44:ex=01;32:*.tar=01;31:*.tgz=01;31:*.arc=01;31:*.arj=01;31:*.taz=01;31:*.lha=01;31:*.lz4=01;31:*.lzh=01;31:*.lzma=01;31:*.tlz=01;31:*.txz=01;31:*.tzo=01;31:*.t7z=01;31:*.zip=01;31:*.z=01;31:*.dz=01;31:*.gz=01;31:*.lrz=01;31:*.lz=01;31:*.lzo=01;31:*.xz=01;31:*.zst=01;31:*.tzst=01;31:*.bz2=01;31:*.bz=01;31:*.tbz=01;31:*.tbz2=01;31:*.tz=01;31:*.deb=01;31:*.rpm=01;31:*.jar=01;31:*.war=01;31:*.ear=01;31:*.sar=01;31:*.rar=01;31:*.alz=01;31:*.ace=01;31:*.zoo=01;31:*.cpio=01;31:*.7z=01;31:*.rz=01;31:*.cab=01;31:*.wim=01;31:*.swm=01;31:*.dwm=01;31:*.esd=01;31:*.jpg=01;35:*.jpeg=01;35:*.mjpg=01;35:*.mjpeg=01;35:*.gif=01;35:*.bmp=01;35:*.pbm=01;35:*.pgm=01;35:*.ppm=01;35:*.tga=01;35:*.xbm=01;35:*.xpm=01;35:*.tif=01;35:*.tiff=01;35:*.png=01;35:*.svg=01;35:*.svgz=01;35:*.mng=01;35:*.pcx=01;35:*.mov=01;35:*.mpg=01;35:*.mpeg=01;35:*.m2v=01;35:*.mkv=01;35:*.webm=01;35:*.webp=01;35:*.ogm=01;35:*.mp4=01;35:*.m4v=01;35:*.mp4v=01;35:*.vob=01;35:*.qt=01;35:*.nuv=01;35:*.wmv=01;35:*.asf=01;35:*.rm=01;35:*.rmvb=01;35:*.flc=01;35:*.avi=01;35:*.fli=01;35:*.flv=01;35:*.gl=01;35:*.dl=01;35:*.xcf=01;35:*.xwd=01;35:*.yuv=01;35:*.cgm=01;35:*.emf=01;35:*.ogv=01;35:*.ogx=01;35:*.aac=00;36:*.au=00;36:*.flac=00;36:*.m4a=00;36:*.mid=00;36:*.midi=00;36:*.mka=00;36:*.mp3=00;36:*.mpc=00;36:*.ogg=00;36:*.ra=00;36:*.wav=00;36:*.oga=00;36:*.opus=00;36:*.spx=00;36:*.xspf=00;36:'), ('VSCODE_GIT_IPC_HANDLE', '/run/user/1000/vscode-git-167d3a068c.sock'), ('TERM_PROGRAM', 'vscode'), ('AMENT_PREFIX_PATH', '/home/joon/mission_hard/mission_hard/install/simulator:/home/joon/mission_hard/mission_hard/install/mission_manager:/home/joon/mission_hard/mission_hard/install/evaluation:/home/joon/mission_hard/mission_hard/install/autonomous_driving:/home/joon/mission_hard/mission_hard/install/ad_msgs:/home/joon/automotive_software_final/install/simulator:/home/joon/automotive_software_final/install/mission_manager:/home/joon/automotive_software_final/install/evaluation:/home/joon/automotive_software_final/install/autonomous_driving:/home/joon/automotive_software_final/install/ad_msgs:/opt/ros/humble'), ('SHELL', '/bin/bash'), ('LESSCLOSE', '/usr/bin/lesspipe %s %s'), ('VSCODE_GIT_ASKPASS_EXTRA_ARGS', ''), ('PWD', '/home/joon/mission_hard/mission_hard/build/ad_msgs'), ('ENABLE_IDE_INTEGRATION', 'true'), ('XDG_DATA_DIRS', '/usr/local/share:/usr/share:/var/lib/snapd/desktop'), ('PYTHONPATH', '/home/joon/mission_hard/mission_hard/install/ad_msgs/local/lib/python3.10/dist-packages:/home/joon/automotive_software_final/install/ad_msgs/local/lib/python3.10/dist-packages:/opt/ros/humble/lib/python3.10/site-packages:/opt/ros/humble/local/lib/python3.10/dist-packages'), ('COLCON', '1'), ('WSL2_GUI_APPS_ENABLED', '1'), ('HOSTTYPE', 'x86_64'), ('CMAKE_PREFIX_PATH', '/home/joon/mission_hard/mission_hard/install/simulator:/home/joon/mission_hard/mission_hard/install/mission_manager:/home/joon/mission_hard/mission_hard/install/evaluation:/home/joon/mission_hard/mission_hard/install/autonomous_driving:/home/joon/mission_hard/mission_hard/install/ad_msgs:/home/joon/automotive_software_final/install/simulator:/home/joon/automotive_software_final/install/mission_manager:/home/joon/automotive_software_final/install/evaluation:/home/joon/automotive_software_final/install/autonomous_driving:/home/joon/automotive_software_final/install/ad_msgs:/opt/ros/humble'), ('WSLENV', 'VSCODE_WSL_EXT_LOCATION/up')]), 'shell': False}
[0.626888] (ad_msgs) StdoutLine: {'line': b'-- Install configuration: ""\n'}
[0.628240] (ad_msgs) StdoutLine: {'line': b'-- Execute custom install script\n'}
[0.628928] (ad_msgs) StdoutLine: {'line': b'-- Up-to-date symlink: /home/joon/mission_hard/mission_hard/install/ad_msgs/share/ament_index/resource_index/rosidl_interfaces/ad_msgs\n'}
[0.629871] (ad_msgs) StdoutLine: {'line': b'-- Up-to-date symlink: /home/joon/mission_hard/mission_hard/install/ad_msgs/include/ad_msgs/ad_msgs/msg/detail/lane_point_data__functions.h\n'}
[0.630156] (ad_msgs) StdoutLine: {'line': b'-- Up-to-date symlink: /home/joon/mission_hard/mission_hard/install/ad_msgs/include/ad_msgs/ad_msgs/msg/detail/lane_point_data__struct.h\n'}
[0.630387] (ad_msgs) StdoutLine: {'line': b'-- Up-to-date symlink: /home/joon/mission_hard/mission_hard/install/ad_msgs/include/ad_msgs/ad_msgs/msg/detail/lane_point_data__type_support.h\n'}
[0.630662] (ad_msgs) StdoutLine: {'line': b'-- Up-to-date symlink: /home/joon/mission_hard/mission_hard/install/ad_msgs/include/ad_msgs/ad_msgs/msg/detail/lane_point_data_array__functions.h\n'}
[0.630936] (ad_msgs) StdoutLine: {'line': b'-- Up-to-date symlink: /home/joon/mission_hard/mission_hard/install/ad_msgs/include/ad_msgs/ad_msgs/msg/detail/lane_point_data_array__struct.h\n'}
[0.631236] (ad_msgs) StdoutLine: {'line': b'-- Up-to-date symlink: /home/joon/mission_hard/mission_hard/install/ad_msgs/include/ad_msgs/ad_msgs/msg/detail/lane_point_data_array__type_support.h\n'}
[0.631382] (ad_msgs) StdoutLine: {'line': b'-- Up-to-date symlink: /home/joon/mission_hard/mission_hard/install/ad_msgs/include/ad_msgs/ad_msgs/msg/detail/mission__functions.h\n'}
[0.631640] (ad_msgs) StdoutLine: {'line': b'-- Up-to-date symlink: /home/joon/mission_hard/mission_hard/install/ad_msgs/include/ad_msgs/ad_msgs/msg/detail/mission__struct.h\n'}
[0.631755] (ad_msgs) StdoutLine: {'line': b'-- Up-to-date symlink: /home/joon/mission_hard/mission_hard/install/ad_msgs/include/ad_msgs/ad_msgs/msg/detail/mission__type_support.h\n'}
[0.632112] (ad_msgs) StdoutLine: {'line': b'-- Up-to-date symlink: /home/joon/mission_hard/mission_hard/install/ad_msgs/include/ad_msgs/ad_msgs/msg/detail/mission_display__functions.h\n'}
[0.632251] (ad_msgs) StdoutLine: {'line': b'-- Up-to-date symlink: /home/joon/mission_hard/mission_hard/install/ad_msgs/include/ad_msgs/ad_msgs/msg/detail/mission_display__struct.h\n'}
[0.632467] (ad_msgs) StdoutLine: {'line': b'-- Up-to-date symlink: /home/joon/mission_hard/mission_hard/install/ad_msgs/include/ad_msgs/ad_msgs/msg/detail/mission_display__type_support.h\n'}
[0.632761] (ad_msgs) StdoutLine: {'line': b'-- Up-to-date symlink: /home/joon/mission_hard/mission_hard/install/ad_msgs/include/ad_msgs/ad_msgs/msg/detail/mission_object__functions.h\n'}
[0.632913] (ad_msgs) StdoutLine: {'line': b'-- Up-to-date symlink: /home/joon/mission_hard/mission_hard/install/ad_msgs/include/ad_msgs/ad_msgs/msg/detail/mission_object__struct.h\n'}
[0.633237] (ad_msgs) StdoutLine: {'line': b'-- Up-to-date symlink: /home/joon/mission_hard/mission_hard/install/ad_msgs/include/ad_msgs/ad_msgs/msg/detail/mission_object__type_support.h\n'}
[0.633673] (ad_msgs) StdoutLine: {'line': b'-- Up-to-date symlink: /home/joon/mission_hard/mission_hard/install/ad_msgs/include/ad_msgs/ad_msgs/msg/detail/mission_region__functions.h\n'}
[0.634212] (ad_msgs) StdoutLine: {'line': b'-- Up-to-date symlink: /home/joon/mission_hard/mission_hard/install/ad_msgs/include/ad_msgs/ad_msgs/msg/detail/mission_region__struct.h\n'}
[0.634957] (ad_msgs) StdoutLine: {'line': b'-- Up-to-date symlink: /home/joon/mission_hard/mission_hard/install/ad_msgs/include/ad_msgs/ad_msgs/msg/detail/mission_region__type_support.h\n'}
[0.635223] (ad_msgs) StdoutLine: {'line': b'-- Up-to-date symlink: /home/joon/mission_hard/mission_hard/install/ad_msgs/include/ad_msgs/ad_msgs/msg/detail/polyfit_lane_data__functions.h\n'}
[0.635479] (ad_msgs) StdoutLine: {'line': b'-- Up-to-date symlink: /home/joon/mission_hard/mission_hard/install/ad_msgs/include/ad_msgs/ad_msgs/msg/detail/polyfit_lane_data__struct.h\n'}
[0.635610] (ad_msgs) StdoutLine: {'line': b'-- Up-to-date symlink: /home/joon/mission_hard/mission_hard/install/ad_msgs/include/ad_msgs/ad_msgs/msg/detail/polyfit_lane_data__type_support.h\n'}
[0.635777] (ad_msgs) StdoutLine: {'line': b'-- Up-to-date symlink: /home/joon/mission_hard/mission_hard/install/ad_msgs/include/ad_msgs/ad_msgs/msg/detail/polyfit_lane_data_array__functions.h\n'}
[0.636150] (ad_msgs) StdoutLine: {'line': b'-- Up-to-date symlink: /home/joon/mission_hard/mission_hard/install/ad_msgs/include/ad_msgs/ad_msgs/msg/detail/polyfit_lane_data_array__struct.h\n'}
[0.637672] (ad_msgs) StdoutLine: {'line': b'-- Up-to-date symlink: /home/joon/mission_hard/mission_hard/install/ad_msgs/include/ad_msgs/ad_msgs/msg/detail/polyfit_lane_data_array__type_support.h\n'}
[0.638274] (ad_msgs) StdoutLine: {'line': b'-- Up-to-date symlink: /home/joon/mission_hard/mission_hard/install/ad_msgs/include/ad_msgs/ad_msgs/msg/detail/vehicle_command__functions.h\n'}
[0.639349] (ad_msgs) StdoutLine: {'line': b'-- Up-to-date symlink: /home/joon/mission_hard/mission_hard/install/ad_msgs/include/ad_msgs/ad_msgs/msg/detail/vehicle_command__struct.h\n'}
[0.639924] (ad_msgs) StdoutLine: {'line': b'-- Up-to-date symlink: /home/joon/mission_hard/mission_hard/install/ad_msgs/include/ad_msgs/ad_msgs/msg/detail/vehicle_command__type_support.h\n'}
[0.640539] (ad_msgs) StdoutLine: {'line': b'-- Up-to-date symlink: /home/joon/mission_hard/mission_hard/install/ad_msgs/include/ad_msgs/ad_msgs/msg/detail/vehicle_state__functions.h\n'}
[0.640955] (ad_msgs) StdoutLine: {'line': b'-- Up-to-date symlink: /home/joon/mission_hard/mission_hard/install/ad_msgs/include/ad_msgs/ad_msgs/msg/detail/vehicle_state__struct.h\n'}
[0.641289] (ad_msgs) StdoutLine: {'line': b'-- Up-to-date symlink: /home/joon/mission_hard/mission_hard/install/ad_msgs/include/ad_msgs/ad_msgs/msg/detail/vehicle_state__type_support.h\n'}
[0.642934] (ad_msgs) StdoutLine: {'line': b'-- Up-to-date symlink: /home/joon/mission_hard/mission_hard/install/ad_msgs/include/ad_msgs/ad_msgs/msg/lane_point_data.h\n'}
[0.643685] (ad_msgs) StdoutLine: {'line': b'-- Up-to-date symlink: /home/joon/mission_hard/mission_hard/install/ad_msgs/include/ad_msgs/ad_msgs/msg/lane_point_data_array.h\n'}
[0.644146] (ad_msgs) StdoutLine: {'line': b'-- Up-to-date symlink: /home/joon/mission_hard/mission_hard/install/ad_msgs/include/ad_msgs/ad_msgs/msg/mission.h\n'}
[0.644246] (ad_msgs) StdoutLine: {'line': b'-- Up-to-date symlink: /home/joon/mission_hard/mission_hard/install/ad_msgs/include/ad_msgs/ad_msgs/msg/mission_display.h\n'}
[0.644515] (ad_msgs) StdoutLine: {'line': b'-- Up-to-date symlink: /home/joon/mission_hard/mission_hard/install/ad_msgs/include/ad_msgs/ad_msgs/msg/mission_object.h\n'}
[0.644693] (ad_msgs) StdoutLine: {'line': b'-- Up-to-date symlink: /home/joon/mission_hard/mission_hard/install/ad_msgs/include/ad_msgs/ad_msgs/msg/mission_region.h\n'}
[0.644771] (ad_msgs) StdoutLine: {'line': b'-- Up-to-date symlink: /home/joon/mission_hard/mission_hard/install/ad_msgs/include/ad_msgs/ad_msgs/msg/polyfit_lane_data.h\n'}
[0.644921] (ad_msgs) StdoutLine: {'line': b'-- Up-to-date symlink: /home/joon/mission_hard/mission_hard/install/ad_msgs/include/ad_msgs/ad_msgs/msg/polyfit_lane_data_array.h\n'}
[0.645088] (ad_msgs) StdoutLine: {'line': b'-- Up-to-date symlink: /home/joon/mission_hard/mission_hard/install/ad_msgs/include/ad_msgs/ad_msgs/msg/rosidl_generator_c__visibility_control.h\n'}
[0.645283] (ad_msgs) StdoutLine: {'line': b'-- Up-to-date symlink: /home/joon/mission_hard/mission_hard/install/ad_msgs/include/ad_msgs/ad_msgs/msg/vehicle_command.h\n'}
[0.645462] (ad_msgs) StdoutLine: {'line': b'-- Up-to-date symlink: /home/joon/mission_hard/mission_hard/install/ad_msgs/include/ad_msgs/ad_msgs/msg/vehicle_state.h\n'}
[0.645766] (ad_msgs) StdoutLine: {'line': b'-- Up-to-date symlink: /home/joon/mission_hard/mission_hard/install/ad_msgs/share/ad_msgs/environment/library_path.sh\n'}
[0.646066] (ad_msgs) StdoutLine: {'line': b'-- Up-to-date symlink: /home/joon/mission_hard/mission_hard/install/ad_msgs/share/ad_msgs/environment/library_path.dsv\n'}
[0.646461] (ad_msgs) StdoutLine: {'line': b'-- Up-to-date symlink: /home/joon/mission_hard/mission_hard/install/ad_msgs/include/ad_msgs/ad_msgs/msg/detail/lane_point_data__rosidl_typesupport_fastrtps_c.h\n'}
[0.646708] (ad_msgs) StdoutLine: {'line': b'-- Up-to-date symlink: /home/joon/mission_hard/mission_hard/install/ad_msgs/include/ad_msgs/ad_msgs/msg/detail/lane_point_data_array__rosidl_typesupport_fastrtps_c.h\n'}
[0.646988] (ad_msgs) StdoutLine: {'line': b'-- Up-to-date symlink: /home/joon/mission_hard/mission_hard/install/ad_msgs/include/ad_msgs/ad_msgs/msg/detail/mission__rosidl_typesupport_fastrtps_c.h\n'}
[0.647218] (ad_msgs) StdoutLine: {'line': b'-- Up-to-date symlink: /home/joon/mission_hard/mission_hard/install/ad_msgs/include/ad_msgs/ad_msgs/msg/detail/mission_display__rosidl_typesupport_fastrtps_c.h\n'}
[0.647474] (ad_msgs) StdoutLine: {'line': b'-- Up-to-date symlink: /home/joon/mission_hard/mission_hard/install/ad_msgs/include/ad_msgs/ad_msgs/msg/detail/mission_object__rosidl_typesupport_fastrtps_c.h\n'}
[0.647687] (ad_msgs) StdoutLine: {'line': b'-- Up-to-date symlink: /home/joon/mission_hard/mission_hard/install/ad_msgs/include/ad_msgs/ad_msgs/msg/detail/mission_region__rosidl_typesupport_fastrtps_c.h\n'}
[0.647839] (ad_msgs) StdoutLine: {'line': b'-- Up-to-date symlink: /home/joon/mission_hard/mission_hard/install/ad_msgs/include/ad_msgs/ad_msgs/msg/detail/polyfit_lane_data__rosidl_typesupport_fastrtps_c.h\n'}
[0.648050] (ad_msgs) StdoutLine: {'line': b'-- Up-to-date symlink: /home/joon/mission_hard/mission_hard/install/ad_msgs/include/ad_msgs/ad_msgs/msg/detail/polyfit_lane_data_array__rosidl_typesupport_fastrtps_c.h\n'}
[0.648292] (ad_msgs) StdoutLine: {'line': b'-- Up-to-date symlink: /home/joon/mission_hard/mission_hard/install/ad_msgs/include/ad_msgs/ad_msgs/msg/detail/vehicle_command__rosidl_typesupport_fastrtps_c.h\n'}
[0.648470] (ad_msgs) StdoutLine: {'line': b'-- Up-to-date symlink: /home/joon/mission_hard/mission_hard/install/ad_msgs/include/ad_msgs/ad_msgs/msg/detail/vehicle_state__rosidl_typesupport_fastrtps_c.h\n'}
[0.648760] (ad_msgs) StdoutLine: {'line': b'-- Up-to-date symlink: /home/joon/mission_hard/mission_hard/install/ad_msgs/include/ad_msgs/ad_msgs/msg/rosidl_typesupport_fastrtps_c__visibility_control.h\n'}
[0.649450] (ad_msgs) StdoutLine: {'line': b'-- Up-to-date symlink: /home/joon/mission_hard/mission_hard/install/ad_msgs/include/ad_msgs/ad_msgs/msg/detail/lane_point_data__rosidl_typesupport_introspection_c.h\n'}
[0.649758] (ad_msgs) StdoutLine: {'line': b'-- Up-to-date symlink: /home/joon/mission_hard/mission_hard/install/ad_msgs/include/ad_msgs/ad_msgs/msg/detail/lane_point_data_array__rosidl_typesupport_introspection_c.h\n'}
[0.650029] (ad_msgs) StdoutLine: {'line': b'-- Up-to-date symlink: /home/joon/mission_hard/mission_hard/install/ad_msgs/include/ad_msgs/ad_msgs/msg/detail/mission__rosidl_typesupport_introspection_c.h\n'}
[0.650243] (ad_msgs) StdoutLine: {'line': b'-- Up-to-date symlink: /home/joon/mission_hard/mission_hard/install/ad_msgs/include/ad_msgs/ad_msgs/msg/detail/mission_display__rosidl_typesupport_introspection_c.h\n'}
[0.650543] (ad_msgs) StdoutLine: {'line': b'-- Up-to-date symlink: /home/joon/mission_hard/mission_hard/install/ad_msgs/include/ad_msgs/ad_msgs/msg/detail/mission_object__rosidl_typesupport_introspection_c.h\n'}
[0.650792] (ad_msgs) StdoutLine: {'line': b'-- Up-to-date symlink: /home/joon/mission_hard/mission_hard/install/ad_msgs/include/ad_msgs/ad_msgs/msg/detail/mission_region__rosidl_typesupport_introspection_c.h\n'}
[0.651035] (ad_msgs) StdoutLine: {'line': b'-- Up-to-date symlink: /home/joon/mission_hard/mission_hard/install/ad_msgs/include/ad_msgs/ad_msgs/msg/detail/polyfit_lane_data__rosidl_typesupport_introspection_c.h\n'}
[0.651293] (ad_msgs) StdoutLine: {'line': b'-- Up-to-date symlink: /home/joon/mission_hard/mission_hard/install/ad_msgs/include/ad_msgs/ad_msgs/msg/detail/polyfit_lane_data_array__rosidl_typesupport_introspection_c.h\n'}
[0.651642] (ad_msgs) StdoutLine: {'line': b'-- Up-to-date symlink: /home/joon/mission_hard/mission_hard/install/ad_msgs/include/ad_msgs/ad_msgs/msg/detail/vehicle_command__rosidl_typesupport_introspection_c.h\n'}
[0.651886] (ad_msgs) StdoutLine: {'line': b'-- Up-to-date symlink: /home/joon/mission_hard/mission_hard/install/ad_msgs/include/ad_msgs/ad_msgs/msg/detail/vehicle_state__rosidl_typesupport_introspection_c.h\n'}
[0.651958] (ad_msgs) StdoutLine: {'line': b'-- Up-to-date symlink: /home/joon/mission_hard/mission_hard/install/ad_msgs/include/ad_msgs/ad_msgs/msg/rosidl_typesupport_introspection_c__visibility_control.h\n'}
[0.652922] (ad_msgs) StdoutLine: {'line': b'-- Up-to-date symlink: /home/joon/mission_hard/mission_hard/install/ad_msgs/include/ad_msgs/ad_msgs/msg/detail/lane_point_data__builder.hpp\n'}
[0.653141] (ad_msgs) StdoutLine: {'line': b'-- Up-to-date symlink: /home/joon/mission_hard/mission_hard/install/ad_msgs/include/ad_msgs/ad_msgs/msg/detail/lane_point_data__struct.hpp\n'}
[0.653276] (ad_msgs) StdoutLine: {'line': b'-- Up-to-date symlink: /home/joon/mission_hard/mission_hard/install/ad_msgs/include/ad_msgs/ad_msgs/msg/detail/lane_point_data__traits.hpp\n'}
[0.653446] (ad_msgs) StdoutLine: {'line': b'-- Up-to-date symlink: /home/joon/mission_hard/mission_hard/install/ad_msgs/include/ad_msgs/ad_msgs/msg/detail/lane_point_data__type_support.hpp\n'}
[0.653634] (ad_msgs) StdoutLine: {'line': b'-- Up-to-date symlink: /home/joon/mission_hard/mission_hard/install/ad_msgs/include/ad_msgs/ad_msgs/msg/detail/lane_point_data_array__builder.hpp\n'}
[0.653911] (ad_msgs) StdoutLine: {'line': b'-- Up-to-date symlink: /home/joon/mission_hard/mission_hard/install/ad_msgs/include/ad_msgs/ad_msgs/msg/detail/lane_point_data_array__struct.hpp\n'}
[0.654318] (ad_msgs) StdoutLine: {'line': b'-- Up-to-date symlink: /home/joon/mission_hard/mission_hard/install/ad_msgs/include/ad_msgs/ad_msgs/msg/detail/lane_point_data_array__traits.hpp\n'}
[0.654608] (ad_msgs) StdoutLine: {'line': b'-- Up-to-date symlink: /home/joon/mission_hard/mission_hard/install/ad_msgs/include/ad_msgs/ad_msgs/msg/detail/lane_point_data_array__type_support.hpp\n'}
[0.654791] (ad_msgs) StdoutLine: {'line': b'-- Up-to-date symlink: /home/joon/mission_hard/mission_hard/install/ad_msgs/include/ad_msgs/ad_msgs/msg/detail/mission__builder.hpp\n'}
[0.655885] (ad_msgs) StdoutLine: {'line': b'-- Up-to-date symlink: /home/joon/mission_hard/mission_hard/install/ad_msgs/include/ad_msgs/ad_msgs/msg/detail/mission__struct.hpp\n'}
[0.657511] (ad_msgs) StdoutLine: {'line': b'-- Up-to-date symlink: /home/joon/mission_hard/mission_hard/install/ad_msgs/include/ad_msgs/ad_msgs/msg/detail/mission__traits.hpp\n'}
[0.658325] (ad_msgs) StdoutLine: {'line': b'-- Up-to-date symlink: /home/joon/mission_hard/mission_hard/install/ad_msgs/include/ad_msgs/ad_msgs/msg/detail/mission__type_support.hpp\n'}
[0.658726] (ad_msgs) StdoutLine: {'line': b'-- Up-to-date symlink: /home/joon/mission_hard/mission_hard/install/ad_msgs/include/ad_msgs/ad_msgs/msg/detail/mission_display__builder.hpp\n'}
[0.659369] (ad_msgs) StdoutLine: {'line': b'-- Up-to-date symlink: /home/joon/mission_hard/mission_hard/install/ad_msgs/include/ad_msgs/ad_msgs/msg/detail/mission_display__struct.hpp\n'}
[0.659653] (ad_msgs) StdoutLine: {'line': b'-- Up-to-date symlink: /home/joon/mission_hard/mission_hard/install/ad_msgs/include/ad_msgs/ad_msgs/msg/detail/mission_display__traits.hpp\n'}
[0.659914] (ad_msgs) StdoutLine: {'line': b'-- Up-to-date symlink: /home/joon/mission_hard/mission_hard/install/ad_msgs/include/ad_msgs/ad_msgs/msg/detail/mission_display__type_support.hpp\n'}
[0.660271] (ad_msgs) StdoutLine: {'line': b'-- Up-to-date symlink: /home/joon/mission_hard/mission_hard/install/ad_msgs/include/ad_msgs/ad_msgs/msg/detail/mission_object__builder.hpp\n'}
[0.660393] (ad_msgs) StdoutLine: {'line': b'-- Up-to-date symlink: /home/joon/mission_hard/mission_hard/install/ad_msgs/include/ad_msgs/ad_msgs/msg/detail/mission_object__struct.hpp\n'}
[0.660557] (ad_msgs) StdoutLine: {'line': b'-- Up-to-date symlink: /home/joon/mission_hard/mission_hard/install/ad_msgs/include/ad_msgs/ad_msgs/msg/detail/mission_object__traits.hpp\n'}
[0.660788] (ad_msgs) StdoutLine: {'line': b'-- Up-to-date symlink: /home/joon/mission_hard/mission_hard/install/ad_msgs/include/ad_msgs/ad_msgs/msg/detail/mission_object__type_support.hpp\n'}
[0.660988] (ad_msgs) StdoutLine: {'line': b'-- Up-to-date symlink: /home/joon/mission_hard/mission_hard/install/ad_msgs/include/ad_msgs/ad_msgs/msg/detail/mission_region__builder.hpp\n'}
[0.661158] (ad_msgs) StdoutLine: {'line': b'-- Up-to-date symlink: /home/joon/mission_hard/mission_hard/install/ad_msgs/include/ad_msgs/ad_msgs/msg/detail/mission_region__struct.hpp\n'}
[0.661301] (ad_msgs) StdoutLine: {'line': b'-- Up-to-date symlink: /home/joon/mission_hard/mission_hard/install/ad_msgs/include/ad_msgs/ad_msgs/msg/detail/mission_region__traits.hpp\n'}
[0.661493] (ad_msgs) StdoutLine: {'line': b'-- Up-to-date symlink: /home/joon/mission_hard/mission_hard/install/ad_msgs/include/ad_msgs/ad_msgs/msg/detail/mission_region__type_support.hpp\n'}
[0.661704] (ad_msgs) StdoutLine: {'line': b'-- Up-to-date symlink: /home/joon/mission_hard/mission_hard/install/ad_msgs/include/ad_msgs/ad_msgs/msg/detail/polyfit_lane_data__builder.hpp\n'}
[0.661897] (ad_msgs) StdoutLine: {'line': b'-- Up-to-date symlink: /home/joon/mission_hard/mission_hard/install/ad_msgs/include/ad_msgs/ad_msgs/msg/detail/polyfit_lane_data__struct.hpp\n'}
[0.662084] (ad_msgs) StdoutLine: {'line': b'-- Up-to-date symlink: /home/joon/mission_hard/mission_hard/install/ad_msgs/include/ad_msgs/ad_msgs/msg/detail/polyfit_lane_data__traits.hpp\n'}
[0.662262] (ad_msgs) StdoutLine: {'line': b'-- Up-to-date symlink: /home/joon/mission_hard/mission_hard/install/ad_msgs/include/ad_msgs/ad_msgs/msg/detail/polyfit_lane_data__type_support.hpp\n'}
[0.662512] (ad_msgs) StdoutLine: {'line': b'-- Up-to-date symlink: /home/joon/mission_hard/mission_hard/install/ad_msgs/include/ad_msgs/ad_msgs/msg/detail/polyfit_lane_data_array__builder.hpp\n'}
[0.662758] (ad_msgs) StdoutLine: {'line': b'-- Up-to-date symlink: /home/joon/mission_hard/mission_hard/install/ad_msgs/include/ad_msgs/ad_msgs/msg/detail/polyfit_lane_data_array__struct.hpp\n'}
[0.662894] (ad_msgs) StdoutLine: {'line': b'-- Up-to-date symlink: /home/joon/mission_hard/mission_hard/install/ad_msgs/include/ad_msgs/ad_msgs/msg/detail/polyfit_lane_data_array__traits.hpp\n'}
[0.663158] (ad_msgs) StdoutLine: {'line': b'-- Up-to-date symlink: /home/joon/mission_hard/mission_hard/install/ad_msgs/include/ad_msgs/ad_msgs/msg/detail/polyfit_lane_data_array__type_support.hpp\n'}
[0.663242] (ad_msgs) StdoutLine: {'line': b'-- Up-to-date symlink: /home/joon/mission_hard/mission_hard/install/ad_msgs/include/ad_msgs/ad_msgs/msg/detail/vehicle_command__builder.hpp\n'}
[0.663289] (ad_msgs) StdoutLine: {'line': b'-- Up-to-date symlink: /home/joon/mission_hard/mission_hard/install/ad_msgs/include/ad_msgs/ad_msgs/msg/detail/vehicle_command__struct.hpp\n'}
[0.663580] (ad_msgs) StdoutLine: {'line': b'-- Up-to-date symlink: /home/joon/mission_hard/mission_hard/install/ad_msgs/include/ad_msgs/ad_msgs/msg/detail/vehicle_command__traits.hpp\n'}
[0.663697] (ad_msgs) StdoutLine: {'line': b'-- Up-to-date symlink: /home/joon/mission_hard/mission_hard/install/ad_msgs/include/ad_msgs/ad_msgs/msg/detail/vehicle_command__type_support.hpp\n'}
[0.663947] (ad_msgs) StdoutLine: {'line': b'-- Up-to-date symlink: /home/joon/mission_hard/mission_hard/install/ad_msgs/include/ad_msgs/ad_msgs/msg/detail/vehicle_state__builder.hpp\n'}
[0.664080] (ad_msgs) StdoutLine: {'line': b'-- Up-to-date symlink: /home/joon/mission_hard/mission_hard/install/ad_msgs/include/ad_msgs/ad_msgs/msg/detail/vehicle_state__struct.hpp\n'}
[0.664329] (ad_msgs) StdoutLine: {'line': b'-- Up-to-date symlink: /home/joon/mission_hard/mission_hard/install/ad_msgs/include/ad_msgs/ad_msgs/msg/detail/vehicle_state__traits.hpp\n'}
[0.664597] (ad_msgs) StdoutLine: {'line': b'-- Up-to-date symlink: /home/joon/mission_hard/mission_hard/install/ad_msgs/include/ad_msgs/ad_msgs/msg/detail/vehicle_state__type_support.hpp\n'}
[0.664891] (ad_msgs) StdoutLine: {'line': b'-- Up-to-date symlink: /home/joon/mission_hard/mission_hard/install/ad_msgs/include/ad_msgs/ad_msgs/msg/lane_point_data.hpp\n'}
[0.665018] (ad_msgs) StdoutLine: {'line': b'-- Up-to-date symlink: /home/joon/mission_hard/mission_hard/install/ad_msgs/include/ad_msgs/ad_msgs/msg/lane_point_data_array.hpp\n'}
[0.665211] (ad_msgs) StdoutLine: {'line': b'-- Up-to-date symlink: /home/joon/mission_hard/mission_hard/install/ad_msgs/include/ad_msgs/ad_msgs/msg/mission.hpp\n'}
[0.665430] (ad_msgs) StdoutLine: {'line': b'-- Up-to-date symlink: /home/joon/mission_hard/mission_hard/install/ad_msgs/include/ad_msgs/ad_msgs/msg/mission_display.hpp\n'}
[0.665640] (ad_msgs) StdoutLine: {'line': b'-- Up-to-date symlink: /home/joon/mission_hard/mission_hard/install/ad_msgs/include/ad_msgs/ad_msgs/msg/mission_object.hpp\n'}
[0.666224] (ad_msgs) StdoutLine: {'line': b'-- Up-to-date symlink: /home/joon/mission_hard/mission_hard/install/ad_msgs/include/ad_msgs/ad_msgs/msg/mission_region.hpp\n'}
[0.666506] (ad_msgs) StdoutLine: {'line': b'-- Up-to-date symlink: /home/joon/mission_hard/mission_hard/install/ad_msgs/include/ad_msgs/ad_msgs/msg/polyfit_lane_data.hpp\n'}
[0.666848] (ad_msgs) StdoutLine: {'line': b'-- Up-to-date symlink: /home/joon/mission_hard/mission_hard/install/ad_msgs/include/ad_msgs/ad_msgs/msg/polyfit_lane_data_array.hpp\n'}
[0.667091] (ad_msgs) StdoutLine: {'line': b'-- Up-to-date symlink: /home/joon/mission_hard/mission_hard/install/ad_msgs/include/ad_msgs/ad_msgs/msg/rosidl_generator_cpp__visibility_control.hpp\n'}
[0.667302] (ad_msgs) StdoutLine: {'line': b'-- Up-to-date symlink: /home/joon/mission_hard/mission_hard/install/ad_msgs/include/ad_msgs/ad_msgs/msg/vehicle_command.hpp\n'}
[0.667553] (ad_msgs) StdoutLine: {'line': b'-- Up-to-date symlink: /home/joon/mission_hard/mission_hard/install/ad_msgs/include/ad_msgs/ad_msgs/msg/vehicle_state.hpp\n'}
[0.668705] (ad_msgs) StdoutLine: {'line': b'-- Up-to-date symlink: /home/joon/mission_hard/mission_hard/install/ad_msgs/include/ad_msgs/ad_msgs/msg/detail/lane_point_data__rosidl_typesupport_fastrtps_cpp.hpp\n'}
[0.669091] (ad_msgs) StdoutLine: {'line': b'-- Up-to-date symlink: /home/joon/mission_hard/mission_hard/install/ad_msgs/include/ad_msgs/ad_msgs/msg/detail/lane_point_data_array__rosidl_typesupport_fastrtps_cpp.hpp\n'}
[0.669224] (ad_msgs) StdoutLine: {'line': b'-- Up-to-date symlink: /home/joon/mission_hard/mission_hard/install/ad_msgs/include/ad_msgs/ad_msgs/msg/detail/mission__rosidl_typesupport_fastrtps_cpp.hpp\n'}
[0.669555] (ad_msgs) StdoutLine: {'line': b'-- Up-to-date symlink: /home/joon/mission_hard/mission_hard/install/ad_msgs/include/ad_msgs/ad_msgs/msg/detail/mission_display__rosidl_typesupport_fastrtps_cpp.hpp\n'}
[0.669824] (ad_msgs) StdoutLine: {'line': b'-- Up-to-date symlink: /home/joon/mission_hard/mission_hard/install/ad_msgs/include/ad_msgs/ad_msgs/msg/detail/mission_object__rosidl_typesupport_fastrtps_cpp.hpp\n'}
[0.670182] (ad_msgs) StdoutLine: {'line': b'-- Up-to-date symlink: /home/joon/mission_hard/mission_hard/install/ad_msgs/include/ad_msgs/ad_msgs/msg/detail/mission_region__rosidl_typesupport_fastrtps_cpp.hpp\n'}
[0.670271] (ad_msgs) StdoutLine: {'line': b'-- Up-to-date symlink: /home/joon/mission_hard/mission_hard/install/ad_msgs/include/ad_msgs/ad_msgs/msg/detail/polyfit_lane_data__rosidl_typesupport_fastrtps_cpp.hpp\n'}
[0.670447] (ad_msgs) StdoutLine: {'line': b'-- Up-to-date symlink: /home/joon/mission_hard/mission_hard/install/ad_msgs/include/ad_msgs/ad_msgs/msg/detail/polyfit_lane_data_array__rosidl_typesupport_fastrtps_cpp.hpp\n'}
[0.670497] (ad_msgs) StdoutLine: {'line': b'-- Up-to-date symlink: /home/joon/mission_hard/mission_hard/install/ad_msgs/include/ad_msgs/ad_msgs/msg/detail/vehicle_command__rosidl_typesupport_fastrtps_cpp.hpp\n'}
[0.670536] (ad_msgs) StdoutLine: {'line': b'-- Up-to-date symlink: /home/joon/mission_hard/mission_hard/install/ad_msgs/include/ad_msgs/ad_msgs/msg/detail/vehicle_state__rosidl_typesupport_fastrtps_cpp.hpp\n'}
[0.670579] (ad_msgs) StdoutLine: {'line': b'-- Up-to-date symlink: /home/joon/mission_hard/mission_hard/install/ad_msgs/include/ad_msgs/ad_msgs/msg/rosidl_typesupport_fastrtps_cpp__visibility_control.h\n'}
[0.671074] (ad_msgs) StdoutLine: {'line': b'-- Up-to-date symlink: /home/joon/mission_hard/mission_hard/install/ad_msgs/include/ad_msgs/ad_msgs/msg/detail/lane_point_data__rosidl_typesupport_introspection_cpp.hpp\n'}
[0.671242] (ad_msgs) StdoutLine: {'line': b'-- Up-to-date symlink: /home/joon/mission_hard/mission_hard/install/ad_msgs/include/ad_msgs/ad_msgs/msg/detail/lane_point_data_array__rosidl_typesupport_introspection_cpp.hpp\n'}
[0.671442] (ad_msgs) StdoutLine: {'line': b'-- Up-to-date symlink: /home/joon/mission_hard/mission_hard/install/ad_msgs/include/ad_msgs/ad_msgs/msg/detail/mission__rosidl_typesupport_introspection_cpp.hpp\n'}
[0.671488] (ad_msgs) StdoutLine: {'line': b'-- Up-to-date symlink: /home/joon/mission_hard/mission_hard/install/ad_msgs/include/ad_msgs/ad_msgs/msg/detail/mission_display__rosidl_typesupport_introspection_cpp.hpp\n'}
[0.671683] (ad_msgs) StdoutLine: {'line': b'-- Up-to-date symlink: /home/joon/mission_hard/mission_hard/install/ad_msgs/include/ad_msgs/ad_msgs/msg/detail/mission_object__rosidl_typesupport_introspection_cpp.hpp\n'}
[0.673057] (ad_msgs) StdoutLine: {'line': b'-- Up-to-date symlink: /home/joon/mission_hard/mission_hard/install/ad_msgs/include/ad_msgs/ad_msgs/msg/detail/mission_region__rosidl_typesupport_introspection_cpp.hpp\n'}
[0.673699] (ad_msgs) StdoutLine: {'line': b'-- Up-to-date symlink: /home/joon/mission_hard/mission_hard/install/ad_msgs/include/ad_msgs/ad_msgs/msg/detail/polyfit_lane_data__rosidl_typesupport_introspection_cpp.hpp\n'}
[0.674274] (ad_msgs) StdoutLine: {'line': b'-- Up-to-date symlink: /home/joon/mission_hard/mission_hard/install/ad_msgs/include/ad_msgs/ad_msgs/msg/detail/polyfit_lane_data_array__rosidl_typesupport_introspection_cpp.hpp\n'}
[0.674801] (ad_msgs) StdoutLine: {'line': b'-- Up-to-date symlink: /home/joon/mission_hard/mission_hard/install/ad_msgs/include/ad_msgs/ad_msgs/msg/detail/vehicle_command__rosidl_typesupport_introspection_cpp.hpp\n'}
[0.675079] (ad_msgs) StdoutLine: {'line': b'-- Up-to-date symlink: /home/joon/mission_hard/mission_hard/install/ad_msgs/include/ad_msgs/ad_msgs/msg/detail/vehicle_state__rosidl_typesupport_introspection_cpp.hpp\n'}
[0.675300] (ad_msgs) StdoutLine: {'line': b'-- Up-to-date symlink: /home/joon/mission_hard/mission_hard/install/ad_msgs/share/ad_msgs/environment/pythonpath.sh\n'}
[0.675488] (ad_msgs) StdoutLine: {'line': b'-- Up-to-date symlink: /home/joon/mission_hard/mission_hard/install/ad_msgs/share/ad_msgs/environment/pythonpath.dsv\n'}
[0.675821] (ad_msgs) StdoutLine: {'line': b'-- Up-to-date symlink: /home/joon/mission_hard/mission_hard/install/ad_msgs/local/lib/python3.10/dist-packages/ad_msgs-0.0.0-py3.10.egg-info/PKG-INFO\n'}
[0.676102] (ad_msgs) StdoutLine: {'line': b'-- Up-to-date symlink: /home/joon/mission_hard/mission_hard/install/ad_msgs/local/lib/python3.10/dist-packages/ad_msgs-0.0.0-py3.10.egg-info/SOURCES.txt\n'}
[0.676215] (ad_msgs) StdoutLine: {'line': b'-- Up-to-date symlink: /home/joon/mission_hard/mission_hard/install/ad_msgs/local/lib/python3.10/dist-packages/ad_msgs-0.0.0-py3.10.egg-info/dependency_links.txt\n'}
[0.676376] (ad_msgs) StdoutLine: {'line': b'-- Up-to-date symlink: /home/joon/mission_hard/mission_hard/install/ad_msgs/local/lib/python3.10/dist-packages/ad_msgs-0.0.0-py3.10.egg-info/top_level.txt\n'}
[0.677068] (ad_msgs) StdoutLine: {'line': b'-- Up-to-date symlink: /home/joon/mission_hard/mission_hard/install/ad_msgs/local/lib/python3.10/dist-packages/ad_msgs/__init__.py\n'}
[0.677230] (ad_msgs) StdoutLine: {'line': b'-- Up-to-date symlink: /home/joon/mission_hard/mission_hard/install/ad_msgs/local/lib/python3.10/dist-packages/ad_msgs/_ad_msgs_s.ep.rosidl_typesupport_c.c\n'}
[0.677388] (ad_msgs) StdoutLine: {'line': b'-- Up-to-date symlink: /home/joon/mission_hard/mission_hard/install/ad_msgs/local/lib/python3.10/dist-packages/ad_msgs/_ad_msgs_s.ep.rosidl_typesupport_fastrtps_c.c\n'}
[0.677567] (ad_msgs) StdoutLine: {'line': b'-- Up-to-date symlink: /home/joon/mission_hard/mission_hard/install/ad_msgs/local/lib/python3.10/dist-packages/ad_msgs/_ad_msgs_s.ep.rosidl_typesupport_introspection_c.c\n'}
[0.677819] (ad_msgs) StdoutLine: {'line': b'-- Up-to-date symlink: /home/joon/mission_hard/mission_hard/install/ad_msgs/local/lib/python3.10/dist-packages/ad_msgs/ad_msgs_s__rosidl_typesupport_c.cpython-310-x86_64-linux-gnu.so\n'}
[0.678032] (ad_msgs) StdoutLine: {'line': b'-- Up-to-date symlink: /home/joon/mission_hard/mission_hard/install/ad_msgs/local/lib/python3.10/dist-packages/ad_msgs/ad_msgs_s__rosidl_typesupport_fastrtps_c.cpython-310-x86_64-linux-gnu.so\n'}
[0.678214] (ad_msgs) StdoutLine: {'line': b'-- Up-to-date symlink: /home/joon/mission_hard/mission_hard/install/ad_msgs/local/lib/python3.10/dist-packages/ad_msgs/ad_msgs_s__rosidl_typesupport_introspection_c.cpython-310-x86_64-linux-gnu.so\n'}
[0.678394] (ad_msgs) StdoutLine: {'line': b'-- Up-to-date symlink: /home/joon/mission_hard/mission_hard/install/ad_msgs/local/lib/python3.10/dist-packages/ad_msgs/libad_msgs__rosidl_generator_py.so\n'}
[0.678636] (ad_msgs) StdoutLine: {'line': b'-- Up-to-date symlink: /home/joon/mission_hard/mission_hard/install/ad_msgs/local/lib/python3.10/dist-packages/ad_msgs/msg/__init__.py\n'}
[0.679021] (ad_msgs) StdoutLine: {'line': b'-- Up-to-date symlink: /home/joon/mission_hard/mission_hard/install/ad_msgs/local/lib/python3.10/dist-packages/ad_msgs/msg/_lane_point_data.py\n'}
[0.679202] (ad_msgs) StdoutLine: {'line': b'-- Up-to-date symlink: /home/joon/mission_hard/mission_hard/install/ad_msgs/local/lib/python3.10/dist-packages/ad_msgs/msg/_lane_point_data_array.py\n'}
[0.679461] (ad_msgs) StdoutLine: {'line': b'-- Up-to-date symlink: /home/joon/mission_hard/mission_hard/install/ad_msgs/local/lib/python3.10/dist-packages/ad_msgs/msg/_lane_point_data_array_s.c\n'}
[0.679782] (ad_msgs) StdoutLine: {'line': b'-- Up-to-date symlink: /home/joon/mission_hard/mission_hard/install/ad_msgs/local/lib/python3.10/dist-packages/ad_msgs/msg/_lane_point_data_s.c\n'}
[0.680134] (ad_msgs) StdoutLine: {'line': b'-- Up-to-date symlink: /home/joon/mission_hard/mission_hard/install/ad_msgs/local/lib/python3.10/dist-packages/ad_msgs/msg/_mission.py\n'}
[0.680290] (ad_msgs) StdoutLine: {'line': b'-- Up-to-date symlink: /home/joon/mission_hard/mission_hard/install/ad_msgs/local/lib/python3.10/dist-packages/ad_msgs/msg/_mission_display.py\n'}
[0.680544] (ad_msgs) StdoutLine: {'line': b'-- Up-to-date symlink: /home/joon/mission_hard/mission_hard/install/ad_msgs/local/lib/python3.10/dist-packages/ad_msgs/msg/_mission_display_s.c\n'}
[0.680705] (ad_msgs) StdoutLine: {'line': b'-- Up-to-date symlink: /home/joon/mission_hard/mission_hard/install/ad_msgs/local/lib/python3.10/dist-packages/ad_msgs/msg/_mission_object.py\n'}
[0.680836] (ad_msgs) StdoutLine: {'line': b'-- Up-to-date symlink: /home/joon/mission_hard/mission_hard/install/ad_msgs/local/lib/python3.10/dist-packages/ad_msgs/msg/_mission_object_s.c\n'}
[0.681330] (ad_msgs) StdoutLine: {'line': b'-- Up-to-date symlink: /home/joon/mission_hard/mission_hard/install/ad_msgs/local/lib/python3.10/dist-packages/ad_msgs/msg/_mission_region.py\n'}
[0.681722] (ad_msgs) StdoutLine: {'line': b'-- Up-to-date symlink: /home/joon/mission_hard/mission_hard/install/ad_msgs/local/lib/python3.10/dist-packages/ad_msgs/msg/_mission_region_s.c\n'}
[0.681924] (ad_msgs) StdoutLine: {'line': b'-- Up-to-date symlink: /home/joon/mission_hard/mission_hard/install/ad_msgs/local/lib/python3.10/dist-packages/ad_msgs/msg/_mission_s.c\n'}
[0.682078] (ad_msgs) StdoutLine: {'line': b'-- Up-to-date symlink: /home/joon/mission_hard/mission_hard/install/ad_msgs/local/lib/python3.10/dist-packages/ad_msgs/msg/_polyfit_lane_data.py\n'}
[0.682298] (ad_msgs) StdoutLine: {'line': b'-- Up-to-date symlink: /home/joon/mission_hard/mission_hard/install/ad_msgs/local/lib/python3.10/dist-packages/ad_msgs/msg/_polyfit_lane_data_array.py\n'}
[0.682678] (ad_msgs) StdoutLine: {'line': b'-- Up-to-date symlink: /home/joon/mission_hard/mission_hard/install/ad_msgs/local/lib/python3.10/dist-packages/ad_msgs/msg/_polyfit_lane_data_array_s.c\n'}
[0.683082] (ad_msgs) StdoutLine: {'line': b'-- Up-to-date symlink: /home/joon/mission_hard/mission_hard/install/ad_msgs/local/lib/python3.10/dist-packages/ad_msgs/msg/_polyfit_lane_data_s.c\n'}
[0.683352] (ad_msgs) StdoutLine: {'line': b'-- Up-to-date symlink: /home/joon/mission_hard/mission_hard/install/ad_msgs/local/lib/python3.10/dist-packages/ad_msgs/msg/_vehicle_command.py\n'}
[0.683579] (ad_msgs) StdoutLine: {'line': b'-- Up-to-date symlink: /home/joon/mission_hard/mission_hard/install/ad_msgs/local/lib/python3.10/dist-packages/ad_msgs/msg/_vehicle_command_s.c\n'}
[0.683931] (ad_msgs) StdoutLine: {'line': b'-- Up-to-date symlink: /home/joon/mission_hard/mission_hard/install/ad_msgs/local/lib/python3.10/dist-packages/ad_msgs/msg/_vehicle_state.py\n'}
[0.684131] (ad_msgs) StdoutLine: {'line': b'-- Up-to-date symlink: /home/joon/mission_hard/mission_hard/install/ad_msgs/local/lib/python3.10/dist-packages/ad_msgs/msg/_vehicle_state_s.c\n'}
[0.684457] (ad_msgs) StdoutLine: {'line': b'-- Up-to-date symlink: /home/joon/mission_hard/mission_hard/install/ad_msgs/local/lib/python3.10/dist-packages/ad_msgs/ad_msgs_s__rosidl_typesupport_fastrtps_c.cpython-310-x86_64-linux-gnu.so\n'}
[0.684726] (ad_msgs) StdoutLine: {'line': b'-- Up-to-date symlink: /home/joon/mission_hard/mission_hard/install/ad_msgs/local/lib/python3.10/dist-packages/ad_msgs/ad_msgs_s__rosidl_typesupport_introspection_c.cpython-310-x86_64-linux-gnu.so\n'}
[0.684994] (ad_msgs) StdoutLine: {'line': b'-- Up-to-date symlink: /home/joon/mission_hard/mission_hard/install/ad_msgs/local/lib/python3.10/dist-packages/ad_msgs/ad_msgs_s__rosidl_typesupport_c.cpython-310-x86_64-linux-gnu.so\n'}
[0.685220] (ad_msgs) StdoutLine: {'line': b'-- Up-to-date symlink: /home/joon/mission_hard/mission_hard/install/ad_msgs/share/ad_msgs/msg/VehicleState.idl\n'}
[0.685531] (ad_msgs) StdoutLine: {'line': b'-- Up-to-date symlink: /home/joon/mission_hard/mission_hard/install/ad_msgs/share/ad_msgs/msg/VehicleCommand.idl\n'}
[0.685766] (ad_msgs) StdoutLine: {'line': b'-- Up-to-date symlink: /home/joon/mission_hard/mission_hard/install/ad_msgs/share/ad_msgs/msg/Mission.idl\n'}
[0.686072] (ad_msgs) StdoutLine: {'line': b'-- Up-to-date symlink: /home/joon/mission_hard/mission_hard/install/ad_msgs/share/ad_msgs/msg/MissionObject.idl\n'}
[0.686224] (ad_msgs) StdoutLine: {'line': b'-- Up-to-date symlink: /home/joon/mission_hard/mission_hard/install/ad_msgs/share/ad_msgs/msg/MissionRegion.idl\n'}
[0.686379] (ad_msgs) StdoutLine: {'line': b'-- Up-to-date symlink: /home/joon/mission_hard/mission_hard/install/ad_msgs/share/ad_msgs/msg/MissionDisplay.idl\n'}
[0.686555] (ad_msgs) StdoutLine: {'line': b'-- Up-to-date symlink: /home/joon/mission_hard/mission_hard/install/ad_msgs/share/ad_msgs/msg/PolyfitLaneData.idl\n'}
[0.686794] (ad_msgs) StdoutLine: {'line': b'-- Up-to-date symlink: /home/joon/mission_hard/mission_hard/install/ad_msgs/share/ad_msgs/msg/LanePointData.idl\n'}
[0.686912] (ad_msgs) StdoutLine: {'line': b'-- Up-to-date symlink: /home/joon/mission_hard/mission_hard/install/ad_msgs/share/ad_msgs/msg/LanePointDataArray.idl\n'}
[0.687067] (ad_msgs) StdoutLine: {'line': b'-- Up-to-date symlink: /home/joon/mission_hard/mission_hard/install/ad_msgs/share/ad_msgs/msg/PolyfitLaneDataArray.idl\n'}
[0.687207] (ad_msgs) StdoutLine: {'line': b'-- Up-to-date symlink: /home/joon/mission_hard/mission_hard/install/ad_msgs/share/ad_msgs/msg/VehicleState.msg\n'}
[0.687407] (ad_msgs) StdoutLine: {'line': b'-- Up-to-date symlink: /home/joon/mission_hard/mission_hard/install/ad_msgs/share/ad_msgs/msg/VehicleCommand.msg\n'}
[0.687571] (ad_msgs) StdoutLine: {'line': b'-- Up-to-date symlink: /home/joon/mission_hard/mission_hard/install/ad_msgs/share/ad_msgs/msg/Mission.msg\n'}
[0.687755] (ad_msgs) StdoutLine: {'line': b'-- Up-to-date symlink: /home/joon/mission_hard/mission_hard/install/ad_msgs/share/ad_msgs/msg/MissionObject.msg\n'}
[0.687994] (ad_msgs) StdoutLine: {'line': b'-- Up-to-date symlink: /home/joon/mission_hard/mission_hard/install/ad_msgs/share/ad_msgs/msg/MissionRegion.msg\n'}
[0.688342] (ad_msgs) StdoutLine: {'line': b'-- Up-to-date symlink: /home/joon/mission_hard/mission_hard/install/ad_msgs/share/ad_msgs/msg/MissionDisplay.msg\n'}
[0.689923] (ad_msgs) StdoutLine: {'line': b'-- Up-to-date symlink: /home/joon/mission_hard/mission_hard/install/ad_msgs/share/ad_msgs/msg/PolyfitLaneData.msg\n'}
[0.690307] (ad_msgs) StdoutLine: {'line': b'-- Up-to-date symlink: /home/joon/mission_hard/mission_hard/install/ad_msgs/share/ad_msgs/msg/LanePointData.msg\n'}
[0.690762] (ad_msgs) StdoutLine: {'line': b'-- Up-to-date symlink: /home/joon/mission_hard/mission_hard/install/ad_msgs/share/ad_msgs/msg/LanePointDataArray.msg\n'}
[0.691208] (ad_msgs) StdoutLine: {'line': b'-- Up-to-date symlink: /home/joon/mission_hard/mission_hard/install/ad_msgs/share/ad_msgs/msg/PolyfitLaneDataArray.msg\n'}
[0.691567] (ad_msgs) StdoutLine: {'line': b'-- Up-to-date symlink: /home/joon/mission_hard/mission_hard/install/ad_msgs/share/ament_index/resource_index/package_run_dependencies/ad_msgs\n'}
[0.691660] (ad_msgs) StdoutLine: {'line': b'-- Up-to-date symlink: /home/joon/mission_hard/mission_hard/install/ad_msgs/share/ament_index/resource_index/parent_prefix_path/ad_msgs\n'}
[0.691779] (ad_msgs) StdoutLine: {'line': b'-- Up-to-date symlink: /home/joon/mission_hard/mission_hard/install/ad_msgs/share/ad_msgs/environment/ament_prefix_path.sh\n'}
[0.692055] (ad_msgs) StdoutLine: {'line': b'-- Up-to-date symlink: /home/joon/mission_hard/mission_hard/install/ad_msgs/share/ad_msgs/environment/ament_prefix_path.dsv\n'}
[0.692286] (ad_msgs) StdoutLine: {'line': b'-- Up-to-date symlink: /home/joon/mission_hard/mission_hard/install/ad_msgs/share/ad_msgs/environment/path.sh\n'}
[0.692487] (ad_msgs) StdoutLine: {'line': b'-- Up-to-date symlink: /home/joon/mission_hard/mission_hard/install/ad_msgs/share/ad_msgs/environment/path.dsv\n'}
[0.692817] (ad_msgs) StdoutLine: {'line': b'-- Up-to-date symlink: /home/joon/mission_hard/mission_hard/install/ad_msgs/share/ad_msgs/local_setup.bash\n'}
[0.693003] (ad_msgs) StdoutLine: {'line': b'-- Up-to-date symlink: /home/joon/mission_hard/mission_hard/install/ad_msgs/share/ad_msgs/local_setup.sh\n'}
[0.693064] (ad_msgs) StdoutLine: {'line': b'-- Up-to-date symlink: /home/joon/mission_hard/mission_hard/install/ad_msgs/share/ad_msgs/local_setup.zsh\n'}
[0.693276] (ad_msgs) StdoutLine: {'line': b'-- Up-to-date symlink: /home/joon/mission_hard/mission_hard/install/ad_msgs/share/ad_msgs/local_setup.dsv\n'}
[0.693434] (ad_msgs) StdoutLine: {'line': b'-- Symlinking: /home/joon/mission_hard/mission_hard/install/ad_msgs/share/ad_msgs/package.dsv\n'}
[0.702012] (-) TimerEvent: {}
[0.708737] (ad_msgs) StdoutLine: {'line': b'-- Up-to-date symlink: /home/joon/mission_hard/mission_hard/install/ad_msgs/share/ament_index/resource_index/packages/ad_msgs\n'}
[0.709178] (ad_msgs) StdoutLine: {'line': b'-- Up-to-date symlink: /home/joon/mission_hard/mission_hard/install/ad_msgs/share/ad_msgs/cmake/rosidl_cmake-extras.cmake\n'}
[0.709566] (ad_msgs) StdoutLine: {'line': b'-- Up-to-date symlink: /home/joon/mission_hard/mission_hard/install/ad_msgs/share/ad_msgs/cmake/ament_cmake_export_dependencies-extras.cmake\n'}
[0.709922] (ad_msgs) StdoutLine: {'line': b'-- Up-to-date symlink: /home/joon/mission_hard/mission_hard/install/ad_msgs/share/ad_msgs/cmake/ament_cmake_export_include_directories-extras.cmake\n'}
[0.710046] (ad_msgs) StdoutLine: {'line': b'-- Up-to-date symlink: /home/joon/mission_hard/mission_hard/install/ad_msgs/share/ad_msgs/cmake/ament_cmake_export_libraries-extras.cmake\n'}
[0.710457] (ad_msgs) StdoutLine: {'line': b'-- Up-to-date symlink: /home/joon/mission_hard/mission_hard/install/ad_msgs/share/ad_msgs/cmake/ament_cmake_export_targets-extras.cmake\n'}
[0.710968] (ad_msgs) StdoutLine: {'line': b'-- Up-to-date symlink: /home/joon/mission_hard/mission_hard/install/ad_msgs/share/ad_msgs/cmake/rosidl_cmake_export_typesupport_targets-extras.cmake\n'}
[0.712468] (ad_msgs) StdoutLine: {'line': b'-- Up-to-date symlink: /home/joon/mission_hard/mission_hard/install/ad_msgs/share/ad_msgs/cmake/rosidl_cmake_export_typesupport_libraries-extras.cmake\n'}
[0.714080] (ad_msgs) StdoutLine: {'line': b'-- Up-to-date symlink: /home/joon/mission_hard/mission_hard/install/ad_msgs/share/ad_msgs/cmake/ad_msgsConfig.cmake\n'}
[0.714314] (ad_msgs) StdoutLine: {'line': b'-- Up-to-date symlink: /home/joon/mission_hard/mission_hard/install/ad_msgs/share/ad_msgs/cmake/ad_msgsConfig-version.cmake\n'}
[0.715240] (ad_msgs) StdoutLine: {'line': b'-- Up-to-date symlink: /home/joon/mission_hard/mission_hard/install/ad_msgs/share/ad_msgs/package.xml\n'}
[0.716353] (ad_msgs) StdoutLine: {'line': b'-- Up-to-date: /home/joon/mission_hard/mission_hard/install/ad_msgs/lib/libad_msgs__rosidl_generator_c.so\n'}
[0.716902] (ad_msgs) StdoutLine: {'line': b'-- Up-to-date: /home/joon/mission_hard/mission_hard/install/ad_msgs/lib/libad_msgs__rosidl_typesupport_fastrtps_c.so\n'}
[0.717220] (ad_msgs) StdoutLine: {'line': b'-- Up-to-date: /home/joon/mission_hard/mission_hard/install/ad_msgs/lib/libad_msgs__rosidl_typesupport_introspection_c.so\n'}
[0.717601] (ad_msgs) StdoutLine: {'line': b'-- Up-to-date: /home/joon/mission_hard/mission_hard/install/ad_msgs/lib/libad_msgs__rosidl_typesupport_c.so\n'}
[0.717883] (ad_msgs) StdoutLine: {'line': b'-- Up-to-date: /home/joon/mission_hard/mission_hard/install/ad_msgs/lib/libad_msgs__rosidl_typesupport_fastrtps_cpp.so\n'}
[0.718287] (ad_msgs) StdoutLine: {'line': b'-- Up-to-date: /home/joon/mission_hard/mission_hard/install/ad_msgs/lib/libad_msgs__rosidl_typesupport_introspection_cpp.so\n'}
[0.718788] (ad_msgs) StdoutLine: {'line': b'-- Up-to-date: /home/joon/mission_hard/mission_hard/install/ad_msgs/lib/libad_msgs__rosidl_typesupport_cpp.so\n'}
[0.766407] (ad_msgs) StdoutLine: {'line': b"Listing '/home/joon/mission_hard/mission_hard/install/ad_msgs/local/lib/python3.10/dist-packages/ad_msgs'...\n"}
[0.766717] (ad_msgs) StdoutLine: {'line': b"Listing '/home/joon/mission_hard/mission_hard/install/ad_msgs/local/lib/python3.10/dist-packages/ad_msgs/msg'...\n"}
[0.772418] (ad_msgs) StdoutLine: {'line': b'-- Up-to-date: /home/joon/mission_hard/mission_hard/install/ad_msgs/lib/libad_msgs__rosidl_generator_py.so\n'}
[0.772985] (ad_msgs) StdoutLine: {'line': b'-- Up-to-date: /home/joon/mission_hard/mission_hard/install/ad_msgs/share/ad_msgs/cmake/export_ad_msgs__rosidl_generator_cExport.cmake\n'}
[0.773414] (ad_msgs) StdoutLine: {'line': b'-- Up-to-date: /home/joon/mission_hard/mission_hard/install/ad_msgs/share/ad_msgs/cmake/export_ad_msgs__rosidl_generator_cExport-noconfig.cmake\n'}
[0.773872] (ad_msgs) StdoutLine: {'line': b'-- Up-to-date: /home/joon/mission_hard/mission_hard/install/ad_msgs/share/ad_msgs/cmake/export_ad_msgs__rosidl_typesupport_fastrtps_cExport.cmake\n'}
[0.774117] (ad_msgs) StdoutLine: {'line': b'-- Up-to-date: /home/joon/mission_hard/mission_hard/install/ad_msgs/share/ad_msgs/cmake/export_ad_msgs__rosidl_typesupport_fastrtps_cExport-noconfig.cmake\n'}
[0.774462] (ad_msgs) StdoutLine: {'line': b'-- Up-to-date: /home/joon/mission_hard/mission_hard/install/ad_msgs/share/ad_msgs/cmake/ad_msgs__rosidl_typesupport_introspection_cExport.cmake\n'}
[0.774670] (ad_msgs) StdoutLine: {'line': b'-- Up-to-date: /home/joon/mission_hard/mission_hard/install/ad_msgs/share/ad_msgs/cmake/ad_msgs__rosidl_typesupport_introspection_cExport-noconfig.cmake\n'}
[0.774951] (ad_msgs) StdoutLine: {'line': b'-- Up-to-date: /home/joon/mission_hard/mission_hard/install/ad_msgs/share/ad_msgs/cmake/ad_msgs__rosidl_typesupport_cExport.cmake\n'}
[0.775186] (ad_msgs) StdoutLine: {'line': b'-- Up-to-date: /home/joon/mission_hard/mission_hard/install/ad_msgs/share/ad_msgs/cmake/ad_msgs__rosidl_typesupport_cExport-noconfig.cmake\n'}
[0.775363] (ad_msgs) StdoutLine: {'line': b'-- Up-to-date: /home/joon/mission_hard/mission_hard/install/ad_msgs/share/ad_msgs/cmake/export_ad_msgs__rosidl_generator_cppExport.cmake\n'}
[0.775693] (ad_msgs) StdoutLine: {'line': b'-- Up-to-date: /home/joon/mission_hard/mission_hard/install/ad_msgs/share/ad_msgs/cmake/export_ad_msgs__rosidl_typesupport_fastrtps_cppExport.cmake\n'}
[0.775829] (ad_msgs) StdoutLine: {'line': b'-- Up-to-date: /home/joon/mission_hard/mission_hard/install/ad_msgs/share/ad_msgs/cmake/export_ad_msgs__rosidl_typesupport_fastrtps_cppExport-noconfig.cmake\n'}
[0.776142] (ad_msgs) StdoutLine: {'line': b'-- Up-to-date: /home/joon/mission_hard/mission_hard/install/ad_msgs/share/ad_msgs/cmake/ad_msgs__rosidl_typesupport_introspection_cppExport.cmake\n'}
[0.776290] (ad_msgs) StdoutLine: {'line': b'-- Up-to-date: /home/joon/mission_hard/mission_hard/install/ad_msgs/share/ad_msgs/cmake/ad_msgs__rosidl_typesupport_introspection_cppExport-noconfig.cmake\n'}
[0.776336] (ad_msgs) StdoutLine: {'line': b'-- Up-to-date: /home/joon/mission_hard/mission_hard/install/ad_msgs/share/ad_msgs/cmake/ad_msgs__rosidl_typesupport_cppExport.cmake\n'}
[0.776375] (ad_msgs) StdoutLine: {'line': b'-- Up-to-date: /home/joon/mission_hard/mission_hard/install/ad_msgs/share/ad_msgs/cmake/ad_msgs__rosidl_typesupport_cppExport-noconfig.cmake\n'}
[0.776411] (ad_msgs) StdoutLine: {'line': b'-- Up-to-date: /home/joon/mission_hard/mission_hard/install/ad_msgs/share/ad_msgs/cmake/export_ad_msgs__rosidl_generator_pyExport.cmake\n'}
[0.776445] (ad_msgs) StdoutLine: {'line': b'-- Up-to-date: /home/joon/mission_hard/mission_hard/install/ad_msgs/share/ad_msgs/cmake/export_ad_msgs__rosidl_generator_pyExport-noconfig.cmake\n'}
[0.779381] (ad_msgs) CommandEnded: {'returncode': 0}
[0.802272] (-) TimerEvent: {}
[0.812412] (ad_msgs) JobEnded: {'identifier': 'ad_msgs', 'rc': 0}
[0.814589] (autonomous_driving) JobStarted: {'identifier': 'autonomous_driving'}
[0.820328] (evaluation) JobStarted: {'identifier': 'evaluation'}
[0.832592] (mission_manager) JobStarted: {'identifier': 'mission_manager'}
[0.843131] (simulator) JobStarted: {'identifier': 'simulator'}
[0.894278] (evaluation) JobProgress: {'identifier': 'evaluation', 'progress': 'cmake'}
[0.895793] (evaluation) JobProgress: {'identifier': 'evaluation', 'progress': 'build'}
[0.897533] (evaluation) Command: {'cmd': ['/usr/bin/cmake', '--build', '/home/joon/mission_hard/mission_hard/build/evaluation', '--', '-j16', '-l16'], 'cwd': '/home/joon/mission_hard/mission_hard/build/evaluation', 'env': OrderedDict([('PYTHON_BASIC_REPL', '1'), ('LESSOPEN', '| /usr/bin/lesspipe %s'), ('USER', 'joon'), ('GIT_ASKPASS', '/home/joon/.vscode-server/bin/bf9252a2fb45be6893dd8870c0bf37e2e1766d61/extensions/git/dist/askpass.sh'), ('SHLVL', '1'), ('LD_LIBRARY_PATH', '/home/joon/mission_hard/mission_hard/install/ad_msgs/lib:/home/joon/automotive_software_final/install/ad_msgs/lib:/usr/lib/x86_64-linux-gnu/gazebo-11/plugins:/opt/ros/humble/opt/rviz_ogre_vendor/lib:/opt/ros/humble/lib/x86_64-linux-gnu:/opt/ros/humble/lib'), ('MOTD_SHOWN', 'update-motd'), ('HOME', '/home/joon'), ('OLDPWD', '/home/joon/mission_hard'), ('TERM_PROGRAM_VERSION', '1.106.3'), ('VSCODE_IPC_HOOK_CLI', '/run/user/1000/vscode-ipc-720ca6f3-2537-4b04-b3dc-21832d244e7e.sock'), ('ROS_PYTHON_VERSION', '3'), ('VSCODE_GIT_ASKPASS_MAIN', '/home/joon/.vscode-server/bin/bf9252a2fb45be6893dd8870c0bf37e2e1766d61/extensions/git/dist/askpass-main.js'), ('VSCODE_GIT_ASKPASS_NODE', '/home/joon/.vscode-server/bin/bf9252a2fb45be6893dd8870c0bf37e2e1766d61/node'), ('PYDEVD_DISABLE_FILE_VALIDATION', '1'), ('BUNDLED_DEBUGPY_PATH', '/home/joon/.vscode-server/extensions/ms-python.debugpy-2025.16.0-linux-x64/bundled/libs/debugpy'), ('VSCODE_PYTHON_AUTOACTIVATE_GUARD', '1'), ('DBUS_SESSION_BUS_ADDRESS', 'unix:path=/run/user/1000/bus'), ('COLORTERM', 'truecolor'), ('WSL_DISTRO_NAME', 'Ubuntu-22.04'), ('WAYLAND_DISPLAY', 'wayland-0'), ('COLCON_PREFIX_PATH', '/home/joon/mission_hard/mission_hard/install:/home/joon/automotive_software_final/install'), ('ROS_DISTRO', 'humble'), ('LOGNAME', 'joon'), ('NAME', 'Joon'), ('WSL_INTEROP', '/run/WSL/523_interop'), ('PULSE_SERVER', 'unix:/mnt/wslg/PulseServer'), ('_', '/usr/bin/colcon'), ('ROS_VERSION', '2'), ('CLAUDE_CODE_SSE_PORT', '20257'), ('TERM', 'xterm-256color'), ('ROS_LOCALHOST_ONLY', '0'), ('PATH', '/opt/ros/humble/bin:/usr/bin:/usr/bin:/home/joon/.vscode-server/data/User/globalStorage/github.copilot-chat/debugCommand:/home/joon/.vscode-server/data/User/globalStorage/github.copilot-chat/copilotCli:/home/joon/.vscode-server/bin/bf9252a2fb45be6893dd8870c0bf37e2e1766d61/bin/remote-cli:/home/joon/.local/bin:/usr/bin:/usr/bin:/usr/local/sbin:/usr/local/bin:/usr/sbin:/usr/bin:/sbin:/bin:/usr/games:/usr/local/games:/usr/lib/wsl/lib:/mnt/c/WINDOWS/system32:/mnt/c/WINDOWS:/mnt/c/WINDOWS/System32/Wbem:/mnt/c/WINDOWS/System32/WindowsPowerShell/v1.0/:/mnt/c/WINDOWS/System32/OpenSSH/:/mnt/c/Program Files/MATLAB/R2024b/bin:/mnt/c/Program Files/nodejs/:/mnt/c/Program Files/Git/cmd:/mnt/c/Users/ksyj0/AppData/Local/Programs/Python/Python312/Scripts/:/mnt/c/Users/ksyj0/AppData/Local/Programs/Python/Python312/:/mnt/c/Users/ksyj0/AppData/Local/Programs/Python/Launcher/:/mnt/c/Users/ksyj0/AppData/Local/Microsoft/WindowsApps:/mnt/c/Users/ksyj0/AppData/Local/Programs/Microsoft VS Code/bin:/mnt/c/Users/ksyj0/AppData/Roaming/npm:/mnt/c/Users/ksyj0/AppData/Local/SOOP:/mnt/c/Users/ksyj0/AppData/Local/Programs/Kiro/bin:/snap/bin:/home/joon/.vscode-server/extensions/ms-python.debugpy-2025.16.0-linux-x64/bundled/scripts/noConfigScripts'), ('XDG_RUNTIME_DIR', '/run/user/1000/'), ('DISPLAY', ':0'), ('VSCODE_DEBUGPY_ADAPTER_ENDPOINTS', '/home/joon/.vscode-server/extensions/ms-python.debugpy-2025.16.0-linux-x64/.noConfigDebugAdapterEndpoints/endpoint-5f6b0efddf9f6982.txt'), ('LANG', 'en_US.UTF-8'), ('PYTHONSTARTUP', '/home/joon/.vscode-server/data/User/workspaceStorage/6032d0949a26c1de4974618490f207f6-1/ms-python.python/pythonrc.py'), ('LS_COLORS', 'rs=0:di=01;34:ln=01;36:mh=00:pi=40;33:so=01;35:do=01;35:bd=40;33;01:cd=40;33;01:or=40;31;01:mi=00:su=37;41:sg=30;43:ca=30;41:tw=30;42:ow=34;42:st=37;44:ex=01;32:*.tar=01;31:*.tgz=01;31:*.arc=01;31:*.arj=01;31:*.taz=01;31:*.lha=01;31:*.lz4=01;31:*.lzh=01;31:*.lzma=01;31:*.tlz=01;31:*.txz=01;31:*.tzo=01;31:*.t7z=01;31:*.zip=01;31:*.z=01;31:*.dz=01;31:*.gz=01;31:*.lrz=01;31:*.lz=01;31:*.lzo=01;31:*.xz=01;31:*.zst=01;31:*.tzst=01;31:*.bz2=01;31:*.bz=01;31:*.tbz=01;31:*.tbz2=01;31:*.tz=01;31:*.deb=01;31:*.rpm=01;31:*.jar=01;31:*.war=01;31:*.ear=01;31:*.sar=01;31:*.rar=01;31:*.alz=01;31:*.ace=01;31:*.zoo=01;31:*.cpio=01;31:*.7z=01;31:*.rz=01;31:*.cab=01;31:*.wim=01;31:*.swm=01;31:*.dwm=01;31:*.esd=01;31:*.jpg=01;35:*.jpeg=01;35:*.mjpg=01;35:*.mjpeg=01;35:*.gif=01;35:*.bmp=01;35:*.pbm=01;35:*.pgm=01;35:*.ppm=01;35:*.tga=01;35:*.xbm=01;35:*.xpm=01;35:*.tif=01;35:*.tiff=01;35:*.png=01;35:*.svg=01;35:*.svgz=01;35:*.mng=01;35:*.pcx=01;35:*.mov=01;35:*.mpg=01;35:*.mpeg=01;35:*.m2v=01;35:*.mkv=01;35:*.webm=01;35:*.webp=01;35:*.ogm=01;35:*.mp4=01;35:*.m4v=01;35:*.mp4v=01;35:*.vob=01;35:*.qt=01;35:*.nuv=01;35:*.wmv=01;35:*.asf=01;35:*.rm=01;35:*.rmvb=01;35:*.flc=01;35:*.avi=01;35:*.fli=01;35:*.flv=01;35:*.gl=01;35:*.dl=01;35:*.xcf=01;35:*.xwd=01;35:*.yuv=01;35:*.cgm=01;35:*.emf=01;35:*.ogv=01;35:*.ogx=01;35:*.aac=00;36:*.au=00;36:*.flac=00;36:*.m4a=00;36:*.mid=00;36:*.midi=00;36:*.mka=00;36:*.mp3=00;36:*.mpc=00;36:*.ogg=00;36:*.ra=00;36:*.wav=00;36:*.oga=00;36:*.opus=00;36:*.spx=00;36:*.xspf=00;36:'), ('VSCODE_GIT_IPC_HANDLE', '/run/user/1000/vscode-git-167d3a068c.sock'), ('TERM_PROGRAM', 'vscode'), ('AMENT_PREFIX_PATH', '/home/joon/mission_hard/mission_hard/install/simulator:/home/joon/mission_hard/mission_hard/install/mission_manager:/home/joon/mission_hard/mission_hard/install/evaluation:/home/joon/mission_hard/mission_hard/install/autonomous_driving:/home/joon/mission_hard/mission_hard/install/ad_msgs:/home/joon/automotive_software_final/install/simulator:/home/joon/automotive_software_final/install/mission_manager:/home/joon/automotive_software_final/install/evaluation:/home/joon/automotive_software_final/install/autonomous_driving:/home/joon/automotive_software_final/install/ad_msgs:/opt/ros/humble'), ('SHELL', '/bin/bash'), ('LESSCLOSE', '/usr/bin/lesspipe %s %s'), ('VSCODE_GIT_ASKPASS_EXTRA_ARGS', ''), ('PWD', '/home/joon/mission_hard/mission_hard/build/evaluation'), ('ENABLE_IDE_INTEGRATION', 'true'), ('XDG_DATA_DIRS', '/usr/local/share:/usr/share:/var/lib/snapd/desktop'), ('PYTHONPATH', '/home/joon/mission_hard/mission_hard/install/ad_msgs/local/lib/python3.10/dist-packages:/home/joon/automotive_software_final/install/ad_msgs/local/lib/python3.10/dist-packages:/opt/ros/humble/lib/python3.10/site-packages:/opt/ros/humble/local/lib/python3.10/dist-packages'), ('COLCON', '1'), ('WSL2_GUI_APPS_ENABLED', '1'), ('HOSTTYPE', 'x86_64'), ('CMAKE_PREFIX_PATH', '/home/joon/mission_hard/mission_hard/install/ad_msgs:/home/joon/mission_hard/mission_hard/install/simulator:/home/joon/mission_hard/mission_hard/install/mission_manager:/home/joon/mission_hard/mission_hard/install/evaluation:/home/joon/mission_hard/mission_hard/install/autonomous_driving:/home/joon/automotive_software_final/install/simulator:/home/joon/automotive_software_final/install/mission_manager:/home/joon/automotive_software_final/install/evaluation:/home/joon/automotive_software_final/install/autonomous_driving:/home/joon/automotive_software_final/install/ad_msgs:/opt/ros/humble'), ('WSLENV', 'VSCODE_WSL_EXT_LOCATION/up')]), 'shell': False}
[0.904147] (-) TimerEvent: {}
[0.904408] (autonomous_driving) JobProgress: {'identifier': 'autonomous_driving', 'progress': 'cmake'}
[0.904451] (autonomous_driving) JobProgress: {'identifier': 'autonomous_driving', 'progress': 'build'}
[0.904475] (autonomous_driving) Command: {'cmd': ['/usr/bin/cmake', '--build', '/home/joon/mission_hard/mission_hard/build/autonomous_driving', '--', '-j16', '-l16'], 'cwd': '/home/joon/mission_hard/mission_hard/build/autonomous_driving', 'env': OrderedDict([('PYTHON_BASIC_REPL', '1'), ('LESSOPEN', '| /usr/bin/lesspipe %s'), ('USER', 'joon'), ('GIT_ASKPASS', '/home/joon/.vscode-server/bin/bf9252a2fb45be6893dd8870c0bf37e2e1766d61/extensions/git/dist/askpass.sh'), ('SHLVL', '1'), ('LD_LIBRARY_PATH', '/home/joon/mission_hard/mission_hard/install/ad_msgs/lib:/home/joon/automotive_software_final/install/ad_msgs/lib:/usr/lib/x86_64-linux-gnu/gazebo-11/plugins:/opt/ros/humble/opt/rviz_ogre_vendor/lib:/opt/ros/humble/lib/x86_64-linux-gnu:/opt/ros/humble/lib'), ('MOTD_SHOWN', 'update-motd'), ('HOME', '/home/joon'), ('OLDPWD', '/home/joon/mission_hard'), ('TERM_PROGRAM_VERSION', '1.106.3'), ('VSCODE_IPC_HOOK_CLI', '/run/user/1000/vscode-ipc-720ca6f3-2537-4b04-b3dc-21832d244e7e.sock'), ('ROS_PYTHON_VERSION', '3'), ('VSCODE_GIT_ASKPASS_MAIN', '/home/joon/.vscode-server/bin/bf9252a2fb45be6893dd8870c0bf37e2e1766d61/extensions/git/dist/askpass-main.js'), ('VSCODE_GIT_ASKPASS_NODE', '/home/joon/.vscode-server/bin/bf9252a2fb45be6893dd8870c0bf37e2e1766d61/node'), ('PYDEVD_DISABLE_FILE_VALIDATION', '1'), ('BUNDLED_DEBUGPY_PATH', '/home/joon/.vscode-server/extensions/ms-python.debugpy-2025.16.0-linux-x64/bundled/libs/debugpy'), ('VSCODE_PYTHON_AUTOACTIVATE_GUARD', '1'), ('DBUS_SESSION_BUS_ADDRESS', 'unix:path=/run/user/1000/bus'), ('COLORTERM', 'truecolor'), ('WSL_DISTRO_NAME', 'Ubuntu-22.04'), ('WAYLAND_DISPLAY', 'wayland-0'), ('COLCON_PREFIX_PATH', '/home/joon/mission_hard/mission_hard/install:/home/joon/automotive_software_final/install'), ('ROS_DISTRO', 'humble'), ('LOGNAME', 'joon'), ('NAME', 'Joon'), ('WSL_INTEROP', '/run/WSL/523_interop'), ('PULSE_SERVER', 'unix:/mnt/wslg/PulseServer'), ('_', '/usr/bin/colcon'), ('ROS_VERSION', '2'), ('CLAUDE_CODE_SSE_PORT', '20257'), ('TERM', 'xterm-256color'), ('ROS_LOCALHOST_ONLY', '0'), ('PATH', '/opt/ros/humble/bin:/usr/bin:/usr/bin:/home/joon/.vscode-server/data/User/globalStorage/github.copilot-chat/debugCommand:/home/joon/.vscode-server/data/User/globalStorage/github.copilot-chat/copilotCli:/home/joon/.vscode-server/bin/bf9252a2fb45be6893dd8870c0bf37e2e1766d61/bin/remote-cli:/home/joon/.local/bin:/usr/bin:/usr/bin:/usr/local/sbin:/usr/local/bin:/usr/sbin:/usr/bin:/sbin:/bin:/usr/games:/usr/local/games:/usr/lib/wsl/lib:/mnt/c/WINDOWS/system32:/mnt/c/WINDOWS:/mnt/c/WINDOWS/System32/Wbem:/mnt/c/WINDOWS/System32/WindowsPowerShell/v1.0/:/mnt/c/WINDOWS/System32/OpenSSH/:/mnt/c/Program Files/MATLAB/R2024b/bin:/mnt/c/Program Files/nodejs/:/mnt/c/Program Files/Git/cmd:/mnt/c/Users/ksyj0/AppData/Local/Programs/Python/Python312/Scripts/:/mnt/c/Users/ksyj0/AppData/Local/Programs/Python/Python312/:/mnt/c/Users/ksyj0/AppData/Local/Programs/Python/Launcher/:/mnt/c/Users/ksyj0/AppData/Local/Microsoft/WindowsApps:/mnt/c/Users/ksyj0/AppData/Local/Programs/Microsoft VS Code/bin:/mnt/c/Users/ksyj0/AppData/Roaming/npm:/mnt/c/Users/ksyj0/AppData/Local/SOOP:/mnt/c/Users/ksyj0/AppData/Local/Programs/Kiro/bin:/snap/bin:/home/joon/.vscode-server/extensions/ms-python.debugpy-2025.16.0-linux-x64/bundled/scripts/noConfigScripts'), ('XDG_RUNTIME_DIR', '/run/user/1000/'), ('DISPLAY', ':0'), ('VSCODE_DEBUGPY_ADAPTER_ENDPOINTS', '/home/joon/.vscode-server/extensions/ms-python.debugpy-2025.16.0-linux-x64/.noConfigDebugAdapterEndpoints/endpoint-5f6b0efddf9f6982.txt'), ('LANG', 'en_US.UTF-8'), ('PYTHONSTARTUP', '/home/joon/.vscode-server/data/User/workspaceStorage/6032d0949a26c1de4974618490f207f6-1/ms-python.python/pythonrc.py'), ('LS_COLORS', 'rs=0:di=01;34:ln=01;36:mh=00:pi=40;33:so=01;35:do=01;35:bd=40;33;01:cd=40;33;01:or=40;31;01:mi=00:su=37;41:sg=30;43:ca=30;41:tw=30;42:ow=34;42:st=37;44:ex=01;32:*.tar=01;31:*.tgz=01;31:*.arc=01;31:*.arj=01;31:*.taz=01;31:*.lha=01;31:*.lz4=01;31:*.lzh=01;31:*.lzma=01;31:*.tlz=01;31:*.txz=01;31:*.tzo=01;31:*.t7z=01;31:*.zip=01;31:*.z=01;31:*.dz=01;31:*.gz=01;31:*.lrz=01;31:*.lz=01;31:*.lzo=01;31:*.xz=01;31:*.zst=01;31:*.tzst=01;31:*.bz2=01;31:*.bz=01;31:*.tbz=01;31:*.tbz2=01;31:*.tz=01;31:*.deb=01;31:*.rpm=01;31:*.jar=01;31:*.war=01;31:*.ear=01;31:*.sar=01;31:*.rar=01;31:*.alz=01;31:*.ace=01;31:*.zoo=01;31:*.cpio=01;31:*.7z=01;31:*.rz=01;31:*.cab=01;31:*.wim=01;31:*.swm=01;31:*.dwm=01;31:*.esd=01;31:*.jpg=01;35:*.jpeg=01;35:*.mjpg=01;35:*.mjpeg=01;35:*.gif=01;35:*.bmp=01;35:*.pbm=01;35:*.pgm=01;35:*.ppm=01;35:*.tga=01;35:*.xbm=01;35:*.xpm=01;35:*.tif=01;35:*.tiff=01;35:*.png=01;35:*.svg=01;35:*.svgz=01;35:*.mng=01;35:*.pcx=01;35:*.mov=01;35:*.mpg=01;35:*.mpeg=01;35:*.m2v=01;35:*.mkv=01;35:*.webm=01;35:*.webp=01;35:*.ogm=01;35:*.mp4=01;35:*.m4v=01;35:*.mp4v=01;35:*.vob=01;35:*.qt=01;35:*.nuv=01;35:*.wmv=01;35:*.asf=01;35:*.rm=01;35:*.rmvb=01;35:*.flc=01;35:*.avi=01;35:*.fli=01;35:*.flv=01;35:*.gl=01;35:*.dl=01;35:*.xcf=01;35:*.xwd=01;35:*.yuv=01;35:*.cgm=01;35:*.emf=01;35:*.ogv=01;35:*.ogx=01;35:*.aac=00;36:*.au=00;36:*.flac=00;36:*.m4a=00;36:*.mid=00;36:*.midi=00;36:*.mka=00;36:*.mp3=00;36:*.mpc=00;36:*.ogg=00;36:*.ra=00;36:*.wav=00;36:*.oga=00;36:*.opus=00;36:*.spx=00;36:*.xspf=00;36:'), ('VSCODE_GIT_IPC_HANDLE', '/run/user/1000/vscode-git-167d3a068c.sock'), ('TERM_PROGRAM', 'vscode'), ('AMENT_PREFIX_PATH', '/home/joon/mission_hard/mission_hard/install/simulator:/home/joon/mission_hard/mission_hard/install/mission_manager:/home/joon/mission_hard/mission_hard/install/evaluation:/home/joon/mission_hard/mission_hard/install/autonomous_driving:/home/joon/mission_hard/mission_hard/install/ad_msgs:/home/joon/automotive_software_final/install/simulator:/home/joon/automotive_software_final/install/mission_manager:/home/joon/automotive_software_final/install/evaluation:/home/joon/automotive_software_final/install/autonomous_driving:/home/joon/automotive_software_final/install/ad_msgs:/opt/ros/humble'), ('SHELL', '/bin/bash'), ('LESSCLOSE', '/usr/bin/lesspipe %s %s'), ('VSCODE_GIT_ASKPASS_EXTRA_ARGS', ''), ('PWD', '/home/joon/mission_hard/mission_hard/build/autonomous_driving'), ('ENABLE_IDE_INTEGRATION', 'true'), ('XDG_DATA_DIRS', '/usr/local/share:/usr/share:/var/lib/snapd/desktop'), ('PYTHONPATH', '/home/joon/mission_hard/mission_hard/install/ad_msgs/local/lib/python3.10/dist-packages:/home/joon/automotive_software_final/install/ad_msgs/local/lib/python3.10/dist-packages:/opt/ros/humble/lib/python3.10/site-packages:/opt/ros/humble/local/lib/python3.10/dist-packages'), ('COLCON', '1'), ('WSL2_GUI_APPS_ENABLED', '1'), ('HOSTTYPE', 'x86_64'), ('CMAKE_PREFIX_PATH', '/home/joon/mission_hard/mission_hard/install/ad_msgs:/home/joon/mission_hard/mission_hard/install/simulator:/home/joon/mission_hard/mission_hard/install/mission_manager:/home/joon/mission_hard/mission_hard/install/evaluation:/home/joon/mission_hard/mission_hard/install/autonomous_driving:/home/joon/automotive_software_final/install/simulator:/home/joon/automotive_software_final/install/mission_manager:/home/joon/automotive_software_final/install/evaluation:/home/joon/automotive_software_final/install/autonomous_driving:/home/joon/automotive_software_final/install/ad_msgs:/opt/ros/humble'), ('WSLENV', 'VSCODE_WSL_EXT_LOCATION/up')]), 'shell': False}
[0.909945] (simulator) JobProgress: {'identifier': 'simulator', 'progress': 'cmake'}
[0.910770] (simulator) JobProgress: {'identifier': 'simulator', 'progress': 'build'}
[0.912467] (simulator) Command: {'cmd': ['/usr/bin/cmake', '--build', '/home/joon/mission_hard/mission_hard/build/simulator', '--', '-j16', '-l16'], 'cwd': '/home/joon/mission_hard/mission_hard/build/simulator', 'env': OrderedDict([('PYTHON_BASIC_REPL', '1'), ('LESSOPEN', '| /usr/bin/lesspipe %s'), ('USER', 'joon'), ('GIT_ASKPASS', '/home/joon/.vscode-server/bin/bf9252a2fb45be6893dd8870c0bf37e2e1766d61/extensions/git/dist/askpass.sh'), ('SHLVL', '1'), ('LD_LIBRARY_PATH', '/home/joon/mission_hard/mission_hard/install/ad_msgs/lib:/home/joon/automotive_software_final/install/ad_msgs/lib:/usr/lib/x86_64-linux-gnu/gazebo-11/plugins:/opt/ros/humble/opt/rviz_ogre_vendor/lib:/opt/ros/humble/lib/x86_64-linux-gnu:/opt/ros/humble/lib'), ('MOTD_SHOWN', 'update-motd'), ('HOME', '/home/joon'), ('OLDPWD', '/home/joon/mission_hard'), ('TERM_PROGRAM_VERSION', '1.106.3'), ('VSCODE_IPC_HOOK_CLI', '/run/user/1000/vscode-ipc-720ca6f3-2537-4b04-b3dc-21832d244e7e.sock'), ('ROS_PYTHON_VERSION', '3'), ('VSCODE_GIT_ASKPASS_MAIN', '/home/joon/.vscode-server/bin/bf9252a2fb45be6893dd8870c0bf37e2e1766d61/extensions/git/dist/askpass-main.js'), ('VSCODE_GIT_ASKPASS_NODE', '/home/joon/.vscode-server/bin/bf9252a2fb45be6893dd8870c0bf37e2e1766d61/node'), ('PYDEVD_DISABLE_FILE_VALIDATION', '1'), ('BUNDLED_DEBUGPY_PATH', '/home/joon/.vscode-server/extensions/ms-python.debugpy-2025.16.0-linux-x64/bundled/libs/debugpy'), ('VSCODE_PYTHON_AUTOACTIVATE_GUARD', '1'), ('DBUS_SESSION_BUS_ADDRESS', 'unix:path=/run/user/1000/bus'), ('COLORTERM', 'truecolor'), ('WSL_DISTRO_NAME', 'Ubuntu-22.04'), ('WAYLAND_DISPLAY', 'wayland-0'), ('COLCON_PREFIX_PATH', '/home/joon/mission_hard/mission_hard/install:/home/joon/automotive_software_final/install'), ('ROS_DISTRO', 'humble'), ('LOGNAME', 'joon'), ('NAME', 'Joon'), ('WSL_INTEROP', '/run/WSL/523_interop'), ('PULSE_SERVER', 'unix:/mnt/wslg/PulseServer'), ('_', '/usr/bin/colcon'), ('ROS_VERSION', '2'), ('CLAUDE_CODE_SSE_PORT', '20257'), ('TERM', 'xterm-256color'), ('ROS_LOCALHOST_ONLY', '0'), ('PATH', '/opt/ros/humble/bin:/usr/bin:/usr/bin:/home/joon/.vscode-server/data/User/globalStorage/github.copilot-chat/debugCommand:/home/joon/.vscode-server/data/User/globalStorage/github.copilot-chat/copilotCli:/home/joon/.vscode-server/bin/bf9252a2fb45be6893dd8870c0bf37e2e1766d61/bin/remote-cli:/home/joon/.local/bin:/usr/bin:/usr/bin:/usr/local/sbin:/usr/local/bin:/usr/sbin:/usr/bin:/sbin:/bin:/usr/games:/usr/local/games:/usr/lib/wsl/lib:/mnt/c/WINDOWS/system32:/mnt/c/WINDOWS:/mnt/c/WINDOWS/System32/Wbem:/mnt/c/WINDOWS/System32/WindowsPowerShell/v1.0/:/mnt/c/WINDOWS/System32/OpenSSH/:/mnt/c/Program Files/MATLAB/R2024b/bin:/mnt/c/Program Files/nodejs/:/mnt/c/Program Files/Git/cmd:/mnt/c/Users/ksyj0/AppData/Local/Programs/Python/Python312/Scripts/:/mnt/c/Users/ksyj0/AppData/Local/Programs/Python/Python312/:/mnt/c/Users/ksyj0/AppData/Local/Programs/Python/Launcher/:/mnt/c/Users/ksyj0/AppData/Local/Microsoft/WindowsApps:/mnt/c/Users/ksyj0/AppData/Local/Programs/Microsoft VS Code/bin:/mnt/c/Users/ksyj0/AppData/Roaming/npm:/mnt/c/Users/ksyj0/AppData/Local/SOOP:/mnt/c/Users/ksyj0/AppData/Local/Programs/Kiro/bin:/snap/bin:/home/joon/.vscode-server/extensions/ms-python.debugpy-2025.16.0-linux-x64/bundled/scripts/noConfigScripts'), ('XDG_RUNTIME_DIR', '/run/user/1000/'), ('DISPLAY', ':0'), ('VSCODE_DEBUGPY_ADAPTER_ENDPOINTS', '/home/joon/.vscode-server/extensions/ms-python.debugpy-2025.16.0-linux-x64/.noConfigDebugAdapterEndpoints/endpoint-5f6b0efddf9f6982.txt'), ('LANG', 'en_US.UTF-8'), ('PYTHONSTARTUP', '/home/joon/.vscode-server/data/User/workspaceStorage/6032d0949a26c1de4974618490f207f6-1/ms-python.python/pythonrc.py'), ('LS_COLORS', 'rs=0:di=01;34:ln=01;36:mh=00:pi=40;33:so=01;35:do=01;35:bd=40;33;01:cd=40;33;01:or=40;31;01:mi=00:su=37;41:sg=30;43:ca=30;41:tw=30;42:ow=34;42:st=37;44:ex=01;32:*.tar=01;31:*.tgz=01;31:*.arc=01;31:*.arj=01;31:*.taz=01;31:*.lha=01;31:*.lz4=01;31:*.lzh=01;31:*.lzma=01;31:*.tlz=01;31:*.txz=01;31:*.tzo=01;31:*.t7z=01;31:*.zip=01;31:*.z=01;31:*.dz=01;31:*.gz=01;31:*.lrz=01;31:*.lz=01;31:*.lzo=01;31:*.xz=01;31:*.zst=01;31:*.tzst=01;31:*.bz2=01;31:*.bz=01;31:*.tbz=01;31:*.tbz2=01;31:*.tz=01;31:*.deb=01;31:*.rpm=01;31:*.jar=01;31:*.war=01;31:*.ear=01;31:*.sar=01;31:*.rar=01;31:*.alz=01;31:*.ace=01;31:*.zoo=01;31:*.cpio=01;31:*.7z=01;31:*.rz=01;31:*.cab=01;31:*.wim=01;31:*.swm=01;31:*.dwm=01;31:*.esd=01;31:*.jpg=01;35:*.jpeg=01;35:*.mjpg=01;35:*.mjpeg=01;35:*.gif=01;35:*.bmp=01;35:*.pbm=01;35:*.pgm=01;35:*.ppm=01;35:*.tga=01;35:*.xbm=01;35:*.xpm=01;35:*.tif=01;35:*.tiff=01;35:*.png=01;35:*.svg=01;35:*.svgz=01;35:*.mng=01;35:*.pcx=01;35:*.mov=01;35:*.mpg=01;35:*.mpeg=01;35:*.m2v=01;35:*.mkv=01;35:*.webm=01;35:*.webp=01;35:*.ogm=01;35:*.mp4=01;35:*.m4v=01;35:*.mp4v=01;35:*.vob=01;35:*.qt=01;35:*.nuv=01;35:*.wmv=01;35:*.asf=01;35:*.rm=01;35:*.rmvb=01;35:*.flc=01;35:*.avi=01;35:*.fli=01;35:*.flv=01;35:*.gl=01;35:*.dl=01;35:*.xcf=01;35:*.xwd=01;35:*.yuv=01;35:*.cgm=01;35:*.emf=01;35:*.ogv=01;35:*.ogx=01;35:*.aac=00;36:*.au=00;36:*.flac=00;36:*.m4a=00;36:*.mid=00;36:*.midi=00;36:*.mka=00;36:*.mp3=00;36:*.mpc=00;36:*.ogg=00;36:*.ra=00;36:*.wav=00;36:*.oga=00;36:*.opus=00;36:*.spx=00;36:*.xspf=00;36:'), ('VSCODE_GIT_IPC_HANDLE', '/run/user/1000/vscode-git-167d3a068c.sock'), ('TERM_PROGRAM', 'vscode'), ('AMENT_PREFIX_PATH', '/home/joon/mission_hard/mission_hard/install/simulator:/home/joon/mission_hard/mission_hard/install/mission_manager:/home/joon/mission_hard/mission_hard/install/evaluation:/home/joon/mission_hard/mission_hard/install/autonomous_driving:/home/joon/mission_hard/mission_hard/install/ad_msgs:/home/joon/automotive_software_final/install/simulator:/home/joon/automotive_software_final/install/mission_manager:/home/joon/automotive_software_final/install/evaluation:/home/joon/automotive_software_final/install/autonomous_driving:/home/joon/automotive_software_final/install/ad_msgs:/opt/ros/humble'), ('SHELL', '/bin/bash'), ('LESSCLOSE', '/usr/bin/lesspipe %s %s'), ('VSCODE_GIT_ASKPASS_EXTRA_ARGS', ''), ('PWD', '/home/joon/mission_hard/mission_hard/build/simulator'), ('ENABLE_IDE_INTEGRATION', 'true'), ('XDG_DATA_DIRS', '/usr/local/share:/usr/share:/var/lib/snapd/desktop'), ('PYTHONPATH', '/home/joon/mission_hard/mission_hard/install/ad_msgs/local/lib/python3.10/dist-packages:/home/joon/automotive_software_final/install/ad_msgs/local/lib/python3.10/dist-packages:/opt/ros/humble/lib/python3.10/site-packages:/opt/ros/humble/local/lib/python3.10/dist-packages'), ('COLCON', '1'), ('WSL2_GUI_APPS_ENABLED', '1'), ('HOSTTYPE', 'x86_64'), ('CMAKE_PREFIX_PATH', '/home/joon/mission_hard/mission_hard/install/ad_msgs:/home/joon/mission_hard/mission_hard/install/simulator:/home/joon/mission_hard/mission_hard/install/mission_manager:/home/joon/mission_hard/mission_hard/install/evaluation:/home/joon/mission_hard/mission_hard/install/autonomous_driving:/home/joon/automotive_software_final/install/simulator:/home/joon/automotive_software_final/install/mission_manager:/home/joon/automotive_software_final/install/evaluation:/home/joon/automotive_software_final/install/autonomous_driving:/home/joon/automotive_software_final/install/ad_msgs:/opt/ros/humble'), ('WSLENV', 'VSCODE_WSL_EXT_LOCATION/up')]), 'shell': False}
[0.916455] (mission_manager) JobProgress: {'identifier': 'mission_manager', 'progress': 'cmake'}
[0.918737] (mission_manager) JobProgress: {'identifier': 'mission_manager', 'progress': 'build'}
[0.918859] (mission_manager) Command: {'cmd': ['/usr/bin/cmake', '--build', '/home/joon/mission_hard/mission_hard/build/mission_manager', '--', '-j16', '-l16'], 'cwd': '/home/joon/mission_hard/mission_hard/build/mission_manager', 'env': OrderedDict([('PYTHON_BASIC_REPL', '1'), ('LESSOPEN', '| /usr/bin/lesspipe %s'), ('USER', 'joon'), ('GIT_ASKPASS', '/home/joon/.vscode-server/bin/bf9252a2fb45be6893dd8870c0bf37e2e1766d61/extensions/git/dist/askpass.sh'), ('SHLVL', '1'), ('LD_LIBRARY_PATH', '/home/joon/mission_hard/mission_hard/install/ad_msgs/lib:/home/joon/automotive_software_final/install/ad_msgs/lib:/usr/lib/x86_64-linux-gnu/gazebo-11/plugins:/opt/ros/humble/opt/rviz_ogre_vendor/lib:/opt/ros/humble/lib/x86_64-linux-gnu:/opt/ros/humble/lib'), ('MOTD_SHOWN', 'update-motd'), ('HOME', '/home/joon'), ('OLDPWD', '/home/joon/mission_hard'), ('TERM_PROGRAM_VERSION', '1.106.3'), ('VSCODE_IPC_HOOK_CLI', '/run/user/1000/vscode-ipc-720ca6f3-2537-4b04-b3dc-21832d244e7e.sock'), ('ROS_PYTHON_VERSION', '3'), ('VSCODE_GIT_ASKPASS_MAIN', '/home/joon/.vscode-server/bin/bf9252a2fb45be6893dd8870c0bf37e2e1766d61/extensions/git/dist/askpass-main.js'), ('VSCODE_GIT_ASKPASS_NODE', '/home/joon/.vscode-server/bin/bf9252a2fb45be6893dd8870c0bf37e2e1766d61/node'), ('PYDEVD_DISABLE_FILE_VALIDATION', '1'), ('BUNDLED_DEBUGPY_PATH', '/home/joon/.vscode-server/extensions/ms-python.debugpy-2025.16.0-linux-x64/bundled/libs/debugpy'), ('VSCODE_PYTHON_AUTOACTIVATE_GUARD', '1'), ('DBUS_SESSION_BUS_ADDRESS', 'unix:path=/run/user/1000/bus'), ('COLORTERM', 'truecolor'), ('WSL_DISTRO_NAME', 'Ubuntu-22.04'), ('WAYLAND_DISPLAY', 'wayland-0'), ('COLCON_PREFIX_PATH', '/home/joon/mission_hard/mission_hard/install:/home/joon/automotive_software_final/install'), ('ROS_DISTRO', 'humble'), ('LOGNAME', 'joon'), ('NAME', 'Joon'), ('WSL_INTEROP', '/run/WSL/523_interop'), ('PULSE_SERVER', 'unix:/mnt/wslg/PulseServer'), ('_', '/usr/bin/colcon'), ('ROS_VERSION', '2'), ('CLAUDE_CODE_SSE_PORT', '20257'), ('TERM', 'xterm-256color'), ('ROS_LOCALHOST_ONLY', '0'), ('PATH', '/opt/ros/humble/bin:/usr/bin:/usr/bin:/home/joon/.vscode-server/data/User/globalStorage/github.copilot-chat/debugCommand:/home/joon/.vscode-server/data/User/globalStorage/github.copilot-chat/copilotCli:/home/joon/.vscode-server/bin/bf9252a2fb45be6893dd8870c0bf37e2e1766d61/bin/remote-cli:/home/joon/.local/bin:/usr/bin:/usr/bin:/usr/local/sbin:/usr/local/bin:/usr/sbin:/usr/bin:/sbin:/bin:/usr/games:/usr/local/games:/usr/lib/wsl/lib:/mnt/c/WINDOWS/system32:/mnt/c/WINDOWS:/mnt/c/WINDOWS/System32/Wbem:/mnt/c/WINDOWS/System32/WindowsPowerShell/v1.0/:/mnt/c/WINDOWS/System32/OpenSSH/:/mnt/c/Program Files/MATLAB/R2024b/bin:/mnt/c/Program Files/nodejs/:/mnt/c/Program Files/Git/cmd:/mnt/c/Users/ksyj0/AppData/Local/Programs/Python/Python312/Scripts/:/mnt/c/Users/ksyj0/AppData/Local/Programs/Python/Python312/:/mnt/c/Users/ksyj0/AppData/Local/Programs/Python/Launcher/:/mnt/c/Users/ksyj0/AppData/Local/Microsoft/WindowsApps:/mnt/c/Users/ksyj0/AppData/Local/Programs/Microsoft VS Code/bin:/mnt/c/Users/ksyj0/AppData/Roaming/npm:/mnt/c/Users/ksyj0/AppData/Local/SOOP:/mnt/c/Users/ksyj0/AppData/Local/Programs/Kiro/bin:/snap/bin:/home/joon/.vscode-server/extensions/ms-python.debugpy-2025.16.0-linux-x64/bundled/scripts/noConfigScripts'), ('XDG_RUNTIME_DIR', '/run/user/1000/'), ('DISPLAY', ':0'), ('VSCODE_DEBUGPY_ADAPTER_ENDPOINTS', '/home/joon/.vscode-server/extensions/ms-python.debugpy-2025.16.0-linux-x64/.noConfigDebugAdapterEndpoints/endpoint-5f6b0efddf9f6982.txt'), ('LANG', 'en_US.UTF-8'), ('PYTHONSTARTUP', '/home/joon/.vscode-server/data/User/workspaceStorage/6032d0949a26c1de4974618490f207f6-1/ms-python.python/pythonrc.py'), ('LS_COLORS', 'rs=0:di=01;34:ln=01;36:mh=00:pi=40;33:so=01;35:do=01;35:bd=40;33;01:cd=40;33;01:or=40;31;01:mi=00:su=37;41:sg=30;43:ca=30;41:tw=30;42:ow=34;42:st=37;44:ex=01;32:*.tar=01;31:*.tgz=01;31:*.arc=01;31:*.arj=01;31:*.taz=01;31:*.lha=01;31:*.lz4=01;31:*.lzh=01;31:*.lzma=01;31:*.tlz=01;31:*.txz=01;31:*.tzo=01;31:*.t7z=01;31:*.zip=01;31:*.z=01;31:*.dz=01;31:*.gz=01;31:*.lrz=01;31:*.lz=01;31:*.lzo=01;31:*.xz=01;31:*.zst=01;31:*.tzst=01;31:*.bz2=01;31:*.bz=01;31:*.tbz=01;31:*.tbz2=01;31:*.tz=01;31:*.deb=01;31:*.rpm=01;31:*.jar=01;31:*.war=01;31:*.ear=01;31:*.sar=01;31:*.rar=01;31:*.alz=01;31:*.ace=01;31:*.zoo=01;31:*.cpio=01;31:*.7z=01;31:*.rz=01;31:*.cab=01;31:*.wim=01;31:*.swm=01;31:*.dwm=01;31:*.esd=01;31:*.jpg=01;35:*.jpeg=01;35:*.mjpg=01;35:*.mjpeg=01;35:*.gif=01;35:*.bmp=01;35:*.pbm=01;35:*.pgm=01;35:*.ppm=01;35:*.tga=01;35:*.xbm=01;35:*.xpm=01;35:*.tif=01;35:*.tiff=01;35:*.png=01;35:*.svg=01;35:*.svgz=01;35:*.mng=01;35:*.pcx=01;35:*.mov=01;35:*.mpg=01;35:*.mpeg=01;35:*.m2v=01;35:*.mkv=01;35:*.webm=01;35:*.webp=01;35:*.ogm=01;35:*.mp4=01;35:*.m4v=01;35:*.mp4v=01;35:*.vob=01;35:*.qt=01;35:*.nuv=01;35:*.wmv=01;35:*.asf=01;35:*.rm=01;35:*.rmvb=01;35:*.flc=01;35:*.avi=01;35:*.fli=01;35:*.flv=01;35:*.gl=01;35:*.dl=01;35:*.xcf=01;35:*.xwd=01;35:*.yuv=01;35:*.cgm=01;35:*.emf=01;35:*.ogv=01;35:*.ogx=01;35:*.aac=00;36:*.au=00;36:*.flac=00;36:*.m4a=00;36:*.mid=00;36:*.midi=00;36:*.mka=00;36:*.mp3=00;36:*.mpc=00;36:*.ogg=00;36:*.ra=00;36:*.wav=00;36:*.oga=00;36:*.opus=00;36:*.spx=00;36:*.xspf=00;36:'), ('VSCODE_GIT_IPC_HANDLE', '/run/user/1000/vscode-git-167d3a068c.sock'), ('TERM_PROGRAM', 'vscode'), ('AMENT_PREFIX_PATH', '/home/joon/mission_hard/mission_hard/install/simulator:/home/joon/mission_hard/mission_hard/install/mission_manager:/home/joon/mission_hard/mission_hard/install/evaluation:/home/joon/mission_hard/mission_hard/install/autonomous_driving:/home/joon/mission_hard/mission_hard/install/ad_msgs:/home/joon/automotive_software_final/install/simulator:/home/joon/automotive_software_final/install/mission_manager:/home/joon/automotive_software_final/install/evaluation:/home/joon/automotive_software_final/install/autonomous_driving:/home/joon/automotive_software_final/install/ad_msgs:/opt/ros/humble'), ('SHELL', '/bin/bash'), ('LESSCLOSE', '/usr/bin/lesspipe %s %s'), ('VSCODE_GIT_ASKPASS_EXTRA_ARGS', ''), ('PWD', '/home/joon/mission_hard/mission_hard/build/mission_manager'), ('ENABLE_IDE_INTEGRATION', 'true'), ('XDG_DATA_DIRS', '/usr/local/share:/usr/share:/var/lib/snapd/desktop'), ('PYTHONPATH', '/home/joon/mission_hard/mission_hard/install/ad_msgs/local/lib/python3.10/dist-packages:/home/joon/automotive_software_final/install/ad_msgs/local/lib/python3.10/dist-packages:/opt/ros/humble/lib/python3.10/site-packages:/opt/ros/humble/local/lib/python3.10/dist-packages'), ('COLCON', '1'), ('WSL2_GUI_APPS_ENABLED', '1'), ('HOSTTYPE', 'x86_64'), ('CMAKE_PREFIX_PATH', '/home/joon/mission_hard/mission_hard/install/ad_msgs:/home/joon/mission_hard/mission_hard/install/simulator:/home/joon/mission_hard/mission_hard/install/mission_manager:/home/joon/mission_hard/mission_hard/install/evaluation:/home/joon/mission_hard/mission_hard/install/autonomous_driving:/home/joon/automotive_software_final/install/simulator:/home/joon/automotive_software_final/install/mission_manager:/home/joon/automotive_software_final/install/evaluation:/home/joon/automotive_software_final/install/autonomous_driving:/home/joon/automotive_software_final/install/ad_msgs:/opt/ros/humble'), ('WSLENV', 'VSCODE_WSL_EXT_LOCATION/up')]), 'shell': False}
[0.969845] (autonomous_driving) StdoutLine: {'line': b'\x1b[35m\x1b[1mConsolidate compiler generated dependencies of target autonomous_driving\x1b[0m\n'}
[0.979483] (simulator) StdoutLine: {'line': b'\x1b[35m\x1b[1mConsolidate compiler generated dependencies of target display\x1b[0m\n'}
[0.997491] (evaluation) StdoutLine: {'line': b'[100%] Built target evaluation\n'}
[0.998014] (autonomous_driving) StdoutLine: {'line': b'[100%] Built target autonomous_driving\n'}
[0.999268] (simulator) StdoutLine: {'line': b'[ 28%] Built target vehicle\n'}
[1.004323] (-) TimerEvent: {}
[1.005752] (simulator) StdoutLine: {'line': b'[ 71%] Built target lane_detection\n'}
[1.007368] (simulator) StdoutLine: {'line': b'[100%] Built target display\n'}
[1.010836] (mission_manager) StdoutLine: {'line': b'[100%] Built target mission_manager\n'}
[1.012654] (evaluation) CommandEnded: {'returncode': 0}
[1.014836] (evaluation) JobProgress: {'identifier': 'evaluation', 'progress': 'install'}
[1.015274] (evaluation) Command: {'cmd': ['/usr/bin/cmake', '--install', '/home/joon/mission_hard/mission_hard/build/evaluation'], 'cwd': '/home/joon/mission_hard/mission_hard/build/evaluation', 'env': OrderedDict([('PYTHON_BASIC_REPL', '1'), ('LESSOPEN', '| /usr/bin/lesspipe %s'), ('USER', 'joon'), ('GIT_ASKPASS', '/home/joon/.vscode-server/bin/bf9252a2fb45be6893dd8870c0bf37e2e1766d61/extensions/git/dist/askpass.sh'), ('SHLVL', '1'), ('LD_LIBRARY_PATH', '/home/joon/mission_hard/mission_hard/install/ad_msgs/lib:/home/joon/automotive_software_final/install/ad_msgs/lib:/usr/lib/x86_64-linux-gnu/gazebo-11/plugins:/opt/ros/humble/opt/rviz_ogre_vendor/lib:/opt/ros/humble/lib/x86_64-linux-gnu:/opt/ros/humble/lib'), ('MOTD_SHOWN', 'update-motd'), ('HOME', '/home/joon'), ('OLDPWD', '/home/joon/mission_hard'), ('TERM_PROGRAM_VERSION', '1.106.3'), ('VSCODE_IPC_HOOK_CLI', '/run/user/1000/vscode-ipc-720ca6f3-2537-4b04-b3dc-21832d244e7e.sock'), ('ROS_PYTHON_VERSION', '3'), ('VSCODE_GIT_ASKPASS_MAIN', '/home/joon/.vscode-server/bin/bf9252a2fb45be6893dd8870c0bf37e2e1766d61/extensions/git/dist/askpass-main.js'), ('VSCODE_GIT_ASKPASS_NODE', '/home/joon/.vscode-server/bin/bf9252a2fb45be6893dd8870c0bf37e2e1766d61/node'), ('PYDEVD_DISABLE_FILE_VALIDATION', '1'), ('BUNDLED_DEBUGPY_PATH', '/home/joon/.vscode-server/extensions/ms-python.debugpy-2025.16.0-linux-x64/bundled/libs/debugpy'), ('VSCODE_PYTHON_AUTOACTIVATE_GUARD', '1'), ('DBUS_SESSION_BUS_ADDRESS', 'unix:path=/run/user/1000/bus'), ('COLORTERM', 'truecolor'), ('WSL_DISTRO_NAME', 'Ubuntu-22.04'), ('WAYLAND_DISPLAY', 'wayland-0'), ('COLCON_PREFIX_PATH', '/home/joon/mission_hard/mission_hard/install:/home/joon/automotive_software_final/install'), ('ROS_DISTRO', 'humble'), ('LOGNAME', 'joon'), ('NAME', 'Joon'), ('WSL_INTEROP', '/run/WSL/523_interop'), ('PULSE_SERVER', 'unix:/mnt/wslg/PulseServer'), ('_', '/usr/bin/colcon'), ('ROS_VERSION', '2'), ('CLAUDE_CODE_SSE_PORT', '20257'), ('TERM', 'xterm-256color'), ('ROS_LOCALHOST_ONLY', '0'), ('PATH', '/opt/ros/humble/bin:/usr/bin:/usr/bin:/home/joon/.vscode-server/data/User/globalStorage/github.copilot-chat/debugCommand:/home/joon/.vscode-server/data/User/globalStorage/github.copilot-chat/copilotCli:/home/joon/.vscode-server/bin/bf9252a2fb45be6893dd8870c0bf37e2e1766d61/bin/remote-cli:/home/joon/.local/bin:/usr/bin:/usr/bin:/usr/local/sbin:/usr/local/bin:/usr/sbin:/usr/bin:/sbin:/bin:/usr/games:/usr/local/games:/usr/lib/wsl/lib:/mnt/c/WINDOWS/system32:/mnt/c/WINDOWS:/mnt/c/WINDOWS/System32/Wbem:/mnt/c/WINDOWS/System32/WindowsPowerShell/v1.0/:/mnt/c/WINDOWS/System32/OpenSSH/:/mnt/c/Program Files/MATLAB/R2024b/bin:/mnt/c/Program Files/nodejs/:/mnt/c/Program Files/Git/cmd:/mnt/c/Users/ksyj0/AppData/Local/Programs/Python/Python312/Scripts/:/mnt/c/Users/ksyj0/AppData/Local/Programs/Python/Python312/:/mnt/c/Users/ksyj0/AppData/Local/Programs/Python/Launcher/:/mnt/c/Users/ksyj0/AppData/Local/Microsoft/WindowsApps:/mnt/c/Users/ksyj0/AppData/Local/Programs/Microsoft VS Code/bin:/mnt/c/Users/ksyj0/AppData/Roaming/npm:/mnt/c/Users/ksyj0/AppData/Local/SOOP:/mnt/c/Users/ksyj0/AppData/Local/Programs/Kiro/bin:/snap/bin:/home/joon/.vscode-server/extensions/ms-python.debugpy-2025.16.0-linux-x64/bundled/scripts/noConfigScripts'), ('XDG_RUNTIME_DIR', '/run/user/1000/'), ('DISPLAY', ':0'), ('VSCODE_DEBUGPY_ADAPTER_ENDPOINTS', '/home/joon/.vscode-server/extensions/ms-python.debugpy-2025.16.0-linux-x64/.noConfigDebugAdapterEndpoints/endpoint-5f6b0efddf9f6982.txt'), ('LANG', 'en_US.UTF-8'), ('PYTHONSTARTUP', '/home/joon/.vscode-server/data/User/workspaceStorage/6032d0949a26c1de4974618490f207f6-1/ms-python.python/pythonrc.py'), ('LS_COLORS', 'rs=0:di=01;34:ln=01;36:mh=00:pi=40;33:so=01;35:do=01;35:bd=40;33;01:cd=40;33;01:or=40;31;01:mi=00:su=37;41:sg=30;43:ca=30;41:tw=30;42:ow=34;42:st=37;44:ex=01;32:*.tar=01;31:*.tgz=01;31:*.arc=01;31:*.arj=01;31:*.taz=01;31:*.lha=01;31:*.lz4=01;31:*.lzh=01;31:*.lzma=01;31:*.tlz=01;31:*.txz=01;31:*.tzo=01;31:*.t7z=01;31:*.zip=01;31:*.z=01;31:*.dz=01;31:*.gz=01;31:*.lrz=01;31:*.lz=01;31:*.lzo=01;31:*.xz=01;31:*.zst=01;31:*.tzst=01;31:*.bz2=01;31:*.bz=01;31:*.tbz=01;31:*.tbz2=01;31:*.tz=01;31:*.deb=01;31:*.rpm=01;31:*.jar=01;31:*.war=01;31:*.ear=01;31:*.sar=01;31:*.rar=01;31:*.alz=01;31:*.ace=01;31:*.zoo=01;31:*.cpio=01;31:*.7z=01;31:*.rz=01;31:*.cab=01;31:*.wim=01;31:*.swm=01;31:*.dwm=01;31:*.esd=01;31:*.jpg=01;35:*.jpeg=01;35:*.mjpg=01;35:*.mjpeg=01;35:*.gif=01;35:*.bmp=01;35:*.pbm=01;35:*.pgm=01;35:*.ppm=01;35:*.tga=01;35:*.xbm=01;35:*.xpm=01;35:*.tif=01;35:*.tiff=01;35:*.png=01;35:*.svg=01;35:*.svgz=01;35:*.mng=01;35:*.pcx=01;35:*.mov=01;35:*.mpg=01;35:*.mpeg=01;35:*.m2v=01;35:*.mkv=01;35:*.webm=01;35:*.webp=01;35:*.ogm=01;35:*.mp4=01;35:*.m4v=01;35:*.mp4v=01;35:*.vob=01;35:*.qt=01;35:*.nuv=01;35:*.wmv=01;35:*.asf=01;35:*.rm=01;35:*.rmvb=01;35:*.flc=01;35:*.avi=01;35:*.fli=01;35:*.flv=01;35:*.gl=01;35:*.dl=01;35:*.xcf=01;35:*.xwd=01;35:*.yuv=01;35:*.cgm=01;35:*.emf=01;35:*.ogv=01;35:*.ogx=01;35:*.aac=00;36:*.au=00;36:*.flac=00;36:*.m4a=00;36:*.mid=00;36:*.midi=00;36:*.mka=00;36:*.mp3=00;36:*.mpc=00;36:*.ogg=00;36:*.ra=00;36:*.wav=00;36:*.oga=00;36:*.opus=00;36:*.spx=00;36:*.xspf=00;36:'), ('VSCODE_GIT_IPC_HANDLE', '/run/user/1000/vscode-git-167d3a068c.sock'), ('TERM_PROGRAM', 'vscode'), ('AMENT_PREFIX_PATH', '/home/joon/mission_hard/mission_hard/install/simulator:/home/joon/mission_hard/mission_hard/install/mission_manager:/home/joon/mission_hard/mission_hard/install/evaluation:/home/joon/mission_hard/mission_hard/install/autonomous_driving:/home/joon/mission_hard/mission_hard/install/ad_msgs:/home/joon/automotive_software_final/install/simulator:/home/joon/automotive_software_final/install/mission_manager:/home/joon/automotive_software_final/install/evaluation:/home/joon/automotive_software_final/install/autonomous_driving:/home/joon/automotive_software_final/install/ad_msgs:/opt/ros/humble'), ('SHELL', '/bin/bash'), ('LESSCLOSE', '/usr/bin/lesspipe %s %s'), ('VSCODE_GIT_ASKPASS_EXTRA_ARGS', ''), ('PWD', '/home/joon/mission_hard/mission_hard/build/evaluation'), ('ENABLE_IDE_INTEGRATION', 'true'), ('XDG_DATA_DIRS', '/usr/local/share:/usr/share:/var/lib/snapd/desktop'), ('PYTHONPATH', '/home/joon/mission_hard/mission_hard/install/ad_msgs/local/lib/python3.10/dist-packages:/home/joon/automotive_software_final/install/ad_msgs/local/lib/python3.10/dist-packages:/opt/ros/humble/lib/python3.10/site-packages:/opt/ros/humble/local/lib/python3.10/dist-packages'), ('COLCON', '1'), ('WSL2_GUI_APPS_ENABLED', '1'), ('HOSTTYPE', 'x86_64'), ('CMAKE_PREFIX_PATH', '/home/joon/mission_hard/mission_hard/install/ad_msgs:/home/joon/mission_hard/mission_hard/install/simulator:/home/joon/mission_hard/mission_hard/install/mission_manager:/home/joon/mission_hard/mission_hard/install/evaluation:/home/joon/mission_hard/mission_hard/install/autonomous_driving:/home/joon/automotive_software_final/install/simulator:/home/joon/automotive_software_final/install/mission_manager:/home/joon/automotive_software_final/install/evaluation:/home/joon/automotive_software_final/install/autonomous_driving:/home/joon/automotive_software_final/install/ad_msgs:/opt/ros/humble'), ('WSLENV', 'VSCODE_WSL_EXT_LOCATION/up')]), 'shell': False}
[1.017371] (autonomous_driving) CommandEnded: {'returncode': 0}
[1.018594] (autonomous_driving) JobProgress: {'identifier': 'autonomous_driving', 'progress': 'install'}
[1.019926] (autonomous_driving) Command: {'cmd': ['/usr/bin/cmake', '--install', '/home/joon/mission_hard/mission_hard/build/autonomous_driving'], 'cwd': '/home/joon/mission_hard/mission_hard/build/autonomous_driving', 'env': OrderedDict([('PYTHON_BASIC_REPL', '1'), ('LESSOPEN', '| /usr/bin/lesspipe %s'), ('USER', 'joon'), ('GIT_ASKPASS', '/home/joon/.vscode-server/bin/bf9252a2fb45be6893dd8870c0bf37e2e1766d61/extensions/git/dist/askpass.sh'), ('SHLVL', '1'), ('LD_LIBRARY_PATH', '/home/joon/mission_hard/mission_hard/install/ad_msgs/lib:/home/joon/automotive_software_final/install/ad_msgs/lib:/usr/lib/x86_64-linux-gnu/gazebo-11/plugins:/opt/ros/humble/opt/rviz_ogre_vendor/lib:/opt/ros/humble/lib/x86_64-linux-gnu:/opt/ros/humble/lib'), ('MOTD_SHOWN', 'update-motd'), ('HOME', '/home/joon'), ('OLDPWD', '/home/joon/mission_hard'), ('TERM_PROGRAM_VERSION', '1.106.3'), ('VSCODE_IPC_HOOK_CLI', '/run/user/1000/vscode-ipc-720ca6f3-2537-4b04-b3dc-21832d244e7e.sock'), ('ROS_PYTHON_VERSION', '3'), ('VSCODE_GIT_ASKPASS_MAIN', '/home/joon/.vscode-server/bin/bf9252a2fb45be6893dd8870c0bf37e2e1766d61/extensions/git/dist/askpass-main.js'), ('VSCODE_GIT_ASKPASS_NODE', '/home/joon/.vscode-server/bin/bf9252a2fb45be6893dd8870c0bf37e2e1766d61/node'), ('PYDEVD_DISABLE_FILE_VALIDATION', '1'), ('BUNDLED_DEBUGPY_PATH', '/home/joon/.vscode-server/extensions/ms-python.debugpy-2025.16.0-linux-x64/bundled/libs/debugpy'), ('VSCODE_PYTHON_AUTOACTIVATE_GUARD', '1'), ('DBUS_SESSION_BUS_ADDRESS', 'unix:path=/run/user/1000/bus'), ('COLORTERM', 'truecolor'), ('WSL_DISTRO_NAME', 'Ubuntu-22.04'), ('WAYLAND_DISPLAY', 'wayland-0'), ('COLCON_PREFIX_PATH', '/home/joon/mission_hard/mission_hard/install:/home/joon/automotive_software_final/install'), ('ROS_DISTRO', 'humble'), ('LOGNAME', 'joon'), ('NAME', 'Joon'), ('WSL_INTEROP', '/run/WSL/523_interop'), ('PULSE_SERVER', 'unix:/mnt/wslg/PulseServer'), ('_', '/usr/bin/colcon'), ('ROS_VERSION', '2'), ('CLAUDE_CODE_SSE_PORT', '20257'), ('TERM', 'xterm-256color'), ('ROS_LOCALHOST_ONLY', '0'), ('PATH', '/opt/ros/humble/bin:/usr/bin:/usr/bin:/home/joon/.vscode-server/data/User/globalStorage/github.copilot-chat/debugCommand:/home/joon/.vscode-server/data/User/globalStorage/github.copilot-chat/copilotCli:/home/joon/.vscode-server/bin/bf9252a2fb45be6893dd8870c0bf37e2e1766d61/bin/remote-cli:/home/joon/.local/bin:/usr/bin:/usr/bin:/usr/local/sbin:/usr/local/bin:/usr/sbin:/usr/bin:/sbin:/bin:/usr/games:/usr/local/games:/usr/lib/wsl/lib:/mnt/c/WINDOWS/system32:/mnt/c/WINDOWS:/mnt/c/WINDOWS/System32/Wbem:/mnt/c/WINDOWS/System32/WindowsPowerShell/v1.0/:/mnt/c/WINDOWS/System32/OpenSSH/:/mnt/c/Program Files/MATLAB/R2024b/bin:/mnt/c/Program Files/nodejs/:/mnt/c/Program Files/Git/cmd:/mnt/c/Users/ksyj0/AppData/Local/Programs/Python/Python312/Scripts/:/mnt/c/Users/ksyj0/AppData/Local/Programs/Python/Python312/:/mnt/c/Users/ksyj0/AppData/Local/Programs/Python/Launcher/:/mnt/c/Users/ksyj0/AppData/Local/Microsoft/WindowsApps:/mnt/c/Users/ksyj0/AppData/Local/Programs/Microsoft VS Code/bin:/mnt/c/Users/ksyj0/AppData/Roaming/npm:/mnt/c/Users/ksyj0/AppData/Local/SOOP:/mnt/c/Users/ksyj0/AppData/Local/Programs/Kiro/bin:/snap/bin:/home/joon/.vscode-server/extensions/ms-python.debugpy-2025.16.0-linux-x64/bundled/scripts/noConfigScripts'), ('XDG_RUNTIME_DIR', '/run/user/1000/'), ('DISPLAY', ':0'), ('VSCODE_DEBUGPY_ADAPTER_ENDPOINTS', '/home/joon/.vscode-server/extensions/ms-python.debugpy-2025.16.0-linux-x64/.noConfigDebugAdapterEndpoints/endpoint-5f6b0efddf9f6982.txt'), ('LANG', 'en_US.UTF-8'), ('PYTHONSTARTUP', '/home/joon/.vscode-server/data/User/workspaceStorage/6032d0949a26c1de4974618490f207f6-1/ms-python.python/pythonrc.py'), ('LS_COLORS', 'rs=0:di=01;34:ln=01;36:mh=00:pi=40;33:so=01;35:do=01;35:bd=40;33;01:cd=40;33;01:or=40;31;01:mi=00:su=37;41:sg=30;43:ca=30;41:tw=30;42:ow=34;42:st=37;44:ex=01;32:*.tar=01;31:*.tgz=01;31:*.arc=01;31:*.arj=01;31:*.taz=01;31:*.lha=01;31:*.lz4=01;31:*.lzh=01;31:*.lzma=01;31:*.tlz=01;31:*.txz=01;31:*.tzo=01;31:*.t7z=01;31:*.zip=01;31:*.z=01;31:*.dz=01;31:*.gz=01;31:*.lrz=01;31:*.lz=01;31:*.lzo=01;31:*.xz=01;31:*.zst=01;31:*.tzst=01;31:*.bz2=01;31:*.bz=01;31:*.tbz=01;31:*.tbz2=01;31:*.tz=01;31:*.deb=01;31:*.rpm=01;31:*.jar=01;31:*.war=01;31:*.ear=01;31:*.sar=01;31:*.rar=01;31:*.alz=01;31:*.ace=01;31:*.zoo=01;31:*.cpio=01;31:*.7z=01;31:*.rz=01;31:*.cab=01;31:*.wim=01;31:*.swm=01;31:*.dwm=01;31:*.esd=01;31:*.jpg=01;35:*.jpeg=01;35:*.mjpg=01;35:*.mjpeg=01;35:*.gif=01;35:*.bmp=01;35:*.pbm=01;35:*.pgm=01;35:*.ppm=01;35:*.tga=01;35:*.xbm=01;35:*.xpm=01;35:*.tif=01;35:*.tiff=01;35:*.png=01;35:*.svg=01;35:*.svgz=01;35:*.mng=01;35:*.pcx=01;35:*.mov=01;35:*.mpg=01;35:*.mpeg=01;35:*.m2v=01;35:*.mkv=01;35:*.webm=01;35:*.webp=01;35:*.ogm=01;35:*.mp4=01;35:*.m4v=01;35:*.mp4v=01;35:*.vob=01;35:*.qt=01;35:*.nuv=01;35:*.wmv=01;35:*.asf=01;35:*.rm=01;35:*.rmvb=01;35:*.flc=01;35:*.avi=01;35:*.fli=01;35:*.flv=01;35:*.gl=01;35:*.dl=01;35:*.xcf=01;35:*.xwd=01;35:*.yuv=01;35:*.cgm=01;35:*.emf=01;35:*.ogv=01;35:*.ogx=01;35:*.aac=00;36:*.au=00;36:*.flac=00;36:*.m4a=00;36:*.mid=00;36:*.midi=00;36:*.mka=00;36:*.mp3=00;36:*.mpc=00;36:*.ogg=00;36:*.ra=00;36:*.wav=00;36:*.oga=00;36:*.opus=00;36:*.spx=00;36:*.xspf=00;36:'), ('VSCODE_GIT_IPC_HANDLE', '/run/user/1000/vscode-git-167d3a068c.sock'), ('TERM_PROGRAM', 'vscode'), ('AMENT_PREFIX_PATH', '/home/joon/mission_hard/mission_hard/install/simulator:/home/joon/mission_hard/mission_hard/install/mission_manager:/home/joon/mission_hard/mission_hard/install/evaluation:/home/joon/mission_hard/mission_hard/install/autonomous_driving:/home/joon/mission_hard/mission_hard/install/ad_msgs:/home/joon/automotive_software_final/install/simulator:/home/joon/automotive_software_final/install/mission_manager:/home/joon/automotive_software_final/install/evaluation:/home/joon/automotive_software_final/install/autonomous_driving:/home/joon/automotive_software_final/install/ad_msgs:/opt/ros/humble'), ('SHELL', '/bin/bash'), ('LESSCLOSE', '/usr/bin/lesspipe %s %s'), ('VSCODE_GIT_ASKPASS_EXTRA_ARGS', ''), ('PWD', '/home/joon/mission_hard/mission_hard/build/autonomous_driving'), ('ENABLE_IDE_INTEGRATION', 'true'), ('XDG_DATA_DIRS', '/usr/local/share:/usr/share:/var/lib/snapd/desktop'), ('PYTHONPATH', '/home/joon/mission_hard/mission_hard/install/ad_msgs/local/lib/python3.10/dist-packages:/home/joon/automotive_software_final/install/ad_msgs/local/lib/python3.10/dist-packages:/opt/ros/humble/lib/python3.10/site-packages:/opt/ros/humble/local/lib/python3.10/dist-packages'), ('COLCON', '1'), ('WSL2_GUI_APPS_ENABLED', '1'), ('HOSTTYPE', 'x86_64'), ('CMAKE_PREFIX_PATH', '/home/joon/mission_hard/mission_hard/install/ad_msgs:/home/joon/mission_hard/mission_hard/install/simulator:/home/joon/mission_hard/mission_hard/install/mission_manager:/home/joon/mission_hard/mission_hard/install/evaluation:/home/joon/mission_hard/mission_hard/install/autonomous_driving:/home/joon/automotive_software_final/install/simulator:/home/joon/automotive_software_final/install/mission_manager:/home/joon/automotive_software_final/install/evaluation:/home/joon/automotive_software_final/install/autonomous_driving:/home/joon/automotive_software_final/install/ad_msgs:/opt/ros/humble'), ('WSLENV', 'VSCODE_WSL_EXT_LOCATION/up')]), 'shell': False}
[1.023880] (simulator) CommandEnded: {'returncode': 0}
[1.025550] (simulator) JobProgress: {'identifier': 'simulator', 'progress': 'install'}
[1.025719] (evaluation) StdoutLine: {'line': b'-- Install configuration: ""\n'}
[1.027285] (simulator) Command: {'cmd': ['/usr/bin/cmake', '--install', '/home/joon/mission_hard/mission_hard/build/simulator'], 'cwd': '/home/joon/mission_hard/mission_hard/build/simulator', 'env': OrderedDict([('PYTHON_BASIC_REPL', '1'), ('LESSOPEN', '| /usr/bin/lesspipe %s'), ('USER', 'joon'), ('GIT_ASKPASS', '/home/joon/.vscode-server/bin/bf9252a2fb45be6893dd8870c0bf37e2e1766d61/extensions/git/dist/askpass.sh'), ('SHLVL', '1'), ('LD_LIBRARY_PATH', '/home/joon/mission_hard/mission_hard/install/ad_msgs/lib:/home/joon/automotive_software_final/install/ad_msgs/lib:/usr/lib/x86_64-linux-gnu/gazebo-11/plugins:/opt/ros/humble/opt/rviz_ogre_vendor/lib:/opt/ros/humble/lib/x86_64-linux-gnu:/opt/ros/humble/lib'), ('MOTD_SHOWN', 'update-motd'), ('HOME', '/home/joon'), ('OLDPWD', '/home/joon/mission_hard'), ('TERM_PROGRAM_VERSION', '1.106.3'), ('VSCODE_IPC_HOOK_CLI', '/run/user/1000/vscode-ipc-720ca6f3-2537-4b04-b3dc-21832d244e7e.sock'), ('ROS_PYTHON_VERSION', '3'), ('VSCODE_GIT_ASKPASS_MAIN', '/home/joon/.vscode-server/bin/bf9252a2fb45be6893dd8870c0bf37e2e1766d61/extensions/git/dist/askpass-main.js'), ('VSCODE_GIT_ASKPASS_NODE', '/home/joon/.vscode-server/bin/bf9252a2fb45be6893dd8870c0bf37e2e1766d61/node'), ('PYDEVD_DISABLE_FILE_VALIDATION', '1'), ('BUNDLED_DEBUGPY_PATH', '/home/joon/.vscode-server/extensions/ms-python.debugpy-2025.16.0-linux-x64/bundled/libs/debugpy'), ('VSCODE_PYTHON_AUTOACTIVATE_GUARD', '1'), ('DBUS_SESSION_BUS_ADDRESS', 'unix:path=/run/user/1000/bus'), ('COLORTERM', 'truecolor'), ('WSL_DISTRO_NAME', 'Ubuntu-22.04'), ('WAYLAND_DISPLAY', 'wayland-0'), ('COLCON_PREFIX_PATH', '/home/joon/mission_hard/mission_hard/install:/home/joon/automotive_software_final/install'), ('ROS_DISTRO', 'humble'), ('LOGNAME', 'joon'), ('NAME', 'Joon'), ('WSL_INTEROP', '/run/WSL/523_interop'), ('PULSE_SERVER', 'unix:/mnt/wslg/PulseServer'), ('_', '/usr/bin/colcon'), ('ROS_VERSION', '2'), ('CLAUDE_CODE_SSE_PORT', '20257'), ('TERM', 'xterm-256color'), ('ROS_LOCALHOST_ONLY', '0'), ('PATH', '/opt/ros/humble/bin:/usr/bin:/usr/bin:/home/joon/.vscode-server/data/User/globalStorage/github.copilot-chat/debugCommand:/home/joon/.vscode-server/data/User/globalStorage/github.copilot-chat/copilotCli:/home/joon/.vscode-server/bin/bf9252a2fb45be6893dd8870c0bf37e2e1766d61/bin/remote-cli:/home/joon/.local/bin:/usr/bin:/usr/bin:/usr/local/sbin:/usr/local/bin:/usr/sbin:/usr/bin:/sbin:/bin:/usr/games:/usr/local/games:/usr/lib/wsl/lib:/mnt/c/WINDOWS/system32:/mnt/c/WINDOWS:/mnt/c/WINDOWS/System32/Wbem:/mnt/c/WINDOWS/System32/WindowsPowerShell/v1.0/:/mnt/c/WINDOWS/System32/OpenSSH/:/mnt/c/Program Files/MATLAB/R2024b/bin:/mnt/c/Program Files/nodejs/:/mnt/c/Program Files/Git/cmd:/mnt/c/Users/ksyj0/AppData/Local/Programs/Python/Python312/Scripts/:/mnt/c/Users/ksyj0/AppData/Local/Programs/Python/Python312/:/mnt/c/Users/ksyj0/AppData/Local/Programs/Python/Launcher/:/mnt/c/Users/ksyj0/AppData/Local/Microsoft/WindowsApps:/mnt/c/Users/ksyj0/AppData/Local/Programs/Microsoft VS Code/bin:/mnt/c/Users/ksyj0/AppData/Roaming/npm:/mnt/c/Users/ksyj0/AppData/Local/SOOP:/mnt/c/Users/ksyj0/AppData/Local/Programs/Kiro/bin:/snap/bin:/home/joon/.vscode-server/extensions/ms-python.debugpy-2025.16.0-linux-x64/bundled/scripts/noConfigScripts'), ('XDG_RUNTIME_DIR', '/run/user/1000/'), ('DISPLAY', ':0'), ('VSCODE_DEBUGPY_ADAPTER_ENDPOINTS', '/home/joon/.vscode-server/extensions/ms-python.debugpy-2025.16.0-linux-x64/.noConfigDebugAdapterEndpoints/endpoint-5f6b0efddf9f6982.txt'), ('LANG', 'en_US.UTF-8'), ('PYTHONSTARTUP', '/home/joon/.vscode-server/data/User/workspaceStorage/6032d0949a26c1de4974618490f207f6-1/ms-python.python/pythonrc.py'), ('LS_COLORS', 'rs=0:di=01;34:ln=01;36:mh=00:pi=40;33:so=01;35:do=01;35:bd=40;33;01:cd=40;33;01:or=40;31;01:mi=00:su=37;41:sg=30;43:ca=30;41:tw=30;42:ow=34;42:st=37;44:ex=01;32:*.tar=01;31:*.tgz=01;31:*.arc=01;31:*.arj=01;31:*.taz=01;31:*.lha=01;31:*.lz4=01;31:*.lzh=01;31:*.lzma=01;31:*.tlz=01;31:*.txz=01;31:*.tzo=01;31:*.t7z=01;31:*.zip=01;31:*.z=01;31:*.dz=01;31:*.gz=01;31:*.lrz=01;31:*.lz=01;31:*.lzo=01;31:*.xz=01;31:*.zst=01;31:*.tzst=01;31:*.bz2=01;31:*.bz=01;31:*.tbz=01;31:*.tbz2=01;31:*.tz=01;31:*.deb=01;31:*.rpm=01;31:*.jar=01;31:*.war=01;31:*.ear=01;31:*.sar=01;31:*.rar=01;31:*.alz=01;31:*.ace=01;31:*.zoo=01;31:*.cpio=01;31:*.7z=01;31:*.rz=01;31:*.cab=01;31:*.wim=01;31:*.swm=01;31:*.dwm=01;31:*.esd=01;31:*.jpg=01;35:*.jpeg=01;35:*.mjpg=01;35:*.mjpeg=01;35:*.gif=01;35:*.bmp=01;35:*.pbm=01;35:*.pgm=01;35:*.ppm=01;35:*.tga=01;35:*.xbm=01;35:*.xpm=01;35:*.tif=01;35:*.tiff=01;35:*.png=01;35:*.svg=01;35:*.svgz=01;35:*.mng=01;35:*.pcx=01;35:*.mov=01;35:*.mpg=01;35:*.mpeg=01;35:*.m2v=01;35:*.mkv=01;35:*.webm=01;35:*.webp=01;35:*.ogm=01;35:*.mp4=01;35:*.m4v=01;35:*.mp4v=01;35:*.vob=01;35:*.qt=01;35:*.nuv=01;35:*.wmv=01;35:*.asf=01;35:*.rm=01;35:*.rmvb=01;35:*.flc=01;35:*.avi=01;35:*.fli=01;35:*.flv=01;35:*.gl=01;35:*.dl=01;35:*.xcf=01;35:*.xwd=01;35:*.yuv=01;35:*.cgm=01;35:*.emf=01;35:*.ogv=01;35:*.ogx=01;35:*.aac=00;36:*.au=00;36:*.flac=00;36:*.m4a=00;36:*.mid=00;36:*.midi=00;36:*.mka=00;36:*.mp3=00;36:*.mpc=00;36:*.ogg=00;36:*.ra=00;36:*.wav=00;36:*.oga=00;36:*.opus=00;36:*.spx=00;36:*.xspf=00;36:'), ('VSCODE_GIT_IPC_HANDLE', '/run/user/1000/vscode-git-167d3a068c.sock'), ('TERM_PROGRAM', 'vscode'), ('AMENT_PREFIX_PATH', '/home/joon/mission_hard/mission_hard/install/simulator:/home/joon/mission_hard/mission_hard/install/mission_manager:/home/joon/mission_hard/mission_hard/install/evaluation:/home/joon/mission_hard/mission_hard/install/autonomous_driving:/home/joon/mission_hard/mission_hard/install/ad_msgs:/home/joon/automotive_software_final/install/simulator:/home/joon/automotive_software_final/install/mission_manager:/home/joon/automotive_software_final/install/evaluation:/home/joon/automotive_software_final/install/autonomous_driving:/home/joon/automotive_software_final/install/ad_msgs:/opt/ros/humble'), ('SHELL', '/bin/bash'), ('LESSCLOSE', '/usr/bin/lesspipe %s %s'), ('VSCODE_GIT_ASKPASS_EXTRA_ARGS', ''), ('PWD', '/home/joon/mission_hard/mission_hard/build/simulator'), ('ENABLE_IDE_INTEGRATION', 'true'), ('XDG_DATA_DIRS', '/usr/local/share:/usr/share:/var/lib/snapd/desktop'), ('PYTHONPATH', '/home/joon/mission_hard/mission_hard/install/ad_msgs/local/lib/python3.10/dist-packages:/home/joon/automotive_software_final/install/ad_msgs/local/lib/python3.10/dist-packages:/opt/ros/humble/lib/python3.10/site-packages:/opt/ros/humble/local/lib/python3.10/dist-packages'), ('COLCON', '1'), ('WSL2_GUI_APPS_ENABLED', '1'), ('HOSTTYPE', 'x86_64'), ('CMAKE_PREFIX_PATH', '/home/joon/mission_hard/mission_hard/install/ad_msgs:/home/joon/mission_hard/mission_hard/install/simulator:/home/joon/mission_hard/mission_hard/install/mission_manager:/home/joon/mission_hard/mission_hard/install/evaluation:/home/joon/mission_hard/mission_hard/install/autonomous_driving:/home/joon/automotive_software_final/install/simulator:/home/joon/automotive_software_final/install/mission_manager:/home/joon/automotive_software_final/install/evaluation:/home/joon/automotive_software_final/install/autonomous_driving:/home/joon/automotive_software_final/install/ad_msgs:/opt/ros/humble'), ('WSLENV', 'VSCODE_WSL_EXT_LOCATION/up')]), 'shell': False}
[1.027815] (evaluation) StdoutLine: {'line': b'-- Execute custom install script\n'}
[1.028031] (evaluation) StdoutLine: {'line': b'-- Up-to-date symlink: /home/joon/mission_hard/mission_hard/install/evaluation/lib/evaluation/evaluation\n'}
[1.028876] (evaluation) StdoutLine: {'line': b'-- Up-to-date symlink: /home/joon/mission_hard/mission_hard/install/evaluation/share/evaluation/launch/evaluation.launch.xml\n'}
[1.029104] (evaluation) StdoutLine: {'line': b'-- Up-to-date symlink: /home/joon/mission_hard/mission_hard/install/evaluation/share/evaluation/launch/evaluation.launch.xml:Zone.Identifier\n'}
[1.029318] (evaluation) StdoutLine: {'line': b'-- Up-to-date symlink: /home/joon/mission_hard/mission_hard/install/evaluation/share/ament_index/resource_index/package_run_dependencies/evaluation\n'}
[1.029489] (evaluation) StdoutLine: {'line': b'-- Up-to-date symlink: /home/joon/mission_hard/mission_hard/install/evaluation/share/ament_index/resource_index/parent_prefix_path/evaluation\n'}
[1.029671] (evaluation) StdoutLine: {'line': b'-- Up-to-date symlink: /home/joon/mission_hard/mission_hard/install/evaluation/share/evaluation/environment/ament_prefix_path.sh\n'}
[1.030317] (evaluation) StdoutLine: {'line': b'-- Up-to-date symlink: /home/joon/mission_hard/mission_hard/install/evaluation/share/evaluation/environment/ament_prefix_path.dsv\n'}
[1.030551] (evaluation) StdoutLine: {'line': b'-- Up-to-date symlink: /home/joon/mission_hard/mission_hard/install/evaluation/share/evaluation/environment/path.sh\n'}
[1.030731] (evaluation) StdoutLine: {'line': b'-- Up-to-date symlink: /home/joon/mission_hard/mission_hard/install/evaluation/share/evaluation/environment/path.dsv\n'}
[1.031087] (autonomous_driving) StdoutLine: {'line': b'-- Install configuration: ""\n'}
[1.032526] (mission_manager) CommandEnded: {'returncode': 0}
[1.033966] (evaluation) StdoutLine: {'line': b'-- Up-to-date symlink: /home/joon/mission_hard/mission_hard/install/evaluation/share/evaluation/local_setup.bash\n'}
[1.034401] (autonomous_driving) StdoutLine: {'line': b'-- Execute custom install script\n'}
[1.034656] (autonomous_driving) StdoutLine: {'line': b'-- Up-to-date symlink: /home/joon/mission_hard/mission_hard/install/autonomous_driving/lib/autonomous_driving/autonomous_driving\n'}
[1.035254] (evaluation) StdoutLine: {'line': b'-- Up-to-date symlink: /home/joon/mission_hard/mission_hard/install/evaluation/share/evaluation/local_setup.sh\n'}
[1.035481] (evaluation) StdoutLine: {'line': b'-- Up-to-date symlink: /home/joon/mission_hard/mission_hard/install/evaluation/share/evaluation/local_setup.zsh\n'}
[1.035832] (evaluation) StdoutLine: {'line': b'-- Up-to-date symlink: /home/joon/mission_hard/mission_hard/install/evaluation/share/evaluation/local_setup.dsv\n'}
[1.036296] (autonomous_driving) StdoutLine: {'line': b'-- Up-to-date symlink: /home/joon/mission_hard/mission_hard/install/autonomous_driving/share/autonomous_driving/launch/autonomous_driving.launch.xml\n'}
[1.036678] (autonomous_driving) StdoutLine: {'line': b'-- Up-to-date symlink: /home/joon/mission_hard/mission_hard/install/autonomous_driving/share/autonomous_driving/launch/autonomous_driving.launch.xml:Zone.Identifier\n'}
[1.036873] (autonomous_driving) StdoutLine: {'line': b'-- Up-to-date symlink: /home/joon/mission_hard/mission_hard/install/autonomous_driving/share/autonomous_driving/launch/autonomous_driving.launch.xml:Zone.Identifier:Zone.Identifier\n'}
[1.037049] (autonomous_driving) StdoutLine: {'line': b'-- Up-to-date symlink: /home/joon/mission_hard/mission_hard/install/autonomous_driving/share/autonomous_driving/launch/manual_driving.launch.xml\n'}
[1.037221] (evaluation) StdoutLine: {'line': b'-- Symlinking: /home/joon/mission_hard/mission_hard/install/evaluation/share/evaluation/package.dsv\n'}
[1.037799] (autonomous_driving) StdoutLine: {'line': b'-- Up-to-date symlink: /home/joon/mission_hard/mission_hard/install/autonomous_driving/share/autonomous_driving/launch/manual_driving.launch.xml:Zone.Identifier\n'}
[1.038008] (autonomous_driving) StdoutLine: {'line': b'-- Up-to-date symlink: /home/joon/mission_hard/mission_hard/install/autonomous_driving/share/autonomous_driving/launch/manual_driving.launch.xml:Zone.Identifier:Zone.Identifier\n'}
[1.038206] (autonomous_driving) StdoutLine: {'line': b'-- Up-to-date symlink: /home/joon/mission_hard/mission_hard/install/autonomous_driving/lib/autonomous_driving/simultaneous_inputs.py\n'}
[1.039603] (autonomous_driving) StdoutLine: {'line': b'-- Up-to-date symlink: /home/joon/mission_hard/mission_hard/install/autonomous_driving/share/ament_index/resource_index/package_run_dependencies/autonomous_driving\n'}
[1.042019] (autonomous_driving) StdoutLine: {'line': b'-- Up-to-date symlink: /home/joon/mission_hard/mission_hard/install/autonomous_driving/share/ament_index/resource_index/parent_prefix_path/autonomous_driving\n'}
[1.042305] (autonomous_driving) StdoutLine: {'line': b'-- Up-to-date symlink: /home/joon/mission_hard/mission_hard/install/autonomous_driving/share/autonomous_driving/environment/ament_prefix_path.sh\n'}
[1.042719] (autonomous_driving) StdoutLine: {'line': b'-- Up-to-date symlink: /home/joon/mission_hard/mission_hard/install/autonomous_driving/share/autonomous_driving/environment/ament_prefix_path.dsv\n'}
[1.042905] (autonomous_driving) StdoutLine: {'line': b'-- Up-to-date symlink: /home/joon/mission_hard/mission_hard/install/autonomous_driving/share/autonomous_driving/environment/path.sh\n'}
[1.044006] (autonomous_driving) StdoutLine: {'line': b'-- Up-to-date symlink: /home/joon/mission_hard/mission_hard/install/autonomous_driving/share/autonomous_driving/environment/path.dsv\n'}
[1.044687] (autonomous_driving) StdoutLine: {'line': b'-- Up-to-date symlink: /home/joon/mission_hard/mission_hard/install/autonomous_driving/share/autonomous_driving/local_setup.bash\n'}
[1.044786] (autonomous_driving) StdoutLine: {'line': b'-- Up-to-date symlink: /home/joon/mission_hard/mission_hard/install/autonomous_driving/share/autonomous_driving/local_setup.sh\n'}
[1.044888] (autonomous_driving) StdoutLine: {'line': b'-- Up-to-date symlink: /home/joon/mission_hard/mission_hard/install/autonomous_driving/share/autonomous_driving/local_setup.zsh\n'}
[1.045039] (autonomous_driving) StdoutLine: {'line': b'-- Up-to-date symlink: /home/joon/mission_hard/mission_hard/install/autonomous_driving/share/autonomous_driving/local_setup.dsv\n'}
[1.045201] (autonomous_driving) StdoutLine: {'line': b'-- Symlinking: /home/joon/mission_hard/mission_hard/install/autonomous_driving/share/autonomous_driving/package.dsv\n'}
[1.045342] (mission_manager) JobProgress: {'identifier': 'mission_manager', 'progress': 'install'}
[1.045393] (simulator) StdoutLine: {'line': b'-- Install configuration: ""\n'}
[1.045692] (mission_manager) Command: {'cmd': ['/usr/bin/cmake', '--install', '/home/joon/mission_hard/mission_hard/build/mission_manager'], 'cwd': '/home/joon/mission_hard/mission_hard/build/mission_manager', 'env': OrderedDict([('PYTHON_BASIC_REPL', '1'), ('LESSOPEN', '| /usr/bin/lesspipe %s'), ('USER', 'joon'), ('GIT_ASKPASS', '/home/joon/.vscode-server/bin/bf9252a2fb45be6893dd8870c0bf37e2e1766d61/extensions/git/dist/askpass.sh'), ('SHLVL', '1'), ('LD_LIBRARY_PATH', '/home/joon/mission_hard/mission_hard/install/ad_msgs/lib:/home/joon/automotive_software_final/install/ad_msgs/lib:/usr/lib/x86_64-linux-gnu/gazebo-11/plugins:/opt/ros/humble/opt/rviz_ogre_vendor/lib:/opt/ros/humble/lib/x86_64-linux-gnu:/opt/ros/humble/lib'), ('MOTD_SHOWN', 'update-motd'), ('HOME', '/home/joon'), ('OLDPWD', '/home/joon/mission_hard'), ('TERM_PROGRAM_VERSION', '1.106.3'), ('VSCODE_IPC_HOOK_CLI', '/run/user/1000/vscode-ipc-720ca6f3-2537-4b04-b3dc-21832d244e7e.sock'), ('ROS_PYTHON_VERSION', '3'), ('VSCODE_GIT_ASKPASS_MAIN', '/home/joon/.vscode-server/bin/bf9252a2fb45be6893dd8870c0bf37e2e1766d61/extensions/git/dist/askpass-main.js'), ('VSCODE_GIT_ASKPASS_NODE', '/home/joon/.vscode-server/bin/bf9252a2fb45be6893dd8870c0bf37e2e1766d61/node'), ('PYDEVD_DISABLE_FILE_VALIDATION', '1'), ('BUNDLED_DEBUGPY_PATH', '/home/joon/.vscode-server/extensions/ms-python.debugpy-2025.16.0-linux-x64/bundled/libs/debugpy'), ('VSCODE_PYTHON_AUTOACTIVATE_GUARD', '1'), ('DBUS_SESSION_BUS_ADDRESS', 'unix:path=/run/user/1000/bus'), ('COLORTERM', 'truecolor'), ('WSL_DISTRO_NAME', 'Ubuntu-22.04'), ('WAYLAND_DISPLAY', 'wayland-0'), ('COLCON_PREFIX_PATH', '/home/joon/mission_hard/mission_hard/install:/home/joon/automotive_software_final/install'), ('ROS_DISTRO', 'humble'), ('LOGNAME', 'joon'), ('NAME', 'Joon'), ('WSL_INTEROP', '/run/WSL/523_interop'), ('PULSE_SERVER', 'unix:/mnt/wslg/PulseServer'), ('_', '/usr/bin/colcon'), ('ROS_VERSION', '2'), ('CLAUDE_CODE_SSE_PORT', '20257'), ('TERM', 'xterm-256color'), ('ROS_LOCALHOST_ONLY', '0'), ('PATH', '/opt/ros/humble/bin:/usr/bin:/usr/bin:/home/joon/.vscode-server/data/User/globalStorage/github.copilot-chat/debugCommand:/home/joon/.vscode-server/data/User/globalStorage/github.copilot-chat/copilotCli:/home/joon/.vscode-server/bin/bf9252a2fb45be6893dd8870c0bf37e2e1766d61/bin/remote-cli:/home/joon/.local/bin:/usr/bin:/usr/bin:/usr/local/sbin:/usr/local/bin:/usr/sbin:/usr/bin:/sbin:/bin:/usr/games:/usr/local/games:/usr/lib/wsl/lib:/mnt/c/WINDOWS/system32:/mnt/c/WINDOWS:/mnt/c/WINDOWS/System32/Wbem:/mnt/c/WINDOWS/System32/WindowsPowerShell/v1.0/:/mnt/c/WINDOWS/System32/OpenSSH/:/mnt/c/Program Files/MATLAB/R2024b/bin:/mnt/c/Program Files/nodejs/:/mnt/c/Program Files/Git/cmd:/mnt/c/Users/ksyj0/AppData/Local/Programs/Python/Python312/Scripts/:/mnt/c/Users/ksyj0/AppData/Local/Programs/Python/Python312/:/mnt/c/Users/ksyj0/AppData/Local/Programs/Python/Launcher/:/mnt/c/Users/ksyj0/AppData/Local/Microsoft/WindowsApps:/mnt/c/Users/ksyj0/AppData/Local/Programs/Microsoft VS Code/bin:/mnt/c/Users/ksyj0/AppData/Roaming/npm:/mnt/c/Users/ksyj0/AppData/Local/SOOP:/mnt/c/Users/ksyj0/AppData/Local/Programs/Kiro/bin:/snap/bin:/home/joon/.vscode-server/extensions/ms-python.debugpy-2025.16.0-linux-x64/bundled/scripts/noConfigScripts'), ('XDG_RUNTIME_DIR', '/run/user/1000/'), ('DISPLAY', ':0'), ('VSCODE_DEBUGPY_ADAPTER_ENDPOINTS', '/home/joon/.vscode-server/extensions/ms-python.debugpy-2025.16.0-linux-x64/.noConfigDebugAdapterEndpoints/endpoint-5f6b0efddf9f6982.txt'), ('LANG', 'en_US.UTF-8'), ('PYTHONSTARTUP', '/home/joon/.vscode-server/data/User/workspaceStorage/6032d0949a26c1de4974618490f207f6-1/ms-python.python/pythonrc.py'), ('LS_COLORS', 'rs=0:di=01;34:ln=01;36:mh=00:pi=40;33:so=01;35:do=01;35:bd=40;33;01:cd=40;33;01:or=40;31;01:mi=00:su=37;41:sg=30;43:ca=30;41:tw=30;42:ow=34;42:st=37;44:ex=01;32:*.tar=01;31:*.tgz=01;31:*.arc=01;31:*.arj=01;31:*.taz=01;31:*.lha=01;31:*.lz4=01;31:*.lzh=01;31:*.lzma=01;31:*.tlz=01;31:*.txz=01;31:*.tzo=01;31:*.t7z=01;31:*.zip=01;31:*.z=01;31:*.dz=01;31:*.gz=01;31:*.lrz=01;31:*.lz=01;31:*.lzo=01;31:*.xz=01;31:*.zst=01;31:*.tzst=01;31:*.bz2=01;31:*.bz=01;31:*.tbz=01;31:*.tbz2=01;31:*.tz=01;31:*.deb=01;31:*.rpm=01;31:*.jar=01;31:*.war=01;31:*.ear=01;31:*.sar=01;31:*.rar=01;31:*.alz=01;31:*.ace=01;31:*.zoo=01;31:*.cpio=01;31:*.7z=01;31:*.rz=01;31:*.cab=01;31:*.wim=01;31:*.swm=01;31:*.dwm=01;31:*.esd=01;31:*.jpg=01;35:*.jpeg=01;35:*.mjpg=01;35:*.mjpeg=01;35:*.gif=01;35:*.bmp=01;35:*.pbm=01;35:*.pgm=01;35:*.ppm=01;35:*.tga=01;35:*.xbm=01;35:*.xpm=01;35:*.tif=01;35:*.tiff=01;35:*.png=01;35:*.svg=01;35:*.svgz=01;35:*.mng=01;35:*.pcx=01;35:*.mov=01;35:*.mpg=01;35:*.mpeg=01;35:*.m2v=01;35:*.mkv=01;35:*.webm=01;35:*.webp=01;35:*.ogm=01;35:*.mp4=01;35:*.m4v=01;35:*.mp4v=01;35:*.vob=01;35:*.qt=01;35:*.nuv=01;35:*.wmv=01;35:*.asf=01;35:*.rm=01;35:*.rmvb=01;35:*.flc=01;35:*.avi=01;35:*.fli=01;35:*.flv=01;35:*.gl=01;35:*.dl=01;35:*.xcf=01;35:*.xwd=01;35:*.yuv=01;35:*.cgm=01;35:*.emf=01;35:*.ogv=01;35:*.ogx=01;35:*.aac=00;36:*.au=00;36:*.flac=00;36:*.m4a=00;36:*.mid=00;36:*.midi=00;36:*.mka=00;36:*.mp3=00;36:*.mpc=00;36:*.ogg=00;36:*.ra=00;36:*.wav=00;36:*.oga=00;36:*.opus=00;36:*.spx=00;36:*.xspf=00;36:'), ('VSCODE_GIT_IPC_HANDLE', '/run/user/1000/vscode-git-167d3a068c.sock'), ('TERM_PROGRAM', 'vscode'), ('AMENT_PREFIX_PATH', '/home/joon/mission_hard/mission_hard/install/simulator:/home/joon/mission_hard/mission_hard/install/mission_manager:/home/joon/mission_hard/mission_hard/install/evaluation:/home/joon/mission_hard/mission_hard/install/autonomous_driving:/home/joon/mission_hard/mission_hard/install/ad_msgs:/home/joon/automotive_software_final/install/simulator:/home/joon/automotive_software_final/install/mission_manager:/home/joon/automotive_software_final/install/evaluation:/home/joon/automotive_software_final/install/autonomous_driving:/home/joon/automotive_software_final/install/ad_msgs:/opt/ros/humble'), ('SHELL', '/bin/bash'), ('LESSCLOSE', '/usr/bin/lesspipe %s %s'), ('VSCODE_GIT_ASKPASS_EXTRA_ARGS', ''), ('PWD', '/home/joon/mission_hard/mission_hard/build/mission_manager'), ('ENABLE_IDE_INTEGRATION', 'true'), ('XDG_DATA_DIRS', '/usr/local/share:/usr/share:/var/lib/snapd/desktop'), ('PYTHONPATH', '/home/joon/mission_hard/mission_hard/install/ad_msgs/local/lib/python3.10/dist-packages:/home/joon/automotive_software_final/install/ad_msgs/local/lib/python3.10/dist-packages:/opt/ros/humble/lib/python3.10/site-packages:/opt/ros/humble/local/lib/python3.10/dist-packages'), ('COLCON', '1'), ('WSL2_GUI_APPS_ENABLED', '1'), ('HOSTTYPE', 'x86_64'), ('CMAKE_PREFIX_PATH', '/home/joon/mission_hard/mission_hard/install/ad_msgs:/home/joon/mission_hard/mission_hard/install/simulator:/home/joon/mission_hard/mission_hard/install/mission_manager:/home/joon/mission_hard/mission_hard/install/evaluation:/home/joon/mission_hard/mission_hard/install/autonomous_driving:/home/joon/automotive_software_final/install/simulator:/home/joon/automotive_software_final/install/mission_manager:/home/joon/automotive_software_final/install/evaluation:/home/joon/automotive_software_final/install/autonomous_driving:/home/joon/automotive_software_final/install/ad_msgs:/opt/ros/humble'), ('WSLENV', 'VSCODE_WSL_EXT_LOCATION/up')]), 'shell': False}
[1.046234] (simulator) StdoutLine: {'line': b'-- Execute custom install script\n'}
[1.046422] (simulator) StdoutLine: {'line': b'-- Up-to-date symlink: /home/joon/mission_hard/mission_hard/install/simulator/lib/simulator/vehicle\n'}
[1.046714] (simulator) StdoutLine: {'line': b'-- Up-to-date symlink: /home/joon/mission_hard/mission_hard/install/simulator/lib/simulator/lane_detection\n'}
[1.046816] (simulator) StdoutLine: {'line': b'-- Up-to-date symlink: /home/joon/mission_hard/mission_hard/install/simulator/lib/simulator/display\n'}
[1.046884] (simulator) StdoutLine: {'line': b'-- Up-to-date symlink: /home/joon/mission_hard/mission_hard/install/simulator/share/simulator/launch/simulation.launch.xml\n'}
[1.046946] (simulator) StdoutLine: {'line': b'-- Up-to-date symlink: /home/joon/mission_hard/mission_hard/install/simulator/share/simulator/launch/simulation.launch.xml:Zone.Identifier\n'}
[1.047002] (simulator) StdoutLine: {'line': b'-- Up-to-date symlink: /home/joon/mission_hard/mission_hard/install/simulator/share/ament_index/resource_index/package_run_dependencies/simulator\n'}
[1.047063] (simulator) StdoutLine: {'line': b'-- Up-to-date symlink: /home/joon/mission_hard/mission_hard/install/simulator/share/ament_index/resource_index/parent_prefix_path/simulator\n'}
[1.047120] (simulator) StdoutLine: {'line': b'-- Up-to-date symlink: /home/joon/mission_hard/mission_hard/install/simulator/share/simulator/environment/ament_prefix_path.sh\n'}
[1.047177] (simulator) StdoutLine: {'line': b'-- Up-to-date symlink: /home/joon/mission_hard/mission_hard/install/simulator/share/simulator/environment/ament_prefix_path.dsv\n'}
[1.047230] (simulator) StdoutLine: {'line': b'-- Up-to-date symlink: /home/joon/mission_hard/mission_hard/install/simulator/share/simulator/environment/path.sh\n'}
[1.047284] (simulator) StdoutLine: {'line': b'-- Up-to-date symlink: /home/joon/mission_hard/mission_hard/install/simulator/share/simulator/environment/path.dsv\n'}
[1.047340] (simulator) StdoutLine: {'line': b'-- Up-to-date symlink: /home/joon/mission_hard/mission_hard/install/simulator/share/simulator/local_setup.bash\n'}
[1.047438] (simulator) StdoutLine: {'line': b'-- Up-to-date symlink: /home/joon/mission_hard/mission_hard/install/simulator/share/simulator/local_setup.sh\n'}
[1.047526] (simulator) StdoutLine: {'line': b'-- Up-to-date symlink: /home/joon/mission_hard/mission_hard/install/simulator/share/simulator/local_setup.zsh\n'}
[1.047600] (simulator) StdoutLine: {'line': b'-- Up-to-date symlink: /home/joon/mission_hard/mission_hard/install/simulator/share/simulator/local_setup.dsv\n'}
[1.047776] (simulator) StdoutLine: {'line': b'-- Symlinking: /home/joon/mission_hard/mission_hard/install/simulator/share/simulator/package.dsv\n'}
[1.048388] (evaluation) StdoutLine: {'line': b'-- Up-to-date symlink: /home/joon/mission_hard/mission_hard/install/evaluation/share/ament_index/resource_index/packages/evaluation\n'}
[1.048559] (evaluation) StdoutLine: {'line': b'-- Up-to-date symlink: /home/joon/mission_hard/mission_hard/install/evaluation/share/evaluation/cmake/evaluationConfig.cmake\n'}
[1.048728] (evaluation) StdoutLine: {'line': b'-- Up-to-date symlink: /home/joon/mission_hard/mission_hard/install/evaluation/share/evaluation/cmake/evaluationConfig-version.cmake\n'}
[1.049171] (evaluation) StdoutLine: {'line': b'-- Up-to-date symlink: /home/joon/mission_hard/mission_hard/install/evaluation/share/evaluation/package.xml\n'}
[1.051953] (mission_manager) StdoutLine: {'line': b'-- Install configuration: ""\n'}
[1.054589] (evaluation) CommandEnded: {'returncode': 0}
[1.055770] (mission_manager) StdoutLine: {'line': b'-- Execute custom install script\n'}
[1.056030] (mission_manager) StdoutLine: {'line': b'-- Up-to-date symlink: /home/joon/mission_hard/mission_hard/install/mission_manager/lib/mission_manager/mission_manager\n'}
[1.056395] (mission_manager) StdoutLine: {'line': b'-- Up-to-date symlink: /home/joon/mission_hard/mission_hard/install/mission_manager/share/mission_manager/launch/mission_manager.launch.xml\n'}
[1.056562] (mission_manager) StdoutLine: {'line': b'-- Up-to-date symlink: /home/joon/mission_hard/mission_hard/install/mission_manager/share/mission_manager/launch/mission_manager.launch.xml:Zone.Identifier\n'}
[1.056709] (mission_manager) StdoutLine: {'line': b'-- Up-to-date symlink: /home/joon/mission_hard/mission_hard/install/mission_manager/share/ament_index/resource_index/package_run_dependencies/mission_manager\n'}
[1.056848] (autonomous_driving) StdoutLine: {'line': b'-- Up-to-date symlink: /home/joon/mission_hard/mission_hard/install/autonomous_driving/share/ament_index/resource_index/packages/autonomous_driving\n'}
[1.057174] (autonomous_driving) StdoutLine: {'line': b'-- Up-to-date symlink: /home/joon/mission_hard/mission_hard/install/autonomous_driving/share/autonomous_driving/cmake/autonomous_drivingConfig.cmake\n'}
[1.057402] (autonomous_driving) StdoutLine: {'line': b'-- Up-to-date symlink: /home/joon/mission_hard/mission_hard/install/autonomous_driving/share/autonomous_driving/cmake/autonomous_drivingConfig-version.cmake\n'}
[1.058268] (autonomous_driving) StdoutLine: {'line': b'-- Up-to-date symlink: /home/joon/mission_hard/mission_hard/install/autonomous_driving/share/autonomous_driving/package.xml\n'}
[1.060234] (mission_manager) StdoutLine: {'line': b'-- Up-to-date symlink: /home/joon/mission_hard/mission_hard/install/mission_manager/share/ament_index/resource_index/parent_prefix_path/mission_manager\n'}
[1.060508] (mission_manager) StdoutLine: {'line': b'-- Up-to-date symlink: /home/joon/mission_hard/mission_hard/install/mission_manager/share/mission_manager/environment/ament_prefix_path.sh\n'}
[1.060702] (mission_manager) StdoutLine: {'line': b'-- Up-to-date symlink: /home/joon/mission_hard/mission_hard/install/mission_manager/share/mission_manager/environment/ament_prefix_path.dsv\n'}
[1.060835] (mission_manager) StdoutLine: {'line': b'-- Up-to-date symlink: /home/joon/mission_hard/mission_hard/install/mission_manager/share/mission_manager/environment/path.sh\n'}
[1.060956] (mission_manager) StdoutLine: {'line': b'-- Up-to-date symlink: /home/joon/mission_hard/mission_hard/install/mission_manager/share/mission_manager/environment/path.dsv\n'}
[1.061210] (mission_manager) StdoutLine: {'line': b'-- Up-to-date symlink: /home/joon/mission_hard/mission_hard/install/mission_manager/share/mission_manager/local_setup.bash\n'}
[1.061356] (mission_manager) StdoutLine: {'line': b'-- Up-to-date symlink: /home/joon/mission_hard/mission_hard/install/mission_manager/share/mission_manager/local_setup.sh\n'}
[1.061524] (mission_manager) StdoutLine: {'line': b'-- Up-to-date symlink: /home/joon/mission_hard/mission_hard/install/mission_manager/share/mission_manager/local_setup.zsh\n'}
[1.061739] (mission_manager) StdoutLine: {'line': b'-- Up-to-date symlink: /home/joon/mission_hard/mission_hard/install/mission_manager/share/mission_manager/local_setup.dsv\n'}
[1.062290] (mission_manager) StdoutLine: {'line': b'-- Symlinking: /home/joon/mission_hard/mission_hard/install/mission_manager/share/mission_manager/package.dsv\n'}
[1.062450] (simulator) StdoutLine: {'line': b'-- Up-to-date symlink: /home/joon/mission_hard/mission_hard/install/simulator/share/ament_index/resource_index/packages/simulator\n'}
[1.062810] (simulator) StdoutLine: {'line': b'-- Up-to-date symlink: /home/joon/mission_hard/mission_hard/install/simulator/share/simulator/cmake/simulatorConfig.cmake\n'}
[1.063333] (simulator) StdoutLine: {'line': b'-- Up-to-date symlink: /home/joon/mission_hard/mission_hard/install/simulator/share/simulator/cmake/simulatorConfig-version.cmake\n'}
[1.063537] (simulator) StdoutLine: {'line': b'-- Up-to-date symlink: /home/joon/mission_hard/mission_hard/install/simulator/share/simulator/package.xml\n'}
[1.072553] (mission_manager) StdoutLine: {'line': b'-- Up-to-date symlink: /home/joon/mission_hard/mission_hard/install/mission_manager/share/ament_index/resource_index/packages/mission_manager\n'}
[1.073377] (mission_manager) StdoutLine: {'line': b'-- Up-to-date symlink: /home/joon/mission_hard/mission_hard/install/mission_manager/share/mission_manager/cmake/mission_managerConfig.cmake\n'}
[1.073661] (mission_manager) StdoutLine: {'line': b'-- Up-to-date symlink: /home/joon/mission_hard/mission_hard/install/mission_manager/share/mission_manager/cmake/mission_managerConfig-version.cmake\n'}
[1.073880] (mission_manager) StdoutLine: {'line': b'-- Up-to-date symlink: /home/joon/mission_hard/mission_hard/install/mission_manager/share/mission_manager/package.xml\n'}
[1.083632] (evaluation) JobEnded: {'identifier': 'evaluation', 'rc': 0}
[1.088107] (simulator) CommandEnded: {'returncode': 0}
[1.104718] (-) TimerEvent: {}
[1.105710] (simulator) JobEnded: {'identifier': 'simulator', 'rc': 0}
[1.108013] (autonomous_driving) CommandEnded: {'returncode': 0}
[1.126257] (autonomous_driving) JobEnded: {'identifier': 'autonomous_driving', 'rc': 0}
[1.127324] (mission_manager) CommandEnded: {'returncode': 0}
[1.143531] (mission_manager) JobEnded: {'identifier': 'mission_manager', 'rc': 0}
[1.145158] (-) EventReactorShutdown: {}
