[0.000000] (-) TimerEvent: {}
[0.000450] (ad_msgs) JobQueued: {'identifier': 'ad_msgs', 'dependencies': OrderedDict()}
[0.000492] (autonomous_driving) JobQueued: {'identifier': 'autonomous_driving', 'dependencies': OrderedDict([('ad_msgs', '/home/joon/automotive_software_final/install/ad_msgs')])}
[0.000609] (evaluation) JobQueued: {'identifier': 'evaluation', 'dependencies': OrderedDict([('ad_msgs', '/home/joon/automotive_software_final/install/ad_msgs')])}
[0.000644] (mission_manager) JobQueued: {'identifier': 'mission_manager', 'dependencies': OrderedDict([('ad_msgs', '/home/joon/automotive_software_final/install/ad_msgs')])}
[0.000655] (simulator) JobQueued: {'identifier': 'simulator', 'dependencies': OrderedDict([('ad_msgs', '/home/joon/automotive_software_final/install/ad_msgs')])}
[0.000665] (ad_msgs) JobStarted: {'identifier': 'ad_msgs'}
[0.007642] (ad_msgs) JobProgress: {'identifier': 'ad_msgs', 'progress': 'cmake'}
[0.008193] (ad_msgs) JobProgress: {'identifier': 'ad_msgs', 'progress': 'build'}
[0.008963] (ad_msgs) Command: {'cmd': ['/usr/bin/cmake', '--build', '/home/joon/automotive_software_final/build/ad_msgs', '--', '-j16', '-l16'], 'cwd': '/home/joon/automotive_software_final/build/ad_msgs', 'env': OrderedDict([('PYTHON_BASIC_REPL', '1'), ('LESSOPEN', '| /usr/bin/lesspipe %s'), ('USER', 'joon'), ('GIT_ASKPASS', '/home/joon/.vscode-server/bin/bf9252a2fb45be6893dd8870c0bf37e2e1766d61/extensions/git/dist/askpass.sh'), ('SHLVL', '1'), ('LD_LIBRARY_PATH', '/home/joon/automotive_software_final/install/ad_msgs/lib:/usr/lib/x86_64-linux-gnu/gazebo-11/plugins:/opt/ros/humble/opt/rviz_ogre_vendor/lib:/opt/ros/humble/lib/x86_64-linux-gnu:/opt/ros/humble/lib'), ('HOME', '/home/joon'), ('TERM_PROGRAM_VERSION', '1.106.3'), ('VSCODE_IPC_HOOK_CLI', '/run/user/1000/vscode-ipc-6b0baac3-5733-45f7-8cf4-686e9cd27a4c.sock'), ('ROS_PYTHON_VERSION', '3'), ('VSCODE_GIT_ASKPASS_MAIN', '/home/joon/.vscode-server/bin/bf9252a2fb45be6893dd8870c0bf37e2e1766d61/extensions/git/dist/askpass-main.js'), ('VSCODE_GIT_ASKPASS_NODE', '/home/joon/.vscode-server/bin/bf9252a2fb45be6893dd8870c0bf37e2e1766d61/node'), ('PYDEVD_DISABLE_FILE_VALIDATION', '1'), ('BUNDLED_DEBUGPY_PATH', '/home/joon/.vscode-server/extensions/ms-python.debugpy-2025.16.0-linux-x64/bundled/libs/debugpy'), ('VSCODE_PYTHON_AUTOACTIVATE_GUARD', '1'), ('DBUS_SESSION_BUS_ADDRESS', 'unix:path=/run/user/1000/bus'), ('COLORTERM', 'truecolor'), ('WSL_DISTRO_NAME', 'Ubuntu-22.04'), ('WAYLAND_DISPLAY', 'wayland-0'), ('COLCON_PREFIX_PATH', '/home/joon/automotive_software_final/install'), ('ROS_DISTRO', 'humble'), ('LOGNAME', 'joon'), ('NAME', 'Joon'), ('WSL_INTEROP', '/run/WSL/509_interop'), ('PULSE_SERVER', 'unix:/mnt/wslg/PulseServer'), ('_', '/usr/bin/colcon'), ('ROS_VERSION', '2'), ('CLAUDE_CODE_SSE_PORT', '14056'), ('TERM', 'xterm-256color'), ('ROS_LOCALHOST_ONLY', '0'), ('PATH', '/opt/ros/humble/bin:/usr/bin:/usr/bin:/home/joon/.vscode-server/data/User/globalStorage/github.copilot-chat/debugCommand:/home/joon/.vscode-server/data/User/globalStorage/github.copilot-chat/copilotCli:/home/joon/.vscode-server/bin/bf9252a2fb45be6893dd8870c0bf37e2e1766d61/bin/remote-cli:/home/joon/.local/bin:/usr/bin:/usr/bin:/usr/local/sbin:/usr/local/bin:/usr/sbin:/usr/bin:/sbin:/bin:/usr/games:/usr/local/games:/usr/lib/wsl/lib:/mnt/c/WINDOWS/system32:/mnt/c/WINDOWS:/mnt/c/WINDOWS/System32/Wbem:/mnt/c/WINDOWS/System32/WindowsPowerShell/v1.0/:/mnt/c/WINDOWS/System32/OpenSSH/:/mnt/c/Program Files/MATLAB/R2024b/bin:/mnt/c/Program Files/nodejs/:/mnt/c/Program Files/Git/cmd:/mnt/c/Users/ksyj0/AppData/Local/Programs/Python/Python312/Scripts/:/mnt/c/Users/ksyj0/AppData/Local/Programs/Python/Python312/:/mnt/c/Users/ksyj0/AppData/Local/Programs/Python/Launcher/:/mnt/c/Users/ksyj0/AppData/Local/Microsoft/WindowsApps:/mnt/c/Users/ksyj0/AppData/Local/Programs/Microsoft VS Code/bin:/mnt/c/Users/ksyj0/AppData/Roaming/npm:/mnt/c/Users/ksyj0/AppData/Local/SOOP:/mnt/c/Users/ksyj0/AppData/Local/Programs/Kiro/bin:/snap/bin:/home/joon/.vscode-server/extensions/ms-python.debugpy-2025.16.0-linux-x64/bundled/scripts/noConfigScripts'), ('XDG_RUNTIME_DIR', '/run/user/1000/'), ('DISPLAY', ':0'), ('VSCODE_DEBUGPY_ADAPTER_ENDPOINTS', '/home/joon/.vscode-server/extensions/ms-python.debugpy-2025.16.0-linux-x64/.noConfigDebugAdapterEndpoints/endpoint-5f6b0efddf9f6982.txt'), ('LANG', 'en_US.UTF-8'), ('PYTHONSTARTUP', '/home/joon/.vscode-server/data/User/workspaceStorage/6032d0949a26c1de4974618490f207f6-1/ms-python.python/pythonrc.py'), ('LS_COLORS', 'rs=0:di=01;34:ln=01;36:mh=00:pi=40;33:so=01;35:do=01;35:bd=40;33;01:cd=40;33;01:or=40;31;01:mi=00:su=37;41:sg=30;43:ca=30;41:tw=30;42:ow=34;42:st=37;44:ex=01;32:*.tar=01;31:*.tgz=01;31:*.arc=01;31:*.arj=01;31:*.taz=01;31:*.lha=01;31:*.lz4=01;31:*.lzh=01;31:*.lzma=01;31:*.tlz=01;31:*.txz=01;31:*.tzo=01;31:*.t7z=01;31:*.zip=01;31:*.z=01;31:*.dz=01;31:*.gz=01;31:*.lrz=01;31:*.lz=01;31:*.lzo=01;31:*.xz=01;31:*.zst=01;31:*.tzst=01;31:*.bz2=01;31:*.bz=01;31:*.tbz=01;31:*.tbz2=01;31:*.tz=01;31:*.deb=01;31:*.rpm=01;31:*.jar=01;31:*.war=01;31:*.ear=01;31:*.sar=01;31:*.rar=01;31:*.alz=01;31:*.ace=01;31:*.zoo=01;31:*.cpio=01;31:*.7z=01;31:*.rz=01;31:*.cab=01;31:*.wim=01;31:*.swm=01;31:*.dwm=01;31:*.esd=01;31:*.jpg=01;35:*.jpeg=01;35:*.mjpg=01;35:*.mjpeg=01;35:*.gif=01;35:*.bmp=01;35:*.pbm=01;35:*.pgm=01;35:*.ppm=01;35:*.tga=01;35:*.xbm=01;35:*.xpm=01;35:*.tif=01;35:*.tiff=01;35:*.png=01;35:*.svg=01;35:*.svgz=01;35:*.mng=01;35:*.pcx=01;35:*.mov=01;35:*.mpg=01;35:*.mpeg=01;35:*.m2v=01;35:*.mkv=01;35:*.webm=01;35:*.webp=01;35:*.ogm=01;35:*.mp4=01;35:*.m4v=01;35:*.mp4v=01;35:*.vob=01;35:*.qt=01;35:*.nuv=01;35:*.wmv=01;35:*.asf=01;35:*.rm=01;35:*.rmvb=01;35:*.flc=01;35:*.avi=01;35:*.fli=01;35:*.flv=01;35:*.gl=01;35:*.dl=01;35:*.xcf=01;35:*.xwd=01;35:*.yuv=01;35:*.cgm=01;35:*.emf=01;35:*.ogv=01;35:*.ogx=01;35:*.aac=00;36:*.au=00;36:*.flac=00;36:*.m4a=00;36:*.mid=00;36:*.midi=00;36:*.mka=00;36:*.mp3=00;36:*.mpc=00;36:*.ogg=00;36:*.ra=00;36:*.wav=00;36:*.oga=00;36:*.opus=00;36:*.spx=00;36:*.xspf=00;36:'), ('VSCODE_GIT_IPC_HANDLE', '/run/user/1000/vscode-git-167d3a068c.sock'), ('TERM_PROGRAM', 'vscode'), ('AMENT_PREFIX_PATH', '/home/joon/automotive_software_final/install/simulator:/home/joon/automotive_software_final/install/mission_manager:/home/joon/automotive_software_final/install/evaluation:/home/joon/automotive_software_final/install/autonomous_driving:/home/joon/automotive_software_final/install/ad_msgs:/opt/ros/humble'), ('SHELL', '/bin/bash'), ('LESSCLOSE', '/usr/bin/lesspipe %s %s'), ('VSCODE_GIT_ASKPASS_EXTRA_ARGS', ''), ('PWD', '/home/joon/automotive_software_final/build/ad_msgs'), ('ENABLE_IDE_INTEGRATION', 'true'), ('XDG_DATA_DIRS', '/usr/local/share:/usr/share:/var/lib/snapd/desktop'), ('PYTHONPATH', '/home/joon/automotive_software_final/install/ad_msgs/local/lib/python3.10/dist-packages:/opt/ros/humble/lib/python3.10/site-packages:/opt/ros/humble/local/lib/python3.10/dist-packages'), ('COLCON', '1'), ('WSL2_GUI_APPS_ENABLED', '1'), ('HOSTTYPE', 'x86_64'), ('CMAKE_PREFIX_PATH', '/home/joon/automotive_software_final/install/simulator:/home/joon/automotive_software_final/install/mission_manager:/home/joon/automotive_software_final/install/evaluation:/home/joon/automotive_software_final/install/autonomous_driving:/home/joon/automotive_software_final/install/ad_msgs:/opt/ros/humble'), ('WSLENV', 'VSCODE_WSL_EXT_LOCATION/up')]), 'shell': False}
[0.050687] (ad_msgs) StdoutLine: {'line': b'[  0%] Built target ad_msgs__cpp\n'}
[0.051696] (ad_msgs) StdoutLine: {'line': b'[ 12%] Built target ad_msgs__rosidl_generator_c\n'}
[0.055374] (ad_msgs) StdoutLine: {'line': b'[ 12%] Built target ament_cmake_python_symlink_ad_msgs\n'}
[0.075845] (ad_msgs) StdoutLine: {'line': b'[ 32%] Built target ad_msgs__rosidl_typesupport_c\n'}
[0.077222] (ad_msgs) StdoutLine: {'line': b'[ 42%] Built target ad_msgs__rosidl_typesupport_introspection_c\n'}
[0.078687] (ad_msgs) StdoutLine: {'line': b'[ 48%] Built target ad_msgs__rosidl_typesupport_fastrtps_cpp\n'}
[0.080543] (ad_msgs) StdoutLine: {'line': b'[ 69%] Built target ad_msgs__rosidl_typesupport_cpp\n'}
[0.081538] (ad_msgs) StdoutLine: {'line': b'[ 76%] Built target ad_msgs__rosidl_typesupport_fastrtps_c\n'}
[0.082282] (ad_msgs) StdoutLine: {'line': b'[ 82%] Built target ad_msgs__rosidl_typesupport_introspection_cpp\n'}
[0.097409] (ad_msgs) StdoutLine: {'line': b'[ 82%] Built target ad_msgs\n'}
[0.099605] (-) TimerEvent: {}
[0.115399] (ad_msgs) StdoutLine: {'line': b'[ 83%] Built target ad_msgs__py\n'}
[0.137009] (ad_msgs) StdoutLine: {'line': b'[ 94%] Built target ad_msgs__rosidl_generator_py\n'}
[0.156269] (ad_msgs) StdoutLine: {'line': b'[ 98%] Built target ad_msgs__rosidl_typesupport_fastrtps_c__pyext\n'}
[0.156610] (ad_msgs) StdoutLine: {'line': b'[ 96%] Built target ad_msgs__rosidl_typesupport_introspection_c__pyext\n'}
[0.156721] (ad_msgs) StdoutLine: {'line': b'[100%] Built target ad_msgs__rosidl_typesupport_c__pyext\n'}
[0.199734] (-) TimerEvent: {}
[0.239721] (ad_msgs) StdoutLine: {'line': b'running egg_info\n'}
[0.240425] (ad_msgs) StdoutLine: {'line': b'writing ad_msgs.egg-info/PKG-INFO\n'}
[0.240736] (ad_msgs) StdoutLine: {'line': b'writing dependency_links to ad_msgs.egg-info/dependency_links.txt\n'}
[0.241105] (ad_msgs) StdoutLine: {'line': b'writing top-level names to ad_msgs.egg-info/top_level.txt\n'}
[0.244161] (ad_msgs) StdoutLine: {'line': b"reading manifest file 'ad_msgs.egg-info/SOURCES.txt'\n"}
[0.244834] (ad_msgs) StdoutLine: {'line': b"writing manifest file 'ad_msgs.egg-info/SOURCES.txt'\n"}
[0.272080] (ad_msgs) StdoutLine: {'line': b'[100%] Built target ament_cmake_python_build_ad_msgs_egg\n'}
[0.282395] (ad_msgs) CommandEnded: {'returncode': 0}
[0.282974] (ad_msgs) JobProgress: {'identifier': 'ad_msgs', 'progress': 'install'}
[0.290667] (ad_msgs) Command: {'cmd': ['/usr/bin/cmake', '--install', '/home/joon/automotive_software_final/build/ad_msgs'], 'cwd': '/home/joon/automotive_software_final/build/ad_msgs', 'env': OrderedDict([('PYTHON_BASIC_REPL', '1'), ('LESSOPEN', '| /usr/bin/lesspipe %s'), ('USER', 'joon'), ('GIT_ASKPASS', '/home/joon/.vscode-server/bin/bf9252a2fb45be6893dd8870c0bf37e2e1766d61/extensions/git/dist/askpass.sh'), ('SHLVL', '1'), ('LD_LIBRARY_PATH', '/home/joon/automotive_software_final/install/ad_msgs/lib:/usr/lib/x86_64-linux-gnu/gazebo-11/plugins:/opt/ros/humble/opt/rviz_ogre_vendor/lib:/opt/ros/humble/lib/x86_64-linux-gnu:/opt/ros/humble/lib'), ('HOME', '/home/joon'), ('TERM_PROGRAM_VERSION', '1.106.3'), ('VSCODE_IPC_HOOK_CLI', '/run/user/1000/vscode-ipc-6b0baac3-5733-45f7-8cf4-686e9cd27a4c.sock'), ('ROS_PYTHON_VERSION', '3'), ('VSCODE_GIT_ASKPASS_MAIN', '/home/joon/.vscode-server/bin/bf9252a2fb45be6893dd8870c0bf37e2e1766d61/extensions/git/dist/askpass-main.js'), ('VSCODE_GIT_ASKPASS_NODE', '/home/joon/.vscode-server/bin/bf9252a2fb45be6893dd8870c0bf37e2e1766d61/node'), ('PYDEVD_DISABLE_FILE_VALIDATION', '1'), ('BUNDLED_DEBUGPY_PATH', '/home/joon/.vscode-server/extensions/ms-python.debugpy-2025.16.0-linux-x64/bundled/libs/debugpy'), ('VSCODE_PYTHON_AUTOACTIVATE_GUARD', '1'), ('DBUS_SESSION_BUS_ADDRESS', 'unix:path=/run/user/1000/bus'), ('COLORTERM', 'truecolor'), ('WSL_DISTRO_NAME', 'Ubuntu-22.04'), ('WAYLAND_DISPLAY', 'wayland-0'), ('COLCON_PREFIX_PATH', '/home/joon/automotive_software_final/install'), ('ROS_DISTRO', 'humble'), ('LOGNAME', 'joon'), ('NAME', 'Joon'), ('WSL_INTEROP', '/run/WSL/509_interop'), ('PULSE_SERVER', 'unix:/mnt/wslg/PulseServer'), ('_', '/usr/bin/colcon'), ('ROS_VERSION', '2'), ('CLAUDE_CODE_SSE_PORT', '14056'), ('TERM', 'xterm-256color'), ('ROS_LOCALHOST_ONLY', '0'), ('PATH', '/opt/ros/humble/bin:/usr/bin:/usr/bin:/home/joon/.vscode-server/data/User/globalStorage/github.copilot-chat/debugCommand:/home/joon/.vscode-server/data/User/globalStorage/github.copilot-chat/copilotCli:/home/joon/.vscode-server/bin/bf9252a2fb45be6893dd8870c0bf37e2e1766d61/bin/remote-cli:/home/joon/.local/bin:/usr/bin:/usr/bin:/usr/local/sbin:/usr/local/bin:/usr/sbin:/usr/bin:/sbin:/bin:/usr/games:/usr/local/games:/usr/lib/wsl/lib:/mnt/c/WINDOWS/system32:/mnt/c/WINDOWS:/mnt/c/WINDOWS/System32/Wbem:/mnt/c/WINDOWS/System32/WindowsPowerShell/v1.0/:/mnt/c/WINDOWS/System32/OpenSSH/:/mnt/c/Program Files/MATLAB/R2024b/bin:/mnt/c/Program Files/nodejs/:/mnt/c/Program Files/Git/cmd:/mnt/c/Users/ksyj0/AppData/Local/Programs/Python/Python312/Scripts/:/mnt/c/Users/ksyj0/AppData/Local/Programs/Python/Python312/:/mnt/c/Users/ksyj0/AppData/Local/Programs/Python/Launcher/:/mnt/c/Users/ksyj0/AppData/Local/Microsoft/WindowsApps:/mnt/c/Users/ksyj0/AppData/Local/Programs/Microsoft VS Code/bin:/mnt/c/Users/ksyj0/AppData/Roaming/npm:/mnt/c/Users/ksyj0/AppData/Local/SOOP:/mnt/c/Users/ksyj0/AppData/Local/Programs/Kiro/bin:/snap/bin:/home/joon/.vscode-server/extensions/ms-python.debugpy-2025.16.0-linux-x64/bundled/scripts/noConfigScripts'), ('XDG_RUNTIME_DIR', '/run/user/1000/'), ('DISPLAY', ':0'), ('VSCODE_DEBUGPY_ADAPTER_ENDPOINTS', '/home/joon/.vscode-server/extensions/ms-python.debugpy-2025.16.0-linux-x64/.noConfigDebugAdapterEndpoints/endpoint-5f6b0efddf9f6982.txt'), ('LANG', 'en_US.UTF-8'), ('PYTHONSTARTUP', '/home/joon/.vscode-server/data/User/workspaceStorage/6032d0949a26c1de4974618490f207f6-1/ms-python.python/pythonrc.py'), ('LS_COLORS', 'rs=0:di=01;34:ln=01;36:mh=00:pi=40;33:so=01;35:do=01;35:bd=40;33;01:cd=40;33;01:or=40;31;01:mi=00:su=37;41:sg=30;43:ca=30;41:tw=30;42:ow=34;42:st=37;44:ex=01;32:*.tar=01;31:*.tgz=01;31:*.arc=01;31:*.arj=01;31:*.taz=01;31:*.lha=01;31:*.lz4=01;31:*.lzh=01;31:*.lzma=01;31:*.tlz=01;31:*.txz=01;31:*.tzo=01;31:*.t7z=01;31:*.zip=01;31:*.z=01;31:*.dz=01;31:*.gz=01;31:*.lrz=01;31:*.lz=01;31:*.lzo=01;31:*.xz=01;31:*.zst=01;31:*.tzst=01;31:*.bz2=01;31:*.bz=01;31:*.tbz=01;31:*.tbz2=01;31:*.tz=01;31:*.deb=01;31:*.rpm=01;31:*.jar=01;31:*.war=01;31:*.ear=01;31:*.sar=01;31:*.rar=01;31:*.alz=01;31:*.ace=01;31:*.zoo=01;31:*.cpio=01;31:*.7z=01;31:*.rz=01;31:*.cab=01;31:*.wim=01;31:*.swm=01;31:*.dwm=01;31:*.esd=01;31:*.jpg=01;35:*.jpeg=01;35:*.mjpg=01;35:*.mjpeg=01;35:*.gif=01;35:*.bmp=01;35:*.pbm=01;35:*.pgm=01;35:*.ppm=01;35:*.tga=01;35:*.xbm=01;35:*.xpm=01;35:*.tif=01;35:*.tiff=01;35:*.png=01;35:*.svg=01;35:*.svgz=01;35:*.mng=01;35:*.pcx=01;35:*.mov=01;35:*.mpg=01;35:*.mpeg=01;35:*.m2v=01;35:*.mkv=01;35:*.webm=01;35:*.webp=01;35:*.ogm=01;35:*.mp4=01;35:*.m4v=01;35:*.mp4v=01;35:*.vob=01;35:*.qt=01;35:*.nuv=01;35:*.wmv=01;35:*.asf=01;35:*.rm=01;35:*.rmvb=01;35:*.flc=01;35:*.avi=01;35:*.fli=01;35:*.flv=01;35:*.gl=01;35:*.dl=01;35:*.xcf=01;35:*.xwd=01;35:*.yuv=01;35:*.cgm=01;35:*.emf=01;35:*.ogv=01;35:*.ogx=01;35:*.aac=00;36:*.au=00;36:*.flac=00;36:*.m4a=00;36:*.mid=00;36:*.midi=00;36:*.mka=00;36:*.mp3=00;36:*.mpc=00;36:*.ogg=00;36:*.ra=00;36:*.wav=00;36:*.oga=00;36:*.opus=00;36:*.spx=00;36:*.xspf=00;36:'), ('VSCODE_GIT_IPC_HANDLE', '/run/user/1000/vscode-git-167d3a068c.sock'), ('TERM_PROGRAM', 'vscode'), ('AMENT_PREFIX_PATH', '/home/joon/automotive_software_final/install/simulator:/home/joon/automotive_software_final/install/mission_manager:/home/joon/automotive_software_final/install/evaluation:/home/joon/automotive_software_final/install/autonomous_driving:/home/joon/automotive_software_final/install/ad_msgs:/opt/ros/humble'), ('SHELL', '/bin/bash'), ('LESSCLOSE', '/usr/bin/lesspipe %s %s'), ('VSCODE_GIT_ASKPASS_EXTRA_ARGS', ''), ('PWD', '/home/joon/automotive_software_final/build/ad_msgs'), ('ENABLE_IDE_INTEGRATION', 'true'), ('XDG_DATA_DIRS', '/usr/local/share:/usr/share:/var/lib/snapd/desktop'), ('PYTHONPATH', '/home/joon/automotive_software_final/install/ad_msgs/local/lib/python3.10/dist-packages:/opt/ros/humble/lib/python3.10/site-packages:/opt/ros/humble/local/lib/python3.10/dist-packages'), ('COLCON', '1'), ('WSL2_GUI_APPS_ENABLED', '1'), ('HOSTTYPE', 'x86_64'), ('CMAKE_PREFIX_PATH', '/home/joon/automotive_software_final/install/simulator:/home/joon/automotive_software_final/install/mission_manager:/home/joon/automotive_software_final/install/evaluation:/home/joon/automotive_software_final/install/autonomous_driving:/home/joon/automotive_software_final/install/ad_msgs:/opt/ros/humble'), ('WSLENV', 'VSCODE_WSL_EXT_LOCATION/up')]), 'shell': False}
[0.296391] (ad_msgs) StdoutLine: {'line': b'-- Install configuration: ""\n'}
[0.296898] (ad_msgs) StdoutLine: {'line': b'-- Execute custom install script\n'}
[0.297176] (ad_msgs) StdoutLine: {'line': b'-- Up-to-date symlink: /home/joon/automotive_software_final/install/ad_msgs/share/ament_index/resource_index/rosidl_interfaces/ad_msgs\n'}
[0.297731] (ad_msgs) StdoutLine: {'line': b'-- Up-to-date symlink: /home/joon/automotive_software_final/install/ad_msgs/include/ad_msgs/ad_msgs/msg/detail/lane_point_data__functions.h\n'}
[0.298011] (ad_msgs) StdoutLine: {'line': b'-- Up-to-date symlink: /home/joon/automotive_software_final/install/ad_msgs/include/ad_msgs/ad_msgs/msg/detail/lane_point_data__struct.h\n'}
[0.298312] (ad_msgs) StdoutLine: {'line': b'-- Up-to-date symlink: /home/joon/automotive_software_final/install/ad_msgs/include/ad_msgs/ad_msgs/msg/detail/lane_point_data__type_support.h\n'}
[0.298416] (ad_msgs) StdoutLine: {'line': b'-- Up-to-date symlink: /home/joon/automotive_software_final/install/ad_msgs/include/ad_msgs/ad_msgs/msg/detail/lane_point_data_array__functions.h\n'}
[0.298932] (ad_msgs) StdoutLine: {'line': b'-- Up-to-date symlink: /home/joon/automotive_software_final/install/ad_msgs/include/ad_msgs/ad_msgs/msg/detail/lane_point_data_array__struct.h\n'}
[0.298998] (ad_msgs) StdoutLine: {'line': b'-- Up-to-date symlink: /home/joon/automotive_software_final/install/ad_msgs/include/ad_msgs/ad_msgs/msg/detail/lane_point_data_array__type_support.h\n'}
[0.299064] (ad_msgs) StdoutLine: {'line': b'-- Up-to-date symlink: /home/joon/automotive_software_final/install/ad_msgs/include/ad_msgs/ad_msgs/msg/detail/mission__functions.h\n'}
[0.299149] (ad_msgs) StdoutLine: {'line': b'-- Up-to-date symlink: /home/joon/automotive_software_final/install/ad_msgs/include/ad_msgs/ad_msgs/msg/detail/mission__struct.h\n'}
[0.299232] (ad_msgs) StdoutLine: {'line': b'-- Up-to-date symlink: /home/joon/automotive_software_final/install/ad_msgs/include/ad_msgs/ad_msgs/msg/detail/mission__type_support.h\n'}
[0.299314] (ad_msgs) StdoutLine: {'line': b'-- Up-to-date symlink: /home/joon/automotive_software_final/install/ad_msgs/include/ad_msgs/ad_msgs/msg/detail/mission_display__functions.h\n'}
[0.299396] (ad_msgs) StdoutLine: {'line': b'-- Up-to-date symlink: /home/joon/automotive_software_final/install/ad_msgs/include/ad_msgs/ad_msgs/msg/detail/mission_display__struct.h\n'}
[0.299478] (ad_msgs) StdoutLine: {'line': b'-- Up-to-date symlink: /home/joon/automotive_software_final/install/ad_msgs/include/ad_msgs/ad_msgs/msg/detail/mission_display__type_support.h\n'}
[0.299560] (ad_msgs) StdoutLine: {'line': b'-- Up-to-date symlink: /home/joon/automotive_software_final/install/ad_msgs/include/ad_msgs/ad_msgs/msg/detail/mission_object__functions.h\n'}
[0.299710] (ad_msgs) StdoutLine: {'line': b'-- Up-to-date symlink: /home/joon/automotive_software_final/install/ad_msgs/include/ad_msgs/ad_msgs/msg/detail/mission_object__struct.h\n'}
[0.299748] (-) TimerEvent: {}
[0.299895] (ad_msgs) StdoutLine: {'line': b'-- Up-to-date symlink: /home/joon/automotive_software_final/install/ad_msgs/include/ad_msgs/ad_msgs/msg/detail/mission_object__type_support.h\n'}
[0.299939] (ad_msgs) StdoutLine: {'line': b'-- Up-to-date symlink: /home/joon/automotive_software_final/install/ad_msgs/include/ad_msgs/ad_msgs/msg/detail/mission_region__functions.h\n'}
[0.299996] (ad_msgs) StdoutLine: {'line': b'-- Up-to-date symlink: /home/joon/automotive_software_final/install/ad_msgs/include/ad_msgs/ad_msgs/msg/detail/mission_region__struct.h\n'}
[0.300079] (ad_msgs) StdoutLine: {'line': b'-- Up-to-date symlink: /home/joon/automotive_software_final/install/ad_msgs/include/ad_msgs/ad_msgs/msg/detail/mission_region__type_support.h\n'}
[0.300162] (ad_msgs) StdoutLine: {'line': b'-- Up-to-date symlink: /home/joon/automotive_software_final/install/ad_msgs/include/ad_msgs/ad_msgs/msg/detail/polyfit_lane_data__functions.h\n'}
[0.300217] (ad_msgs) StdoutLine: {'line': b'-- Up-to-date symlink: /home/joon/automotive_software_final/install/ad_msgs/include/ad_msgs/ad_msgs/msg/detail/polyfit_lane_data__struct.h\n'}
[0.300355] (ad_msgs) StdoutLine: {'line': b'-- Up-to-date symlink: /home/joon/automotive_software_final/install/ad_msgs/include/ad_msgs/ad_msgs/msg/detail/polyfit_lane_data__type_support.h\n'}
[0.300391] (ad_msgs) StdoutLine: {'line': b'-- Up-to-date symlink: /home/joon/automotive_software_final/install/ad_msgs/include/ad_msgs/ad_msgs/msg/detail/polyfit_lane_data_array__functions.h\n'}
[0.300443] (ad_msgs) StdoutLine: {'line': b'-- Up-to-date symlink: /home/joon/automotive_software_final/install/ad_msgs/include/ad_msgs/ad_msgs/msg/detail/polyfit_lane_data_array__struct.h\n'}
[0.300578] (ad_msgs) StdoutLine: {'line': b'-- Up-to-date symlink: /home/joon/automotive_software_final/install/ad_msgs/include/ad_msgs/ad_msgs/msg/detail/polyfit_lane_data_array__type_support.h\n'}
[0.300616] (ad_msgs) StdoutLine: {'line': b'-- Up-to-date symlink: /home/joon/automotive_software_final/install/ad_msgs/include/ad_msgs/ad_msgs/msg/detail/vehicle_command__functions.h\n'}
[0.300646] (ad_msgs) StdoutLine: {'line': b'-- Up-to-date symlink: /home/joon/automotive_software_final/install/ad_msgs/include/ad_msgs/ad_msgs/msg/detail/vehicle_command__struct.h\n'}
[0.300698] (ad_msgs) StdoutLine: {'line': b'-- Up-to-date symlink: /home/joon/automotive_software_final/install/ad_msgs/include/ad_msgs/ad_msgs/msg/detail/vehicle_command__type_support.h\n'}
[0.300768] (ad_msgs) StdoutLine: {'line': b'-- Up-to-date symlink: /home/joon/automotive_software_final/install/ad_msgs/include/ad_msgs/ad_msgs/msg/detail/vehicle_state__functions.h\n'}
[0.300834] (ad_msgs) StdoutLine: {'line': b'-- Up-to-date symlink: /home/joon/automotive_software_final/install/ad_msgs/include/ad_msgs/ad_msgs/msg/detail/vehicle_state__struct.h\n'}
[0.300904] (ad_msgs) StdoutLine: {'line': b'-- Up-to-date symlink: /home/joon/automotive_software_final/install/ad_msgs/include/ad_msgs/ad_msgs/msg/detail/vehicle_state__type_support.h\n'}
[0.300967] (ad_msgs) StdoutLine: {'line': b'-- Up-to-date symlink: /home/joon/automotive_software_final/install/ad_msgs/include/ad_msgs/ad_msgs/msg/lane_point_data.h\n'}
[0.301030] (ad_msgs) StdoutLine: {'line': b'-- Up-to-date symlink: /home/joon/automotive_software_final/install/ad_msgs/include/ad_msgs/ad_msgs/msg/lane_point_data_array.h\n'}
[0.301178] (ad_msgs) StdoutLine: {'line': b'-- Up-to-date symlink: /home/joon/automotive_software_final/install/ad_msgs/include/ad_msgs/ad_msgs/msg/mission.h\n'}
[0.301329] (ad_msgs) StdoutLine: {'line': b'-- Up-to-date symlink: /home/joon/automotive_software_final/install/ad_msgs/include/ad_msgs/ad_msgs/msg/mission_display.h\n'}
[0.301367] (ad_msgs) StdoutLine: {'line': b'-- Up-to-date symlink: /home/joon/automotive_software_final/install/ad_msgs/include/ad_msgs/ad_msgs/msg/mission_object.h\n'}
[0.301397] (ad_msgs) StdoutLine: {'line': b'-- Up-to-date symlink: /home/joon/automotive_software_final/install/ad_msgs/include/ad_msgs/ad_msgs/msg/mission_region.h\n'}
[0.301457] (ad_msgs) StdoutLine: {'line': b'-- Up-to-date symlink: /home/joon/automotive_software_final/install/ad_msgs/include/ad_msgs/ad_msgs/msg/polyfit_lane_data.h\n'}
[0.301521] (ad_msgs) StdoutLine: {'line': b'-- Up-to-date symlink: /home/joon/automotive_software_final/install/ad_msgs/include/ad_msgs/ad_msgs/msg/polyfit_lane_data_array.h\n'}
[0.301738] (ad_msgs) StdoutLine: {'line': b'-- Up-to-date symlink: /home/joon/automotive_software_final/install/ad_msgs/include/ad_msgs/ad_msgs/msg/rosidl_generator_c__visibility_control.h\n'}
[0.301820] (ad_msgs) StdoutLine: {'line': b'-- Up-to-date symlink: /home/joon/automotive_software_final/install/ad_msgs/include/ad_msgs/ad_msgs/msg/vehicle_command.h\n'}
[0.301885] (ad_msgs) StdoutLine: {'line': b'-- Up-to-date symlink: /home/joon/automotive_software_final/install/ad_msgs/include/ad_msgs/ad_msgs/msg/vehicle_state.h\n'}
[0.302192] (ad_msgs) StdoutLine: {'line': b'-- Up-to-date symlink: /home/joon/automotive_software_final/install/ad_msgs/share/ad_msgs/environment/library_path.sh\n'}
[0.302274] (ad_msgs) StdoutLine: {'line': b'-- Up-to-date symlink: /home/joon/automotive_software_final/install/ad_msgs/share/ad_msgs/environment/library_path.dsv\n'}
[0.302376] (ad_msgs) StdoutLine: {'line': b'-- Up-to-date symlink: /home/joon/automotive_software_final/install/ad_msgs/include/ad_msgs/ad_msgs/msg/detail/lane_point_data__rosidl_typesupport_fastrtps_c.h\n'}
[0.302414] (ad_msgs) StdoutLine: {'line': b'-- Up-to-date symlink: /home/joon/automotive_software_final/install/ad_msgs/include/ad_msgs/ad_msgs/msg/detail/lane_point_data_array__rosidl_typesupport_fastrtps_c.h\n'}
[0.302442] (ad_msgs) StdoutLine: {'line': b'-- Up-to-date symlink: /home/joon/automotive_software_final/install/ad_msgs/include/ad_msgs/ad_msgs/msg/detail/mission__rosidl_typesupport_fastrtps_c.h\n'}
[0.302504] (ad_msgs) StdoutLine: {'line': b'-- Up-to-date symlink: /home/joon/automotive_software_final/install/ad_msgs/include/ad_msgs/ad_msgs/msg/detail/mission_display__rosidl_typesupport_fastrtps_c.h\n'}
[0.302587] (ad_msgs) StdoutLine: {'line': b'-- Up-to-date symlink: /home/joon/automotive_software_final/install/ad_msgs/include/ad_msgs/ad_msgs/msg/detail/mission_object__rosidl_typesupport_fastrtps_c.h\n'}
[0.302646] (ad_msgs) StdoutLine: {'line': b'-- Up-to-date symlink: /home/joon/automotive_software_final/install/ad_msgs/include/ad_msgs/ad_msgs/msg/detail/mission_region__rosidl_typesupport_fastrtps_c.h\n'}
[0.302728] (ad_msgs) StdoutLine: {'line': b'-- Up-to-date symlink: /home/joon/automotive_software_final/install/ad_msgs/include/ad_msgs/ad_msgs/msg/detail/polyfit_lane_data__rosidl_typesupport_fastrtps_c.h\n'}
[0.302813] (ad_msgs) StdoutLine: {'line': b'-- Up-to-date symlink: /home/joon/automotive_software_final/install/ad_msgs/include/ad_msgs/ad_msgs/msg/detail/polyfit_lane_data_array__rosidl_typesupport_fastrtps_c.h\n'}
[0.302893] (ad_msgs) StdoutLine: {'line': b'-- Up-to-date symlink: /home/joon/automotive_software_final/install/ad_msgs/include/ad_msgs/ad_msgs/msg/detail/vehicle_command__rosidl_typesupport_fastrtps_c.h\n'}
[0.302974] (ad_msgs) StdoutLine: {'line': b'-- Up-to-date symlink: /home/joon/automotive_software_final/install/ad_msgs/include/ad_msgs/ad_msgs/msg/detail/vehicle_state__rosidl_typesupport_fastrtps_c.h\n'}
[0.303157] (ad_msgs) StdoutLine: {'line': b'-- Up-to-date symlink: /home/joon/automotive_software_final/install/ad_msgs/include/ad_msgs/ad_msgs/msg/rosidl_typesupport_fastrtps_c__visibility_control.h\n'}
[0.303200] (ad_msgs) StdoutLine: {'line': b'-- Up-to-date symlink: /home/joon/automotive_software_final/install/ad_msgs/include/ad_msgs/ad_msgs/msg/detail/lane_point_data__rosidl_typesupport_introspection_c.h\n'}
[0.303227] (ad_msgs) StdoutLine: {'line': b'-- Up-to-date symlink: /home/joon/automotive_software_final/install/ad_msgs/include/ad_msgs/ad_msgs/msg/detail/lane_point_data_array__rosidl_typesupport_introspection_c.h\n'}
[0.303254] (ad_msgs) StdoutLine: {'line': b'-- Up-to-date symlink: /home/joon/automotive_software_final/install/ad_msgs/include/ad_msgs/ad_msgs/msg/detail/mission__rosidl_typesupport_introspection_c.h\n'}
[0.303280] (ad_msgs) StdoutLine: {'line': b'-- Up-to-date symlink: /home/joon/automotive_software_final/install/ad_msgs/include/ad_msgs/ad_msgs/msg/detail/mission_display__rosidl_typesupport_introspection_c.h\n'}
[0.303305] (ad_msgs) StdoutLine: {'line': b'-- Up-to-date symlink: /home/joon/automotive_software_final/install/ad_msgs/include/ad_msgs/ad_msgs/msg/detail/mission_object__rosidl_typesupport_introspection_c.h\n'}
[0.303331] (ad_msgs) StdoutLine: {'line': b'-- Up-to-date symlink: /home/joon/automotive_software_final/install/ad_msgs/include/ad_msgs/ad_msgs/msg/detail/mission_region__rosidl_typesupport_introspection_c.h\n'}
[0.303355] (ad_msgs) StdoutLine: {'line': b'-- Up-to-date symlink: /home/joon/automotive_software_final/install/ad_msgs/include/ad_msgs/ad_msgs/msg/detail/polyfit_lane_data__rosidl_typesupport_introspection_c.h\n'}
[0.303381] (ad_msgs) StdoutLine: {'line': b'-- Up-to-date symlink: /home/joon/automotive_software_final/install/ad_msgs/include/ad_msgs/ad_msgs/msg/detail/polyfit_lane_data_array__rosidl_typesupport_introspection_c.h\n'}
[0.303405] (ad_msgs) StdoutLine: {'line': b'-- Up-to-date symlink: /home/joon/automotive_software_final/install/ad_msgs/include/ad_msgs/ad_msgs/msg/detail/vehicle_command__rosidl_typesupport_introspection_c.h\n'}
[0.303429] (ad_msgs) StdoutLine: {'line': b'-- Up-to-date symlink: /home/joon/automotive_software_final/install/ad_msgs/include/ad_msgs/ad_msgs/msg/detail/vehicle_state__rosidl_typesupport_introspection_c.h\n'}
[0.303457] (ad_msgs) StdoutLine: {'line': b'-- Up-to-date symlink: /home/joon/automotive_software_final/install/ad_msgs/include/ad_msgs/ad_msgs/msg/rosidl_typesupport_introspection_c__visibility_control.h\n'}
[0.303631] (ad_msgs) StdoutLine: {'line': b'-- Up-to-date symlink: /home/joon/automotive_software_final/install/ad_msgs/include/ad_msgs/ad_msgs/msg/detail/lane_point_data__builder.hpp\n'}
[0.303973] (ad_msgs) StdoutLine: {'line': b'-- Up-to-date symlink: /home/joon/automotive_software_final/install/ad_msgs/include/ad_msgs/ad_msgs/msg/detail/lane_point_data__struct.hpp\n'}
[0.304267] (ad_msgs) StdoutLine: {'line': b'-- Up-to-date symlink: /home/joon/automotive_software_final/install/ad_msgs/include/ad_msgs/ad_msgs/msg/detail/lane_point_data__traits.hpp\n'}
[0.304351] (ad_msgs) StdoutLine: {'line': b'-- Up-to-date symlink: /home/joon/automotive_software_final/install/ad_msgs/include/ad_msgs/ad_msgs/msg/detail/lane_point_data__type_support.hpp\n'}
[0.304673] (ad_msgs) StdoutLine: {'line': b'-- Up-to-date symlink: /home/joon/automotive_software_final/install/ad_msgs/include/ad_msgs/ad_msgs/msg/detail/lane_point_data_array__builder.hpp\n'}
[0.304826] (ad_msgs) StdoutLine: {'line': b'-- Up-to-date symlink: /home/joon/automotive_software_final/install/ad_msgs/include/ad_msgs/ad_msgs/msg/detail/lane_point_data_array__struct.hpp\n'}
[0.304964] (ad_msgs) StdoutLine: {'line': b'-- Up-to-date symlink: /home/joon/automotive_software_final/install/ad_msgs/include/ad_msgs/ad_msgs/msg/detail/lane_point_data_array__traits.hpp\n'}
[0.305020] (ad_msgs) StdoutLine: {'line': b'-- Up-to-date symlink: /home/joon/automotive_software_final/install/ad_msgs/include/ad_msgs/ad_msgs/msg/detail/lane_point_data_array__type_support.hpp\n'}
[0.305069] (ad_msgs) StdoutLine: {'line': b'-- Up-to-date symlink: /home/joon/automotive_software_final/install/ad_msgs/include/ad_msgs/ad_msgs/msg/detail/mission__builder.hpp\n'}
[0.305099] (ad_msgs) StdoutLine: {'line': b'-- Up-to-date symlink: /home/joon/automotive_software_final/install/ad_msgs/include/ad_msgs/ad_msgs/msg/detail/mission__struct.hpp\n'}
[0.305176] (ad_msgs) StdoutLine: {'line': b'-- Up-to-date symlink: /home/joon/automotive_software_final/install/ad_msgs/include/ad_msgs/ad_msgs/msg/detail/mission__traits.hpp\n'}
[0.305388] (ad_msgs) StdoutLine: {'line': b'-- Up-to-date symlink: /home/joon/automotive_software_final/install/ad_msgs/include/ad_msgs/ad_msgs/msg/detail/mission__type_support.hpp\n'}
[0.305656] (ad_msgs) StdoutLine: {'line': b'-- Up-to-date symlink: /home/joon/automotive_software_final/install/ad_msgs/include/ad_msgs/ad_msgs/msg/detail/mission_display__builder.hpp\n'}
[0.305724] (ad_msgs) StdoutLine: {'line': b'-- Up-to-date symlink: /home/joon/automotive_software_final/install/ad_msgs/include/ad_msgs/ad_msgs/msg/detail/mission_display__struct.hpp\n'}
[0.305979] (ad_msgs) StdoutLine: {'line': b'-- Up-to-date symlink: /home/joon/automotive_software_final/install/ad_msgs/include/ad_msgs/ad_msgs/msg/detail/mission_display__traits.hpp\n'}
[0.306435] (ad_msgs) StdoutLine: {'line': b'-- Up-to-date symlink: /home/joon/automotive_software_final/install/ad_msgs/include/ad_msgs/ad_msgs/msg/detail/mission_display__type_support.hpp\n'}
[0.306680] (ad_msgs) StdoutLine: {'line': b'-- Up-to-date symlink: /home/joon/automotive_software_final/install/ad_msgs/include/ad_msgs/ad_msgs/msg/detail/mission_object__builder.hpp\n'}
[0.306835] (ad_msgs) StdoutLine: {'line': b'-- Up-to-date symlink: /home/joon/automotive_software_final/install/ad_msgs/include/ad_msgs/ad_msgs/msg/detail/mission_object__struct.hpp\n'}
[0.306923] (ad_msgs) StdoutLine: {'line': b'-- Up-to-date symlink: /home/joon/automotive_software_final/install/ad_msgs/include/ad_msgs/ad_msgs/msg/detail/mission_object__traits.hpp\n'}
[0.307065] (ad_msgs) StdoutLine: {'line': b'-- Up-to-date symlink: /home/joon/automotive_software_final/install/ad_msgs/include/ad_msgs/ad_msgs/msg/detail/mission_object__type_support.hpp\n'}
[0.307289] (ad_msgs) StdoutLine: {'line': b'-- Up-to-date symlink: /home/joon/automotive_software_final/install/ad_msgs/include/ad_msgs/ad_msgs/msg/detail/mission_region__builder.hpp\n'}
[0.307375] (ad_msgs) StdoutLine: {'line': b'-- Up-to-date symlink: /home/joon/automotive_software_final/install/ad_msgs/include/ad_msgs/ad_msgs/msg/detail/mission_region__struct.hpp\n'}
[0.307497] (ad_msgs) StdoutLine: {'line': b'-- Up-to-date symlink: /home/joon/automotive_software_final/install/ad_msgs/include/ad_msgs/ad_msgs/msg/detail/mission_region__traits.hpp\n'}
[0.307553] (ad_msgs) StdoutLine: {'line': b'-- Up-to-date symlink: /home/joon/automotive_software_final/install/ad_msgs/include/ad_msgs/ad_msgs/msg/detail/mission_region__type_support.hpp\n'}
[0.307602] (ad_msgs) StdoutLine: {'line': b'-- Up-to-date symlink: /home/joon/automotive_software_final/install/ad_msgs/include/ad_msgs/ad_msgs/msg/detail/polyfit_lane_data__builder.hpp\n'}
[0.307661] (ad_msgs) StdoutLine: {'line': b'-- Up-to-date symlink: /home/joon/automotive_software_final/install/ad_msgs/include/ad_msgs/ad_msgs/msg/detail/polyfit_lane_data__struct.hpp\n'}
[0.307715] (ad_msgs) StdoutLine: {'line': b'-- Up-to-date symlink: /home/joon/automotive_software_final/install/ad_msgs/include/ad_msgs/ad_msgs/msg/detail/polyfit_lane_data__traits.hpp\n'}
[0.307801] (ad_msgs) StdoutLine: {'line': b'-- Up-to-date symlink: /home/joon/automotive_software_final/install/ad_msgs/include/ad_msgs/ad_msgs/msg/detail/polyfit_lane_data__type_support.hpp\n'}
[0.307932] (ad_msgs) StdoutLine: {'line': b'-- Up-to-date symlink: /home/joon/automotive_software_final/install/ad_msgs/include/ad_msgs/ad_msgs/msg/detail/polyfit_lane_data_array__builder.hpp\n'}
[0.308006] (ad_msgs) StdoutLine: {'line': b'-- Up-to-date symlink: /home/joon/automotive_software_final/install/ad_msgs/include/ad_msgs/ad_msgs/msg/detail/polyfit_lane_data_array__struct.hpp\n'}
[0.308253] (ad_msgs) StdoutLine: {'line': b'-- Up-to-date symlink: /home/joon/automotive_software_final/install/ad_msgs/include/ad_msgs/ad_msgs/msg/detail/polyfit_lane_data_array__traits.hpp\n'}
[0.308343] (ad_msgs) StdoutLine: {'line': b'-- Up-to-date symlink: /home/joon/automotive_software_final/install/ad_msgs/include/ad_msgs/ad_msgs/msg/detail/polyfit_lane_data_array__type_support.hpp\n'}
[0.308456] (ad_msgs) StdoutLine: {'line': b'-- Up-to-date symlink: /home/joon/automotive_software_final/install/ad_msgs/include/ad_msgs/ad_msgs/msg/detail/vehicle_command__builder.hpp\n'}
[0.308531] (ad_msgs) StdoutLine: {'line': b'-- Up-to-date symlink: /home/joon/automotive_software_final/install/ad_msgs/include/ad_msgs/ad_msgs/msg/detail/vehicle_command__struct.hpp\n'}
[0.308592] (ad_msgs) StdoutLine: {'line': b'-- Up-to-date symlink: /home/joon/automotive_software_final/install/ad_msgs/include/ad_msgs/ad_msgs/msg/detail/vehicle_command__traits.hpp\n'}
[0.308647] (ad_msgs) StdoutLine: {'line': b'-- Up-to-date symlink: /home/joon/automotive_software_final/install/ad_msgs/include/ad_msgs/ad_msgs/msg/detail/vehicle_command__type_support.hpp\n'}
[0.308779] (ad_msgs) StdoutLine: {'line': b'-- Up-to-date symlink: /home/joon/automotive_software_final/install/ad_msgs/include/ad_msgs/ad_msgs/msg/detail/vehicle_state__builder.hpp\n'}
[0.308887] (ad_msgs) StdoutLine: {'line': b'-- Up-to-date symlink: /home/joon/automotive_software_final/install/ad_msgs/include/ad_msgs/ad_msgs/msg/detail/vehicle_state__struct.hpp\n'}
[0.308969] (ad_msgs) StdoutLine: {'line': b'-- Up-to-date symlink: /home/joon/automotive_software_final/install/ad_msgs/include/ad_msgs/ad_msgs/msg/detail/vehicle_state__traits.hpp\n'}
[0.309030] (ad_msgs) StdoutLine: {'line': b'-- Up-to-date symlink: /home/joon/automotive_software_final/install/ad_msgs/include/ad_msgs/ad_msgs/msg/detail/vehicle_state__type_support.hpp\n'}
[0.309113] (ad_msgs) StdoutLine: {'line': b'-- Up-to-date symlink: /home/joon/automotive_software_final/install/ad_msgs/include/ad_msgs/ad_msgs/msg/lane_point_data.hpp\n'}
[0.309249] (ad_msgs) StdoutLine: {'line': b'-- Up-to-date symlink: /home/joon/automotive_software_final/install/ad_msgs/include/ad_msgs/ad_msgs/msg/lane_point_data_array.hpp\n'}
[0.309362] (ad_msgs) StdoutLine: {'line': b'-- Up-to-date symlink: /home/joon/automotive_software_final/install/ad_msgs/include/ad_msgs/ad_msgs/msg/mission.hpp\n'}
[0.309450] (ad_msgs) StdoutLine: {'line': b'-- Up-to-date symlink: /home/joon/automotive_software_final/install/ad_msgs/include/ad_msgs/ad_msgs/msg/mission_display.hpp\n'}
[0.309512] (ad_msgs) StdoutLine: {'line': b'-- Up-to-date symlink: /home/joon/automotive_software_final/install/ad_msgs/include/ad_msgs/ad_msgs/msg/mission_object.hpp\n'}
[0.309631] (ad_msgs) StdoutLine: {'line': b'-- Up-to-date symlink: /home/joon/automotive_software_final/install/ad_msgs/include/ad_msgs/ad_msgs/msg/mission_region.hpp\n'}
[0.309717] (ad_msgs) StdoutLine: {'line': b'-- Up-to-date symlink: /home/joon/automotive_software_final/install/ad_msgs/include/ad_msgs/ad_msgs/msg/polyfit_lane_data.hpp\n'}
[0.309832] (ad_msgs) StdoutLine: {'line': b'-- Up-to-date symlink: /home/joon/automotive_software_final/install/ad_msgs/include/ad_msgs/ad_msgs/msg/polyfit_lane_data_array.hpp\n'}
[0.309998] (ad_msgs) StdoutLine: {'line': b'-- Up-to-date symlink: /home/joon/automotive_software_final/install/ad_msgs/include/ad_msgs/ad_msgs/msg/rosidl_generator_cpp__visibility_control.hpp\n'}
[0.310043] (ad_msgs) StdoutLine: {'line': b'-- Up-to-date symlink: /home/joon/automotive_software_final/install/ad_msgs/include/ad_msgs/ad_msgs/msg/vehicle_command.hpp\n'}
[0.310076] (ad_msgs) StdoutLine: {'line': b'-- Up-to-date symlink: /home/joon/automotive_software_final/install/ad_msgs/include/ad_msgs/ad_msgs/msg/vehicle_state.hpp\n'}
[0.310277] (ad_msgs) StdoutLine: {'line': b'-- Up-to-date symlink: /home/joon/automotive_software_final/install/ad_msgs/include/ad_msgs/ad_msgs/msg/detail/lane_point_data__rosidl_typesupport_fastrtps_cpp.hpp\n'}
[0.310347] (ad_msgs) StdoutLine: {'line': b'-- Up-to-date symlink: /home/joon/automotive_software_final/install/ad_msgs/include/ad_msgs/ad_msgs/msg/detail/lane_point_data_array__rosidl_typesupport_fastrtps_cpp.hpp\n'}
[0.310378] (ad_msgs) StdoutLine: {'line': b'-- Up-to-date symlink: /home/joon/automotive_software_final/install/ad_msgs/include/ad_msgs/ad_msgs/msg/detail/mission__rosidl_typesupport_fastrtps_cpp.hpp\n'}
[0.310405] (ad_msgs) StdoutLine: {'line': b'-- Up-to-date symlink: /home/joon/automotive_software_final/install/ad_msgs/include/ad_msgs/ad_msgs/msg/detail/mission_display__rosidl_typesupport_fastrtps_cpp.hpp\n'}
[0.310431] (ad_msgs) StdoutLine: {'line': b'-- Up-to-date symlink: /home/joon/automotive_software_final/install/ad_msgs/include/ad_msgs/ad_msgs/msg/detail/mission_object__rosidl_typesupport_fastrtps_cpp.hpp\n'}
[0.310466] (ad_msgs) StdoutLine: {'line': b'-- Up-to-date symlink: /home/joon/automotive_software_final/install/ad_msgs/include/ad_msgs/ad_msgs/msg/detail/mission_region__rosidl_typesupport_fastrtps_cpp.hpp\n'}
[0.310523] (ad_msgs) StdoutLine: {'line': b'-- Up-to-date symlink: /home/joon/automotive_software_final/install/ad_msgs/include/ad_msgs/ad_msgs/msg/detail/polyfit_lane_data__rosidl_typesupport_fastrtps_cpp.hpp\n'}
[0.310610] (ad_msgs) StdoutLine: {'line': b'-- Up-to-date symlink: /home/joon/automotive_software_final/install/ad_msgs/include/ad_msgs/ad_msgs/msg/detail/polyfit_lane_data_array__rosidl_typesupport_fastrtps_cpp.hpp\n'}
[0.310949] (ad_msgs) StdoutLine: {'line': b'-- Up-to-date symlink: /home/joon/automotive_software_final/install/ad_msgs/include/ad_msgs/ad_msgs/msg/detail/vehicle_command__rosidl_typesupport_fastrtps_cpp.hpp\n'}
[0.311000] (ad_msgs) StdoutLine: {'line': b'-- Up-to-date symlink: /home/joon/automotive_software_final/install/ad_msgs/include/ad_msgs/ad_msgs/msg/detail/vehicle_state__rosidl_typesupport_fastrtps_cpp.hpp\n'}
[0.311027] (ad_msgs) StdoutLine: {'line': b'-- Up-to-date symlink: /home/joon/automotive_software_final/install/ad_msgs/include/ad_msgs/ad_msgs/msg/rosidl_typesupport_fastrtps_cpp__visibility_control.h\n'}
[0.311054] (ad_msgs) StdoutLine: {'line': b'-- Up-to-date symlink: /home/joon/automotive_software_final/install/ad_msgs/include/ad_msgs/ad_msgs/msg/detail/lane_point_data__rosidl_typesupport_introspection_cpp.hpp\n'}
[0.311088] (ad_msgs) StdoutLine: {'line': b'-- Up-to-date symlink: /home/joon/automotive_software_final/install/ad_msgs/include/ad_msgs/ad_msgs/msg/detail/lane_point_data_array__rosidl_typesupport_introspection_cpp.hpp\n'}
[0.311113] (ad_msgs) StdoutLine: {'line': b'-- Up-to-date symlink: /home/joon/automotive_software_final/install/ad_msgs/include/ad_msgs/ad_msgs/msg/detail/mission__rosidl_typesupport_introspection_cpp.hpp\n'}
[0.311138] (ad_msgs) StdoutLine: {'line': b'-- Up-to-date symlink: /home/joon/automotive_software_final/install/ad_msgs/include/ad_msgs/ad_msgs/msg/detail/mission_display__rosidl_typesupport_introspection_cpp.hpp\n'}
[0.311162] (ad_msgs) StdoutLine: {'line': b'-- Up-to-date symlink: /home/joon/automotive_software_final/install/ad_msgs/include/ad_msgs/ad_msgs/msg/detail/mission_object__rosidl_typesupport_introspection_cpp.hpp\n'}
[0.311187] (ad_msgs) StdoutLine: {'line': b'-- Up-to-date symlink: /home/joon/automotive_software_final/install/ad_msgs/include/ad_msgs/ad_msgs/msg/detail/mission_region__rosidl_typesupport_introspection_cpp.hpp\n'}
[0.311217] (ad_msgs) StdoutLine: {'line': b'-- Up-to-date symlink: /home/joon/automotive_software_final/install/ad_msgs/include/ad_msgs/ad_msgs/msg/detail/polyfit_lane_data__rosidl_typesupport_introspection_cpp.hpp\n'}
[0.311241] (ad_msgs) StdoutLine: {'line': b'-- Up-to-date symlink: /home/joon/automotive_software_final/install/ad_msgs/include/ad_msgs/ad_msgs/msg/detail/polyfit_lane_data_array__rosidl_typesupport_introspection_cpp.hpp\n'}
[0.311266] (ad_msgs) StdoutLine: {'line': b'-- Up-to-date symlink: /home/joon/automotive_software_final/install/ad_msgs/include/ad_msgs/ad_msgs/msg/detail/vehicle_command__rosidl_typesupport_introspection_cpp.hpp\n'}
[0.311291] (ad_msgs) StdoutLine: {'line': b'-- Up-to-date symlink: /home/joon/automotive_software_final/install/ad_msgs/include/ad_msgs/ad_msgs/msg/detail/vehicle_state__rosidl_typesupport_introspection_cpp.hpp\n'}
[0.311354] (ad_msgs) StdoutLine: {'line': b'-- Up-to-date symlink: /home/joon/automotive_software_final/install/ad_msgs/share/ad_msgs/environment/pythonpath.sh\n'}
[0.311415] (ad_msgs) StdoutLine: {'line': b'-- Up-to-date symlink: /home/joon/automotive_software_final/install/ad_msgs/share/ad_msgs/environment/pythonpath.dsv\n'}
[0.311469] (ad_msgs) StdoutLine: {'line': b'-- Up-to-date symlink: /home/joon/automotive_software_final/install/ad_msgs/local/lib/python3.10/dist-packages/ad_msgs-0.0.0-py3.10.egg-info/PKG-INFO\n'}
[0.311713] (ad_msgs) StdoutLine: {'line': b'-- Up-to-date symlink: /home/joon/automotive_software_final/install/ad_msgs/local/lib/python3.10/dist-packages/ad_msgs-0.0.0-py3.10.egg-info/SOURCES.txt\n'}
[0.311784] (ad_msgs) StdoutLine: {'line': b'-- Up-to-date symlink: /home/joon/automotive_software_final/install/ad_msgs/local/lib/python3.10/dist-packages/ad_msgs-0.0.0-py3.10.egg-info/dependency_links.txt\n'}
[0.312048] (ad_msgs) StdoutLine: {'line': b'-- Up-to-date symlink: /home/joon/automotive_software_final/install/ad_msgs/local/lib/python3.10/dist-packages/ad_msgs-0.0.0-py3.10.egg-info/top_level.txt\n'}
[0.312317] (ad_msgs) StdoutLine: {'line': b'-- Up-to-date symlink: /home/joon/automotive_software_final/install/ad_msgs/local/lib/python3.10/dist-packages/ad_msgs/__init__.py\n'}
[0.312460] (ad_msgs) StdoutLine: {'line': b'-- Up-to-date symlink: /home/joon/automotive_software_final/install/ad_msgs/local/lib/python3.10/dist-packages/ad_msgs/_ad_msgs_s.ep.rosidl_typesupport_c.c\n'}
[0.312574] (ad_msgs) StdoutLine: {'line': b'-- Up-to-date symlink: /home/joon/automotive_software_final/install/ad_msgs/local/lib/python3.10/dist-packages/ad_msgs/_ad_msgs_s.ep.rosidl_typesupport_fastrtps_c.c\n'}
[0.312826] (ad_msgs) StdoutLine: {'line': b'-- Up-to-date symlink: /home/joon/automotive_software_final/install/ad_msgs/local/lib/python3.10/dist-packages/ad_msgs/_ad_msgs_s.ep.rosidl_typesupport_introspection_c.c\n'}
[0.312905] (ad_msgs) StdoutLine: {'line': b'-- Up-to-date symlink: /home/joon/automotive_software_final/install/ad_msgs/local/lib/python3.10/dist-packages/ad_msgs/ad_msgs_s__rosidl_typesupport_c.cpython-310-x86_64-linux-gnu.so\n'}
[0.313125] (ad_msgs) StdoutLine: {'line': b'-- Up-to-date symlink: /home/joon/automotive_software_final/install/ad_msgs/local/lib/python3.10/dist-packages/ad_msgs/ad_msgs_s__rosidl_typesupport_fastrtps_c.cpython-310-x86_64-linux-gnu.so\n'}
[0.313282] (ad_msgs) StdoutLine: {'line': b'-- Up-to-date symlink: /home/joon/automotive_software_final/install/ad_msgs/local/lib/python3.10/dist-packages/ad_msgs/ad_msgs_s__rosidl_typesupport_introspection_c.cpython-310-x86_64-linux-gnu.so\n'}
[0.313357] (ad_msgs) StdoutLine: {'line': b'-- Up-to-date symlink: /home/joon/automotive_software_final/install/ad_msgs/local/lib/python3.10/dist-packages/ad_msgs/libad_msgs__rosidl_generator_py.so\n'}
[0.313417] (ad_msgs) StdoutLine: {'line': b'-- Up-to-date symlink: /home/joon/automotive_software_final/install/ad_msgs/local/lib/python3.10/dist-packages/ad_msgs/msg/__init__.py\n'}
[0.313480] (ad_msgs) StdoutLine: {'line': b'-- Up-to-date symlink: /home/joon/automotive_software_final/install/ad_msgs/local/lib/python3.10/dist-packages/ad_msgs/msg/_lane_point_data.py\n'}
[0.313554] (ad_msgs) StdoutLine: {'line': b'-- Up-to-date symlink: /home/joon/automotive_software_final/install/ad_msgs/local/lib/python3.10/dist-packages/ad_msgs/msg/_lane_point_data_array.py\n'}
[0.313702] (ad_msgs) StdoutLine: {'line': b'-- Up-to-date symlink: /home/joon/automotive_software_final/install/ad_msgs/local/lib/python3.10/dist-packages/ad_msgs/msg/_lane_point_data_array_s.c\n'}
[0.313865] (ad_msgs) StdoutLine: {'line': b'-- Up-to-date symlink: /home/joon/automotive_software_final/install/ad_msgs/local/lib/python3.10/dist-packages/ad_msgs/msg/_lane_point_data_s.c\n'}
[0.313904] (ad_msgs) StdoutLine: {'line': b'-- Up-to-date symlink: /home/joon/automotive_software_final/install/ad_msgs/local/lib/python3.10/dist-packages/ad_msgs/msg/_mission.py\n'}
[0.313936] (ad_msgs) StdoutLine: {'line': b'-- Up-to-date symlink: /home/joon/automotive_software_final/install/ad_msgs/local/lib/python3.10/dist-packages/ad_msgs/msg/_mission_display.py\n'}
[0.313965] (ad_msgs) StdoutLine: {'line': b'-- Up-to-date symlink: /home/joon/automotive_software_final/install/ad_msgs/local/lib/python3.10/dist-packages/ad_msgs/msg/_mission_display_s.c\n'}
[0.314025] (ad_msgs) StdoutLine: {'line': b'-- Up-to-date symlink: /home/joon/automotive_software_final/install/ad_msgs/local/lib/python3.10/dist-packages/ad_msgs/msg/_mission_object.py\n'}
[0.314083] (ad_msgs) StdoutLine: {'line': b'-- Up-to-date symlink: /home/joon/automotive_software_final/install/ad_msgs/local/lib/python3.10/dist-packages/ad_msgs/msg/_mission_object_s.c\n'}
[0.314161] (ad_msgs) StdoutLine: {'line': b'-- Up-to-date symlink: /home/joon/automotive_software_final/install/ad_msgs/local/lib/python3.10/dist-packages/ad_msgs/msg/_mission_region.py\n'}
[0.314234] (ad_msgs) StdoutLine: {'line': b'-- Up-to-date symlink: /home/joon/automotive_software_final/install/ad_msgs/local/lib/python3.10/dist-packages/ad_msgs/msg/_mission_region_s.c\n'}
[0.314437] (ad_msgs) StdoutLine: {'line': b'-- Up-to-date symlink: /home/joon/automotive_software_final/install/ad_msgs/local/lib/python3.10/dist-packages/ad_msgs/msg/_mission_s.c\n'}
[0.314479] (ad_msgs) StdoutLine: {'line': b'-- Up-to-date symlink: /home/joon/automotive_software_final/install/ad_msgs/local/lib/python3.10/dist-packages/ad_msgs/msg/_polyfit_lane_data.py\n'}
[0.314508] (ad_msgs) StdoutLine: {'line': b'-- Up-to-date symlink: /home/joon/automotive_software_final/install/ad_msgs/local/lib/python3.10/dist-packages/ad_msgs/msg/_polyfit_lane_data_array.py\n'}
[0.314537] (ad_msgs) StdoutLine: {'line': b'-- Up-to-date symlink: /home/joon/automotive_software_final/install/ad_msgs/local/lib/python3.10/dist-packages/ad_msgs/msg/_polyfit_lane_data_array_s.c\n'}
[0.314565] (ad_msgs) StdoutLine: {'line': b'-- Up-to-date symlink: /home/joon/automotive_software_final/install/ad_msgs/local/lib/python3.10/dist-packages/ad_msgs/msg/_polyfit_lane_data_s.c\n'}
[0.314602] (ad_msgs) StdoutLine: {'line': b'-- Up-to-date symlink: /home/joon/automotive_software_final/install/ad_msgs/local/lib/python3.10/dist-packages/ad_msgs/msg/_vehicle_command.py\n'}
[0.314773] (ad_msgs) StdoutLine: {'line': b'-- Up-to-date symlink: /home/joon/automotive_software_final/install/ad_msgs/local/lib/python3.10/dist-packages/ad_msgs/msg/_vehicle_command_s.c\n'}
[0.315049] (ad_msgs) StdoutLine: {'line': b'-- Up-to-date symlink: /home/joon/automotive_software_final/install/ad_msgs/local/lib/python3.10/dist-packages/ad_msgs/msg/_vehicle_state.py\n'}
[0.315211] (ad_msgs) StdoutLine: {'line': b'-- Up-to-date symlink: /home/joon/automotive_software_final/install/ad_msgs/local/lib/python3.10/dist-packages/ad_msgs/msg/_vehicle_state_s.c\n'}
[0.315385] (ad_msgs) StdoutLine: {'line': b'-- Up-to-date symlink: /home/joon/automotive_software_final/install/ad_msgs/local/lib/python3.10/dist-packages/ad_msgs/ad_msgs_s__rosidl_typesupport_fastrtps_c.cpython-310-x86_64-linux-gnu.so\n'}
[0.315421] (ad_msgs) StdoutLine: {'line': b'-- Up-to-date symlink: /home/joon/automotive_software_final/install/ad_msgs/local/lib/python3.10/dist-packages/ad_msgs/ad_msgs_s__rosidl_typesupport_introspection_c.cpython-310-x86_64-linux-gnu.so\n'}
[0.315450] (ad_msgs) StdoutLine: {'line': b'-- Up-to-date symlink: /home/joon/automotive_software_final/install/ad_msgs/local/lib/python3.10/dist-packages/ad_msgs/ad_msgs_s__rosidl_typesupport_c.cpython-310-x86_64-linux-gnu.so\n'}
[0.315503] (ad_msgs) StdoutLine: {'line': b'-- Up-to-date symlink: /home/joon/automotive_software_final/install/ad_msgs/share/ad_msgs/msg/VehicleState.idl\n'}
[0.315722] (ad_msgs) StdoutLine: {'line': b'-- Up-to-date symlink: /home/joon/automotive_software_final/install/ad_msgs/share/ad_msgs/msg/VehicleCommand.idl\n'}
[0.315803] (ad_msgs) StdoutLine: {'line': b'-- Up-to-date symlink: /home/joon/automotive_software_final/install/ad_msgs/share/ad_msgs/msg/Mission.idl\n'}
[0.315860] (ad_msgs) StdoutLine: {'line': b'-- Up-to-date symlink: /home/joon/automotive_software_final/install/ad_msgs/share/ad_msgs/msg/MissionObject.idl\n'}
[0.316043] (ad_msgs) StdoutLine: {'line': b'-- Up-to-date symlink: /home/joon/automotive_software_final/install/ad_msgs/share/ad_msgs/msg/MissionRegion.idl\n'}
[0.316081] (ad_msgs) StdoutLine: {'line': b'-- Up-to-date symlink: /home/joon/automotive_software_final/install/ad_msgs/share/ad_msgs/msg/MissionDisplay.idl\n'}
[0.316109] (ad_msgs) StdoutLine: {'line': b'-- Up-to-date symlink: /home/joon/automotive_software_final/install/ad_msgs/share/ad_msgs/msg/PolyfitLaneData.idl\n'}
[0.316137] (ad_msgs) StdoutLine: {'line': b'-- Up-to-date symlink: /home/joon/automotive_software_final/install/ad_msgs/share/ad_msgs/msg/LanePointData.idl\n'}
[0.316263] (ad_msgs) StdoutLine: {'line': b'-- Up-to-date symlink: /home/joon/automotive_software_final/install/ad_msgs/share/ad_msgs/msg/LanePointDataArray.idl\n'}
[0.316491] (ad_msgs) StdoutLine: {'line': b'-- Up-to-date symlink: /home/joon/automotive_software_final/install/ad_msgs/share/ad_msgs/msg/PolyfitLaneDataArray.idl\n'}
[0.316635] (ad_msgs) StdoutLine: {'line': b'-- Up-to-date symlink: /home/joon/automotive_software_final/install/ad_msgs/share/ad_msgs/msg/VehicleState.msg\n'}
[0.316672] (ad_msgs) StdoutLine: {'line': b'-- Up-to-date symlink: /home/joon/automotive_software_final/install/ad_msgs/share/ad_msgs/msg/VehicleCommand.msg\n'}
[0.316701] (ad_msgs) StdoutLine: {'line': b'-- Up-to-date symlink: /home/joon/automotive_software_final/install/ad_msgs/share/ad_msgs/msg/Mission.msg\n'}
[0.316729] (ad_msgs) StdoutLine: {'line': b'-- Up-to-date symlink: /home/joon/automotive_software_final/install/ad_msgs/share/ad_msgs/msg/MissionObject.msg\n'}
[0.316780] (ad_msgs) StdoutLine: {'line': b'-- Up-to-date symlink: /home/joon/automotive_software_final/install/ad_msgs/share/ad_msgs/msg/MissionRegion.msg\n'}
[0.316935] (ad_msgs) StdoutLine: {'line': b'-- Up-to-date symlink: /home/joon/automotive_software_final/install/ad_msgs/share/ad_msgs/msg/MissionDisplay.msg\n'}
[0.316968] (ad_msgs) StdoutLine: {'line': b'-- Up-to-date symlink: /home/joon/automotive_software_final/install/ad_msgs/share/ad_msgs/msg/PolyfitLaneData.msg\n'}
[0.317016] (ad_msgs) StdoutLine: {'line': b'-- Up-to-date symlink: /home/joon/automotive_software_final/install/ad_msgs/share/ad_msgs/msg/LanePointData.msg\n'}
[0.317082] (ad_msgs) StdoutLine: {'line': b'-- Up-to-date symlink: /home/joon/automotive_software_final/install/ad_msgs/share/ad_msgs/msg/LanePointDataArray.msg\n'}
[0.317139] (ad_msgs) StdoutLine: {'line': b'-- Up-to-date symlink: /home/joon/automotive_software_final/install/ad_msgs/share/ad_msgs/msg/PolyfitLaneDataArray.msg\n'}
[0.317206] (ad_msgs) StdoutLine: {'line': b'-- Up-to-date symlink: /home/joon/automotive_software_final/install/ad_msgs/share/ament_index/resource_index/package_run_dependencies/ad_msgs\n'}
[0.317340] (ad_msgs) StdoutLine: {'line': b'-- Up-to-date symlink: /home/joon/automotive_software_final/install/ad_msgs/share/ament_index/resource_index/parent_prefix_path/ad_msgs\n'}
[0.317411] (ad_msgs) StdoutLine: {'line': b'-- Up-to-date symlink: /home/joon/automotive_software_final/install/ad_msgs/share/ad_msgs/environment/ament_prefix_path.sh\n'}
[0.317486] (ad_msgs) StdoutLine: {'line': b'-- Up-to-date symlink: /home/joon/automotive_software_final/install/ad_msgs/share/ad_msgs/environment/ament_prefix_path.dsv\n'}
[0.317566] (ad_msgs) StdoutLine: {'line': b'-- Up-to-date symlink: /home/joon/automotive_software_final/install/ad_msgs/share/ad_msgs/environment/path.sh\n'}
[0.317647] (ad_msgs) StdoutLine: {'line': b'-- Up-to-date symlink: /home/joon/automotive_software_final/install/ad_msgs/share/ad_msgs/environment/path.dsv\n'}
[0.317725] (ad_msgs) StdoutLine: {'line': b'-- Up-to-date symlink: /home/joon/automotive_software_final/install/ad_msgs/share/ad_msgs/local_setup.bash\n'}
[0.317878] (ad_msgs) StdoutLine: {'line': b'-- Up-to-date symlink: /home/joon/automotive_software_final/install/ad_msgs/share/ad_msgs/local_setup.sh\n'}
[0.317921] (ad_msgs) StdoutLine: {'line': b'-- Up-to-date symlink: /home/joon/automotive_software_final/install/ad_msgs/share/ad_msgs/local_setup.zsh\n'}
[0.317952] (ad_msgs) StdoutLine: {'line': b'-- Up-to-date symlink: /home/joon/automotive_software_final/install/ad_msgs/share/ad_msgs/local_setup.dsv\n'}
[0.317986] (ad_msgs) StdoutLine: {'line': b'-- Symlinking: /home/joon/automotive_software_final/install/ad_msgs/share/ad_msgs/package.dsv\n'}
[0.325271] (ad_msgs) StdoutLine: {'line': b'-- Up-to-date symlink: /home/joon/automotive_software_final/install/ad_msgs/share/ament_index/resource_index/packages/ad_msgs\n'}
[0.325465] (ad_msgs) StdoutLine: {'line': b'-- Up-to-date symlink: /home/joon/automotive_software_final/install/ad_msgs/share/ad_msgs/cmake/rosidl_cmake-extras.cmake\n'}
[0.325686] (ad_msgs) StdoutLine: {'line': b'-- Up-to-date symlink: /home/joon/automotive_software_final/install/ad_msgs/share/ad_msgs/cmake/ament_cmake_export_dependencies-extras.cmake\n'}
[0.325926] (ad_msgs) StdoutLine: {'line': b'-- Up-to-date symlink: /home/joon/automotive_software_final/install/ad_msgs/share/ad_msgs/cmake/ament_cmake_export_include_directories-extras.cmake\n'}
[0.325975] (ad_msgs) StdoutLine: {'line': b'-- Up-to-date symlink: /home/joon/automotive_software_final/install/ad_msgs/share/ad_msgs/cmake/ament_cmake_export_libraries-extras.cmake\n'}
[0.326008] (ad_msgs) StdoutLine: {'line': b'-- Up-to-date symlink: /home/joon/automotive_software_final/install/ad_msgs/share/ad_msgs/cmake/ament_cmake_export_targets-extras.cmake\n'}
[0.326096] (ad_msgs) StdoutLine: {'line': b'-- Up-to-date symlink: /home/joon/automotive_software_final/install/ad_msgs/share/ad_msgs/cmake/rosidl_cmake_export_typesupport_targets-extras.cmake\n'}
[0.326320] (ad_msgs) StdoutLine: {'line': b'-- Up-to-date symlink: /home/joon/automotive_software_final/install/ad_msgs/share/ad_msgs/cmake/rosidl_cmake_export_typesupport_libraries-extras.cmake\n'}
[0.326371] (ad_msgs) StdoutLine: {'line': b'-- Up-to-date symlink: /home/joon/automotive_software_final/install/ad_msgs/share/ad_msgs/cmake/ad_msgsConfig.cmake\n'}
[0.326423] (ad_msgs) StdoutLine: {'line': b'-- Up-to-date symlink: /home/joon/automotive_software_final/install/ad_msgs/share/ad_msgs/cmake/ad_msgsConfig-version.cmake\n'}
[0.326475] (ad_msgs) StdoutLine: {'line': b'-- Up-to-date symlink: /home/joon/automotive_software_final/install/ad_msgs/share/ad_msgs/package.xml\n'}
[0.326624] (ad_msgs) StdoutLine: {'line': b'-- Up-to-date: /home/joon/automotive_software_final/install/ad_msgs/lib/libad_msgs__rosidl_generator_c.so\n'}
[0.326860] (ad_msgs) StdoutLine: {'line': b'-- Up-to-date: /home/joon/automotive_software_final/install/ad_msgs/lib/libad_msgs__rosidl_typesupport_fastrtps_c.so\n'}
[0.327076] (ad_msgs) StdoutLine: {'line': b'-- Up-to-date: /home/joon/automotive_software_final/install/ad_msgs/lib/libad_msgs__rosidl_typesupport_introspection_c.so\n'}
[0.327284] (ad_msgs) StdoutLine: {'line': b'-- Up-to-date: /home/joon/automotive_software_final/install/ad_msgs/lib/libad_msgs__rosidl_typesupport_c.so\n'}
[0.327450] (ad_msgs) StdoutLine: {'line': b'-- Up-to-date: /home/joon/automotive_software_final/install/ad_msgs/lib/libad_msgs__rosidl_typesupport_fastrtps_cpp.so\n'}
[0.327662] (ad_msgs) StdoutLine: {'line': b'-- Up-to-date: /home/joon/automotive_software_final/install/ad_msgs/lib/libad_msgs__rosidl_typesupport_introspection_cpp.so\n'}
[0.327731] (ad_msgs) StdoutLine: {'line': b'-- Up-to-date: /home/joon/automotive_software_final/install/ad_msgs/lib/libad_msgs__rosidl_typesupport_cpp.so\n'}
[0.352535] (ad_msgs) StdoutLine: {'line': b"Listing '/home/joon/automotive_software_final/install/ad_msgs/local/lib/python3.10/dist-packages/ad_msgs'...\n"}
[0.352728] (ad_msgs) StdoutLine: {'line': b"Listing '/home/joon/automotive_software_final/install/ad_msgs/local/lib/python3.10/dist-packages/ad_msgs/msg'...\n"}
[0.356281] (ad_msgs) StdoutLine: {'line': b'-- Up-to-date: /home/joon/automotive_software_final/install/ad_msgs/lib/libad_msgs__rosidl_generator_py.so\n'}
[0.356646] (ad_msgs) StdoutLine: {'line': b'-- Up-to-date: /home/joon/automotive_software_final/install/ad_msgs/share/ad_msgs/cmake/export_ad_msgs__rosidl_generator_cExport.cmake\n'}
[0.356786] (ad_msgs) StdoutLine: {'line': b'-- Up-to-date: /home/joon/automotive_software_final/install/ad_msgs/share/ad_msgs/cmake/export_ad_msgs__rosidl_generator_cExport-noconfig.cmake\n'}
[0.356901] (ad_msgs) StdoutLine: {'line': b'-- Up-to-date: /home/joon/automotive_software_final/install/ad_msgs/share/ad_msgs/cmake/export_ad_msgs__rosidl_typesupport_fastrtps_cExport.cmake\n'}
[0.356998] (ad_msgs) StdoutLine: {'line': b'-- Up-to-date: /home/joon/automotive_software_final/install/ad_msgs/share/ad_msgs/cmake/export_ad_msgs__rosidl_typesupport_fastrtps_cExport-noconfig.cmake\n'}
[0.357084] (ad_msgs) StdoutLine: {'line': b'-- Up-to-date: /home/joon/automotive_software_final/install/ad_msgs/share/ad_msgs/cmake/ad_msgs__rosidl_typesupport_introspection_cExport.cmake\n'}
[0.357254] (ad_msgs) StdoutLine: {'line': b'-- Up-to-date: /home/joon/automotive_software_final/install/ad_msgs/share/ad_msgs/cmake/ad_msgs__rosidl_typesupport_introspection_cExport-noconfig.cmake\n'}
[0.357387] (ad_msgs) StdoutLine: {'line': b'-- Up-to-date: /home/joon/automotive_software_final/install/ad_msgs/share/ad_msgs/cmake/ad_msgs__rosidl_typesupport_cExport.cmake\n'}
[0.357427] (ad_msgs) StdoutLine: {'line': b'-- Up-to-date: /home/joon/automotive_software_final/install/ad_msgs/share/ad_msgs/cmake/ad_msgs__rosidl_typesupport_cExport-noconfig.cmake\n'}
[0.357455] (ad_msgs) StdoutLine: {'line': b'-- Up-to-date: /home/joon/automotive_software_final/install/ad_msgs/share/ad_msgs/cmake/export_ad_msgs__rosidl_generator_cppExport.cmake\n'}
[0.357482] (ad_msgs) StdoutLine: {'line': b'-- Up-to-date: /home/joon/automotive_software_final/install/ad_msgs/share/ad_msgs/cmake/export_ad_msgs__rosidl_typesupport_fastrtps_cppExport.cmake\n'}
[0.357509] (ad_msgs) StdoutLine: {'line': b'-- Up-to-date: /home/joon/automotive_software_final/install/ad_msgs/share/ad_msgs/cmake/export_ad_msgs__rosidl_typesupport_fastrtps_cppExport-noconfig.cmake\n'}
[0.357536] (ad_msgs) StdoutLine: {'line': b'-- Up-to-date: /home/joon/automotive_software_final/install/ad_msgs/share/ad_msgs/cmake/ad_msgs__rosidl_typesupport_introspection_cppExport.cmake\n'}
[0.357567] (ad_msgs) StdoutLine: {'line': b'-- Up-to-date: /home/joon/automotive_software_final/install/ad_msgs/share/ad_msgs/cmake/ad_msgs__rosidl_typesupport_introspection_cppExport-noconfig.cmake\n'}
[0.357592] (ad_msgs) StdoutLine: {'line': b'-- Up-to-date: /home/joon/automotive_software_final/install/ad_msgs/share/ad_msgs/cmake/ad_msgs__rosidl_typesupport_cppExport.cmake\n'}
[0.357618] (ad_msgs) StdoutLine: {'line': b'-- Up-to-date: /home/joon/automotive_software_final/install/ad_msgs/share/ad_msgs/cmake/ad_msgs__rosidl_typesupport_cppExport-noconfig.cmake\n'}
[0.357643] (ad_msgs) StdoutLine: {'line': b'-- Up-to-date: /home/joon/automotive_software_final/install/ad_msgs/share/ad_msgs/cmake/export_ad_msgs__rosidl_generator_pyExport.cmake\n'}
[0.357668] (ad_msgs) StdoutLine: {'line': b'-- Up-to-date: /home/joon/automotive_software_final/install/ad_msgs/share/ad_msgs/cmake/export_ad_msgs__rosidl_generator_pyExport-noconfig.cmake\n'}
[0.359293] (ad_msgs) CommandEnded: {'returncode': 0}
[0.376125] (ad_msgs) JobEnded: {'identifier': 'ad_msgs', 'rc': 0}
[0.377127] (autonomous_driving) JobStarted: {'identifier': 'autonomous_driving'}
[0.380044] (evaluation) JobStarted: {'identifier': 'evaluation'}
[0.383560] (mission_manager) JobStarted: {'identifier': 'mission_manager'}
[0.387514] (simulator) JobStarted: {'identifier': 'simulator'}
[0.399914] (-) TimerEvent: {}
[0.422829] (evaluation) JobProgress: {'identifier': 'evaluation', 'progress': 'cmake'}
[0.423380] (evaluation) JobProgress: {'identifier': 'evaluation', 'progress': 'build'}
[0.423628] (evaluation) Command: {'cmd': ['/usr/bin/cmake', '--build', '/home/joon/automotive_software_final/build/evaluation', '--', '-j16', '-l16'], 'cwd': '/home/joon/automotive_software_final/build/evaluation', 'env': OrderedDict([('PYTHON_BASIC_REPL', '1'), ('LESSOPEN', '| /usr/bin/lesspipe %s'), ('USER', 'joon'), ('GIT_ASKPASS', '/home/joon/.vscode-server/bin/bf9252a2fb45be6893dd8870c0bf37e2e1766d61/extensions/git/dist/askpass.sh'), ('SHLVL', '1'), ('LD_LIBRARY_PATH', '/home/joon/automotive_software_final/install/ad_msgs/lib:/usr/lib/x86_64-linux-gnu/gazebo-11/plugins:/opt/ros/humble/opt/rviz_ogre_vendor/lib:/opt/ros/humble/lib/x86_64-linux-gnu:/opt/ros/humble/lib'), ('HOME', '/home/joon'), ('TERM_PROGRAM_VERSION', '1.106.3'), ('VSCODE_IPC_HOOK_CLI', '/run/user/1000/vscode-ipc-6b0baac3-5733-45f7-8cf4-686e9cd27a4c.sock'), ('ROS_PYTHON_VERSION', '3'), ('VSCODE_GIT_ASKPASS_MAIN', '/home/joon/.vscode-server/bin/bf9252a2fb45be6893dd8870c0bf37e2e1766d61/extensions/git/dist/askpass-main.js'), ('VSCODE_GIT_ASKPASS_NODE', '/home/joon/.vscode-server/bin/bf9252a2fb45be6893dd8870c0bf37e2e1766d61/node'), ('PYDEVD_DISABLE_FILE_VALIDATION', '1'), ('BUNDLED_DEBUGPY_PATH', '/home/joon/.vscode-server/extensions/ms-python.debugpy-2025.16.0-linux-x64/bundled/libs/debugpy'), ('VSCODE_PYTHON_AUTOACTIVATE_GUARD', '1'), ('DBUS_SESSION_BUS_ADDRESS', 'unix:path=/run/user/1000/bus'), ('COLORTERM', 'truecolor'), ('WSL_DISTRO_NAME', 'Ubuntu-22.04'), ('WAYLAND_DISPLAY', 'wayland-0'), ('COLCON_PREFIX_PATH', '/home/joon/automotive_software_final/install'), ('ROS_DISTRO', 'humble'), ('LOGNAME', 'joon'), ('NAME', 'Joon'), ('WSL_INTEROP', '/run/WSL/509_interop'), ('PULSE_SERVER', 'unix:/mnt/wslg/PulseServer'), ('_', '/usr/bin/colcon'), ('ROS_VERSION', '2'), ('CLAUDE_CODE_SSE_PORT', '14056'), ('TERM', 'xterm-256color'), ('ROS_LOCALHOST_ONLY', '0'), ('PATH', '/opt/ros/humble/bin:/usr/bin:/usr/bin:/home/joon/.vscode-server/data/User/globalStorage/github.copilot-chat/debugCommand:/home/joon/.vscode-server/data/User/globalStorage/github.copilot-chat/copilotCli:/home/joon/.vscode-server/bin/bf9252a2fb45be6893dd8870c0bf37e2e1766d61/bin/remote-cli:/home/joon/.local/bin:/usr/bin:/usr/bin:/usr/local/sbin:/usr/local/bin:/usr/sbin:/usr/bin:/sbin:/bin:/usr/games:/usr/local/games:/usr/lib/wsl/lib:/mnt/c/WINDOWS/system32:/mnt/c/WINDOWS:/mnt/c/WINDOWS/System32/Wbem:/mnt/c/WINDOWS/System32/WindowsPowerShell/v1.0/:/mnt/c/WINDOWS/System32/OpenSSH/:/mnt/c/Program Files/MATLAB/R2024b/bin:/mnt/c/Program Files/nodejs/:/mnt/c/Program Files/Git/cmd:/mnt/c/Users/ksyj0/AppData/Local/Programs/Python/Python312/Scripts/:/mnt/c/Users/ksyj0/AppData/Local/Programs/Python/Python312/:/mnt/c/Users/ksyj0/AppData/Local/Programs/Python/Launcher/:/mnt/c/Users/ksyj0/AppData/Local/Microsoft/WindowsApps:/mnt/c/Users/ksyj0/AppData/Local/Programs/Microsoft VS Code/bin:/mnt/c/Users/ksyj0/AppData/Roaming/npm:/mnt/c/Users/ksyj0/AppData/Local/SOOP:/mnt/c/Users/ksyj0/AppData/Local/Programs/Kiro/bin:/snap/bin:/home/joon/.vscode-server/extensions/ms-python.debugpy-2025.16.0-linux-x64/bundled/scripts/noConfigScripts'), ('XDG_RUNTIME_DIR', '/run/user/1000/'), ('DISPLAY', ':0'), ('VSCODE_DEBUGPY_ADAPTER_ENDPOINTS', '/home/joon/.vscode-server/extensions/ms-python.debugpy-2025.16.0-linux-x64/.noConfigDebugAdapterEndpoints/endpoint-5f6b0efddf9f6982.txt'), ('LANG', 'en_US.UTF-8'), ('PYTHONSTARTUP', '/home/joon/.vscode-server/data/User/workspaceStorage/6032d0949a26c1de4974618490f207f6-1/ms-python.python/pythonrc.py'), ('LS_COLORS', 'rs=0:di=01;34:ln=01;36:mh=00:pi=40;33:so=01;35:do=01;35:bd=40;33;01:cd=40;33;01:or=40;31;01:mi=00:su=37;41:sg=30;43:ca=30;41:tw=30;42:ow=34;42:st=37;44:ex=01;32:*.tar=01;31:*.tgz=01;31:*.arc=01;31:*.arj=01;31:*.taz=01;31:*.lha=01;31:*.lz4=01;31:*.lzh=01;31:*.lzma=01;31:*.tlz=01;31:*.txz=01;31:*.tzo=01;31:*.t7z=01;31:*.zip=01;31:*.z=01;31:*.dz=01;31:*.gz=01;31:*.lrz=01;31:*.lz=01;31:*.lzo=01;31:*.xz=01;31:*.zst=01;31:*.tzst=01;31:*.bz2=01;31:*.bz=01;31:*.tbz=01;31:*.tbz2=01;31:*.tz=01;31:*.deb=01;31:*.rpm=01;31:*.jar=01;31:*.war=01;31:*.ear=01;31:*.sar=01;31:*.rar=01;31:*.alz=01;31:*.ace=01;31:*.zoo=01;31:*.cpio=01;31:*.7z=01;31:*.rz=01;31:*.cab=01;31:*.wim=01;31:*.swm=01;31:*.dwm=01;31:*.esd=01;31:*.jpg=01;35:*.jpeg=01;35:*.mjpg=01;35:*.mjpeg=01;35:*.gif=01;35:*.bmp=01;35:*.pbm=01;35:*.pgm=01;35:*.ppm=01;35:*.tga=01;35:*.xbm=01;35:*.xpm=01;35:*.tif=01;35:*.tiff=01;35:*.png=01;35:*.svg=01;35:*.svgz=01;35:*.mng=01;35:*.pcx=01;35:*.mov=01;35:*.mpg=01;35:*.mpeg=01;35:*.m2v=01;35:*.mkv=01;35:*.webm=01;35:*.webp=01;35:*.ogm=01;35:*.mp4=01;35:*.m4v=01;35:*.mp4v=01;35:*.vob=01;35:*.qt=01;35:*.nuv=01;35:*.wmv=01;35:*.asf=01;35:*.rm=01;35:*.rmvb=01;35:*.flc=01;35:*.avi=01;35:*.fli=01;35:*.flv=01;35:*.gl=01;35:*.dl=01;35:*.xcf=01;35:*.xwd=01;35:*.yuv=01;35:*.cgm=01;35:*.emf=01;35:*.ogv=01;35:*.ogx=01;35:*.aac=00;36:*.au=00;36:*.flac=00;36:*.m4a=00;36:*.mid=00;36:*.midi=00;36:*.mka=00;36:*.mp3=00;36:*.mpc=00;36:*.ogg=00;36:*.ra=00;36:*.wav=00;36:*.oga=00;36:*.opus=00;36:*.spx=00;36:*.xspf=00;36:'), ('VSCODE_GIT_IPC_HANDLE', '/run/user/1000/vscode-git-167d3a068c.sock'), ('TERM_PROGRAM', 'vscode'), ('AMENT_PREFIX_PATH', '/home/joon/automotive_software_final/install/simulator:/home/joon/automotive_software_final/install/mission_manager:/home/joon/automotive_software_final/install/evaluation:/home/joon/automotive_software_final/install/autonomous_driving:/home/joon/automotive_software_final/install/ad_msgs:/opt/ros/humble'), ('SHELL', '/bin/bash'), ('LESSCLOSE', '/usr/bin/lesspipe %s %s'), ('VSCODE_GIT_ASKPASS_EXTRA_ARGS', ''), ('PWD', '/home/joon/automotive_software_final/build/evaluation'), ('ENABLE_IDE_INTEGRATION', 'true'), ('XDG_DATA_DIRS', '/usr/local/share:/usr/share:/var/lib/snapd/desktop'), ('PYTHONPATH', '/home/joon/automotive_software_final/install/ad_msgs/local/lib/python3.10/dist-packages:/opt/ros/humble/lib/python3.10/site-packages:/opt/ros/humble/local/lib/python3.10/dist-packages'), ('COLCON', '1'), ('WSL2_GUI_APPS_ENABLED', '1'), ('HOSTTYPE', 'x86_64'), ('CMAKE_PREFIX_PATH', '/home/joon/automotive_software_final/install/ad_msgs:/home/joon/automotive_software_final/install/simulator:/home/joon/automotive_software_final/install/mission_manager:/home/joon/automotive_software_final/install/evaluation:/home/joon/automotive_software_final/install/autonomous_driving:/opt/ros/humble'), ('WSLENV', 'VSCODE_WSL_EXT_LOCATION/up')]), 'shell': False}
[0.425253] (autonomous_driving) JobProgress: {'identifier': 'autonomous_driving', 'progress': 'cmake'}
[0.425767] (autonomous_driving) JobProgress: {'identifier': 'autonomous_driving', 'progress': 'build'}
[0.426487] (autonomous_driving) Command: {'cmd': ['/usr/bin/cmake', '--build', '/home/joon/automotive_software_final/build/autonomous_driving', '--', '-j16', '-l16'], 'cwd': '/home/joon/automotive_software_final/build/autonomous_driving', 'env': OrderedDict([('PYTHON_BASIC_REPL', '1'), ('LESSOPEN', '| /usr/bin/lesspipe %s'), ('USER', 'joon'), ('GIT_ASKPASS', '/home/joon/.vscode-server/bin/bf9252a2fb45be6893dd8870c0bf37e2e1766d61/extensions/git/dist/askpass.sh'), ('SHLVL', '1'), ('LD_LIBRARY_PATH', '/home/joon/automotive_software_final/install/ad_msgs/lib:/usr/lib/x86_64-linux-gnu/gazebo-11/plugins:/opt/ros/humble/opt/rviz_ogre_vendor/lib:/opt/ros/humble/lib/x86_64-linux-gnu:/opt/ros/humble/lib'), ('HOME', '/home/joon'), ('TERM_PROGRAM_VERSION', '1.106.3'), ('VSCODE_IPC_HOOK_CLI', '/run/user/1000/vscode-ipc-6b0baac3-5733-45f7-8cf4-686e9cd27a4c.sock'), ('ROS_PYTHON_VERSION', '3'), ('VSCODE_GIT_ASKPASS_MAIN', '/home/joon/.vscode-server/bin/bf9252a2fb45be6893dd8870c0bf37e2e1766d61/extensions/git/dist/askpass-main.js'), ('VSCODE_GIT_ASKPASS_NODE', '/home/joon/.vscode-server/bin/bf9252a2fb45be6893dd8870c0bf37e2e1766d61/node'), ('PYDEVD_DISABLE_FILE_VALIDATION', '1'), ('BUNDLED_DEBUGPY_PATH', '/home/joon/.vscode-server/extensions/ms-python.debugpy-2025.16.0-linux-x64/bundled/libs/debugpy'), ('VSCODE_PYTHON_AUTOACTIVATE_GUARD', '1'), ('DBUS_SESSION_BUS_ADDRESS', 'unix:path=/run/user/1000/bus'), ('COLORTERM', 'truecolor'), ('WSL_DISTRO_NAME', 'Ubuntu-22.04'), ('WAYLAND_DISPLAY', 'wayland-0'), ('COLCON_PREFIX_PATH', '/home/joon/automotive_software_final/install'), ('ROS_DISTRO', 'humble'), ('LOGNAME', 'joon'), ('NAME', 'Joon'), ('WSL_INTEROP', '/run/WSL/509_interop'), ('PULSE_SERVER', 'unix:/mnt/wslg/PulseServer'), ('_', '/usr/bin/colcon'), ('ROS_VERSION', '2'), ('CLAUDE_CODE_SSE_PORT', '14056'), ('TERM', 'xterm-256color'), ('ROS_LOCALHOST_ONLY', '0'), ('PATH', '/opt/ros/humble/bin:/usr/bin:/usr/bin:/home/joon/.vscode-server/data/User/globalStorage/github.copilot-chat/debugCommand:/home/joon/.vscode-server/data/User/globalStorage/github.copilot-chat/copilotCli:/home/joon/.vscode-server/bin/bf9252a2fb45be6893dd8870c0bf37e2e1766d61/bin/remote-cli:/home/joon/.local/bin:/usr/bin:/usr/bin:/usr/local/sbin:/usr/local/bin:/usr/sbin:/usr/bin:/sbin:/bin:/usr/games:/usr/local/games:/usr/lib/wsl/lib:/mnt/c/WINDOWS/system32:/mnt/c/WINDOWS:/mnt/c/WINDOWS/System32/Wbem:/mnt/c/WINDOWS/System32/WindowsPowerShell/v1.0/:/mnt/c/WINDOWS/System32/OpenSSH/:/mnt/c/Program Files/MATLAB/R2024b/bin:/mnt/c/Program Files/nodejs/:/mnt/c/Program Files/Git/cmd:/mnt/c/Users/ksyj0/AppData/Local/Programs/Python/Python312/Scripts/:/mnt/c/Users/ksyj0/AppData/Local/Programs/Python/Python312/:/mnt/c/Users/ksyj0/AppData/Local/Programs/Python/Launcher/:/mnt/c/Users/ksyj0/AppData/Local/Microsoft/WindowsApps:/mnt/c/Users/ksyj0/AppData/Local/Programs/Microsoft VS Code/bin:/mnt/c/Users/ksyj0/AppData/Roaming/npm:/mnt/c/Users/ksyj0/AppData/Local/SOOP:/mnt/c/Users/ksyj0/AppData/Local/Programs/Kiro/bin:/snap/bin:/home/joon/.vscode-server/extensions/ms-python.debugpy-2025.16.0-linux-x64/bundled/scripts/noConfigScripts'), ('XDG_RUNTIME_DIR', '/run/user/1000/'), ('DISPLAY', ':0'), ('VSCODE_DEBUGPY_ADAPTER_ENDPOINTS', '/home/joon/.vscode-server/extensions/ms-python.debugpy-2025.16.0-linux-x64/.noConfigDebugAdapterEndpoints/endpoint-5f6b0efddf9f6982.txt'), ('LANG', 'en_US.UTF-8'), ('PYTHONSTARTUP', '/home/joon/.vscode-server/data/User/workspaceStorage/6032d0949a26c1de4974618490f207f6-1/ms-python.python/pythonrc.py'), ('LS_COLORS', 'rs=0:di=01;34:ln=01;36:mh=00:pi=40;33:so=01;35:do=01;35:bd=40;33;01:cd=40;33;01:or=40;31;01:mi=00:su=37;41:sg=30;43:ca=30;41:tw=30;42:ow=34;42:st=37;44:ex=01;32:*.tar=01;31:*.tgz=01;31:*.arc=01;31:*.arj=01;31:*.taz=01;31:*.lha=01;31:*.lz4=01;31:*.lzh=01;31:*.lzma=01;31:*.tlz=01;31:*.txz=01;31:*.tzo=01;31:*.t7z=01;31:*.zip=01;31:*.z=01;31:*.dz=01;31:*.gz=01;31:*.lrz=01;31:*.lz=01;31:*.lzo=01;31:*.xz=01;31:*.zst=01;31:*.tzst=01;31:*.bz2=01;31:*.bz=01;31:*.tbz=01;31:*.tbz2=01;31:*.tz=01;31:*.deb=01;31:*.rpm=01;31:*.jar=01;31:*.war=01;31:*.ear=01;31:*.sar=01;31:*.rar=01;31:*.alz=01;31:*.ace=01;31:*.zoo=01;31:*.cpio=01;31:*.7z=01;31:*.rz=01;31:*.cab=01;31:*.wim=01;31:*.swm=01;31:*.dwm=01;31:*.esd=01;31:*.jpg=01;35:*.jpeg=01;35:*.mjpg=01;35:*.mjpeg=01;35:*.gif=01;35:*.bmp=01;35:*.pbm=01;35:*.pgm=01;35:*.ppm=01;35:*.tga=01;35:*.xbm=01;35:*.xpm=01;35:*.tif=01;35:*.tiff=01;35:*.png=01;35:*.svg=01;35:*.svgz=01;35:*.mng=01;35:*.pcx=01;35:*.mov=01;35:*.mpg=01;35:*.mpeg=01;35:*.m2v=01;35:*.mkv=01;35:*.webm=01;35:*.webp=01;35:*.ogm=01;35:*.mp4=01;35:*.m4v=01;35:*.mp4v=01;35:*.vob=01;35:*.qt=01;35:*.nuv=01;35:*.wmv=01;35:*.asf=01;35:*.rm=01;35:*.rmvb=01;35:*.flc=01;35:*.avi=01;35:*.fli=01;35:*.flv=01;35:*.gl=01;35:*.dl=01;35:*.xcf=01;35:*.xwd=01;35:*.yuv=01;35:*.cgm=01;35:*.emf=01;35:*.ogv=01;35:*.ogx=01;35:*.aac=00;36:*.au=00;36:*.flac=00;36:*.m4a=00;36:*.mid=00;36:*.midi=00;36:*.mka=00;36:*.mp3=00;36:*.mpc=00;36:*.ogg=00;36:*.ra=00;36:*.wav=00;36:*.oga=00;36:*.opus=00;36:*.spx=00;36:*.xspf=00;36:'), ('VSCODE_GIT_IPC_HANDLE', '/run/user/1000/vscode-git-167d3a068c.sock'), ('TERM_PROGRAM', 'vscode'), ('AMENT_PREFIX_PATH', '/home/joon/automotive_software_final/install/simulator:/home/joon/automotive_software_final/install/mission_manager:/home/joon/automotive_software_final/install/evaluation:/home/joon/automotive_software_final/install/autonomous_driving:/home/joon/automotive_software_final/install/ad_msgs:/opt/ros/humble'), ('SHELL', '/bin/bash'), ('LESSCLOSE', '/usr/bin/lesspipe %s %s'), ('VSCODE_GIT_ASKPASS_EXTRA_ARGS', ''), ('PWD', '/home/joon/automotive_software_final/build/autonomous_driving'), ('ENABLE_IDE_INTEGRATION', 'true'), ('XDG_DATA_DIRS', '/usr/local/share:/usr/share:/var/lib/snapd/desktop'), ('PYTHONPATH', '/home/joon/automotive_software_final/install/ad_msgs/local/lib/python3.10/dist-packages:/opt/ros/humble/lib/python3.10/site-packages:/opt/ros/humble/local/lib/python3.10/dist-packages'), ('COLCON', '1'), ('WSL2_GUI_APPS_ENABLED', '1'), ('HOSTTYPE', 'x86_64'), ('CMAKE_PREFIX_PATH', '/home/joon/automotive_software_final/install/ad_msgs:/home/joon/automotive_software_final/install/simulator:/home/joon/automotive_software_final/install/mission_manager:/home/joon/automotive_software_final/install/evaluation:/home/joon/automotive_software_final/install/autonomous_driving:/opt/ros/humble'), ('WSLENV', 'VSCODE_WSL_EXT_LOCATION/up')]), 'shell': False}
[0.430620] (mission_manager) JobProgress: {'identifier': 'mission_manager', 'progress': 'cmake'}
[0.431246] (mission_manager) JobProgress: {'identifier': 'mission_manager', 'progress': 'build'}
[0.432011] (mission_manager) Command: {'cmd': ['/usr/bin/cmake', '--build', '/home/joon/automotive_software_final/build/mission_manager', '--', '-j16', '-l16'], 'cwd': '/home/joon/automotive_software_final/build/mission_manager', 'env': OrderedDict([('PYTHON_BASIC_REPL', '1'), ('LESSOPEN', '| /usr/bin/lesspipe %s'), ('USER', 'joon'), ('GIT_ASKPASS', '/home/joon/.vscode-server/bin/bf9252a2fb45be6893dd8870c0bf37e2e1766d61/extensions/git/dist/askpass.sh'), ('SHLVL', '1'), ('LD_LIBRARY_PATH', '/home/joon/automotive_software_final/install/ad_msgs/lib:/usr/lib/x86_64-linux-gnu/gazebo-11/plugins:/opt/ros/humble/opt/rviz_ogre_vendor/lib:/opt/ros/humble/lib/x86_64-linux-gnu:/opt/ros/humble/lib'), ('HOME', '/home/joon'), ('TERM_PROGRAM_VERSION', '1.106.3'), ('VSCODE_IPC_HOOK_CLI', '/run/user/1000/vscode-ipc-6b0baac3-5733-45f7-8cf4-686e9cd27a4c.sock'), ('ROS_PYTHON_VERSION', '3'), ('VSCODE_GIT_ASKPASS_MAIN', '/home/joon/.vscode-server/bin/bf9252a2fb45be6893dd8870c0bf37e2e1766d61/extensions/git/dist/askpass-main.js'), ('VSCODE_GIT_ASKPASS_NODE', '/home/joon/.vscode-server/bin/bf9252a2fb45be6893dd8870c0bf37e2e1766d61/node'), ('PYDEVD_DISABLE_FILE_VALIDATION', '1'), ('BUNDLED_DEBUGPY_PATH', '/home/joon/.vscode-server/extensions/ms-python.debugpy-2025.16.0-linux-x64/bundled/libs/debugpy'), ('VSCODE_PYTHON_AUTOACTIVATE_GUARD', '1'), ('DBUS_SESSION_BUS_ADDRESS', 'unix:path=/run/user/1000/bus'), ('COLORTERM', 'truecolor'), ('WSL_DISTRO_NAME', 'Ubuntu-22.04'), ('WAYLAND_DISPLAY', 'wayland-0'), ('COLCON_PREFIX_PATH', '/home/joon/automotive_software_final/install'), ('ROS_DISTRO', 'humble'), ('LOGNAME', 'joon'), ('NAME', 'Joon'), ('WSL_INTEROP', '/run/WSL/509_interop'), ('PULSE_SERVER', 'unix:/mnt/wslg/PulseServer'), ('_', '/usr/bin/colcon'), ('ROS_VERSION', '2'), ('CLAUDE_CODE_SSE_PORT', '14056'), ('TERM', 'xterm-256color'), ('ROS_LOCALHOST_ONLY', '0'), ('PATH', '/opt/ros/humble/bin:/usr/bin:/usr/bin:/home/joon/.vscode-server/data/User/globalStorage/github.copilot-chat/debugCommand:/home/joon/.vscode-server/data/User/globalStorage/github.copilot-chat/copilotCli:/home/joon/.vscode-server/bin/bf9252a2fb45be6893dd8870c0bf37e2e1766d61/bin/remote-cli:/home/joon/.local/bin:/usr/bin:/usr/bin:/usr/local/sbin:/usr/local/bin:/usr/sbin:/usr/bin:/sbin:/bin:/usr/games:/usr/local/games:/usr/lib/wsl/lib:/mnt/c/WINDOWS/system32:/mnt/c/WINDOWS:/mnt/c/WINDOWS/System32/Wbem:/mnt/c/WINDOWS/System32/WindowsPowerShell/v1.0/:/mnt/c/WINDOWS/System32/OpenSSH/:/mnt/c/Program Files/MATLAB/R2024b/bin:/mnt/c/Program Files/nodejs/:/mnt/c/Program Files/Git/cmd:/mnt/c/Users/ksyj0/AppData/Local/Programs/Python/Python312/Scripts/:/mnt/c/Users/ksyj0/AppData/Local/Programs/Python/Python312/:/mnt/c/Users/ksyj0/AppData/Local/Programs/Python/Launcher/:/mnt/c/Users/ksyj0/AppData/Local/Microsoft/WindowsApps:/mnt/c/Users/ksyj0/AppData/Local/Programs/Microsoft VS Code/bin:/mnt/c/Users/ksyj0/AppData/Roaming/npm:/mnt/c/Users/ksyj0/AppData/Local/SOOP:/mnt/c/Users/ksyj0/AppData/Local/Programs/Kiro/bin:/snap/bin:/home/joon/.vscode-server/extensions/ms-python.debugpy-2025.16.0-linux-x64/bundled/scripts/noConfigScripts'), ('XDG_RUNTIME_DIR', '/run/user/1000/'), ('DISPLAY', ':0'), ('VSCODE_DEBUGPY_ADAPTER_ENDPOINTS', '/home/joon/.vscode-server/extensions/ms-python.debugpy-2025.16.0-linux-x64/.noConfigDebugAdapterEndpoints/endpoint-5f6b0efddf9f6982.txt'), ('LANG', 'en_US.UTF-8'), ('PYTHONSTARTUP', '/home/joon/.vscode-server/data/User/workspaceStorage/6032d0949a26c1de4974618490f207f6-1/ms-python.python/pythonrc.py'), ('LS_COLORS', 'rs=0:di=01;34:ln=01;36:mh=00:pi=40;33:so=01;35:do=01;35:bd=40;33;01:cd=40;33;01:or=40;31;01:mi=00:su=37;41:sg=30;43:ca=30;41:tw=30;42:ow=34;42:st=37;44:ex=01;32:*.tar=01;31:*.tgz=01;31:*.arc=01;31:*.arj=01;31:*.taz=01;31:*.lha=01;31:*.lz4=01;31:*.lzh=01;31:*.lzma=01;31:*.tlz=01;31:*.txz=01;31:*.tzo=01;31:*.t7z=01;31:*.zip=01;31:*.z=01;31:*.dz=01;31:*.gz=01;31:*.lrz=01;31:*.lz=01;31:*.lzo=01;31:*.xz=01;31:*.zst=01;31:*.tzst=01;31:*.bz2=01;31:*.bz=01;31:*.tbz=01;31:*.tbz2=01;31:*.tz=01;31:*.deb=01;31:*.rpm=01;31:*.jar=01;31:*.war=01;31:*.ear=01;31:*.sar=01;31:*.rar=01;31:*.alz=01;31:*.ace=01;31:*.zoo=01;31:*.cpio=01;31:*.7z=01;31:*.rz=01;31:*.cab=01;31:*.wim=01;31:*.swm=01;31:*.dwm=01;31:*.esd=01;31:*.jpg=01;35:*.jpeg=01;35:*.mjpg=01;35:*.mjpeg=01;35:*.gif=01;35:*.bmp=01;35:*.pbm=01;35:*.pgm=01;35:*.ppm=01;35:*.tga=01;35:*.xbm=01;35:*.xpm=01;35:*.tif=01;35:*.tiff=01;35:*.png=01;35:*.svg=01;35:*.svgz=01;35:*.mng=01;35:*.pcx=01;35:*.mov=01;35:*.mpg=01;35:*.mpeg=01;35:*.m2v=01;35:*.mkv=01;35:*.webm=01;35:*.webp=01;35:*.ogm=01;35:*.mp4=01;35:*.m4v=01;35:*.mp4v=01;35:*.vob=01;35:*.qt=01;35:*.nuv=01;35:*.wmv=01;35:*.asf=01;35:*.rm=01;35:*.rmvb=01;35:*.flc=01;35:*.avi=01;35:*.fli=01;35:*.flv=01;35:*.gl=01;35:*.dl=01;35:*.xcf=01;35:*.xwd=01;35:*.yuv=01;35:*.cgm=01;35:*.emf=01;35:*.ogv=01;35:*.ogx=01;35:*.aac=00;36:*.au=00;36:*.flac=00;36:*.m4a=00;36:*.mid=00;36:*.midi=00;36:*.mka=00;36:*.mp3=00;36:*.mpc=00;36:*.ogg=00;36:*.ra=00;36:*.wav=00;36:*.oga=00;36:*.opus=00;36:*.spx=00;36:*.xspf=00;36:'), ('VSCODE_GIT_IPC_HANDLE', '/run/user/1000/vscode-git-167d3a068c.sock'), ('TERM_PROGRAM', 'vscode'), ('AMENT_PREFIX_PATH', '/home/joon/automotive_software_final/install/simulator:/home/joon/automotive_software_final/install/mission_manager:/home/joon/automotive_software_final/install/evaluation:/home/joon/automotive_software_final/install/autonomous_driving:/home/joon/automotive_software_final/install/ad_msgs:/opt/ros/humble'), ('SHELL', '/bin/bash'), ('LESSCLOSE', '/usr/bin/lesspipe %s %s'), ('VSCODE_GIT_ASKPASS_EXTRA_ARGS', ''), ('PWD', '/home/joon/automotive_software_final/build/mission_manager'), ('ENABLE_IDE_INTEGRATION', 'true'), ('XDG_DATA_DIRS', '/usr/local/share:/usr/share:/var/lib/snapd/desktop'), ('PYTHONPATH', '/home/joon/automotive_software_final/install/ad_msgs/local/lib/python3.10/dist-packages:/opt/ros/humble/lib/python3.10/site-packages:/opt/ros/humble/local/lib/python3.10/dist-packages'), ('COLCON', '1'), ('WSL2_GUI_APPS_ENABLED', '1'), ('HOSTTYPE', 'x86_64'), ('CMAKE_PREFIX_PATH', '/home/joon/automotive_software_final/install/ad_msgs:/home/joon/automotive_software_final/install/simulator:/home/joon/automotive_software_final/install/mission_manager:/home/joon/automotive_software_final/install/evaluation:/home/joon/automotive_software_final/install/autonomous_driving:/opt/ros/humble'), ('WSLENV', 'VSCODE_WSL_EXT_LOCATION/up')]), 'shell': False}
[0.434347] (simulator) JobProgress: {'identifier': 'simulator', 'progress': 'cmake'}
[0.434506] (simulator) JobProgress: {'identifier': 'simulator', 'progress': 'build'}
[0.434923] (simulator) Command: {'cmd': ['/usr/bin/cmake', '--build', '/home/joon/automotive_software_final/build/simulator', '--', '-j16', '-l16'], 'cwd': '/home/joon/automotive_software_final/build/simulator', 'env': OrderedDict([('PYTHON_BASIC_REPL', '1'), ('LESSOPEN', '| /usr/bin/lesspipe %s'), ('USER', 'joon'), ('GIT_ASKPASS', '/home/joon/.vscode-server/bin/bf9252a2fb45be6893dd8870c0bf37e2e1766d61/extensions/git/dist/askpass.sh'), ('SHLVL', '1'), ('LD_LIBRARY_PATH', '/home/joon/automotive_software_final/install/ad_msgs/lib:/usr/lib/x86_64-linux-gnu/gazebo-11/plugins:/opt/ros/humble/opt/rviz_ogre_vendor/lib:/opt/ros/humble/lib/x86_64-linux-gnu:/opt/ros/humble/lib'), ('HOME', '/home/joon'), ('TERM_PROGRAM_VERSION', '1.106.3'), ('VSCODE_IPC_HOOK_CLI', '/run/user/1000/vscode-ipc-6b0baac3-5733-45f7-8cf4-686e9cd27a4c.sock'), ('ROS_PYTHON_VERSION', '3'), ('VSCODE_GIT_ASKPASS_MAIN', '/home/joon/.vscode-server/bin/bf9252a2fb45be6893dd8870c0bf37e2e1766d61/extensions/git/dist/askpass-main.js'), ('VSCODE_GIT_ASKPASS_NODE', '/home/joon/.vscode-server/bin/bf9252a2fb45be6893dd8870c0bf37e2e1766d61/node'), ('PYDEVD_DISABLE_FILE_VALIDATION', '1'), ('BUNDLED_DEBUGPY_PATH', '/home/joon/.vscode-server/extensions/ms-python.debugpy-2025.16.0-linux-x64/bundled/libs/debugpy'), ('VSCODE_PYTHON_AUTOACTIVATE_GUARD', '1'), ('DBUS_SESSION_BUS_ADDRESS', 'unix:path=/run/user/1000/bus'), ('COLORTERM', 'truecolor'), ('WSL_DISTRO_NAME', 'Ubuntu-22.04'), ('WAYLAND_DISPLAY', 'wayland-0'), ('COLCON_PREFIX_PATH', '/home/joon/automotive_software_final/install'), ('ROS_DISTRO', 'humble'), ('LOGNAME', 'joon'), ('NAME', 'Joon'), ('WSL_INTEROP', '/run/WSL/509_interop'), ('PULSE_SERVER', 'unix:/mnt/wslg/PulseServer'), ('_', '/usr/bin/colcon'), ('ROS_VERSION', '2'), ('CLAUDE_CODE_SSE_PORT', '14056'), ('TERM', 'xterm-256color'), ('ROS_LOCALHOST_ONLY', '0'), ('PATH', '/opt/ros/humble/bin:/usr/bin:/usr/bin:/home/joon/.vscode-server/data/User/globalStorage/github.copilot-chat/debugCommand:/home/joon/.vscode-server/data/User/globalStorage/github.copilot-chat/copilotCli:/home/joon/.vscode-server/bin/bf9252a2fb45be6893dd8870c0bf37e2e1766d61/bin/remote-cli:/home/joon/.local/bin:/usr/bin:/usr/bin:/usr/local/sbin:/usr/local/bin:/usr/sbin:/usr/bin:/sbin:/bin:/usr/games:/usr/local/games:/usr/lib/wsl/lib:/mnt/c/WINDOWS/system32:/mnt/c/WINDOWS:/mnt/c/WINDOWS/System32/Wbem:/mnt/c/WINDOWS/System32/WindowsPowerShell/v1.0/:/mnt/c/WINDOWS/System32/OpenSSH/:/mnt/c/Program Files/MATLAB/R2024b/bin:/mnt/c/Program Files/nodejs/:/mnt/c/Program Files/Git/cmd:/mnt/c/Users/ksyj0/AppData/Local/Programs/Python/Python312/Scripts/:/mnt/c/Users/ksyj0/AppData/Local/Programs/Python/Python312/:/mnt/c/Users/ksyj0/AppData/Local/Programs/Python/Launcher/:/mnt/c/Users/ksyj0/AppData/Local/Microsoft/WindowsApps:/mnt/c/Users/ksyj0/AppData/Local/Programs/Microsoft VS Code/bin:/mnt/c/Users/ksyj0/AppData/Roaming/npm:/mnt/c/Users/ksyj0/AppData/Local/SOOP:/mnt/c/Users/ksyj0/AppData/Local/Programs/Kiro/bin:/snap/bin:/home/joon/.vscode-server/extensions/ms-python.debugpy-2025.16.0-linux-x64/bundled/scripts/noConfigScripts'), ('XDG_RUNTIME_DIR', '/run/user/1000/'), ('DISPLAY', ':0'), ('VSCODE_DEBUGPY_ADAPTER_ENDPOINTS', '/home/joon/.vscode-server/extensions/ms-python.debugpy-2025.16.0-linux-x64/.noConfigDebugAdapterEndpoints/endpoint-5f6b0efddf9f6982.txt'), ('LANG', 'en_US.UTF-8'), ('PYTHONSTARTUP', '/home/joon/.vscode-server/data/User/workspaceStorage/6032d0949a26c1de4974618490f207f6-1/ms-python.python/pythonrc.py'), ('LS_COLORS', 'rs=0:di=01;34:ln=01;36:mh=00:pi=40;33:so=01;35:do=01;35:bd=40;33;01:cd=40;33;01:or=40;31;01:mi=00:su=37;41:sg=30;43:ca=30;41:tw=30;42:ow=34;42:st=37;44:ex=01;32:*.tar=01;31:*.tgz=01;31:*.arc=01;31:*.arj=01;31:*.taz=01;31:*.lha=01;31:*.lz4=01;31:*.lzh=01;31:*.lzma=01;31:*.tlz=01;31:*.txz=01;31:*.tzo=01;31:*.t7z=01;31:*.zip=01;31:*.z=01;31:*.dz=01;31:*.gz=01;31:*.lrz=01;31:*.lz=01;31:*.lzo=01;31:*.xz=01;31:*.zst=01;31:*.tzst=01;31:*.bz2=01;31:*.bz=01;31:*.tbz=01;31:*.tbz2=01;31:*.tz=01;31:*.deb=01;31:*.rpm=01;31:*.jar=01;31:*.war=01;31:*.ear=01;31:*.sar=01;31:*.rar=01;31:*.alz=01;31:*.ace=01;31:*.zoo=01;31:*.cpio=01;31:*.7z=01;31:*.rz=01;31:*.cab=01;31:*.wim=01;31:*.swm=01;31:*.dwm=01;31:*.esd=01;31:*.jpg=01;35:*.jpeg=01;35:*.mjpg=01;35:*.mjpeg=01;35:*.gif=01;35:*.bmp=01;35:*.pbm=01;35:*.pgm=01;35:*.ppm=01;35:*.tga=01;35:*.xbm=01;35:*.xpm=01;35:*.tif=01;35:*.tiff=01;35:*.png=01;35:*.svg=01;35:*.svgz=01;35:*.mng=01;35:*.pcx=01;35:*.mov=01;35:*.mpg=01;35:*.mpeg=01;35:*.m2v=01;35:*.mkv=01;35:*.webm=01;35:*.webp=01;35:*.ogm=01;35:*.mp4=01;35:*.m4v=01;35:*.mp4v=01;35:*.vob=01;35:*.qt=01;35:*.nuv=01;35:*.wmv=01;35:*.asf=01;35:*.rm=01;35:*.rmvb=01;35:*.flc=01;35:*.avi=01;35:*.fli=01;35:*.flv=01;35:*.gl=01;35:*.dl=01;35:*.xcf=01;35:*.xwd=01;35:*.yuv=01;35:*.cgm=01;35:*.emf=01;35:*.ogv=01;35:*.ogx=01;35:*.aac=00;36:*.au=00;36:*.flac=00;36:*.m4a=00;36:*.mid=00;36:*.midi=00;36:*.mka=00;36:*.mp3=00;36:*.mpc=00;36:*.ogg=00;36:*.ra=00;36:*.wav=00;36:*.oga=00;36:*.opus=00;36:*.spx=00;36:*.xspf=00;36:'), ('VSCODE_GIT_IPC_HANDLE', '/run/user/1000/vscode-git-167d3a068c.sock'), ('TERM_PROGRAM', 'vscode'), ('AMENT_PREFIX_PATH', '/home/joon/automotive_software_final/install/simulator:/home/joon/automotive_software_final/install/mission_manager:/home/joon/automotive_software_final/install/evaluation:/home/joon/automotive_software_final/install/autonomous_driving:/home/joon/automotive_software_final/install/ad_msgs:/opt/ros/humble'), ('SHELL', '/bin/bash'), ('LESSCLOSE', '/usr/bin/lesspipe %s %s'), ('VSCODE_GIT_ASKPASS_EXTRA_ARGS', ''), ('PWD', '/home/joon/automotive_software_final/build/simulator'), ('ENABLE_IDE_INTEGRATION', 'true'), ('XDG_DATA_DIRS', '/usr/local/share:/usr/share:/var/lib/snapd/desktop'), ('PYTHONPATH', '/home/joon/automotive_software_final/install/ad_msgs/local/lib/python3.10/dist-packages:/opt/ros/humble/lib/python3.10/site-packages:/opt/ros/humble/local/lib/python3.10/dist-packages'), ('COLCON', '1'), ('WSL2_GUI_APPS_ENABLED', '1'), ('HOSTTYPE', 'x86_64'), ('CMAKE_PREFIX_PATH', '/home/joon/automotive_software_final/install/ad_msgs:/home/joon/automotive_software_final/install/simulator:/home/joon/automotive_software_final/install/mission_manager:/home/joon/automotive_software_final/install/evaluation:/home/joon/automotive_software_final/install/autonomous_driving:/opt/ros/humble'), ('WSLENV', 'VSCODE_WSL_EXT_LOCATION/up')]), 'shell': False}
[0.465429] (autonomous_driving) StdoutLine: {'line': b'\x1b[35m\x1b[1mConsolidate compiler generated dependencies of target autonomous_driving\x1b[0m\n'}
[0.476214] (evaluation) StdoutLine: {'line': b'[100%] Built target evaluation\n'}
[0.483638] (simulator) StdoutLine: {'line': b'[ 28%] Built target display\n'}
[0.484027] (autonomous_driving) StdoutLine: {'line': b'[ 33%] \x1b[32mBuilding CXX object CMakeFiles/autonomous_driving.dir/src/lane_processor.cpp.o\x1b[0m\n'}
[0.486510] (evaluation) CommandEnded: {'returncode': 0}
[0.487574] (evaluation) JobProgress: {'identifier': 'evaluation', 'progress': 'install'}
[0.487986] (evaluation) Command: {'cmd': ['/usr/bin/cmake', '--install', '/home/joon/automotive_software_final/build/evaluation'], 'cwd': '/home/joon/automotive_software_final/build/evaluation', 'env': OrderedDict([('PYTHON_BASIC_REPL', '1'), ('LESSOPEN', '| /usr/bin/lesspipe %s'), ('USER', 'joon'), ('GIT_ASKPASS', '/home/joon/.vscode-server/bin/bf9252a2fb45be6893dd8870c0bf37e2e1766d61/extensions/git/dist/askpass.sh'), ('SHLVL', '1'), ('LD_LIBRARY_PATH', '/home/joon/automotive_software_final/install/ad_msgs/lib:/usr/lib/x86_64-linux-gnu/gazebo-11/plugins:/opt/ros/humble/opt/rviz_ogre_vendor/lib:/opt/ros/humble/lib/x86_64-linux-gnu:/opt/ros/humble/lib'), ('HOME', '/home/joon'), ('TERM_PROGRAM_VERSION', '1.106.3'), ('VSCODE_IPC_HOOK_CLI', '/run/user/1000/vscode-ipc-6b0baac3-5733-45f7-8cf4-686e9cd27a4c.sock'), ('ROS_PYTHON_VERSION', '3'), ('VSCODE_GIT_ASKPASS_MAIN', '/home/joon/.vscode-server/bin/bf9252a2fb45be6893dd8870c0bf37e2e1766d61/extensions/git/dist/askpass-main.js'), ('VSCODE_GIT_ASKPASS_NODE', '/home/joon/.vscode-server/bin/bf9252a2fb45be6893dd8870c0bf37e2e1766d61/node'), ('PYDEVD_DISABLE_FILE_VALIDATION', '1'), ('BUNDLED_DEBUGPY_PATH', '/home/joon/.vscode-server/extensions/ms-python.debugpy-2025.16.0-linux-x64/bundled/libs/debugpy'), ('VSCODE_PYTHON_AUTOACTIVATE_GUARD', '1'), ('DBUS_SESSION_BUS_ADDRESS', 'unix:path=/run/user/1000/bus'), ('COLORTERM', 'truecolor'), ('WSL_DISTRO_NAME', 'Ubuntu-22.04'), ('WAYLAND_DISPLAY', 'wayland-0'), ('COLCON_PREFIX_PATH', '/home/joon/automotive_software_final/install'), ('ROS_DISTRO', 'humble'), ('LOGNAME', 'joon'), ('NAME', 'Joon'), ('WSL_INTEROP', '/run/WSL/509_interop'), ('PULSE_SERVER', 'unix:/mnt/wslg/PulseServer'), ('_', '/usr/bin/colcon'), ('ROS_VERSION', '2'), ('CLAUDE_CODE_SSE_PORT', '14056'), ('TERM', 'xterm-256color'), ('ROS_LOCALHOST_ONLY', '0'), ('PATH', '/opt/ros/humble/bin:/usr/bin:/usr/bin:/home/joon/.vscode-server/data/User/globalStorage/github.copilot-chat/debugCommand:/home/joon/.vscode-server/data/User/globalStorage/github.copilot-chat/copilotCli:/home/joon/.vscode-server/bin/bf9252a2fb45be6893dd8870c0bf37e2e1766d61/bin/remote-cli:/home/joon/.local/bin:/usr/bin:/usr/bin:/usr/local/sbin:/usr/local/bin:/usr/sbin:/usr/bin:/sbin:/bin:/usr/games:/usr/local/games:/usr/lib/wsl/lib:/mnt/c/WINDOWS/system32:/mnt/c/WINDOWS:/mnt/c/WINDOWS/System32/Wbem:/mnt/c/WINDOWS/System32/WindowsPowerShell/v1.0/:/mnt/c/WINDOWS/System32/OpenSSH/:/mnt/c/Program Files/MATLAB/R2024b/bin:/mnt/c/Program Files/nodejs/:/mnt/c/Program Files/Git/cmd:/mnt/c/Users/ksyj0/AppData/Local/Programs/Python/Python312/Scripts/:/mnt/c/Users/ksyj0/AppData/Local/Programs/Python/Python312/:/mnt/c/Users/ksyj0/AppData/Local/Programs/Python/Launcher/:/mnt/c/Users/ksyj0/AppData/Local/Microsoft/WindowsApps:/mnt/c/Users/ksyj0/AppData/Local/Programs/Microsoft VS Code/bin:/mnt/c/Users/ksyj0/AppData/Roaming/npm:/mnt/c/Users/ksyj0/AppData/Local/SOOP:/mnt/c/Users/ksyj0/AppData/Local/Programs/Kiro/bin:/snap/bin:/home/joon/.vscode-server/extensions/ms-python.debugpy-2025.16.0-linux-x64/bundled/scripts/noConfigScripts'), ('XDG_RUNTIME_DIR', '/run/user/1000/'), ('DISPLAY', ':0'), ('VSCODE_DEBUGPY_ADAPTER_ENDPOINTS', '/home/joon/.vscode-server/extensions/ms-python.debugpy-2025.16.0-linux-x64/.noConfigDebugAdapterEndpoints/endpoint-5f6b0efddf9f6982.txt'), ('LANG', 'en_US.UTF-8'), ('PYTHONSTARTUP', '/home/joon/.vscode-server/data/User/workspaceStorage/6032d0949a26c1de4974618490f207f6-1/ms-python.python/pythonrc.py'), ('LS_COLORS', 'rs=0:di=01;34:ln=01;36:mh=00:pi=40;33:so=01;35:do=01;35:bd=40;33;01:cd=40;33;01:or=40;31;01:mi=00:su=37;41:sg=30;43:ca=30;41:tw=30;42:ow=34;42:st=37;44:ex=01;32:*.tar=01;31:*.tgz=01;31:*.arc=01;31:*.arj=01;31:*.taz=01;31:*.lha=01;31:*.lz4=01;31:*.lzh=01;31:*.lzma=01;31:*.tlz=01;31:*.txz=01;31:*.tzo=01;31:*.t7z=01;31:*.zip=01;31:*.z=01;31:*.dz=01;31:*.gz=01;31:*.lrz=01;31:*.lz=01;31:*.lzo=01;31:*.xz=01;31:*.zst=01;31:*.tzst=01;31:*.bz2=01;31:*.bz=01;31:*.tbz=01;31:*.tbz2=01;31:*.tz=01;31:*.deb=01;31:*.rpm=01;31:*.jar=01;31:*.war=01;31:*.ear=01;31:*.sar=01;31:*.rar=01;31:*.alz=01;31:*.ace=01;31:*.zoo=01;31:*.cpio=01;31:*.7z=01;31:*.rz=01;31:*.cab=01;31:*.wim=01;31:*.swm=01;31:*.dwm=01;31:*.esd=01;31:*.jpg=01;35:*.jpeg=01;35:*.mjpg=01;35:*.mjpeg=01;35:*.gif=01;35:*.bmp=01;35:*.pbm=01;35:*.pgm=01;35:*.ppm=01;35:*.tga=01;35:*.xbm=01;35:*.xpm=01;35:*.tif=01;35:*.tiff=01;35:*.png=01;35:*.svg=01;35:*.svgz=01;35:*.mng=01;35:*.pcx=01;35:*.mov=01;35:*.mpg=01;35:*.mpeg=01;35:*.m2v=01;35:*.mkv=01;35:*.webm=01;35:*.webp=01;35:*.ogm=01;35:*.mp4=01;35:*.m4v=01;35:*.mp4v=01;35:*.vob=01;35:*.qt=01;35:*.nuv=01;35:*.wmv=01;35:*.asf=01;35:*.rm=01;35:*.rmvb=01;35:*.flc=01;35:*.avi=01;35:*.fli=01;35:*.flv=01;35:*.gl=01;35:*.dl=01;35:*.xcf=01;35:*.xwd=01;35:*.yuv=01;35:*.cgm=01;35:*.emf=01;35:*.ogv=01;35:*.ogx=01;35:*.aac=00;36:*.au=00;36:*.flac=00;36:*.m4a=00;36:*.mid=00;36:*.midi=00;36:*.mka=00;36:*.mp3=00;36:*.mpc=00;36:*.ogg=00;36:*.ra=00;36:*.wav=00;36:*.oga=00;36:*.opus=00;36:*.spx=00;36:*.xspf=00;36:'), ('VSCODE_GIT_IPC_HANDLE', '/run/user/1000/vscode-git-167d3a068c.sock'), ('TERM_PROGRAM', 'vscode'), ('AMENT_PREFIX_PATH', '/home/joon/automotive_software_final/install/simulator:/home/joon/automotive_software_final/install/mission_manager:/home/joon/automotive_software_final/install/evaluation:/home/joon/automotive_software_final/install/autonomous_driving:/home/joon/automotive_software_final/install/ad_msgs:/opt/ros/humble'), ('SHELL', '/bin/bash'), ('LESSCLOSE', '/usr/bin/lesspipe %s %s'), ('VSCODE_GIT_ASKPASS_EXTRA_ARGS', ''), ('PWD', '/home/joon/automotive_software_final/build/evaluation'), ('ENABLE_IDE_INTEGRATION', 'true'), ('XDG_DATA_DIRS', '/usr/local/share:/usr/share:/var/lib/snapd/desktop'), ('PYTHONPATH', '/home/joon/automotive_software_final/install/ad_msgs/local/lib/python3.10/dist-packages:/opt/ros/humble/lib/python3.10/site-packages:/opt/ros/humble/local/lib/python3.10/dist-packages'), ('COLCON', '1'), ('WSL2_GUI_APPS_ENABLED', '1'), ('HOSTTYPE', 'x86_64'), ('CMAKE_PREFIX_PATH', '/home/joon/automotive_software_final/install/ad_msgs:/home/joon/automotive_software_final/install/simulator:/home/joon/automotive_software_final/install/mission_manager:/home/joon/automotive_software_final/install/evaluation:/home/joon/automotive_software_final/install/autonomous_driving:/opt/ros/humble'), ('WSLENV', 'VSCODE_WSL_EXT_LOCATION/up')]), 'shell': False}
[0.489481] (mission_manager) StdoutLine: {'line': b'[100%] Built target mission_manager\n'}
[0.491016] (simulator) StdoutLine: {'line': b'[ 71%] Built target lane_detection\n'}
[0.491324] (simulator) StdoutLine: {'line': b'[100%] Built target vehicle\n'}
[0.495170] (evaluation) StdoutLine: {'line': b'-- Install configuration: ""\n'}
[0.495711] (evaluation) StdoutLine: {'line': b'-- Execute custom install script\n'}
[0.496139] (evaluation) StdoutLine: {'line': b'-- Up-to-date symlink: /home/joon/automotive_software_final/install/evaluation/lib/evaluation/evaluation\n'}
[0.496545] (evaluation) StdoutLine: {'line': b'-- Up-to-date symlink: /home/joon/automotive_software_final/install/evaluation/share/evaluation/launch/evaluation.launch.xml\n'}
[0.496753] (evaluation) StdoutLine: {'line': b'-- Up-to-date symlink: /home/joon/automotive_software_final/install/evaluation/share/evaluation/launch/evaluation.launch.xml:Zone.Identifier\n'}
[0.497004] (evaluation) StdoutLine: {'line': b'-- Up-to-date symlink: /home/joon/automotive_software_final/install/evaluation/share/ament_index/resource_index/package_run_dependencies/evaluation\n'}
[0.497314] (evaluation) StdoutLine: {'line': b'-- Up-to-date symlink: /home/joon/automotive_software_final/install/evaluation/share/ament_index/resource_index/parent_prefix_path/evaluation\n'}
[0.498540] (evaluation) StdoutLine: {'line': b'-- Up-to-date symlink: /home/joon/automotive_software_final/install/evaluation/share/evaluation/environment/ament_prefix_path.sh\n'}
[0.499123] (evaluation) StdoutLine: {'line': b'-- Up-to-date symlink: /home/joon/automotive_software_final/install/evaluation/share/evaluation/environment/ament_prefix_path.dsv\n'}
[0.500372] (-) TimerEvent: {}
[0.500657] (evaluation) StdoutLine: {'line': b'-- Up-to-date symlink: /home/joon/automotive_software_final/install/evaluation/share/evaluation/environment/path.sh\n'}
[0.501261] (evaluation) StdoutLine: {'line': b'-- Up-to-date symlink: /home/joon/automotive_software_final/install/evaluation/share/evaluation/environment/path.dsv\n'}
[0.501495] (evaluation) StdoutLine: {'line': b'-- Up-to-date symlink: /home/joon/automotive_software_final/install/evaluation/share/evaluation/local_setup.bash\n'}
[0.501720] (evaluation) StdoutLine: {'line': b'-- Up-to-date symlink: /home/joon/automotive_software_final/install/evaluation/share/evaluation/local_setup.sh\n'}
[0.501947] (evaluation) StdoutLine: {'line': b'-- Up-to-date symlink: /home/joon/automotive_software_final/install/evaluation/share/evaluation/local_setup.zsh\n'}
[0.502307] (evaluation) StdoutLine: {'line': b'-- Up-to-date symlink: /home/joon/automotive_software_final/install/evaluation/share/evaluation/local_setup.dsv\n'}
[0.502733] (evaluation) StdoutLine: {'line': b'-- Symlinking: /home/joon/automotive_software_final/install/evaluation/share/evaluation/package.dsv\n'}
[0.502990] (mission_manager) CommandEnded: {'returncode': 0}
[0.503807] (mission_manager) JobProgress: {'identifier': 'mission_manager', 'progress': 'install'}
[0.504185] (mission_manager) Command: {'cmd': ['/usr/bin/cmake', '--install', '/home/joon/automotive_software_final/build/mission_manager'], 'cwd': '/home/joon/automotive_software_final/build/mission_manager', 'env': OrderedDict([('PYTHON_BASIC_REPL', '1'), ('LESSOPEN', '| /usr/bin/lesspipe %s'), ('USER', 'joon'), ('GIT_ASKPASS', '/home/joon/.vscode-server/bin/bf9252a2fb45be6893dd8870c0bf37e2e1766d61/extensions/git/dist/askpass.sh'), ('SHLVL', '1'), ('LD_LIBRARY_PATH', '/home/joon/automotive_software_final/install/ad_msgs/lib:/usr/lib/x86_64-linux-gnu/gazebo-11/plugins:/opt/ros/humble/opt/rviz_ogre_vendor/lib:/opt/ros/humble/lib/x86_64-linux-gnu:/opt/ros/humble/lib'), ('HOME', '/home/joon'), ('TERM_PROGRAM_VERSION', '1.106.3'), ('VSCODE_IPC_HOOK_CLI', '/run/user/1000/vscode-ipc-6b0baac3-5733-45f7-8cf4-686e9cd27a4c.sock'), ('ROS_PYTHON_VERSION', '3'), ('VSCODE_GIT_ASKPASS_MAIN', '/home/joon/.vscode-server/bin/bf9252a2fb45be6893dd8870c0bf37e2e1766d61/extensions/git/dist/askpass-main.js'), ('VSCODE_GIT_ASKPASS_NODE', '/home/joon/.vscode-server/bin/bf9252a2fb45be6893dd8870c0bf37e2e1766d61/node'), ('PYDEVD_DISABLE_FILE_VALIDATION', '1'), ('BUNDLED_DEBUGPY_PATH', '/home/joon/.vscode-server/extensions/ms-python.debugpy-2025.16.0-linux-x64/bundled/libs/debugpy'), ('VSCODE_PYTHON_AUTOACTIVATE_GUARD', '1'), ('DBUS_SESSION_BUS_ADDRESS', 'unix:path=/run/user/1000/bus'), ('COLORTERM', 'truecolor'), ('WSL_DISTRO_NAME', 'Ubuntu-22.04'), ('WAYLAND_DISPLAY', 'wayland-0'), ('COLCON_PREFIX_PATH', '/home/joon/automotive_software_final/install'), ('ROS_DISTRO', 'humble'), ('LOGNAME', 'joon'), ('NAME', 'Joon'), ('WSL_INTEROP', '/run/WSL/509_interop'), ('PULSE_SERVER', 'unix:/mnt/wslg/PulseServer'), ('_', '/usr/bin/colcon'), ('ROS_VERSION', '2'), ('CLAUDE_CODE_SSE_PORT', '14056'), ('TERM', 'xterm-256color'), ('ROS_LOCALHOST_ONLY', '0'), ('PATH', '/opt/ros/humble/bin:/usr/bin:/usr/bin:/home/joon/.vscode-server/data/User/globalStorage/github.copilot-chat/debugCommand:/home/joon/.vscode-server/data/User/globalStorage/github.copilot-chat/copilotCli:/home/joon/.vscode-server/bin/bf9252a2fb45be6893dd8870c0bf37e2e1766d61/bin/remote-cli:/home/joon/.local/bin:/usr/bin:/usr/bin:/usr/local/sbin:/usr/local/bin:/usr/sbin:/usr/bin:/sbin:/bin:/usr/games:/usr/local/games:/usr/lib/wsl/lib:/mnt/c/WINDOWS/system32:/mnt/c/WINDOWS:/mnt/c/WINDOWS/System32/Wbem:/mnt/c/WINDOWS/System32/WindowsPowerShell/v1.0/:/mnt/c/WINDOWS/System32/OpenSSH/:/mnt/c/Program Files/MATLAB/R2024b/bin:/mnt/c/Program Files/nodejs/:/mnt/c/Program Files/Git/cmd:/mnt/c/Users/ksyj0/AppData/Local/Programs/Python/Python312/Scripts/:/mnt/c/Users/ksyj0/AppData/Local/Programs/Python/Python312/:/mnt/c/Users/ksyj0/AppData/Local/Programs/Python/Launcher/:/mnt/c/Users/ksyj0/AppData/Local/Microsoft/WindowsApps:/mnt/c/Users/ksyj0/AppData/Local/Programs/Microsoft VS Code/bin:/mnt/c/Users/ksyj0/AppData/Roaming/npm:/mnt/c/Users/ksyj0/AppData/Local/SOOP:/mnt/c/Users/ksyj0/AppData/Local/Programs/Kiro/bin:/snap/bin:/home/joon/.vscode-server/extensions/ms-python.debugpy-2025.16.0-linux-x64/bundled/scripts/noConfigScripts'), ('XDG_RUNTIME_DIR', '/run/user/1000/'), ('DISPLAY', ':0'), ('VSCODE_DEBUGPY_ADAPTER_ENDPOINTS', '/home/joon/.vscode-server/extensions/ms-python.debugpy-2025.16.0-linux-x64/.noConfigDebugAdapterEndpoints/endpoint-5f6b0efddf9f6982.txt'), ('LANG', 'en_US.UTF-8'), ('PYTHONSTARTUP', '/home/joon/.vscode-server/data/User/workspaceStorage/6032d0949a26c1de4974618490f207f6-1/ms-python.python/pythonrc.py'), ('LS_COLORS', 'rs=0:di=01;34:ln=01;36:mh=00:pi=40;33:so=01;35:do=01;35:bd=40;33;01:cd=40;33;01:or=40;31;01:mi=00:su=37;41:sg=30;43:ca=30;41:tw=30;42:ow=34;42:st=37;44:ex=01;32:*.tar=01;31:*.tgz=01;31:*.arc=01;31:*.arj=01;31:*.taz=01;31:*.lha=01;31:*.lz4=01;31:*.lzh=01;31:*.lzma=01;31:*.tlz=01;31:*.txz=01;31:*.tzo=01;31:*.t7z=01;31:*.zip=01;31:*.z=01;31:*.dz=01;31:*.gz=01;31:*.lrz=01;31:*.lz=01;31:*.lzo=01;31:*.xz=01;31:*.zst=01;31:*.tzst=01;31:*.bz2=01;31:*.bz=01;31:*.tbz=01;31:*.tbz2=01;31:*.tz=01;31:*.deb=01;31:*.rpm=01;31:*.jar=01;31:*.war=01;31:*.ear=01;31:*.sar=01;31:*.rar=01;31:*.alz=01;31:*.ace=01;31:*.zoo=01;31:*.cpio=01;31:*.7z=01;31:*.rz=01;31:*.cab=01;31:*.wim=01;31:*.swm=01;31:*.dwm=01;31:*.esd=01;31:*.jpg=01;35:*.jpeg=01;35:*.mjpg=01;35:*.mjpeg=01;35:*.gif=01;35:*.bmp=01;35:*.pbm=01;35:*.pgm=01;35:*.ppm=01;35:*.tga=01;35:*.xbm=01;35:*.xpm=01;35:*.tif=01;35:*.tiff=01;35:*.png=01;35:*.svg=01;35:*.svgz=01;35:*.mng=01;35:*.pcx=01;35:*.mov=01;35:*.mpg=01;35:*.mpeg=01;35:*.m2v=01;35:*.mkv=01;35:*.webm=01;35:*.webp=01;35:*.ogm=01;35:*.mp4=01;35:*.m4v=01;35:*.mp4v=01;35:*.vob=01;35:*.qt=01;35:*.nuv=01;35:*.wmv=01;35:*.asf=01;35:*.rm=01;35:*.rmvb=01;35:*.flc=01;35:*.avi=01;35:*.fli=01;35:*.flv=01;35:*.gl=01;35:*.dl=01;35:*.xcf=01;35:*.xwd=01;35:*.yuv=01;35:*.cgm=01;35:*.emf=01;35:*.ogv=01;35:*.ogx=01;35:*.aac=00;36:*.au=00;36:*.flac=00;36:*.m4a=00;36:*.mid=00;36:*.midi=00;36:*.mka=00;36:*.mp3=00;36:*.mpc=00;36:*.ogg=00;36:*.ra=00;36:*.wav=00;36:*.oga=00;36:*.opus=00;36:*.spx=00;36:*.xspf=00;36:'), ('VSCODE_GIT_IPC_HANDLE', '/run/user/1000/vscode-git-167d3a068c.sock'), ('TERM_PROGRAM', 'vscode'), ('AMENT_PREFIX_PATH', '/home/joon/automotive_software_final/install/simulator:/home/joon/automotive_software_final/install/mission_manager:/home/joon/automotive_software_final/install/evaluation:/home/joon/automotive_software_final/install/autonomous_driving:/home/joon/automotive_software_final/install/ad_msgs:/opt/ros/humble'), ('SHELL', '/bin/bash'), ('LESSCLOSE', '/usr/bin/lesspipe %s %s'), ('VSCODE_GIT_ASKPASS_EXTRA_ARGS', ''), ('PWD', '/home/joon/automotive_software_final/build/mission_manager'), ('ENABLE_IDE_INTEGRATION', 'true'), ('XDG_DATA_DIRS', '/usr/local/share:/usr/share:/var/lib/snapd/desktop'), ('PYTHONPATH', '/home/joon/automotive_software_final/install/ad_msgs/local/lib/python3.10/dist-packages:/opt/ros/humble/lib/python3.10/site-packages:/opt/ros/humble/local/lib/python3.10/dist-packages'), ('COLCON', '1'), ('WSL2_GUI_APPS_ENABLED', '1'), ('HOSTTYPE', 'x86_64'), ('CMAKE_PREFIX_PATH', '/home/joon/automotive_software_final/install/ad_msgs:/home/joon/automotive_software_final/install/simulator:/home/joon/automotive_software_final/install/mission_manager:/home/joon/automotive_software_final/install/evaluation:/home/joon/automotive_software_final/install/autonomous_driving:/opt/ros/humble'), ('WSLENV', 'VSCODE_WSL_EXT_LOCATION/up')]), 'shell': False}
[0.507778] (evaluation) StdoutLine: {'line': b'-- Up-to-date symlink: /home/joon/automotive_software_final/install/evaluation/share/ament_index/resource_index/packages/evaluation\n'}
[0.509068] (evaluation) StdoutLine: {'line': b'-- Up-to-date symlink: /home/joon/automotive_software_final/install/evaluation/share/evaluation/cmake/evaluationConfig.cmake\n'}
[0.509439] (evaluation) StdoutLine: {'line': b'-- Up-to-date symlink: /home/joon/automotive_software_final/install/evaluation/share/evaluation/cmake/evaluationConfig-version.cmake\n'}
[0.509586] (evaluation) StdoutLine: {'line': b'-- Up-to-date symlink: /home/joon/automotive_software_final/install/evaluation/share/evaluation/package.xml\n'}
[0.509935] (simulator) CommandEnded: {'returncode': 0}
[0.511020] (simulator) JobProgress: {'identifier': 'simulator', 'progress': 'install'}
[0.512154] (simulator) Command: {'cmd': ['/usr/bin/cmake', '--install', '/home/joon/automotive_software_final/build/simulator'], 'cwd': '/home/joon/automotive_software_final/build/simulator', 'env': OrderedDict([('PYTHON_BASIC_REPL', '1'), ('LESSOPEN', '| /usr/bin/lesspipe %s'), ('USER', 'joon'), ('GIT_ASKPASS', '/home/joon/.vscode-server/bin/bf9252a2fb45be6893dd8870c0bf37e2e1766d61/extensions/git/dist/askpass.sh'), ('SHLVL', '1'), ('LD_LIBRARY_PATH', '/home/joon/automotive_software_final/install/ad_msgs/lib:/usr/lib/x86_64-linux-gnu/gazebo-11/plugins:/opt/ros/humble/opt/rviz_ogre_vendor/lib:/opt/ros/humble/lib/x86_64-linux-gnu:/opt/ros/humble/lib'), ('HOME', '/home/joon'), ('TERM_PROGRAM_VERSION', '1.106.3'), ('VSCODE_IPC_HOOK_CLI', '/run/user/1000/vscode-ipc-6b0baac3-5733-45f7-8cf4-686e9cd27a4c.sock'), ('ROS_PYTHON_VERSION', '3'), ('VSCODE_GIT_ASKPASS_MAIN', '/home/joon/.vscode-server/bin/bf9252a2fb45be6893dd8870c0bf37e2e1766d61/extensions/git/dist/askpass-main.js'), ('VSCODE_GIT_ASKPASS_NODE', '/home/joon/.vscode-server/bin/bf9252a2fb45be6893dd8870c0bf37e2e1766d61/node'), ('PYDEVD_DISABLE_FILE_VALIDATION', '1'), ('BUNDLED_DEBUGPY_PATH', '/home/joon/.vscode-server/extensions/ms-python.debugpy-2025.16.0-linux-x64/bundled/libs/debugpy'), ('VSCODE_PYTHON_AUTOACTIVATE_GUARD', '1'), ('DBUS_SESSION_BUS_ADDRESS', 'unix:path=/run/user/1000/bus'), ('COLORTERM', 'truecolor'), ('WSL_DISTRO_NAME', 'Ubuntu-22.04'), ('WAYLAND_DISPLAY', 'wayland-0'), ('COLCON_PREFIX_PATH', '/home/joon/automotive_software_final/install'), ('ROS_DISTRO', 'humble'), ('LOGNAME', 'joon'), ('NAME', 'Joon'), ('WSL_INTEROP', '/run/WSL/509_interop'), ('PULSE_SERVER', 'unix:/mnt/wslg/PulseServer'), ('_', '/usr/bin/colcon'), ('ROS_VERSION', '2'), ('CLAUDE_CODE_SSE_PORT', '14056'), ('TERM', 'xterm-256color'), ('ROS_LOCALHOST_ONLY', '0'), ('PATH', '/opt/ros/humble/bin:/usr/bin:/usr/bin:/home/joon/.vscode-server/data/User/globalStorage/github.copilot-chat/debugCommand:/home/joon/.vscode-server/data/User/globalStorage/github.copilot-chat/copilotCli:/home/joon/.vscode-server/bin/bf9252a2fb45be6893dd8870c0bf37e2e1766d61/bin/remote-cli:/home/joon/.local/bin:/usr/bin:/usr/bin:/usr/local/sbin:/usr/local/bin:/usr/sbin:/usr/bin:/sbin:/bin:/usr/games:/usr/local/games:/usr/lib/wsl/lib:/mnt/c/WINDOWS/system32:/mnt/c/WINDOWS:/mnt/c/WINDOWS/System32/Wbem:/mnt/c/WINDOWS/System32/WindowsPowerShell/v1.0/:/mnt/c/WINDOWS/System32/OpenSSH/:/mnt/c/Program Files/MATLAB/R2024b/bin:/mnt/c/Program Files/nodejs/:/mnt/c/Program Files/Git/cmd:/mnt/c/Users/ksyj0/AppData/Local/Programs/Python/Python312/Scripts/:/mnt/c/Users/ksyj0/AppData/Local/Programs/Python/Python312/:/mnt/c/Users/ksyj0/AppData/Local/Programs/Python/Launcher/:/mnt/c/Users/ksyj0/AppData/Local/Microsoft/WindowsApps:/mnt/c/Users/ksyj0/AppData/Local/Programs/Microsoft VS Code/bin:/mnt/c/Users/ksyj0/AppData/Roaming/npm:/mnt/c/Users/ksyj0/AppData/Local/SOOP:/mnt/c/Users/ksyj0/AppData/Local/Programs/Kiro/bin:/snap/bin:/home/joon/.vscode-server/extensions/ms-python.debugpy-2025.16.0-linux-x64/bundled/scripts/noConfigScripts'), ('XDG_RUNTIME_DIR', '/run/user/1000/'), ('DISPLAY', ':0'), ('VSCODE_DEBUGPY_ADAPTER_ENDPOINTS', '/home/joon/.vscode-server/extensions/ms-python.debugpy-2025.16.0-linux-x64/.noConfigDebugAdapterEndpoints/endpoint-5f6b0efddf9f6982.txt'), ('LANG', 'en_US.UTF-8'), ('PYTHONSTARTUP', '/home/joon/.vscode-server/data/User/workspaceStorage/6032d0949a26c1de4974618490f207f6-1/ms-python.python/pythonrc.py'), ('LS_COLORS', 'rs=0:di=01;34:ln=01;36:mh=00:pi=40;33:so=01;35:do=01;35:bd=40;33;01:cd=40;33;01:or=40;31;01:mi=00:su=37;41:sg=30;43:ca=30;41:tw=30;42:ow=34;42:st=37;44:ex=01;32:*.tar=01;31:*.tgz=01;31:*.arc=01;31:*.arj=01;31:*.taz=01;31:*.lha=01;31:*.lz4=01;31:*.lzh=01;31:*.lzma=01;31:*.tlz=01;31:*.txz=01;31:*.tzo=01;31:*.t7z=01;31:*.zip=01;31:*.z=01;31:*.dz=01;31:*.gz=01;31:*.lrz=01;31:*.lz=01;31:*.lzo=01;31:*.xz=01;31:*.zst=01;31:*.tzst=01;31:*.bz2=01;31:*.bz=01;31:*.tbz=01;31:*.tbz2=01;31:*.tz=01;31:*.deb=01;31:*.rpm=01;31:*.jar=01;31:*.war=01;31:*.ear=01;31:*.sar=01;31:*.rar=01;31:*.alz=01;31:*.ace=01;31:*.zoo=01;31:*.cpio=01;31:*.7z=01;31:*.rz=01;31:*.cab=01;31:*.wim=01;31:*.swm=01;31:*.dwm=01;31:*.esd=01;31:*.jpg=01;35:*.jpeg=01;35:*.mjpg=01;35:*.mjpeg=01;35:*.gif=01;35:*.bmp=01;35:*.pbm=01;35:*.pgm=01;35:*.ppm=01;35:*.tga=01;35:*.xbm=01;35:*.xpm=01;35:*.tif=01;35:*.tiff=01;35:*.png=01;35:*.svg=01;35:*.svgz=01;35:*.mng=01;35:*.pcx=01;35:*.mov=01;35:*.mpg=01;35:*.mpeg=01;35:*.m2v=01;35:*.mkv=01;35:*.webm=01;35:*.webp=01;35:*.ogm=01;35:*.mp4=01;35:*.m4v=01;35:*.mp4v=01;35:*.vob=01;35:*.qt=01;35:*.nuv=01;35:*.wmv=01;35:*.asf=01;35:*.rm=01;35:*.rmvb=01;35:*.flc=01;35:*.avi=01;35:*.fli=01;35:*.flv=01;35:*.gl=01;35:*.dl=01;35:*.xcf=01;35:*.xwd=01;35:*.yuv=01;35:*.cgm=01;35:*.emf=01;35:*.ogv=01;35:*.ogx=01;35:*.aac=00;36:*.au=00;36:*.flac=00;36:*.m4a=00;36:*.mid=00;36:*.midi=00;36:*.mka=00;36:*.mp3=00;36:*.mpc=00;36:*.ogg=00;36:*.ra=00;36:*.wav=00;36:*.oga=00;36:*.opus=00;36:*.spx=00;36:*.xspf=00;36:'), ('VSCODE_GIT_IPC_HANDLE', '/run/user/1000/vscode-git-167d3a068c.sock'), ('TERM_PROGRAM', 'vscode'), ('AMENT_PREFIX_PATH', '/home/joon/automotive_software_final/install/simulator:/home/joon/automotive_software_final/install/mission_manager:/home/joon/automotive_software_final/install/evaluation:/home/joon/automotive_software_final/install/autonomous_driving:/home/joon/automotive_software_final/install/ad_msgs:/opt/ros/humble'), ('SHELL', '/bin/bash'), ('LESSCLOSE', '/usr/bin/lesspipe %s %s'), ('VSCODE_GIT_ASKPASS_EXTRA_ARGS', ''), ('PWD', '/home/joon/automotive_software_final/build/simulator'), ('ENABLE_IDE_INTEGRATION', 'true'), ('XDG_DATA_DIRS', '/usr/local/share:/usr/share:/var/lib/snapd/desktop'), ('PYTHONPATH', '/home/joon/automotive_software_final/install/ad_msgs/local/lib/python3.10/dist-packages:/opt/ros/humble/lib/python3.10/site-packages:/opt/ros/humble/local/lib/python3.10/dist-packages'), ('COLCON', '1'), ('WSL2_GUI_APPS_ENABLED', '1'), ('HOSTTYPE', 'x86_64'), ('CMAKE_PREFIX_PATH', '/home/joon/automotive_software_final/install/ad_msgs:/home/joon/automotive_software_final/install/simulator:/home/joon/automotive_software_final/install/mission_manager:/home/joon/automotive_software_final/install/evaluation:/home/joon/automotive_software_final/install/autonomous_driving:/opt/ros/humble'), ('WSLENV', 'VSCODE_WSL_EXT_LOCATION/up')]), 'shell': False}
[0.513251] (mission_manager) StdoutLine: {'line': b'-- Install configuration: ""\n'}
[0.513516] (mission_manager) StdoutLine: {'line': b'-- Execute custom install script\n'}
[0.513758] (mission_manager) StdoutLine: {'line': b'-- Up-to-date symlink: /home/joon/automotive_software_final/install/mission_manager/lib/mission_manager/mission_manager\n'}
[0.513994] (mission_manager) StdoutLine: {'line': b'-- Up-to-date symlink: /home/joon/automotive_software_final/install/mission_manager/share/mission_manager/launch/mission_manager.launch.xml\n'}
[0.514503] (mission_manager) StdoutLine: {'line': b'-- Up-to-date symlink: /home/joon/automotive_software_final/install/mission_manager/share/mission_manager/launch/mission_manager.launch.xml:Zone.Identifier\n'}
[0.514757] (mission_manager) StdoutLine: {'line': b'-- Up-to-date symlink: /home/joon/automotive_software_final/install/mission_manager/share/ament_index/resource_index/package_run_dependencies/mission_manager\n'}
[0.514839] (mission_manager) StdoutLine: {'line': b'-- Up-to-date symlink: /home/joon/automotive_software_final/install/mission_manager/share/ament_index/resource_index/parent_prefix_path/mission_manager\n'}
[0.514903] (mission_manager) StdoutLine: {'line': b'-- Up-to-date symlink: /home/joon/automotive_software_final/install/mission_manager/share/mission_manager/environment/ament_prefix_path.sh\n'}
[0.517406] (mission_manager) StdoutLine: {'line': b'-- Up-to-date symlink: /home/joon/automotive_software_final/install/mission_manager/share/mission_manager/environment/ament_prefix_path.dsv\n'}
[0.517670] (mission_manager) StdoutLine: {'line': b'-- Up-to-date symlink: /home/joon/automotive_software_final/install/mission_manager/share/mission_manager/environment/path.sh\n'}
[0.518248] (mission_manager) StdoutLine: {'line': b'-- Up-to-date symlink: /home/joon/automotive_software_final/install/mission_manager/share/mission_manager/environment/path.dsv\n'}
[0.518638] (mission_manager) StdoutLine: {'line': b'-- Up-to-date symlink: /home/joon/automotive_software_final/install/mission_manager/share/mission_manager/local_setup.bash\n'}
[0.518932] (mission_manager) StdoutLine: {'line': b'-- Up-to-date symlink: /home/joon/automotive_software_final/install/mission_manager/share/mission_manager/local_setup.sh\n'}
[0.519559] (mission_manager) StdoutLine: {'line': b'-- Up-to-date symlink: /home/joon/automotive_software_final/install/mission_manager/share/mission_manager/local_setup.zsh\n'}
[0.519946] (mission_manager) StdoutLine: {'line': b'-- Up-to-date symlink: /home/joon/automotive_software_final/install/mission_manager/share/mission_manager/local_setup.dsv\n'}
[0.520121] (mission_manager) StdoutLine: {'line': b'-- Symlinking: /home/joon/automotive_software_final/install/mission_manager/share/mission_manager/package.dsv\n'}
[0.520431] (evaluation) CommandEnded: {'returncode': 0}
[0.521922] (simulator) StdoutLine: {'line': b'-- Install configuration: ""\n'}
[0.522445] (simulator) StdoutLine: {'line': b'-- Execute custom install script\n'}
[0.522554] (simulator) StdoutLine: {'line': b'-- Up-to-date symlink: /home/joon/automotive_software_final/install/simulator/lib/simulator/vehicle\n'}
[0.522650] (simulator) StdoutLine: {'line': b'-- Up-to-date symlink: /home/joon/automotive_software_final/install/simulator/lib/simulator/lane_detection\n'}
[0.522850] (simulator) StdoutLine: {'line': b'-- Up-to-date symlink: /home/joon/automotive_software_final/install/simulator/lib/simulator/display\n'}
[0.523018] (simulator) StdoutLine: {'line': b'-- Up-to-date symlink: /home/joon/automotive_software_final/install/simulator/share/simulator/launch/simulation.launch.xml\n'}
[0.523088] (simulator) StdoutLine: {'line': b'-- Up-to-date symlink: /home/joon/automotive_software_final/install/simulator/share/simulator/launch/simulation.launch.xml:Zone.Identifier\n'}
[0.523762] (simulator) StdoutLine: {'line': b'-- Up-to-date symlink: /home/joon/automotive_software_final/install/simulator/share/ament_index/resource_index/package_run_dependencies/simulator\n'}
[0.524535] (simulator) StdoutLine: {'line': b'-- Up-to-date symlink: /home/joon/automotive_software_final/install/simulator/share/ament_index/resource_index/parent_prefix_path/simulator\n'}
[0.524948] (simulator) StdoutLine: {'line': b'-- Up-to-date symlink: /home/joon/automotive_software_final/install/simulator/share/simulator/environment/ament_prefix_path.sh\n'}
[0.525368] (simulator) StdoutLine: {'line': b'-- Up-to-date symlink: /home/joon/automotive_software_final/install/simulator/share/simulator/environment/ament_prefix_path.dsv\n'}
[0.525481] (simulator) StdoutLine: {'line': b'-- Up-to-date symlink: /home/joon/automotive_software_final/install/simulator/share/simulator/environment/path.sh\n'}
[0.525580] (simulator) StdoutLine: {'line': b'-- Up-to-date symlink: /home/joon/automotive_software_final/install/simulator/share/simulator/environment/path.dsv\n'}
[0.525677] (simulator) StdoutLine: {'line': b'-- Up-to-date symlink: /home/joon/automotive_software_final/install/simulator/share/simulator/local_setup.bash\n'}
[0.525774] (simulator) StdoutLine: {'line': b'-- Up-to-date symlink: /home/joon/automotive_software_final/install/simulator/share/simulator/local_setup.sh\n'}
[0.525870] (simulator) StdoutLine: {'line': b'-- Up-to-date symlink: /home/joon/automotive_software_final/install/simulator/share/simulator/local_setup.zsh\n'}
[0.525968] (simulator) StdoutLine: {'line': b'-- Up-to-date symlink: /home/joon/automotive_software_final/install/simulator/share/simulator/local_setup.dsv\n'}
[0.526066] (simulator) StdoutLine: {'line': b'-- Symlinking: /home/joon/automotive_software_final/install/simulator/share/simulator/package.dsv\n'}
[0.526249] (mission_manager) StdoutLine: {'line': b'-- Up-to-date symlink: /home/joon/automotive_software_final/install/mission_manager/share/ament_index/resource_index/packages/mission_manager\n'}
[0.526367] (mission_manager) StdoutLine: {'line': b'-- Up-to-date symlink: /home/joon/automotive_software_final/install/mission_manager/share/mission_manager/cmake/mission_managerConfig.cmake\n'}
[0.526445] (mission_manager) StdoutLine: {'line': b'-- Up-to-date symlink: /home/joon/automotive_software_final/install/mission_manager/share/mission_manager/cmake/mission_managerConfig-version.cmake\n'}
[0.526555] (mission_manager) StdoutLine: {'line': b'-- Up-to-date symlink: /home/joon/automotive_software_final/install/mission_manager/share/mission_manager/package.xml\n'}
[0.529913] (simulator) StdoutLine: {'line': b'-- Up-to-date symlink: /home/joon/automotive_software_final/install/simulator/share/ament_index/resource_index/packages/simulator\n'}
[0.530123] (simulator) StdoutLine: {'line': b'-- Up-to-date symlink: /home/joon/automotive_software_final/install/simulator/share/simulator/cmake/simulatorConfig.cmake\n'}
[0.530246] (simulator) StdoutLine: {'line': b'-- Up-to-date symlink: /home/joon/automotive_software_final/install/simulator/share/simulator/cmake/simulatorConfig-version.cmake\n'}
[0.530563] (simulator) StdoutLine: {'line': b'-- Up-to-date symlink: /home/joon/automotive_software_final/install/simulator/share/simulator/package.xml\n'}
[0.537914] (evaluation) JobEnded: {'identifier': 'evaluation', 'rc': 0}
[0.539967] (mission_manager) CommandEnded: {'returncode': 0}
[0.549750] (mission_manager) JobEnded: {'identifier': 'mission_manager', 'rc': 0}
[0.551135] (simulator) CommandEnded: {'returncode': 0}
[0.561214] (simulator) JobEnded: {'identifier': 'simulator', 'rc': 0}
[0.600528] (-) TimerEvent: {}
[0.700913] (-) TimerEvent: {}
[0.801360] (-) TimerEvent: {}
[0.901720] (-) TimerEvent: {}
[1.002125] (-) TimerEvent: {}
[1.102505] (-) TimerEvent: {}
[1.202939] (-) TimerEvent: {}
[1.303359] (-) TimerEvent: {}
[1.403775] (-) TimerEvent: {}
[1.504181] (-) TimerEvent: {}
[1.604536] (-) TimerEvent: {}
[1.704934] (-) TimerEvent: {}
[1.805371] (-) TimerEvent: {}
[1.905712] (-) TimerEvent: {}
[2.006095] (-) TimerEvent: {}
[2.106577] (-) TimerEvent: {}
[2.207074] (-) TimerEvent: {}
[2.307553] (-) TimerEvent: {}
[2.407933] (-) TimerEvent: {}
[2.508423] (-) TimerEvent: {}
[2.608803] (-) TimerEvent: {}
[2.709198] (-) TimerEvent: {}
[2.809597] (-) TimerEvent: {}
[2.909969] (-) TimerEvent: {}
[3.010413] (-) TimerEvent: {}
[3.110976] (-) TimerEvent: {}
[3.211484] (-) TimerEvent: {}
[3.312126] (-) TimerEvent: {}
[3.412524] (-) TimerEvent: {}
[3.512875] (-) TimerEvent: {}
[3.613308] (-) TimerEvent: {}
[3.713855] (-) TimerEvent: {}
[3.814235] (-) TimerEvent: {}
[3.914572] (-) TimerEvent: {}
[3.919986] (autonomous_driving) StdoutLine: {'line': b'[ 66%] \x1b[32m\x1b[1mLinking CXX executable autonomous_driving\x1b[0m\n'}
[4.014954] (-) TimerEvent: {}
[4.115293] (-) TimerEvent: {}
[4.215728] (-) TimerEvent: {}
[4.316109] (-) TimerEvent: {}
[4.416581] (-) TimerEvent: {}
[4.516923] (-) TimerEvent: {}
[4.617341] (-) TimerEvent: {}
[4.717833] (-) TimerEvent: {}
[4.818268] (-) TimerEvent: {}
[4.918789] (-) TimerEvent: {}
[4.950502] (autonomous_driving) StdoutLine: {'line': b'[100%] Built target autonomous_driving\n'}
[4.963811] (autonomous_driving) CommandEnded: {'returncode': 0}
[4.965560] (autonomous_driving) JobProgress: {'identifier': 'autonomous_driving', 'progress': 'install'}
[4.965613] (autonomous_driving) Command: {'cmd': ['/usr/bin/cmake', '--install', '/home/joon/automotive_software_final/build/autonomous_driving'], 'cwd': '/home/joon/automotive_software_final/build/autonomous_driving', 'env': OrderedDict([('PYTHON_BASIC_REPL', '1'), ('LESSOPEN', '| /usr/bin/lesspipe %s'), ('USER', 'joon'), ('GIT_ASKPASS', '/home/joon/.vscode-server/bin/bf9252a2fb45be6893dd8870c0bf37e2e1766d61/extensions/git/dist/askpass.sh'), ('SHLVL', '1'), ('LD_LIBRARY_PATH', '/home/joon/automotive_software_final/install/ad_msgs/lib:/usr/lib/x86_64-linux-gnu/gazebo-11/plugins:/opt/ros/humble/opt/rviz_ogre_vendor/lib:/opt/ros/humble/lib/x86_64-linux-gnu:/opt/ros/humble/lib'), ('HOME', '/home/joon'), ('TERM_PROGRAM_VERSION', '1.106.3'), ('VSCODE_IPC_HOOK_CLI', '/run/user/1000/vscode-ipc-6b0baac3-5733-45f7-8cf4-686e9cd27a4c.sock'), ('ROS_PYTHON_VERSION', '3'), ('VSCODE_GIT_ASKPASS_MAIN', '/home/joon/.vscode-server/bin/bf9252a2fb45be6893dd8870c0bf37e2e1766d61/extensions/git/dist/askpass-main.js'), ('VSCODE_GIT_ASKPASS_NODE', '/home/joon/.vscode-server/bin/bf9252a2fb45be6893dd8870c0bf37e2e1766d61/node'), ('PYDEVD_DISABLE_FILE_VALIDATION', '1'), ('BUNDLED_DEBUGPY_PATH', '/home/joon/.vscode-server/extensions/ms-python.debugpy-2025.16.0-linux-x64/bundled/libs/debugpy'), ('VSCODE_PYTHON_AUTOACTIVATE_GUARD', '1'), ('DBUS_SESSION_BUS_ADDRESS', 'unix:path=/run/user/1000/bus'), ('COLORTERM', 'truecolor'), ('WSL_DISTRO_NAME', 'Ubuntu-22.04'), ('WAYLAND_DISPLAY', 'wayland-0'), ('COLCON_PREFIX_PATH', '/home/joon/automotive_software_final/install'), ('ROS_DISTRO', 'humble'), ('LOGNAME', 'joon'), ('NAME', 'Joon'), ('WSL_INTEROP', '/run/WSL/509_interop'), ('PULSE_SERVER', 'unix:/mnt/wslg/PulseServer'), ('_', '/usr/bin/colcon'), ('ROS_VERSION', '2'), ('CLAUDE_CODE_SSE_PORT', '14056'), ('TERM', 'xterm-256color'), ('ROS_LOCALHOST_ONLY', '0'), ('PATH', '/opt/ros/humble/bin:/usr/bin:/usr/bin:/home/joon/.vscode-server/data/User/globalStorage/github.copilot-chat/debugCommand:/home/joon/.vscode-server/data/User/globalStorage/github.copilot-chat/copilotCli:/home/joon/.vscode-server/bin/bf9252a2fb45be6893dd8870c0bf37e2e1766d61/bin/remote-cli:/home/joon/.local/bin:/usr/bin:/usr/bin:/usr/local/sbin:/usr/local/bin:/usr/sbin:/usr/bin:/sbin:/bin:/usr/games:/usr/local/games:/usr/lib/wsl/lib:/mnt/c/WINDOWS/system32:/mnt/c/WINDOWS:/mnt/c/WINDOWS/System32/Wbem:/mnt/c/WINDOWS/System32/WindowsPowerShell/v1.0/:/mnt/c/WINDOWS/System32/OpenSSH/:/mnt/c/Program Files/MATLAB/R2024b/bin:/mnt/c/Program Files/nodejs/:/mnt/c/Program Files/Git/cmd:/mnt/c/Users/ksyj0/AppData/Local/Programs/Python/Python312/Scripts/:/mnt/c/Users/ksyj0/AppData/Local/Programs/Python/Python312/:/mnt/c/Users/ksyj0/AppData/Local/Programs/Python/Launcher/:/mnt/c/Users/ksyj0/AppData/Local/Microsoft/WindowsApps:/mnt/c/Users/ksyj0/AppData/Local/Programs/Microsoft VS Code/bin:/mnt/c/Users/ksyj0/AppData/Roaming/npm:/mnt/c/Users/ksyj0/AppData/Local/SOOP:/mnt/c/Users/ksyj0/AppData/Local/Programs/Kiro/bin:/snap/bin:/home/joon/.vscode-server/extensions/ms-python.debugpy-2025.16.0-linux-x64/bundled/scripts/noConfigScripts'), ('XDG_RUNTIME_DIR', '/run/user/1000/'), ('DISPLAY', ':0'), ('VSCODE_DEBUGPY_ADAPTER_ENDPOINTS', '/home/joon/.vscode-server/extensions/ms-python.debugpy-2025.16.0-linux-x64/.noConfigDebugAdapterEndpoints/endpoint-5f6b0efddf9f6982.txt'), ('LANG', 'en_US.UTF-8'), ('PYTHONSTARTUP', '/home/joon/.vscode-server/data/User/workspaceStorage/6032d0949a26c1de4974618490f207f6-1/ms-python.python/pythonrc.py'), ('LS_COLORS', 'rs=0:di=01;34:ln=01;36:mh=00:pi=40;33:so=01;35:do=01;35:bd=40;33;01:cd=40;33;01:or=40;31;01:mi=00:su=37;41:sg=30;43:ca=30;41:tw=30;42:ow=34;42:st=37;44:ex=01;32:*.tar=01;31:*.tgz=01;31:*.arc=01;31:*.arj=01;31:*.taz=01;31:*.lha=01;31:*.lz4=01;31:*.lzh=01;31:*.lzma=01;31:*.tlz=01;31:*.txz=01;31:*.tzo=01;31:*.t7z=01;31:*.zip=01;31:*.z=01;31:*.dz=01;31:*.gz=01;31:*.lrz=01;31:*.lz=01;31:*.lzo=01;31:*.xz=01;31:*.zst=01;31:*.tzst=01;31:*.bz2=01;31:*.bz=01;31:*.tbz=01;31:*.tbz2=01;31:*.tz=01;31:*.deb=01;31:*.rpm=01;31:*.jar=01;31:*.war=01;31:*.ear=01;31:*.sar=01;31:*.rar=01;31:*.alz=01;31:*.ace=01;31:*.zoo=01;31:*.cpio=01;31:*.7z=01;31:*.rz=01;31:*.cab=01;31:*.wim=01;31:*.swm=01;31:*.dwm=01;31:*.esd=01;31:*.jpg=01;35:*.jpeg=01;35:*.mjpg=01;35:*.mjpeg=01;35:*.gif=01;35:*.bmp=01;35:*.pbm=01;35:*.pgm=01;35:*.ppm=01;35:*.tga=01;35:*.xbm=01;35:*.xpm=01;35:*.tif=01;35:*.tiff=01;35:*.png=01;35:*.svg=01;35:*.svgz=01;35:*.mng=01;35:*.pcx=01;35:*.mov=01;35:*.mpg=01;35:*.mpeg=01;35:*.m2v=01;35:*.mkv=01;35:*.webm=01;35:*.webp=01;35:*.ogm=01;35:*.mp4=01;35:*.m4v=01;35:*.mp4v=01;35:*.vob=01;35:*.qt=01;35:*.nuv=01;35:*.wmv=01;35:*.asf=01;35:*.rm=01;35:*.rmvb=01;35:*.flc=01;35:*.avi=01;35:*.fli=01;35:*.flv=01;35:*.gl=01;35:*.dl=01;35:*.xcf=01;35:*.xwd=01;35:*.yuv=01;35:*.cgm=01;35:*.emf=01;35:*.ogv=01;35:*.ogx=01;35:*.aac=00;36:*.au=00;36:*.flac=00;36:*.m4a=00;36:*.mid=00;36:*.midi=00;36:*.mka=00;36:*.mp3=00;36:*.mpc=00;36:*.ogg=00;36:*.ra=00;36:*.wav=00;36:*.oga=00;36:*.opus=00;36:*.spx=00;36:*.xspf=00;36:'), ('VSCODE_GIT_IPC_HANDLE', '/run/user/1000/vscode-git-167d3a068c.sock'), ('TERM_PROGRAM', 'vscode'), ('AMENT_PREFIX_PATH', '/home/joon/automotive_software_final/install/simulator:/home/joon/automotive_software_final/install/mission_manager:/home/joon/automotive_software_final/install/evaluation:/home/joon/automotive_software_final/install/autonomous_driving:/home/joon/automotive_software_final/install/ad_msgs:/opt/ros/humble'), ('SHELL', '/bin/bash'), ('LESSCLOSE', '/usr/bin/lesspipe %s %s'), ('VSCODE_GIT_ASKPASS_EXTRA_ARGS', ''), ('PWD', '/home/joon/automotive_software_final/build/autonomous_driving'), ('ENABLE_IDE_INTEGRATION', 'true'), ('XDG_DATA_DIRS', '/usr/local/share:/usr/share:/var/lib/snapd/desktop'), ('PYTHONPATH', '/home/joon/automotive_software_final/install/ad_msgs/local/lib/python3.10/dist-packages:/opt/ros/humble/lib/python3.10/site-packages:/opt/ros/humble/local/lib/python3.10/dist-packages'), ('COLCON', '1'), ('WSL2_GUI_APPS_ENABLED', '1'), ('HOSTTYPE', 'x86_64'), ('CMAKE_PREFIX_PATH', '/home/joon/automotive_software_final/install/ad_msgs:/home/joon/automotive_software_final/install/simulator:/home/joon/automotive_software_final/install/mission_manager:/home/joon/automotive_software_final/install/evaluation:/home/joon/automotive_software_final/install/autonomous_driving:/opt/ros/humble'), ('WSLENV', 'VSCODE_WSL_EXT_LOCATION/up')]), 'shell': False}
[4.970628] (autonomous_driving) StdoutLine: {'line': b'-- Install configuration: ""\n'}
[4.970974] (autonomous_driving) StdoutLine: {'line': b'-- Execute custom install script\n'}
[4.971287] (autonomous_driving) StdoutLine: {'line': b'-- Up-to-date symlink: /home/joon/automotive_software_final/install/autonomous_driving/lib/autonomous_driving/autonomous_driving\n'}
[4.971540] (autonomous_driving) StdoutLine: {'line': b'-- Up-to-date symlink: /home/joon/automotive_software_final/install/autonomous_driving/share/autonomous_driving/launch/autonomous_driving.launch.xml\n'}
[4.971610] (autonomous_driving) StdoutLine: {'line': b'-- Up-to-date symlink: /home/joon/automotive_software_final/install/autonomous_driving/share/autonomous_driving/launch/autonomous_driving.launch.xml:Zone.Identifier\n'}
[4.971730] (autonomous_driving) StdoutLine: {'line': b'-- Up-to-date symlink: /home/joon/automotive_software_final/install/autonomous_driving/share/autonomous_driving/launch/manual_driving.launch.xml\n'}
[4.971798] (autonomous_driving) StdoutLine: {'line': b'-- Up-to-date symlink: /home/joon/automotive_software_final/install/autonomous_driving/share/autonomous_driving/launch/manual_driving.launch.xml:Zone.Identifier\n'}
[4.972005] (autonomous_driving) StdoutLine: {'line': b'-- Up-to-date symlink: /home/joon/automotive_software_final/install/autonomous_driving/lib/autonomous_driving/simultaneous_inputs.py\n'}
[4.972176] (autonomous_driving) StdoutLine: {'line': b'-- Up-to-date symlink: /home/joon/automotive_software_final/install/autonomous_driving/share/ament_index/resource_index/package_run_dependencies/autonomous_driving\n'}
[4.972383] (autonomous_driving) StdoutLine: {'line': b'-- Up-to-date symlink: /home/joon/automotive_software_final/install/autonomous_driving/share/ament_index/resource_index/parent_prefix_path/autonomous_driving\n'}
[4.972637] (autonomous_driving) StdoutLine: {'line': b'-- Up-to-date symlink: /home/joon/automotive_software_final/install/autonomous_driving/share/autonomous_driving/environment/ament_prefix_path.sh\n'}
[4.972706] (autonomous_driving) StdoutLine: {'line': b'-- Up-to-date symlink: /home/joon/automotive_software_final/install/autonomous_driving/share/autonomous_driving/environment/ament_prefix_path.dsv\n'}
[4.972894] (autonomous_driving) StdoutLine: {'line': b'-- Up-to-date symlink: /home/joon/automotive_software_final/install/autonomous_driving/share/autonomous_driving/environment/path.sh\n'}
[4.973125] (autonomous_driving) StdoutLine: {'line': b'-- Up-to-date symlink: /home/joon/automotive_software_final/install/autonomous_driving/share/autonomous_driving/environment/path.dsv\n'}
[4.973221] (autonomous_driving) StdoutLine: {'line': b'-- Up-to-date symlink: /home/joon/automotive_software_final/install/autonomous_driving/share/autonomous_driving/local_setup.bash\n'}
[4.973324] (autonomous_driving) StdoutLine: {'line': b'-- Up-to-date symlink: /home/joon/automotive_software_final/install/autonomous_driving/share/autonomous_driving/local_setup.sh\n'}
[4.973479] (autonomous_driving) StdoutLine: {'line': b'-- Up-to-date symlink: /home/joon/automotive_software_final/install/autonomous_driving/share/autonomous_driving/local_setup.zsh\n'}
[4.973560] (autonomous_driving) StdoutLine: {'line': b'-- Up-to-date symlink: /home/joon/automotive_software_final/install/autonomous_driving/share/autonomous_driving/local_setup.dsv\n'}
[4.973729] (autonomous_driving) StdoutLine: {'line': b'-- Symlinking: /home/joon/automotive_software_final/install/autonomous_driving/share/autonomous_driving/package.dsv\n'}
[4.981419] (autonomous_driving) StdoutLine: {'line': b'-- Up-to-date symlink: /home/joon/automotive_software_final/install/autonomous_driving/share/ament_index/resource_index/packages/autonomous_driving\n'}
[4.981662] (autonomous_driving) StdoutLine: {'line': b'-- Up-to-date symlink: /home/joon/automotive_software_final/install/autonomous_driving/share/autonomous_driving/cmake/autonomous_drivingConfig.cmake\n'}
[4.981711] (autonomous_driving) StdoutLine: {'line': b'-- Up-to-date symlink: /home/joon/automotive_software_final/install/autonomous_driving/share/autonomous_driving/cmake/autonomous_drivingConfig-version.cmake\n'}
[4.981745] (autonomous_driving) StdoutLine: {'line': b'-- Up-to-date symlink: /home/joon/automotive_software_final/install/autonomous_driving/share/autonomous_driving/package.xml\n'}
[4.983204] (autonomous_driving) CommandEnded: {'returncode': 0}
[4.991978] (autonomous_driving) JobEnded: {'identifier': 'autonomous_driving', 'rc': 0}
[4.992896] (-) EventReactorShutdown: {}
