[0.000000] (-) TimerEvent: {}
[0.000319] (ad_msgs) JobQueued: {'identifier': 'ad_msgs', 'dependencies': OrderedDict()}
[0.000374] (autonomous_driving) JobQueued: {'identifier': 'autonomous_driving', 'dependencies': OrderedDict([('ad_msgs', '/home/joon/mission_hard/mission_hard/install/ad_msgs')])}
[0.000388] (evaluation) JobQueued: {'identifier': 'evaluation', 'dependencies': OrderedDict([('ad_msgs', '/home/joon/mission_hard/mission_hard/install/ad_msgs')])}
[0.000397] (mission_manager) JobQueued: {'identifier': 'mission_manager', 'dependencies': OrderedDict([('ad_msgs', '/home/joon/mission_hard/mission_hard/install/ad_msgs')])}
[0.000405] (simulator) JobQueued: {'identifier': 'simulator', 'dependencies': OrderedDict([('ad_msgs', '/home/joon/mission_hard/mission_hard/install/ad_msgs')])}
[0.000412] (ad_msgs) JobStarted: {'identifier': 'ad_msgs'}
[0.006204] (ad_msgs) JobProgress: {'identifier': 'ad_msgs', 'progress': 'cmake'}
[0.006548] (ad_msgs) JobProgress: {'identifier': 'ad_msgs', 'progress': 'build'}
[0.007211] (ad_msgs) Command: {'cmd': ['/usr/bin/cmake', '--build', '/home/joon/mission_hard/mission_hard/build/ad_msgs', '--', '-j16', '-l16'], 'cwd': '/home/joon/mission_hard/mission_hard/build/ad_msgs', 'env': OrderedDict([('PYTHON_BASIC_REPL', '1'), ('LESSOPEN', '| /usr/bin/lesspipe %s'), ('USER', 'joon'), ('GIT_ASKPASS', '/home/joon/.vscode-server/bin/bf9252a2fb45be6893dd8870c0bf37e2e1766d61/extensions/git/dist/askpass.sh'), ('SHLVL', '1'), ('LD_LIBRARY_PATH', '/home/joon/mission_hard/mission_hard/install/ad_msgs/lib:/home/joon/automotive_software_final/install/ad_msgs/lib:/usr/lib/x86_64-linux-gnu/gazebo-11/plugins:/opt/ros/humble/opt/rviz_ogre_vendor/lib:/opt/ros/humble/lib/x86_64-linux-gnu:/opt/ros/humble/lib'), ('MOTD_SHOWN', 'update-motd'), ('HOME', '/home/joon'), ('OLDPWD', '/home/joon/mission_hard'), ('TERM_PROGRAM_VERSION', '1.106.3'), ('VSCODE_IPC_HOOK_CLI', '/run/user/1000/vscode-ipc-720ca6f3-2537-4b04-b3dc-21832d244e7e.sock'), ('ROS_PYTHON_VERSION', '3'), ('VSCODE_GIT_ASKPASS_MAIN', '/home/joon/.vscode-server/bin/bf9252a2fb45be6893dd8870c0bf37e2e1766d61/extensions/git/dist/askpass-main.js'), ('VSCODE_GIT_ASKPASS_NODE', '/home/joon/.vscode-server/bin/bf9252a2fb45be6893dd8870c0bf37e2e1766d61/node'), ('PYDEVD_DISABLE_FILE_VALIDATION', '1'), ('BUNDLED_DEBUGPY_PATH', '/home/joon/.vscode-server/extensions/ms-python.debugpy-2025.16.0-linux-x64/bundled/libs/debugpy'), ('VSCODE_PYTHON_AUTOACTIVATE_GUARD', '1'), ('DBUS_SESSION_BUS_ADDRESS', 'unix:path=/run/user/1000/bus'), ('COLORTERM', 'truecolor'), ('WSL_DISTRO_NAME', 'Ubuntu-22.04'), ('WAYLAND_DISPLAY', 'wayland-0'), ('COLCON_PREFIX_PATH', '/home/joon/mission_hard/mission_hard/install:/home/joon/automotive_software_final/install'), ('ROS_DISTRO', 'humble'), ('LOGNAME', 'joon'), ('NAME', 'Joon'), ('WSL_INTEROP', '/run/WSL/523_interop'), ('PULSE_SERVER', 'unix:/mnt/wslg/PulseServer'), ('_', '/usr/bin/colcon'), ('ROS_VERSION', '2'), ('CLAUDE_CODE_SSE_PORT', '20257'), ('TERM', 'xterm-256color'), ('ROS_LOCALHOST_ONLY', '0'), ('PATH', '/opt/ros/humble/bin:/usr/bin:/usr/bin:/home/joon/.vscode-server/data/User/globalStorage/github.copilot-chat/debugCommand:/home/joon/.vscode-server/data/User/globalStorage/github.copilot-chat/copilotCli:/home/joon/.vscode-server/bin/bf9252a2fb45be6893dd8870c0bf37e2e1766d61/bin/remote-cli:/home/joon/.local/bin:/usr/bin:/usr/bin:/usr/local/sbin:/usr/local/bin:/usr/sbin:/usr/bin:/sbin:/bin:/usr/games:/usr/local/games:/usr/lib/wsl/lib:/mnt/c/WINDOWS/system32:/mnt/c/WINDOWS:/mnt/c/WINDOWS/System32/Wbem:/mnt/c/WINDOWS/System32/WindowsPowerShell/v1.0/:/mnt/c/WINDOWS/System32/OpenSSH/:/mnt/c/Program Files/MATLAB/R2024b/bin:/mnt/c/Program Files/nodejs/:/mnt/c/Program Files/Git/cmd:/mnt/c/Users/ksyj0/AppData/Local/Programs/Python/Python312/Scripts/:/mnt/c/Users/ksyj0/AppData/Local/Programs/Python/Python312/:/mnt/c/Users/ksyj0/AppData/Local/Programs/Python/Launcher/:/mnt/c/Users/ksyj0/AppData/Local/Microsoft/WindowsApps:/mnt/c/Users/ksyj0/AppData/Local/Programs/Microsoft VS Code/bin:/mnt/c/Users/ksyj0/AppData/Roaming/npm:/mnt/c/Users/ksyj0/AppData/Local/SOOP:/mnt/c/Users/ksyj0/AppData/Local/Programs/Kiro/bin:/snap/bin:/home/joon/.vscode-server/extensions/ms-python.debugpy-2025.16.0-linux-x64/bundled/scripts/noConfigScripts'), ('XDG_RUNTIME_DIR', '/run/user/1000/'), ('DISPLAY', ':0'), ('VSCODE_DEBUGPY_ADAPTER_ENDPOINTS', '/home/joon/.vscode-server/extensions/ms-python.debugpy-2025.16.0-linux-x64/.noConfigDebugAdapterEndpoints/endpoint-5f6b0efddf9f6982.txt'), ('LANG', 'en_US.UTF-8'), ('PYTHONSTARTUP', '/home/joon/.vscode-server/data/User/workspaceStorage/6032d0949a26c1de4974618490f207f6-1/ms-python.python/pythonrc.py'), ('LS_COLORS', 'rs=0:di=01;34:ln=01;36:mh=00:pi=40;33:so=01;35:do=01;35:bd=40;33;01:cd=40;33;01:or=40;31;01:mi=00:su=37;41:sg=30;43:ca=30;41:tw=30;42:ow=34;42:st=37;44:ex=01;32:*.tar=01;31:*.tgz=01;31:*.arc=01;31:*.arj=01;31:*.taz=01;31:*.lha=01;31:*.lz4=01;31:*.lzh=01;31:*.lzma=01;31:*.tlz=01;31:*.txz=01;31:*.tzo=01;31:*.t7z=01;31:*.zip=01;31:*.z=01;31:*.dz=01;31:*.gz=01;31:*.lrz=01;31:*.lz=01;31:*.lzo=01;31:*.xz=01;31:*.zst=01;31:*.tzst=01;31:*.bz2=01;31:*.bz=01;31:*.tbz=01;31:*.tbz2=01;31:*.tz=01;31:*.deb=01;31:*.rpm=01;31:*.jar=01;31:*.war=01;31:*.ear=01;31:*.sar=01;31:*.rar=01;31:*.alz=01;31:*.ace=01;31:*.zoo=01;31:*.cpio=01;31:*.7z=01;31:*.rz=01;31:*.cab=01;31:*.wim=01;31:*.swm=01;31:*.dwm=01;31:*.esd=01;31:*.jpg=01;35:*.jpeg=01;35:*.mjpg=01;35:*.mjpeg=01;35:*.gif=01;35:*.bmp=01;35:*.pbm=01;35:*.pgm=01;35:*.ppm=01;35:*.tga=01;35:*.xbm=01;35:*.xpm=01;35:*.tif=01;35:*.tiff=01;35:*.png=01;35:*.svg=01;35:*.svgz=01;35:*.mng=01;35:*.pcx=01;35:*.mov=01;35:*.mpg=01;35:*.mpeg=01;35:*.m2v=01;35:*.mkv=01;35:*.webm=01;35:*.webp=01;35:*.ogm=01;35:*.mp4=01;35:*.m4v=01;35:*.mp4v=01;35:*.vob=01;35:*.qt=01;35:*.nuv=01;35:*.wmv=01;35:*.asf=01;35:*.rm=01;35:*.rmvb=01;35:*.flc=01;35:*.avi=01;35:*.fli=01;35:*.flv=01;35:*.gl=01;35:*.dl=01;35:*.xcf=01;35:*.xwd=01;35:*.yuv=01;35:*.cgm=01;35:*.emf=01;35:*.ogv=01;35:*.ogx=01;35:*.aac=00;36:*.au=00;36:*.flac=00;36:*.m4a=00;36:*.mid=00;36:*.midi=00;36:*.mka=00;36:*.mp3=00;36:*.mpc=00;36:*.ogg=00;36:*.ra=00;36:*.wav=00;36:*.oga=00;36:*.opus=00;36:*.spx=00;36:*.xspf=00;36:'), ('VSCODE_GIT_IPC_HANDLE', '/run/user/1000/vscode-git-167d3a068c.sock'), ('TERM_PROGRAM', 'vscode'), ('AMENT_PREFIX_PATH', '/home/joon/mission_hard/mission_hard/install/simulator:/home/joon/mission_hard/mission_hard/install/mission_manager:/home/joon/mission_hard/mission_hard/install/evaluation:/home/joon/mission_hard/mission_hard/install/autonomous_driving:/home/joon/mission_hard/mission_hard/install/ad_msgs:/home/joon/automotive_software_final/install/simulator:/home/joon/automotive_software_final/install/mission_manager:/home/joon/automotive_software_final/install/evaluation:/home/joon/automotive_software_final/install/autonomous_driving:/home/joon/automotive_software_final/install/ad_msgs:/opt/ros/humble'), ('SHELL', '/bin/bash'), ('LESSCLOSE', '/usr/bin/lesspipe %s %s'), ('VSCODE_GIT_ASKPASS_EXTRA_ARGS', ''), ('PWD', '/home/joon/mission_hard/mission_hard/build/ad_msgs'), ('ENABLE_IDE_INTEGRATION', 'true'), ('XDG_DATA_DIRS', '/usr/local/share:/usr/share:/var/lib/snapd/desktop'), ('PYTHONPATH', '/home/joon/mission_hard/mission_hard/install/ad_msgs/local/lib/python3.10/dist-packages:/home/joon/automotive_software_final/install/ad_msgs/local/lib/python3.10/dist-packages:/opt/ros/humble/lib/python3.10/site-packages:/opt/ros/humble/local/lib/python3.10/dist-packages'), ('COLCON', '1'), ('WSL2_GUI_APPS_ENABLED', '1'), ('HOSTTYPE', 'x86_64'), ('CMAKE_PREFIX_PATH', '/home/joon/mission_hard/mission_hard/install/simulator:/home/joon/mission_hard/mission_hard/install/mission_manager:/home/joon/mission_hard/mission_hard/install/evaluation:/home/joon/mission_hard/mission_hard/install/autonomous_driving:/home/joon/mission_hard/mission_hard/install/ad_msgs:/home/joon/automotive_software_final/install/simulator:/home/joon/automotive_software_final/install/mission_manager:/home/joon/automotive_software_final/install/evaluation:/home/joon/automotive_software_final/install/autonomous_driving:/home/joon/automotive_software_final/install/ad_msgs:/opt/ros/humble'), ('WSLENV', 'VSCODE_WSL_EXT_LOCATION/up')]), 'shell': False}
[0.066862] (ad_msgs) StdoutLine: {'line': b'[  0%] Built target ad_msgs__cpp\n'}
[0.072641] (ad_msgs) StdoutLine: {'line': b'[ 12%] Built target ad_msgs__rosidl_generator_c\n'}
[0.075652] (ad_msgs) StdoutLine: {'line': b'[ 12%] Built target ament_cmake_python_symlink_ad_msgs\n'}
[0.097762] (ad_msgs) StdoutLine: {'line': b'[ 24%] Built target ad_msgs__rosidl_typesupport_cpp\n'}
[0.098669] (ad_msgs) StdoutLine: {'line': b'[ 35%] Built target ad_msgs__rosidl_typesupport_fastrtps_cpp\n'}
[0.099195] (-) TimerEvent: {}
[0.100146] (ad_msgs) StdoutLine: {'line': b'[ 46%] Built target ad_msgs__rosidl_typesupport_c\n'}
[0.102355] (ad_msgs) StdoutLine: {'line': b'[ 63%] Built target ad_msgs__rosidl_typesupport_introspection_cpp\n'}
[0.102699] (ad_msgs) StdoutLine: {'line': b'[ 70%] Built target ad_msgs__rosidl_typesupport_introspection_c\n'}
[0.105639] (ad_msgs) StdoutLine: {'line': b'[ 82%] Built target ad_msgs__rosidl_typesupport_fastrtps_c\n'}
[0.129186] (ad_msgs) StdoutLine: {'line': b'[ 82%] Built target ad_msgs\n'}
[0.148304] (ad_msgs) StdoutLine: {'line': b'[ 83%] Built target ad_msgs__py\n'}
[0.170204] (ad_msgs) StdoutLine: {'line': b'[ 94%] Built target ad_msgs__rosidl_generator_py\n'}
[0.188669] (ad_msgs) StdoutLine: {'line': b'[ 96%] Built target ad_msgs__rosidl_typesupport_fastrtps_c__pyext\n'}
[0.189298] (ad_msgs) StdoutLine: {'line': b'[ 98%] Built target ad_msgs__rosidl_typesupport_introspection_c__pyext\n'}
[0.189531] (ad_msgs) StdoutLine: {'line': b'[100%] Built target ad_msgs__rosidl_typesupport_c__pyext\n'}
[0.199425] (-) TimerEvent: {}
[0.263685] (ad_msgs) StdoutLine: {'line': b'running egg_info\n'}
[0.264438] (ad_msgs) StdoutLine: {'line': b'writing ad_msgs.egg-info/PKG-INFO\n'}
[0.264852] (ad_msgs) StdoutLine: {'line': b'writing dependency_links to ad_msgs.egg-info/dependency_links.txt\n'}
[0.264951] (ad_msgs) StdoutLine: {'line': b'writing top-level names to ad_msgs.egg-info/top_level.txt\n'}
[0.267318] (ad_msgs) StdoutLine: {'line': b"reading manifest file 'ad_msgs.egg-info/SOURCES.txt'\n"}
[0.267595] (ad_msgs) StdoutLine: {'line': b"writing manifest file 'ad_msgs.egg-info/SOURCES.txt'\n"}
[0.299756] (-) TimerEvent: {}
[0.301223] (ad_msgs) StdoutLine: {'line': b'[100%] Built target ament_cmake_python_build_ad_msgs_egg\n'}
[0.312770] (ad_msgs) CommandEnded: {'returncode': 0}
[0.313371] (ad_msgs) JobProgress: {'identifier': 'ad_msgs', 'progress': 'install'}
[0.322583] (ad_msgs) Command: {'cmd': ['/usr/bin/cmake', '--install', '/home/joon/mission_hard/mission_hard/build/ad_msgs'], 'cwd': '/home/joon/mission_hard/mission_hard/build/ad_msgs', 'env': OrderedDict([('PYTHON_BASIC_REPL', '1'), ('LESSOPEN', '| /usr/bin/lesspipe %s'), ('USER', 'joon'), ('GIT_ASKPASS', '/home/joon/.vscode-server/bin/bf9252a2fb45be6893dd8870c0bf37e2e1766d61/extensions/git/dist/askpass.sh'), ('SHLVL', '1'), ('LD_LIBRARY_PATH', '/home/joon/mission_hard/mission_hard/install/ad_msgs/lib:/home/joon/automotive_software_final/install/ad_msgs/lib:/usr/lib/x86_64-linux-gnu/gazebo-11/plugins:/opt/ros/humble/opt/rviz_ogre_vendor/lib:/opt/ros/humble/lib/x86_64-linux-gnu:/opt/ros/humble/lib'), ('MOTD_SHOWN', 'update-motd'), ('HOME', '/home/joon'), ('OLDPWD', '/home/joon/mission_hard'), ('TERM_PROGRAM_VERSION', '1.106.3'), ('VSCODE_IPC_HOOK_CLI', '/run/user/1000/vscode-ipc-720ca6f3-2537-4b04-b3dc-21832d244e7e.sock'), ('ROS_PYTHON_VERSION', '3'), ('VSCODE_GIT_ASKPASS_MAIN', '/home/joon/.vscode-server/bin/bf9252a2fb45be6893dd8870c0bf37e2e1766d61/extensions/git/dist/askpass-main.js'), ('VSCODE_GIT_ASKPASS_NODE', '/home/joon/.vscode-server/bin/bf9252a2fb45be6893dd8870c0bf37e2e1766d61/node'), ('PYDEVD_DISABLE_FILE_VALIDATION', '1'), ('BUNDLED_DEBUGPY_PATH', '/home/joon/.vscode-server/extensions/ms-python.debugpy-2025.16.0-linux-x64/bundled/libs/debugpy'), ('VSCODE_PYTHON_AUTOACTIVATE_GUARD', '1'), ('DBUS_SESSION_BUS_ADDRESS', 'unix:path=/run/user/1000/bus'), ('COLORTERM', 'truecolor'), ('WSL_DISTRO_NAME', 'Ubuntu-22.04'), ('WAYLAND_DISPLAY', 'wayland-0'), ('COLCON_PREFIX_PATH', '/home/joon/mission_hard/mission_hard/install:/home/joon/automotive_software_final/install'), ('ROS_DISTRO', 'humble'), ('LOGNAME', 'joon'), ('NAME', 'Joon'), ('WSL_INTEROP', '/run/WSL/523_interop'), ('PULSE_SERVER', 'unix:/mnt/wslg/PulseServer'), ('_', '/usr/bin/colcon'), ('ROS_VERSION', '2'), ('CLAUDE_CODE_SSE_PORT', '20257'), ('TERM', 'xterm-256color'), ('ROS_LOCALHOST_ONLY', '0'), ('PATH', '/opt/ros/humble/bin:/usr/bin:/usr/bin:/home/joon/.vscode-server/data/User/globalStorage/github.copilot-chat/debugCommand:/home/joon/.vscode-server/data/User/globalStorage/github.copilot-chat/copilotCli:/home/joon/.vscode-server/bin/bf9252a2fb45be6893dd8870c0bf37e2e1766d61/bin/remote-cli:/home/joon/.local/bin:/usr/bin:/usr/bin:/usr/local/sbin:/usr/local/bin:/usr/sbin:/usr/bin:/sbin:/bin:/usr/games:/usr/local/games:/usr/lib/wsl/lib:/mnt/c/WINDOWS/system32:/mnt/c/WINDOWS:/mnt/c/WINDOWS/System32/Wbem:/mnt/c/WINDOWS/System32/WindowsPowerShell/v1.0/:/mnt/c/WINDOWS/System32/OpenSSH/:/mnt/c/Program Files/MATLAB/R2024b/bin:/mnt/c/Program Files/nodejs/:/mnt/c/Program Files/Git/cmd:/mnt/c/Users/ksyj0/AppData/Local/Programs/Python/Python312/Scripts/:/mnt/c/Users/ksyj0/AppData/Local/Programs/Python/Python312/:/mnt/c/Users/ksyj0/AppData/Local/Programs/Python/Launcher/:/mnt/c/Users/ksyj0/AppData/Local/Microsoft/WindowsApps:/mnt/c/Users/ksyj0/AppData/Local/Programs/Microsoft VS Code/bin:/mnt/c/Users/ksyj0/AppData/Roaming/npm:/mnt/c/Users/ksyj0/AppData/Local/SOOP:/mnt/c/Users/ksyj0/AppData/Local/Programs/Kiro/bin:/snap/bin:/home/joon/.vscode-server/extensions/ms-python.debugpy-2025.16.0-linux-x64/bundled/scripts/noConfigScripts'), ('XDG_RUNTIME_DIR', '/run/user/1000/'), ('DISPLAY', ':0'), ('VSCODE_DEBUGPY_ADAPTER_ENDPOINTS', '/home/joon/.vscode-server/extensions/ms-python.debugpy-2025.16.0-linux-x64/.noConfigDebugAdapterEndpoints/endpoint-5f6b0efddf9f6982.txt'), ('LANG', 'en_US.UTF-8'), ('PYTHONSTARTUP', '/home/joon/.vscode-server/data/User/workspaceStorage/6032d0949a26c1de4974618490f207f6-1/ms-python.python/pythonrc.py'), ('LS_COLORS', 'rs=0:di=01;34:ln=01;36:mh=00:pi=40;33:so=01;35:do=01;35:bd=40;33;01:cd=40;33;01:or=40;31;01:mi=00:su=37;41:sg=30;43:ca=30;41:tw=30;42:ow=34;42:st=37;44:ex=01;32:*.tar=01;31:*.tgz=01;31:*.arc=01;31:*.arj=01;31:*.taz=01;31:*.lha=01;31:*.lz4=01;31:*.lzh=01;31:*.lzma=01;31:*.tlz=01;31:*.txz=01;31:*.tzo=01;31:*.t7z=01;31:*.zip=01;31:*.z=01;31:*.dz=01;31:*.gz=01;31:*.lrz=01;31:*.lz=01;31:*.lzo=01;31:*.xz=01;31:*.zst=01;31:*.tzst=01;31:*.bz2=01;31:*.bz=01;31:*.tbz=01;31:*.tbz2=01;31:*.tz=01;31:*.deb=01;31:*.rpm=01;31:*.jar=01;31:*.war=01;31:*.ear=01;31:*.sar=01;31:*.rar=01;31:*.alz=01;31:*.ace=01;31:*.zoo=01;31:*.cpio=01;31:*.7z=01;31:*.rz=01;31:*.cab=01;31:*.wim=01;31:*.swm=01;31:*.dwm=01;31:*.esd=01;31:*.jpg=01;35:*.jpeg=01;35:*.mjpg=01;35:*.mjpeg=01;35:*.gif=01;35:*.bmp=01;35:*.pbm=01;35:*.pgm=01;35:*.ppm=01;35:*.tga=01;35:*.xbm=01;35:*.xpm=01;35:*.tif=01;35:*.tiff=01;35:*.png=01;35:*.svg=01;35:*.svgz=01;35:*.mng=01;35:*.pcx=01;35:*.mov=01;35:*.mpg=01;35:*.mpeg=01;35:*.m2v=01;35:*.mkv=01;35:*.webm=01;35:*.webp=01;35:*.ogm=01;35:*.mp4=01;35:*.m4v=01;35:*.mp4v=01;35:*.vob=01;35:*.qt=01;35:*.nuv=01;35:*.wmv=01;35:*.asf=01;35:*.rm=01;35:*.rmvb=01;35:*.flc=01;35:*.avi=01;35:*.fli=01;35:*.flv=01;35:*.gl=01;35:*.dl=01;35:*.xcf=01;35:*.xwd=01;35:*.yuv=01;35:*.cgm=01;35:*.emf=01;35:*.ogv=01;35:*.ogx=01;35:*.aac=00;36:*.au=00;36:*.flac=00;36:*.m4a=00;36:*.mid=00;36:*.midi=00;36:*.mka=00;36:*.mp3=00;36:*.mpc=00;36:*.ogg=00;36:*.ra=00;36:*.wav=00;36:*.oga=00;36:*.opus=00;36:*.spx=00;36:*.xspf=00;36:'), ('VSCODE_GIT_IPC_HANDLE', '/run/user/1000/vscode-git-167d3a068c.sock'), ('TERM_PROGRAM', 'vscode'), ('AMENT_PREFIX_PATH', '/home/joon/mission_hard/mission_hard/install/simulator:/home/joon/mission_hard/mission_hard/install/mission_manager:/home/joon/mission_hard/mission_hard/install/evaluation:/home/joon/mission_hard/mission_hard/install/autonomous_driving:/home/joon/mission_hard/mission_hard/install/ad_msgs:/home/joon/automotive_software_final/install/simulator:/home/joon/automotive_software_final/install/mission_manager:/home/joon/automotive_software_final/install/evaluation:/home/joon/automotive_software_final/install/autonomous_driving:/home/joon/automotive_software_final/install/ad_msgs:/opt/ros/humble'), ('SHELL', '/bin/bash'), ('LESSCLOSE', '/usr/bin/lesspipe %s %s'), ('VSCODE_GIT_ASKPASS_EXTRA_ARGS', ''), ('PWD', '/home/joon/mission_hard/mission_hard/build/ad_msgs'), ('ENABLE_IDE_INTEGRATION', 'true'), ('XDG_DATA_DIRS', '/usr/local/share:/usr/share:/var/lib/snapd/desktop'), ('PYTHONPATH', '/home/joon/mission_hard/mission_hard/install/ad_msgs/local/lib/python3.10/dist-packages:/home/joon/automotive_software_final/install/ad_msgs/local/lib/python3.10/dist-packages:/opt/ros/humble/lib/python3.10/site-packages:/opt/ros/humble/local/lib/python3.10/dist-packages'), ('COLCON', '1'), ('WSL2_GUI_APPS_ENABLED', '1'), ('HOSTTYPE', 'x86_64'), ('CMAKE_PREFIX_PATH', '/home/joon/mission_hard/mission_hard/install/simulator:/home/joon/mission_hard/mission_hard/install/mission_manager:/home/joon/mission_hard/mission_hard/install/evaluation:/home/joon/mission_hard/mission_hard/install/autonomous_driving:/home/joon/mission_hard/mission_hard/install/ad_msgs:/home/joon/automotive_software_final/install/simulator:/home/joon/automotive_software_final/install/mission_manager:/home/joon/automotive_software_final/install/evaluation:/home/joon/automotive_software_final/install/autonomous_driving:/home/joon/automotive_software_final/install/ad_msgs:/opt/ros/humble'), ('WSLENV', 'VSCODE_WSL_EXT_LOCATION/up')]), 'shell': False}
[0.328824] (ad_msgs) StdoutLine: {'line': b'-- Install configuration: ""\n'}
[0.329401] (ad_msgs) StdoutLine: {'line': b'-- Execute custom install script\n'}
[0.329674] (ad_msgs) StdoutLine: {'line': b'-- Up-to-date symlink: /home/joon/mission_hard/mission_hard/install/ad_msgs/share/ament_index/resource_index/rosidl_interfaces/ad_msgs\n'}
[0.330047] (ad_msgs) StdoutLine: {'line': b'-- Up-to-date symlink: /home/joon/mission_hard/mission_hard/install/ad_msgs/include/ad_msgs/ad_msgs/msg/detail/lane_point_data__functions.h\n'}
[0.330427] (ad_msgs) StdoutLine: {'line': b'-- Up-to-date symlink: /home/joon/mission_hard/mission_hard/install/ad_msgs/include/ad_msgs/ad_msgs/msg/detail/lane_point_data__struct.h\n'}
[0.330478] (ad_msgs) StdoutLine: {'line': b'-- Up-to-date symlink: /home/joon/mission_hard/mission_hard/install/ad_msgs/include/ad_msgs/ad_msgs/msg/detail/lane_point_data__type_support.h\n'}
[0.330509] (ad_msgs) StdoutLine: {'line': b'-- Up-to-date symlink: /home/joon/mission_hard/mission_hard/install/ad_msgs/include/ad_msgs/ad_msgs/msg/detail/lane_point_data_array__functions.h\n'}
[0.330564] (ad_msgs) StdoutLine: {'line': b'-- Up-to-date symlink: /home/joon/mission_hard/mission_hard/install/ad_msgs/include/ad_msgs/ad_msgs/msg/detail/lane_point_data_array__struct.h\n'}
[0.330756] (ad_msgs) StdoutLine: {'line': b'-- Up-to-date symlink: /home/joon/mission_hard/mission_hard/install/ad_msgs/include/ad_msgs/ad_msgs/msg/detail/lane_point_data_array__type_support.h\n'}
[0.330966] (ad_msgs) StdoutLine: {'line': b'-- Up-to-date symlink: /home/joon/mission_hard/mission_hard/install/ad_msgs/include/ad_msgs/ad_msgs/msg/detail/mission__functions.h\n'}
[0.331387] (ad_msgs) StdoutLine: {'line': b'-- Up-to-date symlink: /home/joon/mission_hard/mission_hard/install/ad_msgs/include/ad_msgs/ad_msgs/msg/detail/mission__struct.h\n'}
[0.331747] (ad_msgs) StdoutLine: {'line': b'-- Up-to-date symlink: /home/joon/mission_hard/mission_hard/install/ad_msgs/include/ad_msgs/ad_msgs/msg/detail/mission__type_support.h\n'}
[0.331865] (ad_msgs) StdoutLine: {'line': b'-- Up-to-date symlink: /home/joon/mission_hard/mission_hard/install/ad_msgs/include/ad_msgs/ad_msgs/msg/detail/mission_display__functions.h\n'}
[0.331958] (ad_msgs) StdoutLine: {'line': b'-- Up-to-date symlink: /home/joon/mission_hard/mission_hard/install/ad_msgs/include/ad_msgs/ad_msgs/msg/detail/mission_display__struct.h\n'}
[0.332147] (ad_msgs) StdoutLine: {'line': b'-- Up-to-date symlink: /home/joon/mission_hard/mission_hard/install/ad_msgs/include/ad_msgs/ad_msgs/msg/detail/mission_display__type_support.h\n'}
[0.332399] (ad_msgs) StdoutLine: {'line': b'-- Up-to-date symlink: /home/joon/mission_hard/mission_hard/install/ad_msgs/include/ad_msgs/ad_msgs/msg/detail/mission_object__functions.h\n'}
[0.332517] (ad_msgs) StdoutLine: {'line': b'-- Up-to-date symlink: /home/joon/mission_hard/mission_hard/install/ad_msgs/include/ad_msgs/ad_msgs/msg/detail/mission_object__struct.h\n'}
[0.332705] (ad_msgs) StdoutLine: {'line': b'-- Up-to-date symlink: /home/joon/mission_hard/mission_hard/install/ad_msgs/include/ad_msgs/ad_msgs/msg/detail/mission_object__type_support.h\n'}
[0.332893] (ad_msgs) StdoutLine: {'line': b'-- Up-to-date symlink: /home/joon/mission_hard/mission_hard/install/ad_msgs/include/ad_msgs/ad_msgs/msg/detail/mission_region__functions.h\n'}
[0.332953] (ad_msgs) StdoutLine: {'line': b'-- Up-to-date symlink: /home/joon/mission_hard/mission_hard/install/ad_msgs/include/ad_msgs/ad_msgs/msg/detail/mission_region__struct.h\n'}
[0.333057] (ad_msgs) StdoutLine: {'line': b'-- Up-to-date symlink: /home/joon/mission_hard/mission_hard/install/ad_msgs/include/ad_msgs/ad_msgs/msg/detail/mission_region__type_support.h\n'}
[0.333155] (ad_msgs) StdoutLine: {'line': b'-- Up-to-date symlink: /home/joon/mission_hard/mission_hard/install/ad_msgs/include/ad_msgs/ad_msgs/msg/detail/polyfit_lane_data__functions.h\n'}
[0.333353] (ad_msgs) StdoutLine: {'line': b'-- Up-to-date symlink: /home/joon/mission_hard/mission_hard/install/ad_msgs/include/ad_msgs/ad_msgs/msg/detail/polyfit_lane_data__struct.h\n'}
[0.333421] (ad_msgs) StdoutLine: {'line': b'-- Up-to-date symlink: /home/joon/mission_hard/mission_hard/install/ad_msgs/include/ad_msgs/ad_msgs/msg/detail/polyfit_lane_data__type_support.h\n'}
[0.333528] (ad_msgs) StdoutLine: {'line': b'-- Up-to-date symlink: /home/joon/mission_hard/mission_hard/install/ad_msgs/include/ad_msgs/ad_msgs/msg/detail/polyfit_lane_data_array__functions.h\n'}
[0.333626] (ad_msgs) StdoutLine: {'line': b'-- Up-to-date symlink: /home/joon/mission_hard/mission_hard/install/ad_msgs/include/ad_msgs/ad_msgs/msg/detail/polyfit_lane_data_array__struct.h\n'}
[0.333741] (ad_msgs) StdoutLine: {'line': b'-- Up-to-date symlink: /home/joon/mission_hard/mission_hard/install/ad_msgs/include/ad_msgs/ad_msgs/msg/detail/polyfit_lane_data_array__type_support.h\n'}
[0.333831] (ad_msgs) StdoutLine: {'line': b'-- Up-to-date symlink: /home/joon/mission_hard/mission_hard/install/ad_msgs/include/ad_msgs/ad_msgs/msg/detail/vehicle_command__functions.h\n'}
[0.334030] (ad_msgs) StdoutLine: {'line': b'-- Up-to-date symlink: /home/joon/mission_hard/mission_hard/install/ad_msgs/include/ad_msgs/ad_msgs/msg/detail/vehicle_command__struct.h\n'}
[0.334224] (ad_msgs) StdoutLine: {'line': b'-- Up-to-date symlink: /home/joon/mission_hard/mission_hard/install/ad_msgs/include/ad_msgs/ad_msgs/msg/detail/vehicle_command__type_support.h\n'}
[0.334304] (ad_msgs) StdoutLine: {'line': b'-- Up-to-date symlink: /home/joon/mission_hard/mission_hard/install/ad_msgs/include/ad_msgs/ad_msgs/msg/detail/vehicle_state__functions.h\n'}
[0.334475] (ad_msgs) StdoutLine: {'line': b'-- Up-to-date symlink: /home/joon/mission_hard/mission_hard/install/ad_msgs/include/ad_msgs/ad_msgs/msg/detail/vehicle_state__struct.h\n'}
[0.334554] (ad_msgs) StdoutLine: {'line': b'-- Up-to-date symlink: /home/joon/mission_hard/mission_hard/install/ad_msgs/include/ad_msgs/ad_msgs/msg/detail/vehicle_state__type_support.h\n'}
[0.334602] (ad_msgs) StdoutLine: {'line': b'-- Up-to-date symlink: /home/joon/mission_hard/mission_hard/install/ad_msgs/include/ad_msgs/ad_msgs/msg/lane_point_data.h\n'}
[0.334644] (ad_msgs) StdoutLine: {'line': b'-- Up-to-date symlink: /home/joon/mission_hard/mission_hard/install/ad_msgs/include/ad_msgs/ad_msgs/msg/lane_point_data_array.h\n'}
[0.334678] (ad_msgs) StdoutLine: {'line': b'-- Up-to-date symlink: /home/joon/mission_hard/mission_hard/install/ad_msgs/include/ad_msgs/ad_msgs/msg/mission.h\n'}
[0.334703] (ad_msgs) StdoutLine: {'line': b'-- Up-to-date symlink: /home/joon/mission_hard/mission_hard/install/ad_msgs/include/ad_msgs/ad_msgs/msg/mission_display.h\n'}
[0.334751] (ad_msgs) StdoutLine: {'line': b'-- Up-to-date symlink: /home/joon/mission_hard/mission_hard/install/ad_msgs/include/ad_msgs/ad_msgs/msg/mission_object.h\n'}
[0.334853] (ad_msgs) StdoutLine: {'line': b'-- Up-to-date symlink: /home/joon/mission_hard/mission_hard/install/ad_msgs/include/ad_msgs/ad_msgs/msg/mission_region.h\n'}
[0.334884] (ad_msgs) StdoutLine: {'line': b'-- Up-to-date symlink: /home/joon/mission_hard/mission_hard/install/ad_msgs/include/ad_msgs/ad_msgs/msg/polyfit_lane_data.h\n'}
[0.334910] (ad_msgs) StdoutLine: {'line': b'-- Up-to-date symlink: /home/joon/mission_hard/mission_hard/install/ad_msgs/include/ad_msgs/ad_msgs/msg/polyfit_lane_data_array.h\n'}
[0.334936] (ad_msgs) StdoutLine: {'line': b'-- Up-to-date symlink: /home/joon/mission_hard/mission_hard/install/ad_msgs/include/ad_msgs/ad_msgs/msg/rosidl_generator_c__visibility_control.h\n'}
[0.334961] (ad_msgs) StdoutLine: {'line': b'-- Up-to-date symlink: /home/joon/mission_hard/mission_hard/install/ad_msgs/include/ad_msgs/ad_msgs/msg/vehicle_command.h\n'}
[0.335073] (ad_msgs) StdoutLine: {'line': b'-- Up-to-date symlink: /home/joon/mission_hard/mission_hard/install/ad_msgs/include/ad_msgs/ad_msgs/msg/vehicle_state.h\n'}
[0.335104] (ad_msgs) StdoutLine: {'line': b'-- Up-to-date symlink: /home/joon/mission_hard/mission_hard/install/ad_msgs/share/ad_msgs/environment/library_path.sh\n'}
[0.335132] (ad_msgs) StdoutLine: {'line': b'-- Up-to-date symlink: /home/joon/mission_hard/mission_hard/install/ad_msgs/share/ad_msgs/environment/library_path.dsv\n'}
[0.335157] (ad_msgs) StdoutLine: {'line': b'-- Up-to-date symlink: /home/joon/mission_hard/mission_hard/install/ad_msgs/include/ad_msgs/ad_msgs/msg/detail/lane_point_data__rosidl_typesupport_fastrtps_c.h\n'}
[0.335205] (ad_msgs) StdoutLine: {'line': b'-- Up-to-date symlink: /home/joon/mission_hard/mission_hard/install/ad_msgs/include/ad_msgs/ad_msgs/msg/detail/lane_point_data_array__rosidl_typesupport_fastrtps_c.h\n'}
[0.335252] (ad_msgs) StdoutLine: {'line': b'-- Up-to-date symlink: /home/joon/mission_hard/mission_hard/install/ad_msgs/include/ad_msgs/ad_msgs/msg/detail/mission__rosidl_typesupport_fastrtps_c.h\n'}
[0.335367] (ad_msgs) StdoutLine: {'line': b'-- Up-to-date symlink: /home/joon/mission_hard/mission_hard/install/ad_msgs/include/ad_msgs/ad_msgs/msg/detail/mission_display__rosidl_typesupport_fastrtps_c.h\n'}
[0.335472] (ad_msgs) StdoutLine: {'line': b'-- Up-to-date symlink: /home/joon/mission_hard/mission_hard/install/ad_msgs/include/ad_msgs/ad_msgs/msg/detail/mission_object__rosidl_typesupport_fastrtps_c.h\n'}
[0.335526] (ad_msgs) StdoutLine: {'line': b'-- Up-to-date symlink: /home/joon/mission_hard/mission_hard/install/ad_msgs/include/ad_msgs/ad_msgs/msg/detail/mission_region__rosidl_typesupport_fastrtps_c.h\n'}
[0.335591] (ad_msgs) StdoutLine: {'line': b'-- Up-to-date symlink: /home/joon/mission_hard/mission_hard/install/ad_msgs/include/ad_msgs/ad_msgs/msg/detail/polyfit_lane_data__rosidl_typesupport_fastrtps_c.h\n'}
[0.335659] (ad_msgs) StdoutLine: {'line': b'-- Up-to-date symlink: /home/joon/mission_hard/mission_hard/install/ad_msgs/include/ad_msgs/ad_msgs/msg/detail/polyfit_lane_data_array__rosidl_typesupport_fastrtps_c.h\n'}
[0.335812] (ad_msgs) StdoutLine: {'line': b'-- Up-to-date symlink: /home/joon/mission_hard/mission_hard/install/ad_msgs/include/ad_msgs/ad_msgs/msg/detail/vehicle_command__rosidl_typesupport_fastrtps_c.h\n'}
[0.335892] (ad_msgs) StdoutLine: {'line': b'-- Up-to-date symlink: /home/joon/mission_hard/mission_hard/install/ad_msgs/include/ad_msgs/ad_msgs/msg/detail/vehicle_state__rosidl_typesupport_fastrtps_c.h\n'}
[0.335924] (ad_msgs) StdoutLine: {'line': b'-- Up-to-date symlink: /home/joon/mission_hard/mission_hard/install/ad_msgs/include/ad_msgs/ad_msgs/msg/rosidl_typesupport_fastrtps_c__visibility_control.h\n'}
[0.336047] (ad_msgs) StdoutLine: {'line': b'-- Up-to-date symlink: /home/joon/mission_hard/mission_hard/install/ad_msgs/include/ad_msgs/ad_msgs/msg/detail/lane_point_data__rosidl_typesupport_introspection_c.h\n'}
[0.336331] (ad_msgs) StdoutLine: {'line': b'-- Up-to-date symlink: /home/joon/mission_hard/mission_hard/install/ad_msgs/include/ad_msgs/ad_msgs/msg/detail/lane_point_data_array__rosidl_typesupport_introspection_c.h\n'}
[0.336522] (ad_msgs) StdoutLine: {'line': b'-- Up-to-date symlink: /home/joon/mission_hard/mission_hard/install/ad_msgs/include/ad_msgs/ad_msgs/msg/detail/mission__rosidl_typesupport_introspection_c.h\n'}
[0.336773] (ad_msgs) StdoutLine: {'line': b'-- Up-to-date symlink: /home/joon/mission_hard/mission_hard/install/ad_msgs/include/ad_msgs/ad_msgs/msg/detail/mission_display__rosidl_typesupport_introspection_c.h\n'}
[0.337135] (ad_msgs) StdoutLine: {'line': b'-- Up-to-date symlink: /home/joon/mission_hard/mission_hard/install/ad_msgs/include/ad_msgs/ad_msgs/msg/detail/mission_object__rosidl_typesupport_introspection_c.h\n'}
[0.337196] (ad_msgs) StdoutLine: {'line': b'-- Up-to-date symlink: /home/joon/mission_hard/mission_hard/install/ad_msgs/include/ad_msgs/ad_msgs/msg/detail/mission_region__rosidl_typesupport_introspection_c.h\n'}
[0.337227] (ad_msgs) StdoutLine: {'line': b'-- Up-to-date symlink: /home/joon/mission_hard/mission_hard/install/ad_msgs/include/ad_msgs/ad_msgs/msg/detail/polyfit_lane_data__rosidl_typesupport_introspection_c.h\n'}
[0.337253] (ad_msgs) StdoutLine: {'line': b'-- Up-to-date symlink: /home/joon/mission_hard/mission_hard/install/ad_msgs/include/ad_msgs/ad_msgs/msg/detail/polyfit_lane_data_array__rosidl_typesupport_introspection_c.h\n'}
[0.337278] (ad_msgs) StdoutLine: {'line': b'-- Up-to-date symlink: /home/joon/mission_hard/mission_hard/install/ad_msgs/include/ad_msgs/ad_msgs/msg/detail/vehicle_command__rosidl_typesupport_introspection_c.h\n'}
[0.337303] (ad_msgs) StdoutLine: {'line': b'-- Up-to-date symlink: /home/joon/mission_hard/mission_hard/install/ad_msgs/include/ad_msgs/ad_msgs/msg/detail/vehicle_state__rosidl_typesupport_introspection_c.h\n'}
[0.337327] (ad_msgs) StdoutLine: {'line': b'-- Up-to-date symlink: /home/joon/mission_hard/mission_hard/install/ad_msgs/include/ad_msgs/ad_msgs/msg/rosidl_typesupport_introspection_c__visibility_control.h\n'}
[0.337513] (ad_msgs) StdoutLine: {'line': b'-- Up-to-date symlink: /home/joon/mission_hard/mission_hard/install/ad_msgs/include/ad_msgs/ad_msgs/msg/detail/lane_point_data__builder.hpp\n'}
[0.337672] (ad_msgs) StdoutLine: {'line': b'-- Up-to-date symlink: /home/joon/mission_hard/mission_hard/install/ad_msgs/include/ad_msgs/ad_msgs/msg/detail/lane_point_data__struct.hpp\n'}
[0.337719] (ad_msgs) StdoutLine: {'line': b'-- Up-to-date symlink: /home/joon/mission_hard/mission_hard/install/ad_msgs/include/ad_msgs/ad_msgs/msg/detail/lane_point_data__traits.hpp\n'}
[0.337890] (ad_msgs) StdoutLine: {'line': b'-- Up-to-date symlink: /home/joon/mission_hard/mission_hard/install/ad_msgs/include/ad_msgs/ad_msgs/msg/detail/lane_point_data__type_support.hpp\n'}
[0.338081] (ad_msgs) StdoutLine: {'line': b'-- Up-to-date symlink: /home/joon/mission_hard/mission_hard/install/ad_msgs/include/ad_msgs/ad_msgs/msg/detail/lane_point_data_array__builder.hpp\n'}
[0.338134] (ad_msgs) StdoutLine: {'line': b'-- Up-to-date symlink: /home/joon/mission_hard/mission_hard/install/ad_msgs/include/ad_msgs/ad_msgs/msg/detail/lane_point_data_array__struct.hpp\n'}
[0.338170] (ad_msgs) StdoutLine: {'line': b'-- Up-to-date symlink: /home/joon/mission_hard/mission_hard/install/ad_msgs/include/ad_msgs/ad_msgs/msg/detail/lane_point_data_array__traits.hpp\n'}
[0.338504] (ad_msgs) StdoutLine: {'line': b'-- Up-to-date symlink: /home/joon/mission_hard/mission_hard/install/ad_msgs/include/ad_msgs/ad_msgs/msg/detail/lane_point_data_array__type_support.hpp\n'}
[0.338877] (ad_msgs) StdoutLine: {'line': b'-- Up-to-date symlink: /home/joon/mission_hard/mission_hard/install/ad_msgs/include/ad_msgs/ad_msgs/msg/detail/mission__builder.hpp\n'}
[0.338988] (ad_msgs) StdoutLine: {'line': b'-- Up-to-date symlink: /home/joon/mission_hard/mission_hard/install/ad_msgs/include/ad_msgs/ad_msgs/msg/detail/mission__struct.hpp\n'}
[0.339322] (ad_msgs) StdoutLine: {'line': b'-- Up-to-date symlink: /home/joon/mission_hard/mission_hard/install/ad_msgs/include/ad_msgs/ad_msgs/msg/detail/mission__traits.hpp\n'}
[0.339603] (ad_msgs) StdoutLine: {'line': b'-- Up-to-date symlink: /home/joon/mission_hard/mission_hard/install/ad_msgs/include/ad_msgs/ad_msgs/msg/detail/mission__type_support.hpp\n'}
[0.340173] (ad_msgs) StdoutLine: {'line': b'-- Up-to-date symlink: /home/joon/mission_hard/mission_hard/install/ad_msgs/include/ad_msgs/ad_msgs/msg/detail/mission_display__builder.hpp\n'}
[0.340938] (ad_msgs) StdoutLine: {'line': b'-- Up-to-date symlink: /home/joon/mission_hard/mission_hard/install/ad_msgs/include/ad_msgs/ad_msgs/msg/detail/mission_display__struct.hpp\n'}
[0.341282] (ad_msgs) StdoutLine: {'line': b'-- Up-to-date symlink: /home/joon/mission_hard/mission_hard/install/ad_msgs/include/ad_msgs/ad_msgs/msg/detail/mission_display__traits.hpp\n'}
[0.341406] (ad_msgs) StdoutLine: {'line': b'-- Up-to-date symlink: /home/joon/mission_hard/mission_hard/install/ad_msgs/include/ad_msgs/ad_msgs/msg/detail/mission_display__type_support.hpp\n'}
[0.341552] (ad_msgs) StdoutLine: {'line': b'-- Up-to-date symlink: /home/joon/mission_hard/mission_hard/install/ad_msgs/include/ad_msgs/ad_msgs/msg/detail/mission_object__builder.hpp\n'}
[0.341929] (ad_msgs) StdoutLine: {'line': b'-- Up-to-date symlink: /home/joon/mission_hard/mission_hard/install/ad_msgs/include/ad_msgs/ad_msgs/msg/detail/mission_object__struct.hpp\n'}
[0.341989] (ad_msgs) StdoutLine: {'line': b'-- Up-to-date symlink: /home/joon/mission_hard/mission_hard/install/ad_msgs/include/ad_msgs/ad_msgs/msg/detail/mission_object__traits.hpp\n'}
[0.342022] (ad_msgs) StdoutLine: {'line': b'-- Up-to-date symlink: /home/joon/mission_hard/mission_hard/install/ad_msgs/include/ad_msgs/ad_msgs/msg/detail/mission_object__type_support.hpp\n'}
[0.342110] (ad_msgs) StdoutLine: {'line': b'-- Up-to-date symlink: /home/joon/mission_hard/mission_hard/install/ad_msgs/include/ad_msgs/ad_msgs/msg/detail/mission_region__builder.hpp\n'}
[0.342232] (ad_msgs) StdoutLine: {'line': b'-- Up-to-date symlink: /home/joon/mission_hard/mission_hard/install/ad_msgs/include/ad_msgs/ad_msgs/msg/detail/mission_region__struct.hpp\n'}
[0.342271] (ad_msgs) StdoutLine: {'line': b'-- Up-to-date symlink: /home/joon/mission_hard/mission_hard/install/ad_msgs/include/ad_msgs/ad_msgs/msg/detail/mission_region__traits.hpp\n'}
[0.342410] (ad_msgs) StdoutLine: {'line': b'-- Up-to-date symlink: /home/joon/mission_hard/mission_hard/install/ad_msgs/include/ad_msgs/ad_msgs/msg/detail/mission_region__type_support.hpp\n'}
[0.342593] (ad_msgs) StdoutLine: {'line': b'-- Up-to-date symlink: /home/joon/mission_hard/mission_hard/install/ad_msgs/include/ad_msgs/ad_msgs/msg/detail/polyfit_lane_data__builder.hpp\n'}
[0.342807] (ad_msgs) StdoutLine: {'line': b'-- Up-to-date symlink: /home/joon/mission_hard/mission_hard/install/ad_msgs/include/ad_msgs/ad_msgs/msg/detail/polyfit_lane_data__struct.hpp\n'}
[0.343042] (ad_msgs) StdoutLine: {'line': b'-- Up-to-date symlink: /home/joon/mission_hard/mission_hard/install/ad_msgs/include/ad_msgs/ad_msgs/msg/detail/polyfit_lane_data__traits.hpp\n'}
[0.343145] (ad_msgs) StdoutLine: {'line': b'-- Up-to-date symlink: /home/joon/mission_hard/mission_hard/install/ad_msgs/include/ad_msgs/ad_msgs/msg/detail/polyfit_lane_data__type_support.hpp\n'}
[0.343225] (ad_msgs) StdoutLine: {'line': b'-- Up-to-date symlink: /home/joon/mission_hard/mission_hard/install/ad_msgs/include/ad_msgs/ad_msgs/msg/detail/polyfit_lane_data_array__builder.hpp\n'}
[0.343411] (ad_msgs) StdoutLine: {'line': b'-- Up-to-date symlink: /home/joon/mission_hard/mission_hard/install/ad_msgs/include/ad_msgs/ad_msgs/msg/detail/polyfit_lane_data_array__struct.hpp\n'}
[0.343531] (ad_msgs) StdoutLine: {'line': b'-- Up-to-date symlink: /home/joon/mission_hard/mission_hard/install/ad_msgs/include/ad_msgs/ad_msgs/msg/detail/polyfit_lane_data_array__traits.hpp\n'}
[0.343570] (ad_msgs) StdoutLine: {'line': b'-- Up-to-date symlink: /home/joon/mission_hard/mission_hard/install/ad_msgs/include/ad_msgs/ad_msgs/msg/detail/polyfit_lane_data_array__type_support.hpp\n'}
[0.343630] (ad_msgs) StdoutLine: {'line': b'-- Up-to-date symlink: /home/joon/mission_hard/mission_hard/install/ad_msgs/include/ad_msgs/ad_msgs/msg/detail/vehicle_command__builder.hpp\n'}
[0.343810] (ad_msgs) StdoutLine: {'line': b'-- Up-to-date symlink: /home/joon/mission_hard/mission_hard/install/ad_msgs/include/ad_msgs/ad_msgs/msg/detail/vehicle_command__struct.hpp\n'}
[0.343908] (ad_msgs) StdoutLine: {'line': b'-- Up-to-date symlink: /home/joon/mission_hard/mission_hard/install/ad_msgs/include/ad_msgs/ad_msgs/msg/detail/vehicle_command__traits.hpp\n'}
[0.343982] (ad_msgs) StdoutLine: {'line': b'-- Up-to-date symlink: /home/joon/mission_hard/mission_hard/install/ad_msgs/include/ad_msgs/ad_msgs/msg/detail/vehicle_command__type_support.hpp\n'}
[0.344293] (ad_msgs) StdoutLine: {'line': b'-- Up-to-date symlink: /home/joon/mission_hard/mission_hard/install/ad_msgs/include/ad_msgs/ad_msgs/msg/detail/vehicle_state__builder.hpp\n'}
[0.344500] (ad_msgs) StdoutLine: {'line': b'-- Up-to-date symlink: /home/joon/mission_hard/mission_hard/install/ad_msgs/include/ad_msgs/ad_msgs/msg/detail/vehicle_state__struct.hpp\n'}
[0.345051] (ad_msgs) StdoutLine: {'line': b'-- Up-to-date symlink: /home/joon/mission_hard/mission_hard/install/ad_msgs/include/ad_msgs/ad_msgs/msg/detail/vehicle_state__traits.hpp\n'}
[0.345213] (ad_msgs) StdoutLine: {'line': b'-- Up-to-date symlink: /home/joon/mission_hard/mission_hard/install/ad_msgs/include/ad_msgs/ad_msgs/msg/detail/vehicle_state__type_support.hpp\n'}
[0.345258] (ad_msgs) StdoutLine: {'line': b'-- Up-to-date symlink: /home/joon/mission_hard/mission_hard/install/ad_msgs/include/ad_msgs/ad_msgs/msg/lane_point_data.hpp\n'}
[0.345302] (ad_msgs) StdoutLine: {'line': b'-- Up-to-date symlink: /home/joon/mission_hard/mission_hard/install/ad_msgs/include/ad_msgs/ad_msgs/msg/lane_point_data_array.hpp\n'}
[0.345331] (ad_msgs) StdoutLine: {'line': b'-- Up-to-date symlink: /home/joon/mission_hard/mission_hard/install/ad_msgs/include/ad_msgs/ad_msgs/msg/mission.hpp\n'}
[0.345360] (ad_msgs) StdoutLine: {'line': b'-- Up-to-date symlink: /home/joon/mission_hard/mission_hard/install/ad_msgs/include/ad_msgs/ad_msgs/msg/mission_display.hpp\n'}
[0.345387] (ad_msgs) StdoutLine: {'line': b'-- Up-to-date symlink: /home/joon/mission_hard/mission_hard/install/ad_msgs/include/ad_msgs/ad_msgs/msg/mission_object.hpp\n'}
[0.345414] (ad_msgs) StdoutLine: {'line': b'-- Up-to-date symlink: /home/joon/mission_hard/mission_hard/install/ad_msgs/include/ad_msgs/ad_msgs/msg/mission_region.hpp\n'}
[0.345441] (ad_msgs) StdoutLine: {'line': b'-- Up-to-date symlink: /home/joon/mission_hard/mission_hard/install/ad_msgs/include/ad_msgs/ad_msgs/msg/polyfit_lane_data.hpp\n'}
[0.345652] (ad_msgs) StdoutLine: {'line': b'-- Up-to-date symlink: /home/joon/mission_hard/mission_hard/install/ad_msgs/include/ad_msgs/ad_msgs/msg/polyfit_lane_data_array.hpp\n'}
[0.345740] (ad_msgs) StdoutLine: {'line': b'-- Up-to-date symlink: /home/joon/mission_hard/mission_hard/install/ad_msgs/include/ad_msgs/ad_msgs/msg/rosidl_generator_cpp__visibility_control.hpp\n'}
[0.345818] (ad_msgs) StdoutLine: {'line': b'-- Up-to-date symlink: /home/joon/mission_hard/mission_hard/install/ad_msgs/include/ad_msgs/ad_msgs/msg/vehicle_command.hpp\n'}
[0.346064] (ad_msgs) StdoutLine: {'line': b'-- Up-to-date symlink: /home/joon/mission_hard/mission_hard/install/ad_msgs/include/ad_msgs/ad_msgs/msg/vehicle_state.hpp\n'}
[0.346152] (ad_msgs) StdoutLine: {'line': b'-- Up-to-date symlink: /home/joon/mission_hard/mission_hard/install/ad_msgs/include/ad_msgs/ad_msgs/msg/detail/lane_point_data__rosidl_typesupport_fastrtps_cpp.hpp\n'}
[0.346300] (ad_msgs) StdoutLine: {'line': b'-- Up-to-date symlink: /home/joon/mission_hard/mission_hard/install/ad_msgs/include/ad_msgs/ad_msgs/msg/detail/lane_point_data_array__rosidl_typesupport_fastrtps_cpp.hpp\n'}
[0.346584] (ad_msgs) StdoutLine: {'line': b'-- Up-to-date symlink: /home/joon/mission_hard/mission_hard/install/ad_msgs/include/ad_msgs/ad_msgs/msg/detail/mission__rosidl_typesupport_fastrtps_cpp.hpp\n'}
[0.346659] (ad_msgs) StdoutLine: {'line': b'-- Up-to-date symlink: /home/joon/mission_hard/mission_hard/install/ad_msgs/include/ad_msgs/ad_msgs/msg/detail/mission_display__rosidl_typesupport_fastrtps_cpp.hpp\n'}
[0.346702] (ad_msgs) StdoutLine: {'line': b'-- Up-to-date symlink: /home/joon/mission_hard/mission_hard/install/ad_msgs/include/ad_msgs/ad_msgs/msg/detail/mission_object__rosidl_typesupport_fastrtps_cpp.hpp\n'}
[0.346734] (ad_msgs) StdoutLine: {'line': b'-- Up-to-date symlink: /home/joon/mission_hard/mission_hard/install/ad_msgs/include/ad_msgs/ad_msgs/msg/detail/mission_region__rosidl_typesupport_fastrtps_cpp.hpp\n'}
[0.346761] (ad_msgs) StdoutLine: {'line': b'-- Up-to-date symlink: /home/joon/mission_hard/mission_hard/install/ad_msgs/include/ad_msgs/ad_msgs/msg/detail/polyfit_lane_data__rosidl_typesupport_fastrtps_cpp.hpp\n'}
[0.346960] (ad_msgs) StdoutLine: {'line': b'-- Up-to-date symlink: /home/joon/mission_hard/mission_hard/install/ad_msgs/include/ad_msgs/ad_msgs/msg/detail/polyfit_lane_data_array__rosidl_typesupport_fastrtps_cpp.hpp\n'}
[0.347085] (ad_msgs) StdoutLine: {'line': b'-- Up-to-date symlink: /home/joon/mission_hard/mission_hard/install/ad_msgs/include/ad_msgs/ad_msgs/msg/detail/vehicle_command__rosidl_typesupport_fastrtps_cpp.hpp\n'}
[0.347278] (ad_msgs) StdoutLine: {'line': b'-- Up-to-date symlink: /home/joon/mission_hard/mission_hard/install/ad_msgs/include/ad_msgs/ad_msgs/msg/detail/vehicle_state__rosidl_typesupport_fastrtps_cpp.hpp\n'}
[0.347504] (ad_msgs) StdoutLine: {'line': b'-- Up-to-date symlink: /home/joon/mission_hard/mission_hard/install/ad_msgs/include/ad_msgs/ad_msgs/msg/rosidl_typesupport_fastrtps_cpp__visibility_control.h\n'}
[0.347560] (ad_msgs) StdoutLine: {'line': b'-- Up-to-date symlink: /home/joon/mission_hard/mission_hard/install/ad_msgs/include/ad_msgs/ad_msgs/msg/detail/lane_point_data__rosidl_typesupport_introspection_cpp.hpp\n'}
[0.347779] (ad_msgs) StdoutLine: {'line': b'-- Up-to-date symlink: /home/joon/mission_hard/mission_hard/install/ad_msgs/include/ad_msgs/ad_msgs/msg/detail/lane_point_data_array__rosidl_typesupport_introspection_cpp.hpp\n'}
[0.347813] (ad_msgs) StdoutLine: {'line': b'-- Up-to-date symlink: /home/joon/mission_hard/mission_hard/install/ad_msgs/include/ad_msgs/ad_msgs/msg/detail/mission__rosidl_typesupport_introspection_cpp.hpp\n'}
[0.347842] (ad_msgs) StdoutLine: {'line': b'-- Up-to-date symlink: /home/joon/mission_hard/mission_hard/install/ad_msgs/include/ad_msgs/ad_msgs/msg/detail/mission_display__rosidl_typesupport_introspection_cpp.hpp\n'}
[0.347870] (ad_msgs) StdoutLine: {'line': b'-- Up-to-date symlink: /home/joon/mission_hard/mission_hard/install/ad_msgs/include/ad_msgs/ad_msgs/msg/detail/mission_object__rosidl_typesupport_introspection_cpp.hpp\n'}
[0.347896] (ad_msgs) StdoutLine: {'line': b'-- Up-to-date symlink: /home/joon/mission_hard/mission_hard/install/ad_msgs/include/ad_msgs/ad_msgs/msg/detail/mission_region__rosidl_typesupport_introspection_cpp.hpp\n'}
[0.347935] (ad_msgs) StdoutLine: {'line': b'-- Up-to-date symlink: /home/joon/mission_hard/mission_hard/install/ad_msgs/include/ad_msgs/ad_msgs/msg/detail/polyfit_lane_data__rosidl_typesupport_introspection_cpp.hpp\n'}
[0.348005] (ad_msgs) StdoutLine: {'line': b'-- Up-to-date symlink: /home/joon/mission_hard/mission_hard/install/ad_msgs/include/ad_msgs/ad_msgs/msg/detail/polyfit_lane_data_array__rosidl_typesupport_introspection_cpp.hpp\n'}
[0.348068] (ad_msgs) StdoutLine: {'line': b'-- Up-to-date symlink: /home/joon/mission_hard/mission_hard/install/ad_msgs/include/ad_msgs/ad_msgs/msg/detail/vehicle_command__rosidl_typesupport_introspection_cpp.hpp\n'}
[0.348293] (ad_msgs) StdoutLine: {'line': b'-- Up-to-date symlink: /home/joon/mission_hard/mission_hard/install/ad_msgs/include/ad_msgs/ad_msgs/msg/detail/vehicle_state__rosidl_typesupport_introspection_cpp.hpp\n'}
[0.348339] (ad_msgs) StdoutLine: {'line': b'-- Up-to-date symlink: /home/joon/mission_hard/mission_hard/install/ad_msgs/share/ad_msgs/environment/pythonpath.sh\n'}
[0.348369] (ad_msgs) StdoutLine: {'line': b'-- Up-to-date symlink: /home/joon/mission_hard/mission_hard/install/ad_msgs/share/ad_msgs/environment/pythonpath.dsv\n'}
[0.348395] (ad_msgs) StdoutLine: {'line': b'-- Up-to-date symlink: /home/joon/mission_hard/mission_hard/install/ad_msgs/local/lib/python3.10/dist-packages/ad_msgs-0.0.0-py3.10.egg-info/PKG-INFO\n'}
[0.348427] (ad_msgs) StdoutLine: {'line': b'-- Up-to-date symlink: /home/joon/mission_hard/mission_hard/install/ad_msgs/local/lib/python3.10/dist-packages/ad_msgs-0.0.0-py3.10.egg-info/SOURCES.txt\n'}
[0.348453] (ad_msgs) StdoutLine: {'line': b'-- Up-to-date symlink: /home/joon/mission_hard/mission_hard/install/ad_msgs/local/lib/python3.10/dist-packages/ad_msgs-0.0.0-py3.10.egg-info/dependency_links.txt\n'}
[0.348478] (ad_msgs) StdoutLine: {'line': b'-- Up-to-date symlink: /home/joon/mission_hard/mission_hard/install/ad_msgs/local/lib/python3.10/dist-packages/ad_msgs-0.0.0-py3.10.egg-info/top_level.txt\n'}
[0.348734] (ad_msgs) StdoutLine: {'line': b'-- Up-to-date symlink: /home/joon/mission_hard/mission_hard/install/ad_msgs/local/lib/python3.10/dist-packages/ad_msgs/__init__.py\n'}
[0.349044] (ad_msgs) StdoutLine: {'line': b'-- Up-to-date symlink: /home/joon/mission_hard/mission_hard/install/ad_msgs/local/lib/python3.10/dist-packages/ad_msgs/_ad_msgs_s.ep.rosidl_typesupport_c.c\n'}
[0.349526] (ad_msgs) StdoutLine: {'line': b'-- Up-to-date symlink: /home/joon/mission_hard/mission_hard/install/ad_msgs/local/lib/python3.10/dist-packages/ad_msgs/_ad_msgs_s.ep.rosidl_typesupport_fastrtps_c.c\n'}
[0.349632] (ad_msgs) StdoutLine: {'line': b'-- Up-to-date symlink: /home/joon/mission_hard/mission_hard/install/ad_msgs/local/lib/python3.10/dist-packages/ad_msgs/_ad_msgs_s.ep.rosidl_typesupport_introspection_c.c\n'}
[0.349704] (ad_msgs) StdoutLine: {'line': b'-- Up-to-date symlink: /home/joon/mission_hard/mission_hard/install/ad_msgs/local/lib/python3.10/dist-packages/ad_msgs/ad_msgs_s__rosidl_typesupport_c.cpython-310-x86_64-linux-gnu.so\n'}
[0.349762] (ad_msgs) StdoutLine: {'line': b'-- Up-to-date symlink: /home/joon/mission_hard/mission_hard/install/ad_msgs/local/lib/python3.10/dist-packages/ad_msgs/ad_msgs_s__rosidl_typesupport_fastrtps_c.cpython-310-x86_64-linux-gnu.so\n'}
[0.349926] (ad_msgs) StdoutLine: {'line': b'-- Up-to-date symlink: /home/joon/mission_hard/mission_hard/install/ad_msgs/local/lib/python3.10/dist-packages/ad_msgs/ad_msgs_s__rosidl_typesupport_introspection_c.cpython-310-x86_64-linux-gnu.so\n'}
[0.349983] (ad_msgs) StdoutLine: {'line': b'-- Up-to-date symlink: /home/joon/mission_hard/mission_hard/install/ad_msgs/local/lib/python3.10/dist-packages/ad_msgs/libad_msgs__rosidl_generator_py.so\n'}
[0.350046] (ad_msgs) StdoutLine: {'line': b'-- Up-to-date symlink: /home/joon/mission_hard/mission_hard/install/ad_msgs/local/lib/python3.10/dist-packages/ad_msgs/msg/__init__.py\n'}
[0.350103] (ad_msgs) StdoutLine: {'line': b'-- Up-to-date symlink: /home/joon/mission_hard/mission_hard/install/ad_msgs/local/lib/python3.10/dist-packages/ad_msgs/msg/_lane_point_data.py\n'}
[0.350167] (ad_msgs) StdoutLine: {'line': b'-- Up-to-date symlink: /home/joon/mission_hard/mission_hard/install/ad_msgs/local/lib/python3.10/dist-packages/ad_msgs/msg/_lane_point_data_array.py\n'}
[0.350297] (ad_msgs) StdoutLine: {'line': b'-- Up-to-date symlink: /home/joon/mission_hard/mission_hard/install/ad_msgs/local/lib/python3.10/dist-packages/ad_msgs/msg/_lane_point_data_array_s.c\n'}
[0.350362] (ad_msgs) StdoutLine: {'line': b'-- Up-to-date symlink: /home/joon/mission_hard/mission_hard/install/ad_msgs/local/lib/python3.10/dist-packages/ad_msgs/msg/_lane_point_data_s.c\n'}
[0.350505] (ad_msgs) StdoutLine: {'line': b'-- Up-to-date symlink: /home/joon/mission_hard/mission_hard/install/ad_msgs/local/lib/python3.10/dist-packages/ad_msgs/msg/_mission.py\n'}
[0.350656] (ad_msgs) StdoutLine: {'line': b'-- Up-to-date symlink: /home/joon/mission_hard/mission_hard/install/ad_msgs/local/lib/python3.10/dist-packages/ad_msgs/msg/_mission_display.py\n'}
[0.350876] (ad_msgs) StdoutLine: {'line': b'-- Up-to-date symlink: /home/joon/mission_hard/mission_hard/install/ad_msgs/local/lib/python3.10/dist-packages/ad_msgs/msg/_mission_display_s.c\n'}
[0.350953] (ad_msgs) StdoutLine: {'line': b'-- Up-to-date symlink: /home/joon/mission_hard/mission_hard/install/ad_msgs/local/lib/python3.10/dist-packages/ad_msgs/msg/_mission_object.py\n'}
[0.351007] (ad_msgs) StdoutLine: {'line': b'-- Up-to-date symlink: /home/joon/mission_hard/mission_hard/install/ad_msgs/local/lib/python3.10/dist-packages/ad_msgs/msg/_mission_object_s.c\n'}
[0.351115] (ad_msgs) StdoutLine: {'line': b'-- Up-to-date symlink: /home/joon/mission_hard/mission_hard/install/ad_msgs/local/lib/python3.10/dist-packages/ad_msgs/msg/_mission_region.py\n'}
[0.351224] (ad_msgs) StdoutLine: {'line': b'-- Up-to-date symlink: /home/joon/mission_hard/mission_hard/install/ad_msgs/local/lib/python3.10/dist-packages/ad_msgs/msg/_mission_region_s.c\n'}
[0.351279] (ad_msgs) StdoutLine: {'line': b'-- Up-to-date symlink: /home/joon/mission_hard/mission_hard/install/ad_msgs/local/lib/python3.10/dist-packages/ad_msgs/msg/_mission_s.c\n'}
[0.351337] (ad_msgs) StdoutLine: {'line': b'-- Up-to-date symlink: /home/joon/mission_hard/mission_hard/install/ad_msgs/local/lib/python3.10/dist-packages/ad_msgs/msg/_polyfit_lane_data.py\n'}
[0.351393] (ad_msgs) StdoutLine: {'line': b'-- Up-to-date symlink: /home/joon/mission_hard/mission_hard/install/ad_msgs/local/lib/python3.10/dist-packages/ad_msgs/msg/_polyfit_lane_data_array.py\n'}
[0.351456] (ad_msgs) StdoutLine: {'line': b'-- Up-to-date symlink: /home/joon/mission_hard/mission_hard/install/ad_msgs/local/lib/python3.10/dist-packages/ad_msgs/msg/_polyfit_lane_data_array_s.c\n'}
[0.351683] (ad_msgs) StdoutLine: {'line': b'-- Up-to-date symlink: /home/joon/mission_hard/mission_hard/install/ad_msgs/local/lib/python3.10/dist-packages/ad_msgs/msg/_polyfit_lane_data_s.c\n'}
[0.351770] (ad_msgs) StdoutLine: {'line': b'-- Up-to-date symlink: /home/joon/mission_hard/mission_hard/install/ad_msgs/local/lib/python3.10/dist-packages/ad_msgs/msg/_vehicle_command.py\n'}
[0.351899] (ad_msgs) StdoutLine: {'line': b'-- Up-to-date symlink: /home/joon/mission_hard/mission_hard/install/ad_msgs/local/lib/python3.10/dist-packages/ad_msgs/msg/_vehicle_command_s.c\n'}
[0.351987] (ad_msgs) StdoutLine: {'line': b'-- Up-to-date symlink: /home/joon/mission_hard/mission_hard/install/ad_msgs/local/lib/python3.10/dist-packages/ad_msgs/msg/_vehicle_state.py\n'}
[0.352106] (ad_msgs) StdoutLine: {'line': b'-- Up-to-date symlink: /home/joon/mission_hard/mission_hard/install/ad_msgs/local/lib/python3.10/dist-packages/ad_msgs/msg/_vehicle_state_s.c\n'}
[0.352356] (ad_msgs) StdoutLine: {'line': b'-- Up-to-date symlink: /home/joon/mission_hard/mission_hard/install/ad_msgs/local/lib/python3.10/dist-packages/ad_msgs/ad_msgs_s__rosidl_typesupport_fastrtps_c.cpython-310-x86_64-linux-gnu.so\n'}
[0.352586] (ad_msgs) StdoutLine: {'line': b'-- Up-to-date symlink: /home/joon/mission_hard/mission_hard/install/ad_msgs/local/lib/python3.10/dist-packages/ad_msgs/ad_msgs_s__rosidl_typesupport_introspection_c.cpython-310-x86_64-linux-gnu.so\n'}
[0.352718] (ad_msgs) StdoutLine: {'line': b'-- Up-to-date symlink: /home/joon/mission_hard/mission_hard/install/ad_msgs/local/lib/python3.10/dist-packages/ad_msgs/ad_msgs_s__rosidl_typesupport_c.cpython-310-x86_64-linux-gnu.so\n'}
[0.352768] (ad_msgs) StdoutLine: {'line': b'-- Up-to-date symlink: /home/joon/mission_hard/mission_hard/install/ad_msgs/share/ad_msgs/msg/VehicleState.idl\n'}
[0.353014] (ad_msgs) StdoutLine: {'line': b'-- Up-to-date symlink: /home/joon/mission_hard/mission_hard/install/ad_msgs/share/ad_msgs/msg/VehicleCommand.idl\n'}
[0.353198] (ad_msgs) StdoutLine: {'line': b'-- Up-to-date symlink: /home/joon/mission_hard/mission_hard/install/ad_msgs/share/ad_msgs/msg/Mission.idl\n'}
[0.353265] (ad_msgs) StdoutLine: {'line': b'-- Up-to-date symlink: /home/joon/mission_hard/mission_hard/install/ad_msgs/share/ad_msgs/msg/MissionObject.idl\n'}
[0.353319] (ad_msgs) StdoutLine: {'line': b'-- Up-to-date symlink: /home/joon/mission_hard/mission_hard/install/ad_msgs/share/ad_msgs/msg/MissionRegion.idl\n'}
[0.353371] (ad_msgs) StdoutLine: {'line': b'-- Up-to-date symlink: /home/joon/mission_hard/mission_hard/install/ad_msgs/share/ad_msgs/msg/MissionDisplay.idl\n'}
[0.353485] (ad_msgs) StdoutLine: {'line': b'-- Up-to-date symlink: /home/joon/mission_hard/mission_hard/install/ad_msgs/share/ad_msgs/msg/PolyfitLaneData.idl\n'}
[0.353540] (ad_msgs) StdoutLine: {'line': b'-- Up-to-date symlink: /home/joon/mission_hard/mission_hard/install/ad_msgs/share/ad_msgs/msg/LanePointData.idl\n'}
[0.353776] (ad_msgs) StdoutLine: {'line': b'-- Up-to-date symlink: /home/joon/mission_hard/mission_hard/install/ad_msgs/share/ad_msgs/msg/LanePointDataArray.idl\n'}
[0.354058] (ad_msgs) StdoutLine: {'line': b'-- Up-to-date symlink: /home/joon/mission_hard/mission_hard/install/ad_msgs/share/ad_msgs/msg/PolyfitLaneDataArray.idl\n'}
[0.354132] (ad_msgs) StdoutLine: {'line': b'-- Up-to-date symlink: /home/joon/mission_hard/mission_hard/install/ad_msgs/share/ad_msgs/msg/VehicleState.msg\n'}
[0.354288] (ad_msgs) StdoutLine: {'line': b'-- Up-to-date symlink: /home/joon/mission_hard/mission_hard/install/ad_msgs/share/ad_msgs/msg/VehicleCommand.msg\n'}
[0.354334] (ad_msgs) StdoutLine: {'line': b'-- Up-to-date symlink: /home/joon/mission_hard/mission_hard/install/ad_msgs/share/ad_msgs/msg/Mission.msg\n'}
[0.354361] (ad_msgs) StdoutLine: {'line': b'-- Up-to-date symlink: /home/joon/mission_hard/mission_hard/install/ad_msgs/share/ad_msgs/msg/MissionObject.msg\n'}
[0.354386] (ad_msgs) StdoutLine: {'line': b'-- Up-to-date symlink: /home/joon/mission_hard/mission_hard/install/ad_msgs/share/ad_msgs/msg/MissionRegion.msg\n'}
[0.354419] (ad_msgs) StdoutLine: {'line': b'-- Up-to-date symlink: /home/joon/mission_hard/mission_hard/install/ad_msgs/share/ad_msgs/msg/MissionDisplay.msg\n'}
[0.354443] (ad_msgs) StdoutLine: {'line': b'-- Up-to-date symlink: /home/joon/mission_hard/mission_hard/install/ad_msgs/share/ad_msgs/msg/PolyfitLaneData.msg\n'}
[0.354465] (ad_msgs) StdoutLine: {'line': b'-- Up-to-date symlink: /home/joon/mission_hard/mission_hard/install/ad_msgs/share/ad_msgs/msg/LanePointData.msg\n'}
[0.354489] (ad_msgs) StdoutLine: {'line': b'-- Up-to-date symlink: /home/joon/mission_hard/mission_hard/install/ad_msgs/share/ad_msgs/msg/LanePointDataArray.msg\n'}
[0.354511] (ad_msgs) StdoutLine: {'line': b'-- Up-to-date symlink: /home/joon/mission_hard/mission_hard/install/ad_msgs/share/ad_msgs/msg/PolyfitLaneDataArray.msg\n'}
[0.354532] (ad_msgs) StdoutLine: {'line': b'-- Up-to-date symlink: /home/joon/mission_hard/mission_hard/install/ad_msgs/share/ament_index/resource_index/package_run_dependencies/ad_msgs\n'}
[0.354555] (ad_msgs) StdoutLine: {'line': b'-- Up-to-date symlink: /home/joon/mission_hard/mission_hard/install/ad_msgs/share/ament_index/resource_index/parent_prefix_path/ad_msgs\n'}
[0.354577] (ad_msgs) StdoutLine: {'line': b'-- Up-to-date symlink: /home/joon/mission_hard/mission_hard/install/ad_msgs/share/ad_msgs/environment/ament_prefix_path.sh\n'}
[0.354600] (ad_msgs) StdoutLine: {'line': b'-- Up-to-date symlink: /home/joon/mission_hard/mission_hard/install/ad_msgs/share/ad_msgs/environment/ament_prefix_path.dsv\n'}
[0.354621] (ad_msgs) StdoutLine: {'line': b'-- Up-to-date symlink: /home/joon/mission_hard/mission_hard/install/ad_msgs/share/ad_msgs/environment/path.sh\n'}
[0.354643] (ad_msgs) StdoutLine: {'line': b'-- Up-to-date symlink: /home/joon/mission_hard/mission_hard/install/ad_msgs/share/ad_msgs/environment/path.dsv\n'}
[0.354665] (ad_msgs) StdoutLine: {'line': b'-- Up-to-date symlink: /home/joon/mission_hard/mission_hard/install/ad_msgs/share/ad_msgs/local_setup.bash\n'}
[0.354688] (ad_msgs) StdoutLine: {'line': b'-- Up-to-date symlink: /home/joon/mission_hard/mission_hard/install/ad_msgs/share/ad_msgs/local_setup.sh\n'}
[0.354709] (ad_msgs) StdoutLine: {'line': b'-- Up-to-date symlink: /home/joon/mission_hard/mission_hard/install/ad_msgs/share/ad_msgs/local_setup.zsh\n'}
[0.354731] (ad_msgs) StdoutLine: {'line': b'-- Up-to-date symlink: /home/joon/mission_hard/mission_hard/install/ad_msgs/share/ad_msgs/local_setup.dsv\n'}
[0.354753] (ad_msgs) StdoutLine: {'line': b'-- Symlinking: /home/joon/mission_hard/mission_hard/install/ad_msgs/share/ad_msgs/package.dsv\n'}
[0.362041] (ad_msgs) StdoutLine: {'line': b'-- Up-to-date symlink: /home/joon/mission_hard/mission_hard/install/ad_msgs/share/ament_index/resource_index/packages/ad_msgs\n'}
[0.362333] (ad_msgs) StdoutLine: {'line': b'-- Up-to-date symlink: /home/joon/mission_hard/mission_hard/install/ad_msgs/share/ad_msgs/cmake/rosidl_cmake-extras.cmake\n'}
[0.362408] (ad_msgs) StdoutLine: {'line': b'-- Up-to-date symlink: /home/joon/mission_hard/mission_hard/install/ad_msgs/share/ad_msgs/cmake/ament_cmake_export_dependencies-extras.cmake\n'}
[0.362580] (ad_msgs) StdoutLine: {'line': b'-- Up-to-date symlink: /home/joon/mission_hard/mission_hard/install/ad_msgs/share/ad_msgs/cmake/ament_cmake_export_include_directories-extras.cmake\n'}
[0.362854] (ad_msgs) StdoutLine: {'line': b'-- Up-to-date symlink: /home/joon/mission_hard/mission_hard/install/ad_msgs/share/ad_msgs/cmake/ament_cmake_export_libraries-extras.cmake\n'}
[0.363011] (ad_msgs) StdoutLine: {'line': b'-- Up-to-date symlink: /home/joon/mission_hard/mission_hard/install/ad_msgs/share/ad_msgs/cmake/ament_cmake_export_targets-extras.cmake\n'}
[0.363048] (ad_msgs) StdoutLine: {'line': b'-- Up-to-date symlink: /home/joon/mission_hard/mission_hard/install/ad_msgs/share/ad_msgs/cmake/rosidl_cmake_export_typesupport_targets-extras.cmake\n'}
[0.363098] (ad_msgs) StdoutLine: {'line': b'-- Up-to-date symlink: /home/joon/mission_hard/mission_hard/install/ad_msgs/share/ad_msgs/cmake/rosidl_cmake_export_typesupport_libraries-extras.cmake\n'}
[0.363153] (ad_msgs) StdoutLine: {'line': b'-- Up-to-date symlink: /home/joon/mission_hard/mission_hard/install/ad_msgs/share/ad_msgs/cmake/ad_msgsConfig.cmake\n'}
[0.363211] (ad_msgs) StdoutLine: {'line': b'-- Up-to-date symlink: /home/joon/mission_hard/mission_hard/install/ad_msgs/share/ad_msgs/cmake/ad_msgsConfig-version.cmake\n'}
[0.363266] (ad_msgs) StdoutLine: {'line': b'-- Up-to-date symlink: /home/joon/mission_hard/mission_hard/install/ad_msgs/share/ad_msgs/package.xml\n'}
[0.363427] (ad_msgs) StdoutLine: {'line': b'-- Up-to-date: /home/joon/mission_hard/mission_hard/install/ad_msgs/lib/libad_msgs__rosidl_generator_c.so\n'}
[0.363625] (ad_msgs) StdoutLine: {'line': b'-- Up-to-date: /home/joon/mission_hard/mission_hard/install/ad_msgs/lib/libad_msgs__rosidl_typesupport_fastrtps_c.so\n'}
[0.363839] (ad_msgs) StdoutLine: {'line': b'-- Up-to-date: /home/joon/mission_hard/mission_hard/install/ad_msgs/lib/libad_msgs__rosidl_typesupport_introspection_c.so\n'}
[0.363914] (ad_msgs) StdoutLine: {'line': b'-- Up-to-date: /home/joon/mission_hard/mission_hard/install/ad_msgs/lib/libad_msgs__rosidl_typesupport_c.so\n'}
[0.364067] (ad_msgs) StdoutLine: {'line': b'-- Up-to-date: /home/joon/mission_hard/mission_hard/install/ad_msgs/lib/libad_msgs__rosidl_typesupport_fastrtps_cpp.so\n'}
[0.364109] (ad_msgs) StdoutLine: {'line': b'-- Up-to-date: /home/joon/mission_hard/mission_hard/install/ad_msgs/lib/libad_msgs__rosidl_typesupport_introspection_cpp.so\n'}
[0.364230] (ad_msgs) StdoutLine: {'line': b'-- Up-to-date: /home/joon/mission_hard/mission_hard/install/ad_msgs/lib/libad_msgs__rosidl_typesupport_cpp.so\n'}
[0.392772] (ad_msgs) StdoutLine: {'line': b"Listing '/home/joon/mission_hard/mission_hard/install/ad_msgs/local/lib/python3.10/dist-packages/ad_msgs'...\n"}
[0.393112] (ad_msgs) StdoutLine: {'line': b"Listing '/home/joon/mission_hard/mission_hard/install/ad_msgs/local/lib/python3.10/dist-packages/ad_msgs/msg'...\n"}
[0.397171] (ad_msgs) StdoutLine: {'line': b'-- Up-to-date: /home/joon/mission_hard/mission_hard/install/ad_msgs/lib/libad_msgs__rosidl_generator_py.so\n'}
[0.397541] (ad_msgs) StdoutLine: {'line': b'-- Up-to-date: /home/joon/mission_hard/mission_hard/install/ad_msgs/share/ad_msgs/cmake/export_ad_msgs__rosidl_generator_cExport.cmake\n'}
[0.397759] (ad_msgs) StdoutLine: {'line': b'-- Up-to-date: /home/joon/mission_hard/mission_hard/install/ad_msgs/share/ad_msgs/cmake/export_ad_msgs__rosidl_generator_cExport-noconfig.cmake\n'}
[0.397827] (ad_msgs) StdoutLine: {'line': b'-- Up-to-date: /home/joon/mission_hard/mission_hard/install/ad_msgs/share/ad_msgs/cmake/export_ad_msgs__rosidl_typesupport_fastrtps_cExport.cmake\n'}
[0.397975] (ad_msgs) StdoutLine: {'line': b'-- Up-to-date: /home/joon/mission_hard/mission_hard/install/ad_msgs/share/ad_msgs/cmake/export_ad_msgs__rosidl_typesupport_fastrtps_cExport-noconfig.cmake\n'}
[0.398036] (ad_msgs) StdoutLine: {'line': b'-- Up-to-date: /home/joon/mission_hard/mission_hard/install/ad_msgs/share/ad_msgs/cmake/ad_msgs__rosidl_typesupport_introspection_cExport.cmake\n'}
[0.398095] (ad_msgs) StdoutLine: {'line': b'-- Up-to-date: /home/joon/mission_hard/mission_hard/install/ad_msgs/share/ad_msgs/cmake/ad_msgs__rosidl_typesupport_introspection_cExport-noconfig.cmake\n'}
[0.398357] (ad_msgs) StdoutLine: {'line': b'-- Up-to-date: /home/joon/mission_hard/mission_hard/install/ad_msgs/share/ad_msgs/cmake/ad_msgs__rosidl_typesupport_cExport.cmake\n'}
[0.398490] (ad_msgs) StdoutLine: {'line': b'-- Up-to-date: /home/joon/mission_hard/mission_hard/install/ad_msgs/share/ad_msgs/cmake/ad_msgs__rosidl_typesupport_cExport-noconfig.cmake\n'}
[0.398662] (ad_msgs) StdoutLine: {'line': b'-- Up-to-date: /home/joon/mission_hard/mission_hard/install/ad_msgs/share/ad_msgs/cmake/export_ad_msgs__rosidl_generator_cppExport.cmake\n'}
[0.398736] (ad_msgs) StdoutLine: {'line': b'-- Up-to-date: /home/joon/mission_hard/mission_hard/install/ad_msgs/share/ad_msgs/cmake/export_ad_msgs__rosidl_typesupport_fastrtps_cppExport.cmake\n'}
[0.398801] (ad_msgs) StdoutLine: {'line': b'-- Up-to-date: /home/joon/mission_hard/mission_hard/install/ad_msgs/share/ad_msgs/cmake/export_ad_msgs__rosidl_typesupport_fastrtps_cppExport-noconfig.cmake\n'}
[0.398854] (ad_msgs) StdoutLine: {'line': b'-- Up-to-date: /home/joon/mission_hard/mission_hard/install/ad_msgs/share/ad_msgs/cmake/ad_msgs__rosidl_typesupport_introspection_cppExport.cmake\n'}
[0.398912] (ad_msgs) StdoutLine: {'line': b'-- Up-to-date: /home/joon/mission_hard/mission_hard/install/ad_msgs/share/ad_msgs/cmake/ad_msgs__rosidl_typesupport_introspection_cppExport-noconfig.cmake\n'}
[0.398972] (ad_msgs) StdoutLine: {'line': b'-- Up-to-date: /home/joon/mission_hard/mission_hard/install/ad_msgs/share/ad_msgs/cmake/ad_msgs__rosidl_typesupport_cppExport.cmake\n'}
[0.399034] (ad_msgs) StdoutLine: {'line': b'-- Up-to-date: /home/joon/mission_hard/mission_hard/install/ad_msgs/share/ad_msgs/cmake/ad_msgs__rosidl_typesupport_cppExport-noconfig.cmake\n'}
[0.399088] (ad_msgs) StdoutLine: {'line': b'-- Up-to-date: /home/joon/mission_hard/mission_hard/install/ad_msgs/share/ad_msgs/cmake/export_ad_msgs__rosidl_generator_pyExport.cmake\n'}
[0.399140] (ad_msgs) StdoutLine: {'line': b'-- Up-to-date: /home/joon/mission_hard/mission_hard/install/ad_msgs/share/ad_msgs/cmake/export_ad_msgs__rosidl_generator_pyExport-noconfig.cmake\n'}
[0.399898] (-) TimerEvent: {}
[0.402020] (ad_msgs) CommandEnded: {'returncode': 0}
[0.426195] (ad_msgs) JobEnded: {'identifier': 'ad_msgs', 'rc': 0}
[0.427743] (autonomous_driving) JobStarted: {'identifier': 'autonomous_driving'}
[0.432038] (evaluation) JobStarted: {'identifier': 'evaluation'}
[0.438088] (mission_manager) JobStarted: {'identifier': 'mission_manager'}
[0.442993] (simulator) JobStarted: {'identifier': 'simulator'}
[0.491736] (autonomous_driving) JobProgress: {'identifier': 'autonomous_driving', 'progress': 'cmake'}
[0.492940] (autonomous_driving) JobProgress: {'identifier': 'autonomous_driving', 'progress': 'build'}
[0.494256] (autonomous_driving) Command: {'cmd': ['/usr/bin/cmake', '--build', '/home/joon/mission_hard/mission_hard/build/autonomous_driving', '--', '-j16', '-l16'], 'cwd': '/home/joon/mission_hard/mission_hard/build/autonomous_driving', 'env': OrderedDict([('PYTHON_BASIC_REPL', '1'), ('LESSOPEN', '| /usr/bin/lesspipe %s'), ('USER', 'joon'), ('GIT_ASKPASS', '/home/joon/.vscode-server/bin/bf9252a2fb45be6893dd8870c0bf37e2e1766d61/extensions/git/dist/askpass.sh'), ('SHLVL', '1'), ('LD_LIBRARY_PATH', '/home/joon/mission_hard/mission_hard/install/ad_msgs/lib:/home/joon/automotive_software_final/install/ad_msgs/lib:/usr/lib/x86_64-linux-gnu/gazebo-11/plugins:/opt/ros/humble/opt/rviz_ogre_vendor/lib:/opt/ros/humble/lib/x86_64-linux-gnu:/opt/ros/humble/lib'), ('MOTD_SHOWN', 'update-motd'), ('HOME', '/home/joon'), ('OLDPWD', '/home/joon/mission_hard'), ('TERM_PROGRAM_VERSION', '1.106.3'), ('VSCODE_IPC_HOOK_CLI', '/run/user/1000/vscode-ipc-720ca6f3-2537-4b04-b3dc-21832d244e7e.sock'), ('ROS_PYTHON_VERSION', '3'), ('VSCODE_GIT_ASKPASS_MAIN', '/home/joon/.vscode-server/bin/bf9252a2fb45be6893dd8870c0bf37e2e1766d61/extensions/git/dist/askpass-main.js'), ('VSCODE_GIT_ASKPASS_NODE', '/home/joon/.vscode-server/bin/bf9252a2fb45be6893dd8870c0bf37e2e1766d61/node'), ('PYDEVD_DISABLE_FILE_VALIDATION', '1'), ('BUNDLED_DEBUGPY_PATH', '/home/joon/.vscode-server/extensions/ms-python.debugpy-2025.16.0-linux-x64/bundled/libs/debugpy'), ('VSCODE_PYTHON_AUTOACTIVATE_GUARD', '1'), ('DBUS_SESSION_BUS_ADDRESS', 'unix:path=/run/user/1000/bus'), ('COLORTERM', 'truecolor'), ('WSL_DISTRO_NAME', 'Ubuntu-22.04'), ('WAYLAND_DISPLAY', 'wayland-0'), ('COLCON_PREFIX_PATH', '/home/joon/mission_hard/mission_hard/install:/home/joon/automotive_software_final/install'), ('ROS_DISTRO', 'humble'), ('LOGNAME', 'joon'), ('NAME', 'Joon'), ('WSL_INTEROP', '/run/WSL/523_interop'), ('PULSE_SERVER', 'unix:/mnt/wslg/PulseServer'), ('_', '/usr/bin/colcon'), ('ROS_VERSION', '2'), ('CLAUDE_CODE_SSE_PORT', '20257'), ('TERM', 'xterm-256color'), ('ROS_LOCALHOST_ONLY', '0'), ('PATH', '/opt/ros/humble/bin:/usr/bin:/usr/bin:/home/joon/.vscode-server/data/User/globalStorage/github.copilot-chat/debugCommand:/home/joon/.vscode-server/data/User/globalStorage/github.copilot-chat/copilotCli:/home/joon/.vscode-server/bin/bf9252a2fb45be6893dd8870c0bf37e2e1766d61/bin/remote-cli:/home/joon/.local/bin:/usr/bin:/usr/bin:/usr/local/sbin:/usr/local/bin:/usr/sbin:/usr/bin:/sbin:/bin:/usr/games:/usr/local/games:/usr/lib/wsl/lib:/mnt/c/WINDOWS/system32:/mnt/c/WINDOWS:/mnt/c/WINDOWS/System32/Wbem:/mnt/c/WINDOWS/System32/WindowsPowerShell/v1.0/:/mnt/c/WINDOWS/System32/OpenSSH/:/mnt/c/Program Files/MATLAB/R2024b/bin:/mnt/c/Program Files/nodejs/:/mnt/c/Program Files/Git/cmd:/mnt/c/Users/ksyj0/AppData/Local/Programs/Python/Python312/Scripts/:/mnt/c/Users/ksyj0/AppData/Local/Programs/Python/Python312/:/mnt/c/Users/ksyj0/AppData/Local/Programs/Python/Launcher/:/mnt/c/Users/ksyj0/AppData/Local/Microsoft/WindowsApps:/mnt/c/Users/ksyj0/AppData/Local/Programs/Microsoft VS Code/bin:/mnt/c/Users/ksyj0/AppData/Roaming/npm:/mnt/c/Users/ksyj0/AppData/Local/SOOP:/mnt/c/Users/ksyj0/AppData/Local/Programs/Kiro/bin:/snap/bin:/home/joon/.vscode-server/extensions/ms-python.debugpy-2025.16.0-linux-x64/bundled/scripts/noConfigScripts'), ('XDG_RUNTIME_DIR', '/run/user/1000/'), ('DISPLAY', ':0'), ('VSCODE_DEBUGPY_ADAPTER_ENDPOINTS', '/home/joon/.vscode-server/extensions/ms-python.debugpy-2025.16.0-linux-x64/.noConfigDebugAdapterEndpoints/endpoint-5f6b0efddf9f6982.txt'), ('LANG', 'en_US.UTF-8'), ('PYTHONSTARTUP', '/home/joon/.vscode-server/data/User/workspaceStorage/6032d0949a26c1de4974618490f207f6-1/ms-python.python/pythonrc.py'), ('LS_COLORS', 'rs=0:di=01;34:ln=01;36:mh=00:pi=40;33:so=01;35:do=01;35:bd=40;33;01:cd=40;33;01:or=40;31;01:mi=00:su=37;41:sg=30;43:ca=30;41:tw=30;42:ow=34;42:st=37;44:ex=01;32:*.tar=01;31:*.tgz=01;31:*.arc=01;31:*.arj=01;31:*.taz=01;31:*.lha=01;31:*.lz4=01;31:*.lzh=01;31:*.lzma=01;31:*.tlz=01;31:*.txz=01;31:*.tzo=01;31:*.t7z=01;31:*.zip=01;31:*.z=01;31:*.dz=01;31:*.gz=01;31:*.lrz=01;31:*.lz=01;31:*.lzo=01;31:*.xz=01;31:*.zst=01;31:*.tzst=01;31:*.bz2=01;31:*.bz=01;31:*.tbz=01;31:*.tbz2=01;31:*.tz=01;31:*.deb=01;31:*.rpm=01;31:*.jar=01;31:*.war=01;31:*.ear=01;31:*.sar=01;31:*.rar=01;31:*.alz=01;31:*.ace=01;31:*.zoo=01;31:*.cpio=01;31:*.7z=01;31:*.rz=01;31:*.cab=01;31:*.wim=01;31:*.swm=01;31:*.dwm=01;31:*.esd=01;31:*.jpg=01;35:*.jpeg=01;35:*.mjpg=01;35:*.mjpeg=01;35:*.gif=01;35:*.bmp=01;35:*.pbm=01;35:*.pgm=01;35:*.ppm=01;35:*.tga=01;35:*.xbm=01;35:*.xpm=01;35:*.tif=01;35:*.tiff=01;35:*.png=01;35:*.svg=01;35:*.svgz=01;35:*.mng=01;35:*.pcx=01;35:*.mov=01;35:*.mpg=01;35:*.mpeg=01;35:*.m2v=01;35:*.mkv=01;35:*.webm=01;35:*.webp=01;35:*.ogm=01;35:*.mp4=01;35:*.m4v=01;35:*.mp4v=01;35:*.vob=01;35:*.qt=01;35:*.nuv=01;35:*.wmv=01;35:*.asf=01;35:*.rm=01;35:*.rmvb=01;35:*.flc=01;35:*.avi=01;35:*.fli=01;35:*.flv=01;35:*.gl=01;35:*.dl=01;35:*.xcf=01;35:*.xwd=01;35:*.yuv=01;35:*.cgm=01;35:*.emf=01;35:*.ogv=01;35:*.ogx=01;35:*.aac=00;36:*.au=00;36:*.flac=00;36:*.m4a=00;36:*.mid=00;36:*.midi=00;36:*.mka=00;36:*.mp3=00;36:*.mpc=00;36:*.ogg=00;36:*.ra=00;36:*.wav=00;36:*.oga=00;36:*.opus=00;36:*.spx=00;36:*.xspf=00;36:'), ('VSCODE_GIT_IPC_HANDLE', '/run/user/1000/vscode-git-167d3a068c.sock'), ('TERM_PROGRAM', 'vscode'), ('AMENT_PREFIX_PATH', '/home/joon/mission_hard/mission_hard/install/simulator:/home/joon/mission_hard/mission_hard/install/mission_manager:/home/joon/mission_hard/mission_hard/install/evaluation:/home/joon/mission_hard/mission_hard/install/autonomous_driving:/home/joon/mission_hard/mission_hard/install/ad_msgs:/home/joon/automotive_software_final/install/simulator:/home/joon/automotive_software_final/install/mission_manager:/home/joon/automotive_software_final/install/evaluation:/home/joon/automotive_software_final/install/autonomous_driving:/home/joon/automotive_software_final/install/ad_msgs:/opt/ros/humble'), ('SHELL', '/bin/bash'), ('LESSCLOSE', '/usr/bin/lesspipe %s %s'), ('VSCODE_GIT_ASKPASS_EXTRA_ARGS', ''), ('PWD', '/home/joon/mission_hard/mission_hard/build/autonomous_driving'), ('ENABLE_IDE_INTEGRATION', 'true'), ('XDG_DATA_DIRS', '/usr/local/share:/usr/share:/var/lib/snapd/desktop'), ('PYTHONPATH', '/home/joon/mission_hard/mission_hard/install/ad_msgs/local/lib/python3.10/dist-packages:/home/joon/automotive_software_final/install/ad_msgs/local/lib/python3.10/dist-packages:/opt/ros/humble/lib/python3.10/site-packages:/opt/ros/humble/local/lib/python3.10/dist-packages'), ('COLCON', '1'), ('WSL2_GUI_APPS_ENABLED', '1'), ('HOSTTYPE', 'x86_64'), ('CMAKE_PREFIX_PATH', '/home/joon/mission_hard/mission_hard/install/ad_msgs:/home/joon/mission_hard/mission_hard/install/simulator:/home/joon/mission_hard/mission_hard/install/mission_manager:/home/joon/mission_hard/mission_hard/install/evaluation:/home/joon/mission_hard/mission_hard/install/autonomous_driving:/home/joon/automotive_software_final/install/simulator:/home/joon/automotive_software_final/install/mission_manager:/home/joon/automotive_software_final/install/evaluation:/home/joon/automotive_software_final/install/autonomous_driving:/home/joon/automotive_software_final/install/ad_msgs:/opt/ros/humble'), ('WSLENV', 'VSCODE_WSL_EXT_LOCATION/up')]), 'shell': False}
[0.498954] (evaluation) JobProgress: {'identifier': 'evaluation', 'progress': 'cmake'}
[0.499908] (evaluation) JobProgress: {'identifier': 'evaluation', 'progress': 'build'}
[0.500035] (-) TimerEvent: {}
[0.500570] (evaluation) Command: {'cmd': ['/usr/bin/cmake', '--build', '/home/joon/mission_hard/mission_hard/build/evaluation', '--', '-j16', '-l16'], 'cwd': '/home/joon/mission_hard/mission_hard/build/evaluation', 'env': OrderedDict([('PYTHON_BASIC_REPL', '1'), ('LESSOPEN', '| /usr/bin/lesspipe %s'), ('USER', 'joon'), ('GIT_ASKPASS', '/home/joon/.vscode-server/bin/bf9252a2fb45be6893dd8870c0bf37e2e1766d61/extensions/git/dist/askpass.sh'), ('SHLVL', '1'), ('LD_LIBRARY_PATH', '/home/joon/mission_hard/mission_hard/install/ad_msgs/lib:/home/joon/automotive_software_final/install/ad_msgs/lib:/usr/lib/x86_64-linux-gnu/gazebo-11/plugins:/opt/ros/humble/opt/rviz_ogre_vendor/lib:/opt/ros/humble/lib/x86_64-linux-gnu:/opt/ros/humble/lib'), ('MOTD_SHOWN', 'update-motd'), ('HOME', '/home/joon'), ('OLDPWD', '/home/joon/mission_hard'), ('TERM_PROGRAM_VERSION', '1.106.3'), ('VSCODE_IPC_HOOK_CLI', '/run/user/1000/vscode-ipc-720ca6f3-2537-4b04-b3dc-21832d244e7e.sock'), ('ROS_PYTHON_VERSION', '3'), ('VSCODE_GIT_ASKPASS_MAIN', '/home/joon/.vscode-server/bin/bf9252a2fb45be6893dd8870c0bf37e2e1766d61/extensions/git/dist/askpass-main.js'), ('VSCODE_GIT_ASKPASS_NODE', '/home/joon/.vscode-server/bin/bf9252a2fb45be6893dd8870c0bf37e2e1766d61/node'), ('PYDEVD_DISABLE_FILE_VALIDATION', '1'), ('BUNDLED_DEBUGPY_PATH', '/home/joon/.vscode-server/extensions/ms-python.debugpy-2025.16.0-linux-x64/bundled/libs/debugpy'), ('VSCODE_PYTHON_AUTOACTIVATE_GUARD', '1'), ('DBUS_SESSION_BUS_ADDRESS', 'unix:path=/run/user/1000/bus'), ('COLORTERM', 'truecolor'), ('WSL_DISTRO_NAME', 'Ubuntu-22.04'), ('WAYLAND_DISPLAY', 'wayland-0'), ('COLCON_PREFIX_PATH', '/home/joon/mission_hard/mission_hard/install:/home/joon/automotive_software_final/install'), ('ROS_DISTRO', 'humble'), ('LOGNAME', 'joon'), ('NAME', 'Joon'), ('WSL_INTEROP', '/run/WSL/523_interop'), ('PULSE_SERVER', 'unix:/mnt/wslg/PulseServer'), ('_', '/usr/bin/colcon'), ('ROS_VERSION', '2'), ('CLAUDE_CODE_SSE_PORT', '20257'), ('TERM', 'xterm-256color'), ('ROS_LOCALHOST_ONLY', '0'), ('PATH', '/opt/ros/humble/bin:/usr/bin:/usr/bin:/home/joon/.vscode-server/data/User/globalStorage/github.copilot-chat/debugCommand:/home/joon/.vscode-server/data/User/globalStorage/github.copilot-chat/copilotCli:/home/joon/.vscode-server/bin/bf9252a2fb45be6893dd8870c0bf37e2e1766d61/bin/remote-cli:/home/joon/.local/bin:/usr/bin:/usr/bin:/usr/local/sbin:/usr/local/bin:/usr/sbin:/usr/bin:/sbin:/bin:/usr/games:/usr/local/games:/usr/lib/wsl/lib:/mnt/c/WINDOWS/system32:/mnt/c/WINDOWS:/mnt/c/WINDOWS/System32/Wbem:/mnt/c/WINDOWS/System32/WindowsPowerShell/v1.0/:/mnt/c/WINDOWS/System32/OpenSSH/:/mnt/c/Program Files/MATLAB/R2024b/bin:/mnt/c/Program Files/nodejs/:/mnt/c/Program Files/Git/cmd:/mnt/c/Users/ksyj0/AppData/Local/Programs/Python/Python312/Scripts/:/mnt/c/Users/ksyj0/AppData/Local/Programs/Python/Python312/:/mnt/c/Users/ksyj0/AppData/Local/Programs/Python/Launcher/:/mnt/c/Users/ksyj0/AppData/Local/Microsoft/WindowsApps:/mnt/c/Users/ksyj0/AppData/Local/Programs/Microsoft VS Code/bin:/mnt/c/Users/ksyj0/AppData/Roaming/npm:/mnt/c/Users/ksyj0/AppData/Local/SOOP:/mnt/c/Users/ksyj0/AppData/Local/Programs/Kiro/bin:/snap/bin:/home/joon/.vscode-server/extensions/ms-python.debugpy-2025.16.0-linux-x64/bundled/scripts/noConfigScripts'), ('XDG_RUNTIME_DIR', '/run/user/1000/'), ('DISPLAY', ':0'), ('VSCODE_DEBUGPY_ADAPTER_ENDPOINTS', '/home/joon/.vscode-server/extensions/ms-python.debugpy-2025.16.0-linux-x64/.noConfigDebugAdapterEndpoints/endpoint-5f6b0efddf9f6982.txt'), ('LANG', 'en_US.UTF-8'), ('PYTHONSTARTUP', '/home/joon/.vscode-server/data/User/workspaceStorage/6032d0949a26c1de4974618490f207f6-1/ms-python.python/pythonrc.py'), ('LS_COLORS', 'rs=0:di=01;34:ln=01;36:mh=00:pi=40;33:so=01;35:do=01;35:bd=40;33;01:cd=40;33;01:or=40;31;01:mi=00:su=37;41:sg=30;43:ca=30;41:tw=30;42:ow=34;42:st=37;44:ex=01;32:*.tar=01;31:*.tgz=01;31:*.arc=01;31:*.arj=01;31:*.taz=01;31:*.lha=01;31:*.lz4=01;31:*.lzh=01;31:*.lzma=01;31:*.tlz=01;31:*.txz=01;31:*.tzo=01;31:*.t7z=01;31:*.zip=01;31:*.z=01;31:*.dz=01;31:*.gz=01;31:*.lrz=01;31:*.lz=01;31:*.lzo=01;31:*.xz=01;31:*.zst=01;31:*.tzst=01;31:*.bz2=01;31:*.bz=01;31:*.tbz=01;31:*.tbz2=01;31:*.tz=01;31:*.deb=01;31:*.rpm=01;31:*.jar=01;31:*.war=01;31:*.ear=01;31:*.sar=01;31:*.rar=01;31:*.alz=01;31:*.ace=01;31:*.zoo=01;31:*.cpio=01;31:*.7z=01;31:*.rz=01;31:*.cab=01;31:*.wim=01;31:*.swm=01;31:*.dwm=01;31:*.esd=01;31:*.jpg=01;35:*.jpeg=01;35:*.mjpg=01;35:*.mjpeg=01;35:*.gif=01;35:*.bmp=01;35:*.pbm=01;35:*.pgm=01;35:*.ppm=01;35:*.tga=01;35:*.xbm=01;35:*.xpm=01;35:*.tif=01;35:*.tiff=01;35:*.png=01;35:*.svg=01;35:*.svgz=01;35:*.mng=01;35:*.pcx=01;35:*.mov=01;35:*.mpg=01;35:*.mpeg=01;35:*.m2v=01;35:*.mkv=01;35:*.webm=01;35:*.webp=01;35:*.ogm=01;35:*.mp4=01;35:*.m4v=01;35:*.mp4v=01;35:*.vob=01;35:*.qt=01;35:*.nuv=01;35:*.wmv=01;35:*.asf=01;35:*.rm=01;35:*.rmvb=01;35:*.flc=01;35:*.avi=01;35:*.fli=01;35:*.flv=01;35:*.gl=01;35:*.dl=01;35:*.xcf=01;35:*.xwd=01;35:*.yuv=01;35:*.cgm=01;35:*.emf=01;35:*.ogv=01;35:*.ogx=01;35:*.aac=00;36:*.au=00;36:*.flac=00;36:*.m4a=00;36:*.mid=00;36:*.midi=00;36:*.mka=00;36:*.mp3=00;36:*.mpc=00;36:*.ogg=00;36:*.ra=00;36:*.wav=00;36:*.oga=00;36:*.opus=00;36:*.spx=00;36:*.xspf=00;36:'), ('VSCODE_GIT_IPC_HANDLE', '/run/user/1000/vscode-git-167d3a068c.sock'), ('TERM_PROGRAM', 'vscode'), ('AMENT_PREFIX_PATH', '/home/joon/mission_hard/mission_hard/install/simulator:/home/joon/mission_hard/mission_hard/install/mission_manager:/home/joon/mission_hard/mission_hard/install/evaluation:/home/joon/mission_hard/mission_hard/install/autonomous_driving:/home/joon/mission_hard/mission_hard/install/ad_msgs:/home/joon/automotive_software_final/install/simulator:/home/joon/automotive_software_final/install/mission_manager:/home/joon/automotive_software_final/install/evaluation:/home/joon/automotive_software_final/install/autonomous_driving:/home/joon/automotive_software_final/install/ad_msgs:/opt/ros/humble'), ('SHELL', '/bin/bash'), ('LESSCLOSE', '/usr/bin/lesspipe %s %s'), ('VSCODE_GIT_ASKPASS_EXTRA_ARGS', ''), ('PWD', '/home/joon/mission_hard/mission_hard/build/evaluation'), ('ENABLE_IDE_INTEGRATION', 'true'), ('XDG_DATA_DIRS', '/usr/local/share:/usr/share:/var/lib/snapd/desktop'), ('PYTHONPATH', '/home/joon/mission_hard/mission_hard/install/ad_msgs/local/lib/python3.10/dist-packages:/home/joon/automotive_software_final/install/ad_msgs/local/lib/python3.10/dist-packages:/opt/ros/humble/lib/python3.10/site-packages:/opt/ros/humble/local/lib/python3.10/dist-packages'), ('COLCON', '1'), ('WSL2_GUI_APPS_ENABLED', '1'), ('HOSTTYPE', 'x86_64'), ('CMAKE_PREFIX_PATH', '/home/joon/mission_hard/mission_hard/install/ad_msgs:/home/joon/mission_hard/mission_hard/install/simulator:/home/joon/mission_hard/mission_hard/install/mission_manager:/home/joon/mission_hard/mission_hard/install/evaluation:/home/joon/mission_hard/mission_hard/install/autonomous_driving:/home/joon/automotive_software_final/install/simulator:/home/joon/automotive_software_final/install/mission_manager:/home/joon/automotive_software_final/install/evaluation:/home/joon/automotive_software_final/install/autonomous_driving:/home/joon/automotive_software_final/install/ad_msgs:/opt/ros/humble'), ('WSLENV', 'VSCODE_WSL_EXT_LOCATION/up')]), 'shell': False}
[0.508379] (simulator) JobProgress: {'identifier': 'simulator', 'progress': 'cmake'}
[0.509113] (simulator) JobProgress: {'identifier': 'simulator', 'progress': 'build'}
[0.511447] (simulator) Command: {'cmd': ['/usr/bin/cmake', '--build', '/home/joon/mission_hard/mission_hard/build/simulator', '--', '-j16', '-l16'], 'cwd': '/home/joon/mission_hard/mission_hard/build/simulator', 'env': OrderedDict([('PYTHON_BASIC_REPL', '1'), ('LESSOPEN', '| /usr/bin/lesspipe %s'), ('USER', 'joon'), ('GIT_ASKPASS', '/home/joon/.vscode-server/bin/bf9252a2fb45be6893dd8870c0bf37e2e1766d61/extensions/git/dist/askpass.sh'), ('SHLVL', '1'), ('LD_LIBRARY_PATH', '/home/joon/mission_hard/mission_hard/install/ad_msgs/lib:/home/joon/automotive_software_final/install/ad_msgs/lib:/usr/lib/x86_64-linux-gnu/gazebo-11/plugins:/opt/ros/humble/opt/rviz_ogre_vendor/lib:/opt/ros/humble/lib/x86_64-linux-gnu:/opt/ros/humble/lib'), ('MOTD_SHOWN', 'update-motd'), ('HOME', '/home/joon'), ('OLDPWD', '/home/joon/mission_hard'), ('TERM_PROGRAM_VERSION', '1.106.3'), ('VSCODE_IPC_HOOK_CLI', '/run/user/1000/vscode-ipc-720ca6f3-2537-4b04-b3dc-21832d244e7e.sock'), ('ROS_PYTHON_VERSION', '3'), ('VSCODE_GIT_ASKPASS_MAIN', '/home/joon/.vscode-server/bin/bf9252a2fb45be6893dd8870c0bf37e2e1766d61/extensions/git/dist/askpass-main.js'), ('VSCODE_GIT_ASKPASS_NODE', '/home/joon/.vscode-server/bin/bf9252a2fb45be6893dd8870c0bf37e2e1766d61/node'), ('PYDEVD_DISABLE_FILE_VALIDATION', '1'), ('BUNDLED_DEBUGPY_PATH', '/home/joon/.vscode-server/extensions/ms-python.debugpy-2025.16.0-linux-x64/bundled/libs/debugpy'), ('VSCODE_PYTHON_AUTOACTIVATE_GUARD', '1'), ('DBUS_SESSION_BUS_ADDRESS', 'unix:path=/run/user/1000/bus'), ('COLORTERM', 'truecolor'), ('WSL_DISTRO_NAME', 'Ubuntu-22.04'), ('WAYLAND_DISPLAY', 'wayland-0'), ('COLCON_PREFIX_PATH', '/home/joon/mission_hard/mission_hard/install:/home/joon/automotive_software_final/install'), ('ROS_DISTRO', 'humble'), ('LOGNAME', 'joon'), ('NAME', 'Joon'), ('WSL_INTEROP', '/run/WSL/523_interop'), ('PULSE_SERVER', 'unix:/mnt/wslg/PulseServer'), ('_', '/usr/bin/colcon'), ('ROS_VERSION', '2'), ('CLAUDE_CODE_SSE_PORT', '20257'), ('TERM', 'xterm-256color'), ('ROS_LOCALHOST_ONLY', '0'), ('PATH', '/opt/ros/humble/bin:/usr/bin:/usr/bin:/home/joon/.vscode-server/data/User/globalStorage/github.copilot-chat/debugCommand:/home/joon/.vscode-server/data/User/globalStorage/github.copilot-chat/copilotCli:/home/joon/.vscode-server/bin/bf9252a2fb45be6893dd8870c0bf37e2e1766d61/bin/remote-cli:/home/joon/.local/bin:/usr/bin:/usr/bin:/usr/local/sbin:/usr/local/bin:/usr/sbin:/usr/bin:/sbin:/bin:/usr/games:/usr/local/games:/usr/lib/wsl/lib:/mnt/c/WINDOWS/system32:/mnt/c/WINDOWS:/mnt/c/WINDOWS/System32/Wbem:/mnt/c/WINDOWS/System32/WindowsPowerShell/v1.0/:/mnt/c/WINDOWS/System32/OpenSSH/:/mnt/c/Program Files/MATLAB/R2024b/bin:/mnt/c/Program Files/nodejs/:/mnt/c/Program Files/Git/cmd:/mnt/c/Users/ksyj0/AppData/Local/Programs/Python/Python312/Scripts/:/mnt/c/Users/ksyj0/AppData/Local/Programs/Python/Python312/:/mnt/c/Users/ksyj0/AppData/Local/Programs/Python/Launcher/:/mnt/c/Users/ksyj0/AppData/Local/Microsoft/WindowsApps:/mnt/c/Users/ksyj0/AppData/Local/Programs/Microsoft VS Code/bin:/mnt/c/Users/ksyj0/AppData/Roaming/npm:/mnt/c/Users/ksyj0/AppData/Local/SOOP:/mnt/c/Users/ksyj0/AppData/Local/Programs/Kiro/bin:/snap/bin:/home/joon/.vscode-server/extensions/ms-python.debugpy-2025.16.0-linux-x64/bundled/scripts/noConfigScripts'), ('XDG_RUNTIME_DIR', '/run/user/1000/'), ('DISPLAY', ':0'), ('VSCODE_DEBUGPY_ADAPTER_ENDPOINTS', '/home/joon/.vscode-server/extensions/ms-python.debugpy-2025.16.0-linux-x64/.noConfigDebugAdapterEndpoints/endpoint-5f6b0efddf9f6982.txt'), ('LANG', 'en_US.UTF-8'), ('PYTHONSTARTUP', '/home/joon/.vscode-server/data/User/workspaceStorage/6032d0949a26c1de4974618490f207f6-1/ms-python.python/pythonrc.py'), ('LS_COLORS', 'rs=0:di=01;34:ln=01;36:mh=00:pi=40;33:so=01;35:do=01;35:bd=40;33;01:cd=40;33;01:or=40;31;01:mi=00:su=37;41:sg=30;43:ca=30;41:tw=30;42:ow=34;42:st=37;44:ex=01;32:*.tar=01;31:*.tgz=01;31:*.arc=01;31:*.arj=01;31:*.taz=01;31:*.lha=01;31:*.lz4=01;31:*.lzh=01;31:*.lzma=01;31:*.tlz=01;31:*.txz=01;31:*.tzo=01;31:*.t7z=01;31:*.zip=01;31:*.z=01;31:*.dz=01;31:*.gz=01;31:*.lrz=01;31:*.lz=01;31:*.lzo=01;31:*.xz=01;31:*.zst=01;31:*.tzst=01;31:*.bz2=01;31:*.bz=01;31:*.tbz=01;31:*.tbz2=01;31:*.tz=01;31:*.deb=01;31:*.rpm=01;31:*.jar=01;31:*.war=01;31:*.ear=01;31:*.sar=01;31:*.rar=01;31:*.alz=01;31:*.ace=01;31:*.zoo=01;31:*.cpio=01;31:*.7z=01;31:*.rz=01;31:*.cab=01;31:*.wim=01;31:*.swm=01;31:*.dwm=01;31:*.esd=01;31:*.jpg=01;35:*.jpeg=01;35:*.mjpg=01;35:*.mjpeg=01;35:*.gif=01;35:*.bmp=01;35:*.pbm=01;35:*.pgm=01;35:*.ppm=01;35:*.tga=01;35:*.xbm=01;35:*.xpm=01;35:*.tif=01;35:*.tiff=01;35:*.png=01;35:*.svg=01;35:*.svgz=01;35:*.mng=01;35:*.pcx=01;35:*.mov=01;35:*.mpg=01;35:*.mpeg=01;35:*.m2v=01;35:*.mkv=01;35:*.webm=01;35:*.webp=01;35:*.ogm=01;35:*.mp4=01;35:*.m4v=01;35:*.mp4v=01;35:*.vob=01;35:*.qt=01;35:*.nuv=01;35:*.wmv=01;35:*.asf=01;35:*.rm=01;35:*.rmvb=01;35:*.flc=01;35:*.avi=01;35:*.fli=01;35:*.flv=01;35:*.gl=01;35:*.dl=01;35:*.xcf=01;35:*.xwd=01;35:*.yuv=01;35:*.cgm=01;35:*.emf=01;35:*.ogv=01;35:*.ogx=01;35:*.aac=00;36:*.au=00;36:*.flac=00;36:*.m4a=00;36:*.mid=00;36:*.midi=00;36:*.mka=00;36:*.mp3=00;36:*.mpc=00;36:*.ogg=00;36:*.ra=00;36:*.wav=00;36:*.oga=00;36:*.opus=00;36:*.spx=00;36:*.xspf=00;36:'), ('VSCODE_GIT_IPC_HANDLE', '/run/user/1000/vscode-git-167d3a068c.sock'), ('TERM_PROGRAM', 'vscode'), ('AMENT_PREFIX_PATH', '/home/joon/mission_hard/mission_hard/install/simulator:/home/joon/mission_hard/mission_hard/install/mission_manager:/home/joon/mission_hard/mission_hard/install/evaluation:/home/joon/mission_hard/mission_hard/install/autonomous_driving:/home/joon/mission_hard/mission_hard/install/ad_msgs:/home/joon/automotive_software_final/install/simulator:/home/joon/automotive_software_final/install/mission_manager:/home/joon/automotive_software_final/install/evaluation:/home/joon/automotive_software_final/install/autonomous_driving:/home/joon/automotive_software_final/install/ad_msgs:/opt/ros/humble'), ('SHELL', '/bin/bash'), ('LESSCLOSE', '/usr/bin/lesspipe %s %s'), ('VSCODE_GIT_ASKPASS_EXTRA_ARGS', ''), ('PWD', '/home/joon/mission_hard/mission_hard/build/simulator'), ('ENABLE_IDE_INTEGRATION', 'true'), ('XDG_DATA_DIRS', '/usr/local/share:/usr/share:/var/lib/snapd/desktop'), ('PYTHONPATH', '/home/joon/mission_hard/mission_hard/install/ad_msgs/local/lib/python3.10/dist-packages:/home/joon/automotive_software_final/install/ad_msgs/local/lib/python3.10/dist-packages:/opt/ros/humble/lib/python3.10/site-packages:/opt/ros/humble/local/lib/python3.10/dist-packages'), ('COLCON', '1'), ('WSL2_GUI_APPS_ENABLED', '1'), ('HOSTTYPE', 'x86_64'), ('CMAKE_PREFIX_PATH', '/home/joon/mission_hard/mission_hard/install/ad_msgs:/home/joon/mission_hard/mission_hard/install/simulator:/home/joon/mission_hard/mission_hard/install/mission_manager:/home/joon/mission_hard/mission_hard/install/evaluation:/home/joon/mission_hard/mission_hard/install/autonomous_driving:/home/joon/automotive_software_final/install/simulator:/home/joon/automotive_software_final/install/mission_manager:/home/joon/automotive_software_final/install/evaluation:/home/joon/automotive_software_final/install/autonomous_driving:/home/joon/automotive_software_final/install/ad_msgs:/opt/ros/humble'), ('WSLENV', 'VSCODE_WSL_EXT_LOCATION/up')]), 'shell': False}
[0.516325] (mission_manager) JobProgress: {'identifier': 'mission_manager', 'progress': 'cmake'}
[0.517613] (mission_manager) JobProgress: {'identifier': 'mission_manager', 'progress': 'build'}
[0.519422] (mission_manager) Command: {'cmd': ['/usr/bin/cmake', '--build', '/home/joon/mission_hard/mission_hard/build/mission_manager', '--', '-j16', '-l16'], 'cwd': '/home/joon/mission_hard/mission_hard/build/mission_manager', 'env': OrderedDict([('PYTHON_BASIC_REPL', '1'), ('LESSOPEN', '| /usr/bin/lesspipe %s'), ('USER', 'joon'), ('GIT_ASKPASS', '/home/joon/.vscode-server/bin/bf9252a2fb45be6893dd8870c0bf37e2e1766d61/extensions/git/dist/askpass.sh'), ('SHLVL', '1'), ('LD_LIBRARY_PATH', '/home/joon/mission_hard/mission_hard/install/ad_msgs/lib:/home/joon/automotive_software_final/install/ad_msgs/lib:/usr/lib/x86_64-linux-gnu/gazebo-11/plugins:/opt/ros/humble/opt/rviz_ogre_vendor/lib:/opt/ros/humble/lib/x86_64-linux-gnu:/opt/ros/humble/lib'), ('MOTD_SHOWN', 'update-motd'), ('HOME', '/home/joon'), ('OLDPWD', '/home/joon/mission_hard'), ('TERM_PROGRAM_VERSION', '1.106.3'), ('VSCODE_IPC_HOOK_CLI', '/run/user/1000/vscode-ipc-720ca6f3-2537-4b04-b3dc-21832d244e7e.sock'), ('ROS_PYTHON_VERSION', '3'), ('VSCODE_GIT_ASKPASS_MAIN', '/home/joon/.vscode-server/bin/bf9252a2fb45be6893dd8870c0bf37e2e1766d61/extensions/git/dist/askpass-main.js'), ('VSCODE_GIT_ASKPASS_NODE', '/home/joon/.vscode-server/bin/bf9252a2fb45be6893dd8870c0bf37e2e1766d61/node'), ('PYDEVD_DISABLE_FILE_VALIDATION', '1'), ('BUNDLED_DEBUGPY_PATH', '/home/joon/.vscode-server/extensions/ms-python.debugpy-2025.16.0-linux-x64/bundled/libs/debugpy'), ('VSCODE_PYTHON_AUTOACTIVATE_GUARD', '1'), ('DBUS_SESSION_BUS_ADDRESS', 'unix:path=/run/user/1000/bus'), ('COLORTERM', 'truecolor'), ('WSL_DISTRO_NAME', 'Ubuntu-22.04'), ('WAYLAND_DISPLAY', 'wayland-0'), ('COLCON_PREFIX_PATH', '/home/joon/mission_hard/mission_hard/install:/home/joon/automotive_software_final/install'), ('ROS_DISTRO', 'humble'), ('LOGNAME', 'joon'), ('NAME', 'Joon'), ('WSL_INTEROP', '/run/WSL/523_interop'), ('PULSE_SERVER', 'unix:/mnt/wslg/PulseServer'), ('_', '/usr/bin/colcon'), ('ROS_VERSION', '2'), ('CLAUDE_CODE_SSE_PORT', '20257'), ('TERM', 'xterm-256color'), ('ROS_LOCALHOST_ONLY', '0'), ('PATH', '/opt/ros/humble/bin:/usr/bin:/usr/bin:/home/joon/.vscode-server/data/User/globalStorage/github.copilot-chat/debugCommand:/home/joon/.vscode-server/data/User/globalStorage/github.copilot-chat/copilotCli:/home/joon/.vscode-server/bin/bf9252a2fb45be6893dd8870c0bf37e2e1766d61/bin/remote-cli:/home/joon/.local/bin:/usr/bin:/usr/bin:/usr/local/sbin:/usr/local/bin:/usr/sbin:/usr/bin:/sbin:/bin:/usr/games:/usr/local/games:/usr/lib/wsl/lib:/mnt/c/WINDOWS/system32:/mnt/c/WINDOWS:/mnt/c/WINDOWS/System32/Wbem:/mnt/c/WINDOWS/System32/WindowsPowerShell/v1.0/:/mnt/c/WINDOWS/System32/OpenSSH/:/mnt/c/Program Files/MATLAB/R2024b/bin:/mnt/c/Program Files/nodejs/:/mnt/c/Program Files/Git/cmd:/mnt/c/Users/ksyj0/AppData/Local/Programs/Python/Python312/Scripts/:/mnt/c/Users/ksyj0/AppData/Local/Programs/Python/Python312/:/mnt/c/Users/ksyj0/AppData/Local/Programs/Python/Launcher/:/mnt/c/Users/ksyj0/AppData/Local/Microsoft/WindowsApps:/mnt/c/Users/ksyj0/AppData/Local/Programs/Microsoft VS Code/bin:/mnt/c/Users/ksyj0/AppData/Roaming/npm:/mnt/c/Users/ksyj0/AppData/Local/SOOP:/mnt/c/Users/ksyj0/AppData/Local/Programs/Kiro/bin:/snap/bin:/home/joon/.vscode-server/extensions/ms-python.debugpy-2025.16.0-linux-x64/bundled/scripts/noConfigScripts'), ('XDG_RUNTIME_DIR', '/run/user/1000/'), ('DISPLAY', ':0'), ('VSCODE_DEBUGPY_ADAPTER_ENDPOINTS', '/home/joon/.vscode-server/extensions/ms-python.debugpy-2025.16.0-linux-x64/.noConfigDebugAdapterEndpoints/endpoint-5f6b0efddf9f6982.txt'), ('LANG', 'en_US.UTF-8'), ('PYTHONSTARTUP', '/home/joon/.vscode-server/data/User/workspaceStorage/6032d0949a26c1de4974618490f207f6-1/ms-python.python/pythonrc.py'), ('LS_COLORS', 'rs=0:di=01;34:ln=01;36:mh=00:pi=40;33:so=01;35:do=01;35:bd=40;33;01:cd=40;33;01:or=40;31;01:mi=00:su=37;41:sg=30;43:ca=30;41:tw=30;42:ow=34;42:st=37;44:ex=01;32:*.tar=01;31:*.tgz=01;31:*.arc=01;31:*.arj=01;31:*.taz=01;31:*.lha=01;31:*.lz4=01;31:*.lzh=01;31:*.lzma=01;31:*.tlz=01;31:*.txz=01;31:*.tzo=01;31:*.t7z=01;31:*.zip=01;31:*.z=01;31:*.dz=01;31:*.gz=01;31:*.lrz=01;31:*.lz=01;31:*.lzo=01;31:*.xz=01;31:*.zst=01;31:*.tzst=01;31:*.bz2=01;31:*.bz=01;31:*.tbz=01;31:*.tbz2=01;31:*.tz=01;31:*.deb=01;31:*.rpm=01;31:*.jar=01;31:*.war=01;31:*.ear=01;31:*.sar=01;31:*.rar=01;31:*.alz=01;31:*.ace=01;31:*.zoo=01;31:*.cpio=01;31:*.7z=01;31:*.rz=01;31:*.cab=01;31:*.wim=01;31:*.swm=01;31:*.dwm=01;31:*.esd=01;31:*.jpg=01;35:*.jpeg=01;35:*.mjpg=01;35:*.mjpeg=01;35:*.gif=01;35:*.bmp=01;35:*.pbm=01;35:*.pgm=01;35:*.ppm=01;35:*.tga=01;35:*.xbm=01;35:*.xpm=01;35:*.tif=01;35:*.tiff=01;35:*.png=01;35:*.svg=01;35:*.svgz=01;35:*.mng=01;35:*.pcx=01;35:*.mov=01;35:*.mpg=01;35:*.mpeg=01;35:*.m2v=01;35:*.mkv=01;35:*.webm=01;35:*.webp=01;35:*.ogm=01;35:*.mp4=01;35:*.m4v=01;35:*.mp4v=01;35:*.vob=01;35:*.qt=01;35:*.nuv=01;35:*.wmv=01;35:*.asf=01;35:*.rm=01;35:*.rmvb=01;35:*.flc=01;35:*.avi=01;35:*.fli=01;35:*.flv=01;35:*.gl=01;35:*.dl=01;35:*.xcf=01;35:*.xwd=01;35:*.yuv=01;35:*.cgm=01;35:*.emf=01;35:*.ogv=01;35:*.ogx=01;35:*.aac=00;36:*.au=00;36:*.flac=00;36:*.m4a=00;36:*.mid=00;36:*.midi=00;36:*.mka=00;36:*.mp3=00;36:*.mpc=00;36:*.ogg=00;36:*.ra=00;36:*.wav=00;36:*.oga=00;36:*.opus=00;36:*.spx=00;36:*.xspf=00;36:'), ('VSCODE_GIT_IPC_HANDLE', '/run/user/1000/vscode-git-167d3a068c.sock'), ('TERM_PROGRAM', 'vscode'), ('AMENT_PREFIX_PATH', '/home/joon/mission_hard/mission_hard/install/simulator:/home/joon/mission_hard/mission_hard/install/mission_manager:/home/joon/mission_hard/mission_hard/install/evaluation:/home/joon/mission_hard/mission_hard/install/autonomous_driving:/home/joon/mission_hard/mission_hard/install/ad_msgs:/home/joon/automotive_software_final/install/simulator:/home/joon/automotive_software_final/install/mission_manager:/home/joon/automotive_software_final/install/evaluation:/home/joon/automotive_software_final/install/autonomous_driving:/home/joon/automotive_software_final/install/ad_msgs:/opt/ros/humble'), ('SHELL', '/bin/bash'), ('LESSCLOSE', '/usr/bin/lesspipe %s %s'), ('VSCODE_GIT_ASKPASS_EXTRA_ARGS', ''), ('PWD', '/home/joon/mission_hard/mission_hard/build/mission_manager'), ('ENABLE_IDE_INTEGRATION', 'true'), ('XDG_DATA_DIRS', '/usr/local/share:/usr/share:/var/lib/snapd/desktop'), ('PYTHONPATH', '/home/joon/mission_hard/mission_hard/install/ad_msgs/local/lib/python3.10/dist-packages:/home/joon/automotive_software_final/install/ad_msgs/local/lib/python3.10/dist-packages:/opt/ros/humble/lib/python3.10/site-packages:/opt/ros/humble/local/lib/python3.10/dist-packages'), ('COLCON', '1'), ('WSL2_GUI_APPS_ENABLED', '1'), ('HOSTTYPE', 'x86_64'), ('CMAKE_PREFIX_PATH', '/home/joon/mission_hard/mission_hard/install/ad_msgs:/home/joon/mission_hard/mission_hard/install/simulator:/home/joon/mission_hard/mission_hard/install/mission_manager:/home/joon/mission_hard/mission_hard/install/evaluation:/home/joon/mission_hard/mission_hard/install/autonomous_driving:/home/joon/automotive_software_final/install/simulator:/home/joon/automotive_software_final/install/mission_manager:/home/joon/automotive_software_final/install/evaluation:/home/joon/automotive_software_final/install/autonomous_driving:/home/joon/automotive_software_final/install/ad_msgs:/opt/ros/humble'), ('WSLENV', 'VSCODE_WSL_EXT_LOCATION/up')]), 'shell': False}
[0.533717] (autonomous_driving) StdoutLine: {'line': b'-- Found ament_cmake: 1.3.12 (/opt/ros/humble/share/ament_cmake/cmake)\n'}
[0.594584] (simulator) StdoutLine: {'line': b'[ 28%] Built target display\n'}
[0.596278] (simulator) StdoutLine: {'line': b'[ 57%] Built target vehicle\n'}
[0.598483] (evaluation) StdoutLine: {'line': b'[100%] Built target evaluation\n'}
[0.598810] (simulator) StdoutLine: {'line': b'[100%] Built target lane_detection\n'}
[0.600180] (-) TimerEvent: {}
[0.605523] (mission_manager) StdoutLine: {'line': b'[100%] Built target mission_manager\n'}
[0.609324] (simulator) CommandEnded: {'returncode': 0}
[0.610459] (simulator) JobProgress: {'identifier': 'simulator', 'progress': 'install'}
[0.611464] (simulator) Command: {'cmd': ['/usr/bin/cmake', '--install', '/home/joon/mission_hard/mission_hard/build/simulator'], 'cwd': '/home/joon/mission_hard/mission_hard/build/simulator', 'env': OrderedDict([('PYTHON_BASIC_REPL', '1'), ('LESSOPEN', '| /usr/bin/lesspipe %s'), ('USER', 'joon'), ('GIT_ASKPASS', '/home/joon/.vscode-server/bin/bf9252a2fb45be6893dd8870c0bf37e2e1766d61/extensions/git/dist/askpass.sh'), ('SHLVL', '1'), ('LD_LIBRARY_PATH', '/home/joon/mission_hard/mission_hard/install/ad_msgs/lib:/home/joon/automotive_software_final/install/ad_msgs/lib:/usr/lib/x86_64-linux-gnu/gazebo-11/plugins:/opt/ros/humble/opt/rviz_ogre_vendor/lib:/opt/ros/humble/lib/x86_64-linux-gnu:/opt/ros/humble/lib'), ('MOTD_SHOWN', 'update-motd'), ('HOME', '/home/joon'), ('OLDPWD', '/home/joon/mission_hard'), ('TERM_PROGRAM_VERSION', '1.106.3'), ('VSCODE_IPC_HOOK_CLI', '/run/user/1000/vscode-ipc-720ca6f3-2537-4b04-b3dc-21832d244e7e.sock'), ('ROS_PYTHON_VERSION', '3'), ('VSCODE_GIT_ASKPASS_MAIN', '/home/joon/.vscode-server/bin/bf9252a2fb45be6893dd8870c0bf37e2e1766d61/extensions/git/dist/askpass-main.js'), ('VSCODE_GIT_ASKPASS_NODE', '/home/joon/.vscode-server/bin/bf9252a2fb45be6893dd8870c0bf37e2e1766d61/node'), ('PYDEVD_DISABLE_FILE_VALIDATION', '1'), ('BUNDLED_DEBUGPY_PATH', '/home/joon/.vscode-server/extensions/ms-python.debugpy-2025.16.0-linux-x64/bundled/libs/debugpy'), ('VSCODE_PYTHON_AUTOACTIVATE_GUARD', '1'), ('DBUS_SESSION_BUS_ADDRESS', 'unix:path=/run/user/1000/bus'), ('COLORTERM', 'truecolor'), ('WSL_DISTRO_NAME', 'Ubuntu-22.04'), ('WAYLAND_DISPLAY', 'wayland-0'), ('COLCON_PREFIX_PATH', '/home/joon/mission_hard/mission_hard/install:/home/joon/automotive_software_final/install'), ('ROS_DISTRO', 'humble'), ('LOGNAME', 'joon'), ('NAME', 'Joon'), ('WSL_INTEROP', '/run/WSL/523_interop'), ('PULSE_SERVER', 'unix:/mnt/wslg/PulseServer'), ('_', '/usr/bin/colcon'), ('ROS_VERSION', '2'), ('CLAUDE_CODE_SSE_PORT', '20257'), ('TERM', 'xterm-256color'), ('ROS_LOCALHOST_ONLY', '0'), ('PATH', '/opt/ros/humble/bin:/usr/bin:/usr/bin:/home/joon/.vscode-server/data/User/globalStorage/github.copilot-chat/debugCommand:/home/joon/.vscode-server/data/User/globalStorage/github.copilot-chat/copilotCli:/home/joon/.vscode-server/bin/bf9252a2fb45be6893dd8870c0bf37e2e1766d61/bin/remote-cli:/home/joon/.local/bin:/usr/bin:/usr/bin:/usr/local/sbin:/usr/local/bin:/usr/sbin:/usr/bin:/sbin:/bin:/usr/games:/usr/local/games:/usr/lib/wsl/lib:/mnt/c/WINDOWS/system32:/mnt/c/WINDOWS:/mnt/c/WINDOWS/System32/Wbem:/mnt/c/WINDOWS/System32/WindowsPowerShell/v1.0/:/mnt/c/WINDOWS/System32/OpenSSH/:/mnt/c/Program Files/MATLAB/R2024b/bin:/mnt/c/Program Files/nodejs/:/mnt/c/Program Files/Git/cmd:/mnt/c/Users/ksyj0/AppData/Local/Programs/Python/Python312/Scripts/:/mnt/c/Users/ksyj0/AppData/Local/Programs/Python/Python312/:/mnt/c/Users/ksyj0/AppData/Local/Programs/Python/Launcher/:/mnt/c/Users/ksyj0/AppData/Local/Microsoft/WindowsApps:/mnt/c/Users/ksyj0/AppData/Local/Programs/Microsoft VS Code/bin:/mnt/c/Users/ksyj0/AppData/Roaming/npm:/mnt/c/Users/ksyj0/AppData/Local/SOOP:/mnt/c/Users/ksyj0/AppData/Local/Programs/Kiro/bin:/snap/bin:/home/joon/.vscode-server/extensions/ms-python.debugpy-2025.16.0-linux-x64/bundled/scripts/noConfigScripts'), ('XDG_RUNTIME_DIR', '/run/user/1000/'), ('DISPLAY', ':0'), ('VSCODE_DEBUGPY_ADAPTER_ENDPOINTS', '/home/joon/.vscode-server/extensions/ms-python.debugpy-2025.16.0-linux-x64/.noConfigDebugAdapterEndpoints/endpoint-5f6b0efddf9f6982.txt'), ('LANG', 'en_US.UTF-8'), ('PYTHONSTARTUP', '/home/joon/.vscode-server/data/User/workspaceStorage/6032d0949a26c1de4974618490f207f6-1/ms-python.python/pythonrc.py'), ('LS_COLORS', 'rs=0:di=01;34:ln=01;36:mh=00:pi=40;33:so=01;35:do=01;35:bd=40;33;01:cd=40;33;01:or=40;31;01:mi=00:su=37;41:sg=30;43:ca=30;41:tw=30;42:ow=34;42:st=37;44:ex=01;32:*.tar=01;31:*.tgz=01;31:*.arc=01;31:*.arj=01;31:*.taz=01;31:*.lha=01;31:*.lz4=01;31:*.lzh=01;31:*.lzma=01;31:*.tlz=01;31:*.txz=01;31:*.tzo=01;31:*.t7z=01;31:*.zip=01;31:*.z=01;31:*.dz=01;31:*.gz=01;31:*.lrz=01;31:*.lz=01;31:*.lzo=01;31:*.xz=01;31:*.zst=01;31:*.tzst=01;31:*.bz2=01;31:*.bz=01;31:*.tbz=01;31:*.tbz2=01;31:*.tz=01;31:*.deb=01;31:*.rpm=01;31:*.jar=01;31:*.war=01;31:*.ear=01;31:*.sar=01;31:*.rar=01;31:*.alz=01;31:*.ace=01;31:*.zoo=01;31:*.cpio=01;31:*.7z=01;31:*.rz=01;31:*.cab=01;31:*.wim=01;31:*.swm=01;31:*.dwm=01;31:*.esd=01;31:*.jpg=01;35:*.jpeg=01;35:*.mjpg=01;35:*.mjpeg=01;35:*.gif=01;35:*.bmp=01;35:*.pbm=01;35:*.pgm=01;35:*.ppm=01;35:*.tga=01;35:*.xbm=01;35:*.xpm=01;35:*.tif=01;35:*.tiff=01;35:*.png=01;35:*.svg=01;35:*.svgz=01;35:*.mng=01;35:*.pcx=01;35:*.mov=01;35:*.mpg=01;35:*.mpeg=01;35:*.m2v=01;35:*.mkv=01;35:*.webm=01;35:*.webp=01;35:*.ogm=01;35:*.mp4=01;35:*.m4v=01;35:*.mp4v=01;35:*.vob=01;35:*.qt=01;35:*.nuv=01;35:*.wmv=01;35:*.asf=01;35:*.rm=01;35:*.rmvb=01;35:*.flc=01;35:*.avi=01;35:*.fli=01;35:*.flv=01;35:*.gl=01;35:*.dl=01;35:*.xcf=01;35:*.xwd=01;35:*.yuv=01;35:*.cgm=01;35:*.emf=01;35:*.ogv=01;35:*.ogx=01;35:*.aac=00;36:*.au=00;36:*.flac=00;36:*.m4a=00;36:*.mid=00;36:*.midi=00;36:*.mka=00;36:*.mp3=00;36:*.mpc=00;36:*.ogg=00;36:*.ra=00;36:*.wav=00;36:*.oga=00;36:*.opus=00;36:*.spx=00;36:*.xspf=00;36:'), ('VSCODE_GIT_IPC_HANDLE', '/run/user/1000/vscode-git-167d3a068c.sock'), ('TERM_PROGRAM', 'vscode'), ('AMENT_PREFIX_PATH', '/home/joon/mission_hard/mission_hard/install/simulator:/home/joon/mission_hard/mission_hard/install/mission_manager:/home/joon/mission_hard/mission_hard/install/evaluation:/home/joon/mission_hard/mission_hard/install/autonomous_driving:/home/joon/mission_hard/mission_hard/install/ad_msgs:/home/joon/automotive_software_final/install/simulator:/home/joon/automotive_software_final/install/mission_manager:/home/joon/automotive_software_final/install/evaluation:/home/joon/automotive_software_final/install/autonomous_driving:/home/joon/automotive_software_final/install/ad_msgs:/opt/ros/humble'), ('SHELL', '/bin/bash'), ('LESSCLOSE', '/usr/bin/lesspipe %s %s'), ('VSCODE_GIT_ASKPASS_EXTRA_ARGS', ''), ('PWD', '/home/joon/mission_hard/mission_hard/build/simulator'), ('ENABLE_IDE_INTEGRATION', 'true'), ('XDG_DATA_DIRS', '/usr/local/share:/usr/share:/var/lib/snapd/desktop'), ('PYTHONPATH', '/home/joon/mission_hard/mission_hard/install/ad_msgs/local/lib/python3.10/dist-packages:/home/joon/automotive_software_final/install/ad_msgs/local/lib/python3.10/dist-packages:/opt/ros/humble/lib/python3.10/site-packages:/opt/ros/humble/local/lib/python3.10/dist-packages'), ('COLCON', '1'), ('WSL2_GUI_APPS_ENABLED', '1'), ('HOSTTYPE', 'x86_64'), ('CMAKE_PREFIX_PATH', '/home/joon/mission_hard/mission_hard/install/ad_msgs:/home/joon/mission_hard/mission_hard/install/simulator:/home/joon/mission_hard/mission_hard/install/mission_manager:/home/joon/mission_hard/mission_hard/install/evaluation:/home/joon/mission_hard/mission_hard/install/autonomous_driving:/home/joon/automotive_software_final/install/simulator:/home/joon/automotive_software_final/install/mission_manager:/home/joon/automotive_software_final/install/evaluation:/home/joon/automotive_software_final/install/autonomous_driving:/home/joon/automotive_software_final/install/ad_msgs:/opt/ros/humble'), ('WSLENV', 'VSCODE_WSL_EXT_LOCATION/up')]), 'shell': False}
[0.615245] (evaluation) CommandEnded: {'returncode': 0}
[0.618377] (evaluation) JobProgress: {'identifier': 'evaluation', 'progress': 'install'}
[0.618469] (evaluation) Command: {'cmd': ['/usr/bin/cmake', '--install', '/home/joon/mission_hard/mission_hard/build/evaluation'], 'cwd': '/home/joon/mission_hard/mission_hard/build/evaluation', 'env': OrderedDict([('PYTHON_BASIC_REPL', '1'), ('LESSOPEN', '| /usr/bin/lesspipe %s'), ('USER', 'joon'), ('GIT_ASKPASS', '/home/joon/.vscode-server/bin/bf9252a2fb45be6893dd8870c0bf37e2e1766d61/extensions/git/dist/askpass.sh'), ('SHLVL', '1'), ('LD_LIBRARY_PATH', '/home/joon/mission_hard/mission_hard/install/ad_msgs/lib:/home/joon/automotive_software_final/install/ad_msgs/lib:/usr/lib/x86_64-linux-gnu/gazebo-11/plugins:/opt/ros/humble/opt/rviz_ogre_vendor/lib:/opt/ros/humble/lib/x86_64-linux-gnu:/opt/ros/humble/lib'), ('MOTD_SHOWN', 'update-motd'), ('HOME', '/home/joon'), ('OLDPWD', '/home/joon/mission_hard'), ('TERM_PROGRAM_VERSION', '1.106.3'), ('VSCODE_IPC_HOOK_CLI', '/run/user/1000/vscode-ipc-720ca6f3-2537-4b04-b3dc-21832d244e7e.sock'), ('ROS_PYTHON_VERSION', '3'), ('VSCODE_GIT_ASKPASS_MAIN', '/home/joon/.vscode-server/bin/bf9252a2fb45be6893dd8870c0bf37e2e1766d61/extensions/git/dist/askpass-main.js'), ('VSCODE_GIT_ASKPASS_NODE', '/home/joon/.vscode-server/bin/bf9252a2fb45be6893dd8870c0bf37e2e1766d61/node'), ('PYDEVD_DISABLE_FILE_VALIDATION', '1'), ('BUNDLED_DEBUGPY_PATH', '/home/joon/.vscode-server/extensions/ms-python.debugpy-2025.16.0-linux-x64/bundled/libs/debugpy'), ('VSCODE_PYTHON_AUTOACTIVATE_GUARD', '1'), ('DBUS_SESSION_BUS_ADDRESS', 'unix:path=/run/user/1000/bus'), ('COLORTERM', 'truecolor'), ('WSL_DISTRO_NAME', 'Ubuntu-22.04'), ('WAYLAND_DISPLAY', 'wayland-0'), ('COLCON_PREFIX_PATH', '/home/joon/mission_hard/mission_hard/install:/home/joon/automotive_software_final/install'), ('ROS_DISTRO', 'humble'), ('LOGNAME', 'joon'), ('NAME', 'Joon'), ('WSL_INTEROP', '/run/WSL/523_interop'), ('PULSE_SERVER', 'unix:/mnt/wslg/PulseServer'), ('_', '/usr/bin/colcon'), ('ROS_VERSION', '2'), ('CLAUDE_CODE_SSE_PORT', '20257'), ('TERM', 'xterm-256color'), ('ROS_LOCALHOST_ONLY', '0'), ('PATH', '/opt/ros/humble/bin:/usr/bin:/usr/bin:/home/joon/.vscode-server/data/User/globalStorage/github.copilot-chat/debugCommand:/home/joon/.vscode-server/data/User/globalStorage/github.copilot-chat/copilotCli:/home/joon/.vscode-server/bin/bf9252a2fb45be6893dd8870c0bf37e2e1766d61/bin/remote-cli:/home/joon/.local/bin:/usr/bin:/usr/bin:/usr/local/sbin:/usr/local/bin:/usr/sbin:/usr/bin:/sbin:/bin:/usr/games:/usr/local/games:/usr/lib/wsl/lib:/mnt/c/WINDOWS/system32:/mnt/c/WINDOWS:/mnt/c/WINDOWS/System32/Wbem:/mnt/c/WINDOWS/System32/WindowsPowerShell/v1.0/:/mnt/c/WINDOWS/System32/OpenSSH/:/mnt/c/Program Files/MATLAB/R2024b/bin:/mnt/c/Program Files/nodejs/:/mnt/c/Program Files/Git/cmd:/mnt/c/Users/ksyj0/AppData/Local/Programs/Python/Python312/Scripts/:/mnt/c/Users/ksyj0/AppData/Local/Programs/Python/Python312/:/mnt/c/Users/ksyj0/AppData/Local/Programs/Python/Launcher/:/mnt/c/Users/ksyj0/AppData/Local/Microsoft/WindowsApps:/mnt/c/Users/ksyj0/AppData/Local/Programs/Microsoft VS Code/bin:/mnt/c/Users/ksyj0/AppData/Roaming/npm:/mnt/c/Users/ksyj0/AppData/Local/SOOP:/mnt/c/Users/ksyj0/AppData/Local/Programs/Kiro/bin:/snap/bin:/home/joon/.vscode-server/extensions/ms-python.debugpy-2025.16.0-linux-x64/bundled/scripts/noConfigScripts'), ('XDG_RUNTIME_DIR', '/run/user/1000/'), ('DISPLAY', ':0'), ('VSCODE_DEBUGPY_ADAPTER_ENDPOINTS', '/home/joon/.vscode-server/extensions/ms-python.debugpy-2025.16.0-linux-x64/.noConfigDebugAdapterEndpoints/endpoint-5f6b0efddf9f6982.txt'), ('LANG', 'en_US.UTF-8'), ('PYTHONSTARTUP', '/home/joon/.vscode-server/data/User/workspaceStorage/6032d0949a26c1de4974618490f207f6-1/ms-python.python/pythonrc.py'), ('LS_COLORS', 'rs=0:di=01;34:ln=01;36:mh=00:pi=40;33:so=01;35:do=01;35:bd=40;33;01:cd=40;33;01:or=40;31;01:mi=00:su=37;41:sg=30;43:ca=30;41:tw=30;42:ow=34;42:st=37;44:ex=01;32:*.tar=01;31:*.tgz=01;31:*.arc=01;31:*.arj=01;31:*.taz=01;31:*.lha=01;31:*.lz4=01;31:*.lzh=01;31:*.lzma=01;31:*.tlz=01;31:*.txz=01;31:*.tzo=01;31:*.t7z=01;31:*.zip=01;31:*.z=01;31:*.dz=01;31:*.gz=01;31:*.lrz=01;31:*.lz=01;31:*.lzo=01;31:*.xz=01;31:*.zst=01;31:*.tzst=01;31:*.bz2=01;31:*.bz=01;31:*.tbz=01;31:*.tbz2=01;31:*.tz=01;31:*.deb=01;31:*.rpm=01;31:*.jar=01;31:*.war=01;31:*.ear=01;31:*.sar=01;31:*.rar=01;31:*.alz=01;31:*.ace=01;31:*.zoo=01;31:*.cpio=01;31:*.7z=01;31:*.rz=01;31:*.cab=01;31:*.wim=01;31:*.swm=01;31:*.dwm=01;31:*.esd=01;31:*.jpg=01;35:*.jpeg=01;35:*.mjpg=01;35:*.mjpeg=01;35:*.gif=01;35:*.bmp=01;35:*.pbm=01;35:*.pgm=01;35:*.ppm=01;35:*.tga=01;35:*.xbm=01;35:*.xpm=01;35:*.tif=01;35:*.tiff=01;35:*.png=01;35:*.svg=01;35:*.svgz=01;35:*.mng=01;35:*.pcx=01;35:*.mov=01;35:*.mpg=01;35:*.mpeg=01;35:*.m2v=01;35:*.mkv=01;35:*.webm=01;35:*.webp=01;35:*.ogm=01;35:*.mp4=01;35:*.m4v=01;35:*.mp4v=01;35:*.vob=01;35:*.qt=01;35:*.nuv=01;35:*.wmv=01;35:*.asf=01;35:*.rm=01;35:*.rmvb=01;35:*.flc=01;35:*.avi=01;35:*.fli=01;35:*.flv=01;35:*.gl=01;35:*.dl=01;35:*.xcf=01;35:*.xwd=01;35:*.yuv=01;35:*.cgm=01;35:*.emf=01;35:*.ogv=01;35:*.ogx=01;35:*.aac=00;36:*.au=00;36:*.flac=00;36:*.m4a=00;36:*.mid=00;36:*.midi=00;36:*.mka=00;36:*.mp3=00;36:*.mpc=00;36:*.ogg=00;36:*.ra=00;36:*.wav=00;36:*.oga=00;36:*.opus=00;36:*.spx=00;36:*.xspf=00;36:'), ('VSCODE_GIT_IPC_HANDLE', '/run/user/1000/vscode-git-167d3a068c.sock'), ('TERM_PROGRAM', 'vscode'), ('AMENT_PREFIX_PATH', '/home/joon/mission_hard/mission_hard/install/simulator:/home/joon/mission_hard/mission_hard/install/mission_manager:/home/joon/mission_hard/mission_hard/install/evaluation:/home/joon/mission_hard/mission_hard/install/autonomous_driving:/home/joon/mission_hard/mission_hard/install/ad_msgs:/home/joon/automotive_software_final/install/simulator:/home/joon/automotive_software_final/install/mission_manager:/home/joon/automotive_software_final/install/evaluation:/home/joon/automotive_software_final/install/autonomous_driving:/home/joon/automotive_software_final/install/ad_msgs:/opt/ros/humble'), ('SHELL', '/bin/bash'), ('LESSCLOSE', '/usr/bin/lesspipe %s %s'), ('VSCODE_GIT_ASKPASS_EXTRA_ARGS', ''), ('PWD', '/home/joon/mission_hard/mission_hard/build/evaluation'), ('ENABLE_IDE_INTEGRATION', 'true'), ('XDG_DATA_DIRS', '/usr/local/share:/usr/share:/var/lib/snapd/desktop'), ('PYTHONPATH', '/home/joon/mission_hard/mission_hard/install/ad_msgs/local/lib/python3.10/dist-packages:/home/joon/automotive_software_final/install/ad_msgs/local/lib/python3.10/dist-packages:/opt/ros/humble/lib/python3.10/site-packages:/opt/ros/humble/local/lib/python3.10/dist-packages'), ('COLCON', '1'), ('WSL2_GUI_APPS_ENABLED', '1'), ('HOSTTYPE', 'x86_64'), ('CMAKE_PREFIX_PATH', '/home/joon/mission_hard/mission_hard/install/ad_msgs:/home/joon/mission_hard/mission_hard/install/simulator:/home/joon/mission_hard/mission_hard/install/mission_manager:/home/joon/mission_hard/mission_hard/install/evaluation:/home/joon/mission_hard/mission_hard/install/autonomous_driving:/home/joon/automotive_software_final/install/simulator:/home/joon/automotive_software_final/install/mission_manager:/home/joon/automotive_software_final/install/evaluation:/home/joon/automotive_software_final/install/autonomous_driving:/home/joon/automotive_software_final/install/ad_msgs:/opt/ros/humble'), ('WSLENV', 'VSCODE_WSL_EXT_LOCATION/up')]), 'shell': False}
[0.621279] (mission_manager) CommandEnded: {'returncode': 0}
[0.623764] (mission_manager) JobProgress: {'identifier': 'mission_manager', 'progress': 'install'}
[0.624823] (mission_manager) Command: {'cmd': ['/usr/bin/cmake', '--install', '/home/joon/mission_hard/mission_hard/build/mission_manager'], 'cwd': '/home/joon/mission_hard/mission_hard/build/mission_manager', 'env': OrderedDict([('PYTHON_BASIC_REPL', '1'), ('LESSOPEN', '| /usr/bin/lesspipe %s'), ('USER', 'joon'), ('GIT_ASKPASS', '/home/joon/.vscode-server/bin/bf9252a2fb45be6893dd8870c0bf37e2e1766d61/extensions/git/dist/askpass.sh'), ('SHLVL', '1'), ('LD_LIBRARY_PATH', '/home/joon/mission_hard/mission_hard/install/ad_msgs/lib:/home/joon/automotive_software_final/install/ad_msgs/lib:/usr/lib/x86_64-linux-gnu/gazebo-11/plugins:/opt/ros/humble/opt/rviz_ogre_vendor/lib:/opt/ros/humble/lib/x86_64-linux-gnu:/opt/ros/humble/lib'), ('MOTD_SHOWN', 'update-motd'), ('HOME', '/home/joon'), ('OLDPWD', '/home/joon/mission_hard'), ('TERM_PROGRAM_VERSION', '1.106.3'), ('VSCODE_IPC_HOOK_CLI', '/run/user/1000/vscode-ipc-720ca6f3-2537-4b04-b3dc-21832d244e7e.sock'), ('ROS_PYTHON_VERSION', '3'), ('VSCODE_GIT_ASKPASS_MAIN', '/home/joon/.vscode-server/bin/bf9252a2fb45be6893dd8870c0bf37e2e1766d61/extensions/git/dist/askpass-main.js'), ('VSCODE_GIT_ASKPASS_NODE', '/home/joon/.vscode-server/bin/bf9252a2fb45be6893dd8870c0bf37e2e1766d61/node'), ('PYDEVD_DISABLE_FILE_VALIDATION', '1'), ('BUNDLED_DEBUGPY_PATH', '/home/joon/.vscode-server/extensions/ms-python.debugpy-2025.16.0-linux-x64/bundled/libs/debugpy'), ('VSCODE_PYTHON_AUTOACTIVATE_GUARD', '1'), ('DBUS_SESSION_BUS_ADDRESS', 'unix:path=/run/user/1000/bus'), ('COLORTERM', 'truecolor'), ('WSL_DISTRO_NAME', 'Ubuntu-22.04'), ('WAYLAND_DISPLAY', 'wayland-0'), ('COLCON_PREFIX_PATH', '/home/joon/mission_hard/mission_hard/install:/home/joon/automotive_software_final/install'), ('ROS_DISTRO', 'humble'), ('LOGNAME', 'joon'), ('NAME', 'Joon'), ('WSL_INTEROP', '/run/WSL/523_interop'), ('PULSE_SERVER', 'unix:/mnt/wslg/PulseServer'), ('_', '/usr/bin/colcon'), ('ROS_VERSION', '2'), ('CLAUDE_CODE_SSE_PORT', '20257'), ('TERM', 'xterm-256color'), ('ROS_LOCALHOST_ONLY', '0'), ('PATH', '/opt/ros/humble/bin:/usr/bin:/usr/bin:/home/joon/.vscode-server/data/User/globalStorage/github.copilot-chat/debugCommand:/home/joon/.vscode-server/data/User/globalStorage/github.copilot-chat/copilotCli:/home/joon/.vscode-server/bin/bf9252a2fb45be6893dd8870c0bf37e2e1766d61/bin/remote-cli:/home/joon/.local/bin:/usr/bin:/usr/bin:/usr/local/sbin:/usr/local/bin:/usr/sbin:/usr/bin:/sbin:/bin:/usr/games:/usr/local/games:/usr/lib/wsl/lib:/mnt/c/WINDOWS/system32:/mnt/c/WINDOWS:/mnt/c/WINDOWS/System32/Wbem:/mnt/c/WINDOWS/System32/WindowsPowerShell/v1.0/:/mnt/c/WINDOWS/System32/OpenSSH/:/mnt/c/Program Files/MATLAB/R2024b/bin:/mnt/c/Program Files/nodejs/:/mnt/c/Program Files/Git/cmd:/mnt/c/Users/ksyj0/AppData/Local/Programs/Python/Python312/Scripts/:/mnt/c/Users/ksyj0/AppData/Local/Programs/Python/Python312/:/mnt/c/Users/ksyj0/AppData/Local/Programs/Python/Launcher/:/mnt/c/Users/ksyj0/AppData/Local/Microsoft/WindowsApps:/mnt/c/Users/ksyj0/AppData/Local/Programs/Microsoft VS Code/bin:/mnt/c/Users/ksyj0/AppData/Roaming/npm:/mnt/c/Users/ksyj0/AppData/Local/SOOP:/mnt/c/Users/ksyj0/AppData/Local/Programs/Kiro/bin:/snap/bin:/home/joon/.vscode-server/extensions/ms-python.debugpy-2025.16.0-linux-x64/bundled/scripts/noConfigScripts'), ('XDG_RUNTIME_DIR', '/run/user/1000/'), ('DISPLAY', ':0'), ('VSCODE_DEBUGPY_ADAPTER_ENDPOINTS', '/home/joon/.vscode-server/extensions/ms-python.debugpy-2025.16.0-linux-x64/.noConfigDebugAdapterEndpoints/endpoint-5f6b0efddf9f6982.txt'), ('LANG', 'en_US.UTF-8'), ('PYTHONSTARTUP', '/home/joon/.vscode-server/data/User/workspaceStorage/6032d0949a26c1de4974618490f207f6-1/ms-python.python/pythonrc.py'), ('LS_COLORS', 'rs=0:di=01;34:ln=01;36:mh=00:pi=40;33:so=01;35:do=01;35:bd=40;33;01:cd=40;33;01:or=40;31;01:mi=00:su=37;41:sg=30;43:ca=30;41:tw=30;42:ow=34;42:st=37;44:ex=01;32:*.tar=01;31:*.tgz=01;31:*.arc=01;31:*.arj=01;31:*.taz=01;31:*.lha=01;31:*.lz4=01;31:*.lzh=01;31:*.lzma=01;31:*.tlz=01;31:*.txz=01;31:*.tzo=01;31:*.t7z=01;31:*.zip=01;31:*.z=01;31:*.dz=01;31:*.gz=01;31:*.lrz=01;31:*.lz=01;31:*.lzo=01;31:*.xz=01;31:*.zst=01;31:*.tzst=01;31:*.bz2=01;31:*.bz=01;31:*.tbz=01;31:*.tbz2=01;31:*.tz=01;31:*.deb=01;31:*.rpm=01;31:*.jar=01;31:*.war=01;31:*.ear=01;31:*.sar=01;31:*.rar=01;31:*.alz=01;31:*.ace=01;31:*.zoo=01;31:*.cpio=01;31:*.7z=01;31:*.rz=01;31:*.cab=01;31:*.wim=01;31:*.swm=01;31:*.dwm=01;31:*.esd=01;31:*.jpg=01;35:*.jpeg=01;35:*.mjpg=01;35:*.mjpeg=01;35:*.gif=01;35:*.bmp=01;35:*.pbm=01;35:*.pgm=01;35:*.ppm=01;35:*.tga=01;35:*.xbm=01;35:*.xpm=01;35:*.tif=01;35:*.tiff=01;35:*.png=01;35:*.svg=01;35:*.svgz=01;35:*.mng=01;35:*.pcx=01;35:*.mov=01;35:*.mpg=01;35:*.mpeg=01;35:*.m2v=01;35:*.mkv=01;35:*.webm=01;35:*.webp=01;35:*.ogm=01;35:*.mp4=01;35:*.m4v=01;35:*.mp4v=01;35:*.vob=01;35:*.qt=01;35:*.nuv=01;35:*.wmv=01;35:*.asf=01;35:*.rm=01;35:*.rmvb=01;35:*.flc=01;35:*.avi=01;35:*.fli=01;35:*.flv=01;35:*.gl=01;35:*.dl=01;35:*.xcf=01;35:*.xwd=01;35:*.yuv=01;35:*.cgm=01;35:*.emf=01;35:*.ogv=01;35:*.ogx=01;35:*.aac=00;36:*.au=00;36:*.flac=00;36:*.m4a=00;36:*.mid=00;36:*.midi=00;36:*.mka=00;36:*.mp3=00;36:*.mpc=00;36:*.ogg=00;36:*.ra=00;36:*.wav=00;36:*.oga=00;36:*.opus=00;36:*.spx=00;36:*.xspf=00;36:'), ('VSCODE_GIT_IPC_HANDLE', '/run/user/1000/vscode-git-167d3a068c.sock'), ('TERM_PROGRAM', 'vscode'), ('AMENT_PREFIX_PATH', '/home/joon/mission_hard/mission_hard/install/simulator:/home/joon/mission_hard/mission_hard/install/mission_manager:/home/joon/mission_hard/mission_hard/install/evaluation:/home/joon/mission_hard/mission_hard/install/autonomous_driving:/home/joon/mission_hard/mission_hard/install/ad_msgs:/home/joon/automotive_software_final/install/simulator:/home/joon/automotive_software_final/install/mission_manager:/home/joon/automotive_software_final/install/evaluation:/home/joon/automotive_software_final/install/autonomous_driving:/home/joon/automotive_software_final/install/ad_msgs:/opt/ros/humble'), ('SHELL', '/bin/bash'), ('LESSCLOSE', '/usr/bin/lesspipe %s %s'), ('VSCODE_GIT_ASKPASS_EXTRA_ARGS', ''), ('PWD', '/home/joon/mission_hard/mission_hard/build/mission_manager'), ('ENABLE_IDE_INTEGRATION', 'true'), ('XDG_DATA_DIRS', '/usr/local/share:/usr/share:/var/lib/snapd/desktop'), ('PYTHONPATH', '/home/joon/mission_hard/mission_hard/install/ad_msgs/local/lib/python3.10/dist-packages:/home/joon/automotive_software_final/install/ad_msgs/local/lib/python3.10/dist-packages:/opt/ros/humble/lib/python3.10/site-packages:/opt/ros/humble/local/lib/python3.10/dist-packages'), ('COLCON', '1'), ('WSL2_GUI_APPS_ENABLED', '1'), ('HOSTTYPE', 'x86_64'), ('CMAKE_PREFIX_PATH', '/home/joon/mission_hard/mission_hard/install/ad_msgs:/home/joon/mission_hard/mission_hard/install/simulator:/home/joon/mission_hard/mission_hard/install/mission_manager:/home/joon/mission_hard/mission_hard/install/evaluation:/home/joon/mission_hard/mission_hard/install/autonomous_driving:/home/joon/automotive_software_final/install/simulator:/home/joon/automotive_software_final/install/mission_manager:/home/joon/automotive_software_final/install/evaluation:/home/joon/automotive_software_final/install/autonomous_driving:/home/joon/automotive_software_final/install/ad_msgs:/opt/ros/humble'), ('WSLENV', 'VSCODE_WSL_EXT_LOCATION/up')]), 'shell': False}
[0.625365] (simulator) StdoutLine: {'line': b'-- Install configuration: ""\n'}
[0.625536] (simulator) StdoutLine: {'line': b'-- Execute custom install script\n'}
[0.625755] (simulator) StdoutLine: {'line': b'-- Up-to-date symlink: /home/joon/mission_hard/mission_hard/install/simulator/lib/simulator/vehicle\n'}
[0.627168] (simulator) StdoutLine: {'line': b'-- Up-to-date symlink: /home/joon/mission_hard/mission_hard/install/simulator/lib/simulator/lane_detection\n'}
[0.627616] (simulator) StdoutLine: {'line': b'-- Up-to-date symlink: /home/joon/mission_hard/mission_hard/install/simulator/lib/simulator/display\n'}
[0.628504] (simulator) StdoutLine: {'line': b'-- Up-to-date symlink: /home/joon/mission_hard/mission_hard/install/simulator/share/simulator/launch/simulation.launch.xml\n'}
[0.628812] (simulator) StdoutLine: {'line': b'-- Up-to-date symlink: /home/joon/mission_hard/mission_hard/install/simulator/share/simulator/launch/simulation.launch.xml:Zone.Identifier\n'}
[0.629077] (simulator) StdoutLine: {'line': b'-- Up-to-date symlink: /home/joon/mission_hard/mission_hard/install/simulator/share/ament_index/resource_index/package_run_dependencies/simulator\n'}
[0.629405] (evaluation) StdoutLine: {'line': b'-- Install configuration: ""\n'}
[0.629697] (simulator) StdoutLine: {'line': b'-- Up-to-date symlink: /home/joon/mission_hard/mission_hard/install/simulator/share/ament_index/resource_index/parent_prefix_path/simulator\n'}
[0.629747] (simulator) StdoutLine: {'line': b'-- Up-to-date symlink: /home/joon/mission_hard/mission_hard/install/simulator/share/simulator/environment/ament_prefix_path.sh\n'}
[0.629784] (simulator) StdoutLine: {'line': b'-- Up-to-date symlink: /home/joon/mission_hard/mission_hard/install/simulator/share/simulator/environment/ament_prefix_path.dsv\n'}
[0.629827] (simulator) StdoutLine: {'line': b'-- Up-to-date symlink: /home/joon/mission_hard/mission_hard/install/simulator/share/simulator/environment/path.sh\n'}
[0.629860] (simulator) StdoutLine: {'line': b'-- Up-to-date symlink: /home/joon/mission_hard/mission_hard/install/simulator/share/simulator/environment/path.dsv\n'}
[0.629891] (simulator) StdoutLine: {'line': b'-- Up-to-date symlink: /home/joon/mission_hard/mission_hard/install/simulator/share/simulator/local_setup.bash\n'}
[0.629927] (simulator) StdoutLine: {'line': b'-- Up-to-date symlink: /home/joon/mission_hard/mission_hard/install/simulator/share/simulator/local_setup.sh\n'}
[0.629959] (evaluation) StdoutLine: {'line': b'-- Execute custom install script\n'}
[0.629992] (evaluation) StdoutLine: {'line': b'-- Up-to-date symlink: /home/joon/mission_hard/mission_hard/install/evaluation/lib/evaluation/evaluation\n'}
[0.630025] (evaluation) StdoutLine: {'line': b'-- Up-to-date symlink: /home/joon/mission_hard/mission_hard/install/evaluation/share/evaluation/launch/evaluation.launch.xml\n'}
[0.630058] (evaluation) StdoutLine: {'line': b'-- Up-to-date symlink: /home/joon/mission_hard/mission_hard/install/evaluation/share/evaluation/launch/evaluation.launch.xml:Zone.Identifier\n'}
[0.630091] (simulator) StdoutLine: {'line': b'-- Up-to-date symlink: /home/joon/mission_hard/mission_hard/install/simulator/share/simulator/local_setup.zsh\n'}
[0.630124] (simulator) StdoutLine: {'line': b'-- Up-to-date symlink: /home/joon/mission_hard/mission_hard/install/simulator/share/simulator/local_setup.dsv\n'}
[0.630158] (simulator) StdoutLine: {'line': b'-- Symlinking: /home/joon/mission_hard/mission_hard/install/simulator/share/simulator/package.dsv\n'}
[0.630193] (evaluation) StdoutLine: {'line': b'-- Up-to-date symlink: /home/joon/mission_hard/mission_hard/install/evaluation/share/ament_index/resource_index/package_run_dependencies/evaluation\n'}
[0.630229] (evaluation) StdoutLine: {'line': b'-- Up-to-date symlink: /home/joon/mission_hard/mission_hard/install/evaluation/share/ament_index/resource_index/parent_prefix_path/evaluation\n'}
[0.630263] (evaluation) StdoutLine: {'line': b'-- Up-to-date symlink: /home/joon/mission_hard/mission_hard/install/evaluation/share/evaluation/environment/ament_prefix_path.sh\n'}
[0.630295] (evaluation) StdoutLine: {'line': b'-- Up-to-date symlink: /home/joon/mission_hard/mission_hard/install/evaluation/share/evaluation/environment/ament_prefix_path.dsv\n'}
[0.630328] (evaluation) StdoutLine: {'line': b'-- Up-to-date symlink: /home/joon/mission_hard/mission_hard/install/evaluation/share/evaluation/environment/path.sh\n'}
[0.630363] (evaluation) StdoutLine: {'line': b'-- Up-to-date symlink: /home/joon/mission_hard/mission_hard/install/evaluation/share/evaluation/environment/path.dsv\n'}
[0.630398] (evaluation) StdoutLine: {'line': b'-- Up-to-date symlink: /home/joon/mission_hard/mission_hard/install/evaluation/share/evaluation/local_setup.bash\n'}
[0.630430] (evaluation) StdoutLine: {'line': b'-- Up-to-date symlink: /home/joon/mission_hard/mission_hard/install/evaluation/share/evaluation/local_setup.sh\n'}
[0.630462] (evaluation) StdoutLine: {'line': b'-- Up-to-date symlink: /home/joon/mission_hard/mission_hard/install/evaluation/share/evaluation/local_setup.zsh\n'}
[0.630494] (evaluation) StdoutLine: {'line': b'-- Up-to-date symlink: /home/joon/mission_hard/mission_hard/install/evaluation/share/evaluation/local_setup.dsv\n'}
[0.630528] (evaluation) StdoutLine: {'line': b'-- Symlinking: /home/joon/mission_hard/mission_hard/install/evaluation/share/evaluation/package.dsv\n'}
[0.631477] (mission_manager) StdoutLine: {'line': b'-- Install configuration: ""\n'}
[0.631988] (mission_manager) StdoutLine: {'line': b'-- Execute custom install script\n'}
[0.632219] (mission_manager) StdoutLine: {'line': b'-- Up-to-date symlink: /home/joon/mission_hard/mission_hard/install/mission_manager/lib/mission_manager/mission_manager\n'}
[0.632480] (mission_manager) StdoutLine: {'line': b'-- Up-to-date symlink: /home/joon/mission_hard/mission_hard/install/mission_manager/share/mission_manager/launch/mission_manager.launch.xml\n'}
[0.632787] (mission_manager) StdoutLine: {'line': b'-- Up-to-date symlink: /home/joon/mission_hard/mission_hard/install/mission_manager/share/mission_manager/launch/mission_manager.launch.xml:Zone.Identifier\n'}
[0.632932] (mission_manager) StdoutLine: {'line': b'-- Up-to-date symlink: /home/joon/mission_hard/mission_hard/install/mission_manager/share/ament_index/resource_index/package_run_dependencies/mission_manager\n'}
[0.633125] (mission_manager) StdoutLine: {'line': b'-- Up-to-date symlink: /home/joon/mission_hard/mission_hard/install/mission_manager/share/ament_index/resource_index/parent_prefix_path/mission_manager\n'}
[0.633378] (mission_manager) StdoutLine: {'line': b'-- Up-to-date symlink: /home/joon/mission_hard/mission_hard/install/mission_manager/share/mission_manager/environment/ament_prefix_path.sh\n'}
[0.633622] (mission_manager) StdoutLine: {'line': b'-- Up-to-date symlink: /home/joon/mission_hard/mission_hard/install/mission_manager/share/mission_manager/environment/ament_prefix_path.dsv\n'}
[0.634091] (mission_manager) StdoutLine: {'line': b'-- Up-to-date symlink: /home/joon/mission_hard/mission_hard/install/mission_manager/share/mission_manager/environment/path.sh\n'}
[0.634257] (mission_manager) StdoutLine: {'line': b'-- Up-to-date symlink: /home/joon/mission_hard/mission_hard/install/mission_manager/share/mission_manager/environment/path.dsv\n'}
[0.634425] (mission_manager) StdoutLine: {'line': b'-- Up-to-date symlink: /home/joon/mission_hard/mission_hard/install/mission_manager/share/mission_manager/local_setup.bash\n'}
[0.634476] (mission_manager) StdoutLine: {'line': b'-- Up-to-date symlink: /home/joon/mission_hard/mission_hard/install/mission_manager/share/mission_manager/local_setup.sh\n'}
[0.634522] (mission_manager) StdoutLine: {'line': b'-- Up-to-date symlink: /home/joon/mission_hard/mission_hard/install/mission_manager/share/mission_manager/local_setup.zsh\n'}
[0.634554] (mission_manager) StdoutLine: {'line': b'-- Up-to-date symlink: /home/joon/mission_hard/mission_hard/install/mission_manager/share/mission_manager/local_setup.dsv\n'}
[0.634585] (mission_manager) StdoutLine: {'line': b'-- Symlinking: /home/joon/mission_hard/mission_hard/install/mission_manager/share/mission_manager/package.dsv\n'}
[0.636522] (simulator) StdoutLine: {'line': b'-- Up-to-date symlink: /home/joon/mission_hard/mission_hard/install/simulator/share/ament_index/resource_index/packages/simulator\n'}
[0.636868] (simulator) StdoutLine: {'line': b'-- Up-to-date symlink: /home/joon/mission_hard/mission_hard/install/simulator/share/simulator/cmake/simulatorConfig.cmake\n'}
[0.637049] (simulator) StdoutLine: {'line': b'-- Up-to-date symlink: /home/joon/mission_hard/mission_hard/install/simulator/share/simulator/cmake/simulatorConfig-version.cmake\n'}
[0.637092] (simulator) StdoutLine: {'line': b'-- Up-to-date symlink: /home/joon/mission_hard/mission_hard/install/simulator/share/simulator/package.xml\n'}
[0.639348] (simulator) CommandEnded: {'returncode': 0}
[0.640114] (evaluation) StdoutLine: {'line': b'-- Up-to-date symlink: /home/joon/mission_hard/mission_hard/install/evaluation/share/ament_index/resource_index/packages/evaluation\n'}
[0.640908] (evaluation) StdoutLine: {'line': b'-- Up-to-date symlink: /home/joon/mission_hard/mission_hard/install/evaluation/share/evaluation/cmake/evaluationConfig.cmake\n'}
[0.641639] (evaluation) StdoutLine: {'line': b'-- Up-to-date symlink: /home/joon/mission_hard/mission_hard/install/evaluation/share/evaluation/cmake/evaluationConfig-version.cmake\n'}
[0.642317] (evaluation) StdoutLine: {'line': b'-- Up-to-date symlink: /home/joon/mission_hard/mission_hard/install/evaluation/share/evaluation/package.xml\n'}
[0.643065] (mission_manager) StdoutLine: {'line': b'-- Up-to-date symlink: /home/joon/mission_hard/mission_hard/install/mission_manager/share/ament_index/resource_index/packages/mission_manager\n'}
[0.643878] (mission_manager) StdoutLine: {'line': b'-- Up-to-date symlink: /home/joon/mission_hard/mission_hard/install/mission_manager/share/mission_manager/cmake/mission_managerConfig.cmake\n'}
[0.644561] (mission_manager) StdoutLine: {'line': b'-- Up-to-date symlink: /home/joon/mission_hard/mission_hard/install/mission_manager/share/mission_manager/cmake/mission_managerConfig-version.cmake\n'}
[0.644712] (mission_manager) StdoutLine: {'line': b'-- Up-to-date symlink: /home/joon/mission_hard/mission_hard/install/mission_manager/share/mission_manager/package.xml\n'}
[0.664270] (simulator) JobEnded: {'identifier': 'simulator', 'rc': 0}
[0.668715] (mission_manager) CommandEnded: {'returncode': 0}
[0.689657] (mission_manager) JobEnded: {'identifier': 'mission_manager', 'rc': 0}
[0.691514] (evaluation) CommandEnded: {'returncode': 0}
[0.700423] (-) TimerEvent: {}
[0.707841] (autonomous_driving) StdoutLine: {'line': b'-- Override CMake install command with custom implementation using symlinks instead of copying resources\n'}
[0.713419] (autonomous_driving) StdoutLine: {'line': b'-- Found rclcpp: 16.0.15 (/opt/ros/humble/share/rclcpp/cmake)\n'}
[0.714762] (evaluation) JobEnded: {'identifier': 'evaluation', 'rc': 0}
[0.800589] (-) TimerEvent: {}
[0.883198] (autonomous_driving) StdoutLine: {'line': b'-- Found rosidl_generator_c: 3.1.7 (/opt/ros/humble/share/rosidl_generator_c/cmake)\n'}
[0.884921] (autonomous_driving) StdoutLine: {'line': b'-- Found rosidl_adapter: 3.1.7 (/opt/ros/humble/share/rosidl_adapter/cmake)\n'}
[0.889420] (autonomous_driving) StdoutLine: {'line': b'-- Found rosidl_generator_cpp: 3.1.7 (/opt/ros/humble/share/rosidl_generator_cpp/cmake)\n'}
[0.897559] (autonomous_driving) StdoutLine: {'line': b'-- Using all available rosidl_typesupport_c: rosidl_typesupport_fastrtps_c;rosidl_typesupport_introspection_c\n'}
[0.900800] (-) TimerEvent: {}
[0.907884] (autonomous_driving) StdoutLine: {'line': b'-- Using all available rosidl_typesupport_cpp: rosidl_typesupport_fastrtps_cpp;rosidl_typesupport_introspection_cpp\n'}
[0.938194] (autonomous_driving) StdoutLine: {'line': b'-- Found rmw_implementation_cmake: 6.1.2 (/opt/ros/humble/share/rmw_implementation_cmake/cmake)\n'}
[0.940596] (autonomous_driving) StdoutLine: {'line': b'-- Found rmw_fastrtps_cpp: 6.2.8 (/opt/ros/humble/share/rmw_fastrtps_cpp/cmake)\n'}
[1.000955] (-) TimerEvent: {}
[1.101328] (-) TimerEvent: {}
[1.201753] (-) TimerEvent: {}
[1.302146] (-) TimerEvent: {}
[1.402631] (-) TimerEvent: {}
[1.503036] (-) TimerEvent: {}
[1.603579] (-) TimerEvent: {}
[1.704045] (-) TimerEvent: {}
[1.804482] (-) TimerEvent: {}
[1.904893] (-) TimerEvent: {}
[2.005353] (-) TimerEvent: {}
[2.105804] (-) TimerEvent: {}
[2.206472] (-) TimerEvent: {}
[2.307081] (-) TimerEvent: {}
[2.407755] (-) TimerEvent: {}
[2.508346] (-) TimerEvent: {}
[2.608909] (-) TimerEvent: {}
[2.709505] (-) TimerEvent: {}
[2.810106] (-) TimerEvent: {}
[2.910739] (-) TimerEvent: {}
[3.011305] (-) TimerEvent: {}
[3.111943] (-) TimerEvent: {}
[3.212639] (-) TimerEvent: {}
[3.313515] (-) TimerEvent: {}
[3.414129] (-) TimerEvent: {}
[3.514454] (-) TimerEvent: {}
[3.614956] (-) TimerEvent: {}
[3.715507] (-) TimerEvent: {}
[3.816145] (-) TimerEvent: {}
[3.916645] (-) TimerEvent: {}
[4.017039] (-) TimerEvent: {}
[4.117373] (-) TimerEvent: {}
[4.217753] (-) TimerEvent: {}
[4.318156] (-) TimerEvent: {}
[4.418526] (-) TimerEvent: {}
[4.518902] (-) TimerEvent: {}
[4.619309] (-) TimerEvent: {}
[4.719886] (-) TimerEvent: {}
[4.820369] (-) TimerEvent: {}
[4.920699] (-) TimerEvent: {}
[5.021082] (-) TimerEvent: {}
[5.121507] (-) TimerEvent: {}
[5.221928] (-) TimerEvent: {}
[5.322298] (-) TimerEvent: {}
[5.422876] (-) TimerEvent: {}
[5.523502] (-) TimerEvent: {}
[5.624087] (-) TimerEvent: {}
[5.724491] (-) TimerEvent: {}
[5.824842] (-) TimerEvent: {}
[5.925194] (-) TimerEvent: {}
[6.025583] (-) TimerEvent: {}
[6.125954] (-) TimerEvent: {}
[6.226305] (-) TimerEvent: {}
[6.326680] (-) TimerEvent: {}
[6.427066] (-) TimerEvent: {}
[6.527416] (-) TimerEvent: {}
[6.627822] (-) TimerEvent: {}
[6.728295] (-) TimerEvent: {}
[6.828721] (-) TimerEvent: {}
[6.929132] (-) TimerEvent: {}
[7.029592] (-) TimerEvent: {}
[7.130004] (-) TimerEvent: {}
[7.230398] (-) TimerEvent: {}
[7.330870] (-) TimerEvent: {}
[7.364098] (autonomous_driving) StdoutLine: {'line': b"-- Using RMW implementation 'rmw_fastrtps_cpp' as default\n"}
[7.394482] (autonomous_driving) StdoutLine: {'line': b'-- Found ad_msgs: 0.0.0 (/home/joon/mission_hard/mission_hard/install/ad_msgs/share/ad_msgs/cmake)\n'}
[7.431221] (-) TimerEvent: {}
[7.447479] (autonomous_driving) StdoutLine: {'line': b'-- Found tf2: 0.25.16 (/opt/ros/humble/share/tf2/cmake)\n'}
[7.450446] (autonomous_driving) StdoutLine: {'line': b'-- Found tf2_ros: 0.25.16 (/opt/ros/humble/share/tf2_ros/cmake)\n'}
[7.531263] (-) TimerEvent: {}
[7.554465] (autonomous_driving) StdoutLine: {'line': b'-- Configuring done\n'}
[7.564177] (autonomous_driving) StdoutLine: {'line': b'-- Generating done\n'}
[7.569064] (autonomous_driving) StdoutLine: {'line': b'-- Build files have been written to: /home/joon/mission_hard/mission_hard/build/autonomous_driving\n'}
[7.598257] (autonomous_driving) StdoutLine: {'line': b'[ 50%] \x1b[32mBuilding CXX object CMakeFiles/lane_processor_node.dir/src/lane_processor_node.cpp.o\x1b[0m\n'}
[7.631400] (-) TimerEvent: {}
[7.731787] (-) TimerEvent: {}
[7.832200] (-) TimerEvent: {}
[7.932706] (-) TimerEvent: {}
[8.033089] (-) TimerEvent: {}
[8.133500] (-) TimerEvent: {}
[8.233929] (-) TimerEvent: {}
[8.334383] (-) TimerEvent: {}
[8.434855] (-) TimerEvent: {}
[8.535222] (-) TimerEvent: {}
[8.635571] (-) TimerEvent: {}
[8.735924] (-) TimerEvent: {}
[8.836413] (-) TimerEvent: {}
[8.936867] (-) TimerEvent: {}
[9.037396] (-) TimerEvent: {}
[9.137996] (-) TimerEvent: {}
[9.238668] (-) TimerEvent: {}
[9.339215] (-) TimerEvent: {}
[9.439744] (-) TimerEvent: {}
[9.540284] (-) TimerEvent: {}
[9.640828] (-) TimerEvent: {}
[9.741262] (-) TimerEvent: {}
[9.841674] (-) TimerEvent: {}
[9.942151] (-) TimerEvent: {}
[10.042565] (-) TimerEvent: {}
[10.143001] (-) TimerEvent: {}
[10.243386] (-) TimerEvent: {}
[10.343800] (-) TimerEvent: {}
[10.444205] (-) TimerEvent: {}
[10.544709] (-) TimerEvent: {}
[10.645177] (-) TimerEvent: {}
[10.745705] (-) TimerEvent: {}
[10.846118] (-) TimerEvent: {}
[10.946568] (-) TimerEvent: {}
[11.047038] (-) TimerEvent: {}
[11.147612] (-) TimerEvent: {}
[11.248033] (-) TimerEvent: {}
[11.348557] (-) TimerEvent: {}
[11.449435] (-) TimerEvent: {}
[11.550319] (-) TimerEvent: {}
[11.650857] (-) TimerEvent: {}
[11.751417] (-) TimerEvent: {}
[11.851921] (-) TimerEvent: {}
[11.952524] (-) TimerEvent: {}
[12.053033] (-) TimerEvent: {}
[12.153561] (-) TimerEvent: {}
[12.253998] (-) TimerEvent: {}
[12.354511] (-) TimerEvent: {}
[12.454923] (-) TimerEvent: {}
[12.555444] (-) TimerEvent: {}
[12.655856] (-) TimerEvent: {}
[12.756328] (-) TimerEvent: {}
[12.856691] (-) TimerEvent: {}
[12.957032] (-) TimerEvent: {}
[13.057395] (-) TimerEvent: {}
[13.157907] (-) TimerEvent: {}
[13.258549] (-) TimerEvent: {}
[13.359018] (-) TimerEvent: {}
[13.459523] (-) TimerEvent: {}
[13.560016] (-) TimerEvent: {}
[13.660480] (-) TimerEvent: {}
[13.760939] (-) TimerEvent: {}
[13.861433] (-) TimerEvent: {}
[13.961907] (-) TimerEvent: {}
[14.062360] (-) TimerEvent: {}
[14.162932] (-) TimerEvent: {}
[14.263421] (-) TimerEvent: {}
[14.364064] (-) TimerEvent: {}
[14.464563] (-) TimerEvent: {}
[14.565017] (-) TimerEvent: {}
[14.665417] (-) TimerEvent: {}
[14.765901] (-) TimerEvent: {}
[14.866468] (-) TimerEvent: {}
[14.966899] (-) TimerEvent: {}
[15.067279] (-) TimerEvent: {}
[15.167642] (-) TimerEvent: {}
[15.267970] (-) TimerEvent: {}
[15.368341] (-) TimerEvent: {}
[15.468836] (-) TimerEvent: {}
[15.569431] (-) TimerEvent: {}
[15.669844] (-) TimerEvent: {}
[15.770341] (-) TimerEvent: {}
[15.870798] (-) TimerEvent: {}
[15.971254] (-) TimerEvent: {}
[16.071774] (-) TimerEvent: {}
[16.172273] (-) TimerEvent: {}
[16.272717] (-) TimerEvent: {}
[16.373234] (-) TimerEvent: {}
[16.473833] (-) TimerEvent: {}
[16.574418] (-) TimerEvent: {}
[16.674859] (-) TimerEvent: {}
[16.775358] (-) TimerEvent: {}
[16.875769] (-) TimerEvent: {}
[16.976259] (-) TimerEvent: {}
[17.076890] (-) TimerEvent: {}
[17.177412] (-) TimerEvent: {}
[17.277887] (-) TimerEvent: {}
[17.378342] (-) TimerEvent: {}
[17.478934] (-) TimerEvent: {}
[17.579297] (-) TimerEvent: {}
[17.679735] (-) TimerEvent: {}
[17.780295] (-) TimerEvent: {}
[17.880701] (-) TimerEvent: {}
[17.981143] (-) TimerEvent: {}
[18.081696] (-) TimerEvent: {}
[18.182211] (-) TimerEvent: {}
[18.282564] (-) TimerEvent: {}
[18.383137] (-) TimerEvent: {}
[18.483724] (-) TimerEvent: {}
[18.584186] (-) TimerEvent: {}
[18.684669] (-) TimerEvent: {}
[18.785143] (-) TimerEvent: {}
[18.885589] (-) TimerEvent: {}
[18.986156] (-) TimerEvent: {}
[19.086574] (-) TimerEvent: {}
[19.187049] (-) TimerEvent: {}
[19.287577] (-) TimerEvent: {}
[19.388019] (-) TimerEvent: {}
[19.488530] (-) TimerEvent: {}
[19.588966] (-) TimerEvent: {}
[19.689397] (-) TimerEvent: {}
[19.789958] (-) TimerEvent: {}
[19.890493] (-) TimerEvent: {}
[19.990932] (-) TimerEvent: {}
[20.091318] (-) TimerEvent: {}
[20.191886] (-) TimerEvent: {}
[20.292306] (-) TimerEvent: {}
[20.392737] (-) TimerEvent: {}
[20.493266] (-) TimerEvent: {}
[20.594001] (-) TimerEvent: {}
[20.694619] (-) TimerEvent: {}
[20.795184] (-) TimerEvent: {}
[20.895765] (-) TimerEvent: {}
[20.996370] (-) TimerEvent: {}
[21.096866] (-) TimerEvent: {}
[21.197336] (-) TimerEvent: {}
[21.297846] (-) TimerEvent: {}
[21.398236] (-) TimerEvent: {}
[21.498613] (-) TimerEvent: {}
[21.599059] (-) TimerEvent: {}
[21.699549] (-) TimerEvent: {}
[21.800012] (-) TimerEvent: {}
[21.900521] (-) TimerEvent: {}
[22.001035] (-) TimerEvent: {}
[22.101432] (-) TimerEvent: {}
[22.201896] (-) TimerEvent: {}
[22.302369] (-) TimerEvent: {}
[22.402984] (-) TimerEvent: {}
[22.503541] (-) TimerEvent: {}
[22.603915] (-) TimerEvent: {}
[22.704357] (-) TimerEvent: {}
[22.804815] (-) TimerEvent: {}
[22.905251] (-) TimerEvent: {}
[23.005850] (-) TimerEvent: {}
[23.106672] (-) TimerEvent: {}
[23.207106] (-) TimerEvent: {}
[23.307677] (-) TimerEvent: {}
[23.408041] (-) TimerEvent: {}
[23.508574] (-) TimerEvent: {}
[23.609083] (-) TimerEvent: {}
[23.709485] (-) TimerEvent: {}
[23.809937] (-) TimerEvent: {}
[23.910310] (-) TimerEvent: {}
[24.010788] (-) TimerEvent: {}
[24.056039] (autonomous_driving) StdoutLine: {'line': b'[100%] \x1b[32m\x1b[1mLinking CXX executable lane_processor_node\x1b[0m\n'}
[24.111038] (-) TimerEvent: {}
[24.211529] (-) TimerEvent: {}
[24.311992] (-) TimerEvent: {}
[24.412455] (-) TimerEvent: {}
[24.512861] (-) TimerEvent: {}
[24.613348] (-) TimerEvent: {}
[24.713928] (-) TimerEvent: {}
[24.814395] (-) TimerEvent: {}
[24.914874] (-) TimerEvent: {}
[24.996006] (autonomous_driving) StdoutLine: {'line': b'[100%] Built target lane_processor_node\n'}
[25.004994] (autonomous_driving) CommandEnded: {'returncode': 0}
[25.005813] (autonomous_driving) JobProgress: {'identifier': 'autonomous_driving', 'progress': 'install'}
[25.006861] (autonomous_driving) Command: {'cmd': ['/usr/bin/cmake', '--install', '/home/joon/mission_hard/mission_hard/build/autonomous_driving'], 'cwd': '/home/joon/mission_hard/mission_hard/build/autonomous_driving', 'env': OrderedDict([('PYTHON_BASIC_REPL', '1'), ('LESSOPEN', '| /usr/bin/lesspipe %s'), ('USER', 'joon'), ('GIT_ASKPASS', '/home/joon/.vscode-server/bin/bf9252a2fb45be6893dd8870c0bf37e2e1766d61/extensions/git/dist/askpass.sh'), ('SHLVL', '1'), ('LD_LIBRARY_PATH', '/home/joon/mission_hard/mission_hard/install/ad_msgs/lib:/home/joon/automotive_software_final/install/ad_msgs/lib:/usr/lib/x86_64-linux-gnu/gazebo-11/plugins:/opt/ros/humble/opt/rviz_ogre_vendor/lib:/opt/ros/humble/lib/x86_64-linux-gnu:/opt/ros/humble/lib'), ('MOTD_SHOWN', 'update-motd'), ('HOME', '/home/joon'), ('OLDPWD', '/home/joon/mission_hard'), ('TERM_PROGRAM_VERSION', '1.106.3'), ('VSCODE_IPC_HOOK_CLI', '/run/user/1000/vscode-ipc-720ca6f3-2537-4b04-b3dc-21832d244e7e.sock'), ('ROS_PYTHON_VERSION', '3'), ('VSCODE_GIT_ASKPASS_MAIN', '/home/joon/.vscode-server/bin/bf9252a2fb45be6893dd8870c0bf37e2e1766d61/extensions/git/dist/askpass-main.js'), ('VSCODE_GIT_ASKPASS_NODE', '/home/joon/.vscode-server/bin/bf9252a2fb45be6893dd8870c0bf37e2e1766d61/node'), ('PYDEVD_DISABLE_FILE_VALIDATION', '1'), ('BUNDLED_DEBUGPY_PATH', '/home/joon/.vscode-server/extensions/ms-python.debugpy-2025.16.0-linux-x64/bundled/libs/debugpy'), ('VSCODE_PYTHON_AUTOACTIVATE_GUARD', '1'), ('DBUS_SESSION_BUS_ADDRESS', 'unix:path=/run/user/1000/bus'), ('COLORTERM', 'truecolor'), ('WSL_DISTRO_NAME', 'Ubuntu-22.04'), ('WAYLAND_DISPLAY', 'wayland-0'), ('COLCON_PREFIX_PATH', '/home/joon/mission_hard/mission_hard/install:/home/joon/automotive_software_final/install'), ('ROS_DISTRO', 'humble'), ('LOGNAME', 'joon'), ('NAME', 'Joon'), ('WSL_INTEROP', '/run/WSL/523_interop'), ('PULSE_SERVER', 'unix:/mnt/wslg/PulseServer'), ('_', '/usr/bin/colcon'), ('ROS_VERSION', '2'), ('CLAUDE_CODE_SSE_PORT', '20257'), ('TERM', 'xterm-256color'), ('ROS_LOCALHOST_ONLY', '0'), ('PATH', '/opt/ros/humble/bin:/usr/bin:/usr/bin:/home/joon/.vscode-server/data/User/globalStorage/github.copilot-chat/debugCommand:/home/joon/.vscode-server/data/User/globalStorage/github.copilot-chat/copilotCli:/home/joon/.vscode-server/bin/bf9252a2fb45be6893dd8870c0bf37e2e1766d61/bin/remote-cli:/home/joon/.local/bin:/usr/bin:/usr/bin:/usr/local/sbin:/usr/local/bin:/usr/sbin:/usr/bin:/sbin:/bin:/usr/games:/usr/local/games:/usr/lib/wsl/lib:/mnt/c/WINDOWS/system32:/mnt/c/WINDOWS:/mnt/c/WINDOWS/System32/Wbem:/mnt/c/WINDOWS/System32/WindowsPowerShell/v1.0/:/mnt/c/WINDOWS/System32/OpenSSH/:/mnt/c/Program Files/MATLAB/R2024b/bin:/mnt/c/Program Files/nodejs/:/mnt/c/Program Files/Git/cmd:/mnt/c/Users/ksyj0/AppData/Local/Programs/Python/Python312/Scripts/:/mnt/c/Users/ksyj0/AppData/Local/Programs/Python/Python312/:/mnt/c/Users/ksyj0/AppData/Local/Programs/Python/Launcher/:/mnt/c/Users/ksyj0/AppData/Local/Microsoft/WindowsApps:/mnt/c/Users/ksyj0/AppData/Local/Programs/Microsoft VS Code/bin:/mnt/c/Users/ksyj0/AppData/Roaming/npm:/mnt/c/Users/ksyj0/AppData/Local/SOOP:/mnt/c/Users/ksyj0/AppData/Local/Programs/Kiro/bin:/snap/bin:/home/joon/.vscode-server/extensions/ms-python.debugpy-2025.16.0-linux-x64/bundled/scripts/noConfigScripts'), ('XDG_RUNTIME_DIR', '/run/user/1000/'), ('DISPLAY', ':0'), ('VSCODE_DEBUGPY_ADAPTER_ENDPOINTS', '/home/joon/.vscode-server/extensions/ms-python.debugpy-2025.16.0-linux-x64/.noConfigDebugAdapterEndpoints/endpoint-5f6b0efddf9f6982.txt'), ('LANG', 'en_US.UTF-8'), ('PYTHONSTARTUP', '/home/joon/.vscode-server/data/User/workspaceStorage/6032d0949a26c1de4974618490f207f6-1/ms-python.python/pythonrc.py'), ('LS_COLORS', 'rs=0:di=01;34:ln=01;36:mh=00:pi=40;33:so=01;35:do=01;35:bd=40;33;01:cd=40;33;01:or=40;31;01:mi=00:su=37;41:sg=30;43:ca=30;41:tw=30;42:ow=34;42:st=37;44:ex=01;32:*.tar=01;31:*.tgz=01;31:*.arc=01;31:*.arj=01;31:*.taz=01;31:*.lha=01;31:*.lz4=01;31:*.lzh=01;31:*.lzma=01;31:*.tlz=01;31:*.txz=01;31:*.tzo=01;31:*.t7z=01;31:*.zip=01;31:*.z=01;31:*.dz=01;31:*.gz=01;31:*.lrz=01;31:*.lz=01;31:*.lzo=01;31:*.xz=01;31:*.zst=01;31:*.tzst=01;31:*.bz2=01;31:*.bz=01;31:*.tbz=01;31:*.tbz2=01;31:*.tz=01;31:*.deb=01;31:*.rpm=01;31:*.jar=01;31:*.war=01;31:*.ear=01;31:*.sar=01;31:*.rar=01;31:*.alz=01;31:*.ace=01;31:*.zoo=01;31:*.cpio=01;31:*.7z=01;31:*.rz=01;31:*.cab=01;31:*.wim=01;31:*.swm=01;31:*.dwm=01;31:*.esd=01;31:*.jpg=01;35:*.jpeg=01;35:*.mjpg=01;35:*.mjpeg=01;35:*.gif=01;35:*.bmp=01;35:*.pbm=01;35:*.pgm=01;35:*.ppm=01;35:*.tga=01;35:*.xbm=01;35:*.xpm=01;35:*.tif=01;35:*.tiff=01;35:*.png=01;35:*.svg=01;35:*.svgz=01;35:*.mng=01;35:*.pcx=01;35:*.mov=01;35:*.mpg=01;35:*.mpeg=01;35:*.m2v=01;35:*.mkv=01;35:*.webm=01;35:*.webp=01;35:*.ogm=01;35:*.mp4=01;35:*.m4v=01;35:*.mp4v=01;35:*.vob=01;35:*.qt=01;35:*.nuv=01;35:*.wmv=01;35:*.asf=01;35:*.rm=01;35:*.rmvb=01;35:*.flc=01;35:*.avi=01;35:*.fli=01;35:*.flv=01;35:*.gl=01;35:*.dl=01;35:*.xcf=01;35:*.xwd=01;35:*.yuv=01;35:*.cgm=01;35:*.emf=01;35:*.ogv=01;35:*.ogx=01;35:*.aac=00;36:*.au=00;36:*.flac=00;36:*.m4a=00;36:*.mid=00;36:*.midi=00;36:*.mka=00;36:*.mp3=00;36:*.mpc=00;36:*.ogg=00;36:*.ra=00;36:*.wav=00;36:*.oga=00;36:*.opus=00;36:*.spx=00;36:*.xspf=00;36:'), ('VSCODE_GIT_IPC_HANDLE', '/run/user/1000/vscode-git-167d3a068c.sock'), ('TERM_PROGRAM', 'vscode'), ('AMENT_PREFIX_PATH', '/home/joon/mission_hard/mission_hard/install/simulator:/home/joon/mission_hard/mission_hard/install/mission_manager:/home/joon/mission_hard/mission_hard/install/evaluation:/home/joon/mission_hard/mission_hard/install/autonomous_driving:/home/joon/mission_hard/mission_hard/install/ad_msgs:/home/joon/automotive_software_final/install/simulator:/home/joon/automotive_software_final/install/mission_manager:/home/joon/automotive_software_final/install/evaluation:/home/joon/automotive_software_final/install/autonomous_driving:/home/joon/automotive_software_final/install/ad_msgs:/opt/ros/humble'), ('SHELL', '/bin/bash'), ('LESSCLOSE', '/usr/bin/lesspipe %s %s'), ('VSCODE_GIT_ASKPASS_EXTRA_ARGS', ''), ('PWD', '/home/joon/mission_hard/mission_hard/build/autonomous_driving'), ('ENABLE_IDE_INTEGRATION', 'true'), ('XDG_DATA_DIRS', '/usr/local/share:/usr/share:/var/lib/snapd/desktop'), ('PYTHONPATH', '/home/joon/mission_hard/mission_hard/install/ad_msgs/local/lib/python3.10/dist-packages:/home/joon/automotive_software_final/install/ad_msgs/local/lib/python3.10/dist-packages:/opt/ros/humble/lib/python3.10/site-packages:/opt/ros/humble/local/lib/python3.10/dist-packages'), ('COLCON', '1'), ('WSL2_GUI_APPS_ENABLED', '1'), ('HOSTTYPE', 'x86_64'), ('CMAKE_PREFIX_PATH', '/home/joon/mission_hard/mission_hard/install/ad_msgs:/home/joon/mission_hard/mission_hard/install/simulator:/home/joon/mission_hard/mission_hard/install/mission_manager:/home/joon/mission_hard/mission_hard/install/evaluation:/home/joon/mission_hard/mission_hard/install/autonomous_driving:/home/joon/automotive_software_final/install/simulator:/home/joon/automotive_software_final/install/mission_manager:/home/joon/automotive_software_final/install/evaluation:/home/joon/automotive_software_final/install/autonomous_driving:/home/joon/automotive_software_final/install/ad_msgs:/opt/ros/humble'), ('WSLENV', 'VSCODE_WSL_EXT_LOCATION/up')]), 'shell': False}
[25.011902] (autonomous_driving) StdoutLine: {'line': b'-- Install configuration: ""\n'}
[25.012133] (autonomous_driving) StdoutLine: {'line': b'-- Execute custom install script\n'}
[25.012511] (autonomous_driving) StdoutLine: {'line': b'-- Up-to-date symlink: /home/joon/mission_hard/mission_hard/install/autonomous_driving/lib/autonomous_driving/lane_processor_node\n'}
[25.012702] (autonomous_driving) StdoutLine: {'line': b'-- Up-to-date symlink: /home/joon/mission_hard/mission_hard/install/autonomous_driving/share/autonomous_driving/launch/autonomous_driving.launch.xml\n'}
[25.012805] (autonomous_driving) StdoutLine: {'line': b'-- Up-to-date symlink: /home/joon/mission_hard/mission_hard/install/autonomous_driving/share/autonomous_driving/launch/autonomous_driving.launch.xml:Zone.Identifier\n'}
[25.013008] (autonomous_driving) StdoutLine: {'line': b'-- Up-to-date symlink: /home/joon/mission_hard/mission_hard/install/autonomous_driving/share/autonomous_driving/launch/autonomous_driving.launch.xml:Zone.Identifier:Zone.Identifier\n'}
[25.013114] (autonomous_driving) StdoutLine: {'line': b'-- Up-to-date symlink: /home/joon/mission_hard/mission_hard/install/autonomous_driving/share/autonomous_driving/launch/manual_driving.launch.xml\n'}
[25.013202] (autonomous_driving) StdoutLine: {'line': b'-- Up-to-date symlink: /home/joon/mission_hard/mission_hard/install/autonomous_driving/share/autonomous_driving/launch/manual_driving.launch.xml:Zone.Identifier\n'}
[25.013286] (autonomous_driving) StdoutLine: {'line': b'-- Up-to-date symlink: /home/joon/mission_hard/mission_hard/install/autonomous_driving/share/autonomous_driving/launch/manual_driving.launch.xml:Zone.Identifier:Zone.Identifier\n'}
[25.013369] (autonomous_driving) StdoutLine: {'line': b'-- Up-to-date symlink: /home/joon/mission_hard/mission_hard/install/autonomous_driving/lib/autonomous_driving/simultaneous_inputs.py\n'}
[25.013534] (autonomous_driving) StdoutLine: {'line': b'-- Up-to-date symlink: /home/joon/mission_hard/mission_hard/install/autonomous_driving/share/ament_index/resource_index/package_run_dependencies/autonomous_driving\n'}
[25.013611] (autonomous_driving) StdoutLine: {'line': b'-- Up-to-date symlink: /home/joon/mission_hard/mission_hard/install/autonomous_driving/share/ament_index/resource_index/parent_prefix_path/autonomous_driving\n'}
[25.013735] (autonomous_driving) StdoutLine: {'line': b'-- Up-to-date symlink: /home/joon/mission_hard/mission_hard/install/autonomous_driving/share/autonomous_driving/environment/ament_prefix_path.sh\n'}
[25.013780] (autonomous_driving) StdoutLine: {'line': b'-- Up-to-date symlink: /home/joon/mission_hard/mission_hard/install/autonomous_driving/share/autonomous_driving/environment/ament_prefix_path.dsv\n'}
[25.013811] (autonomous_driving) StdoutLine: {'line': b'-- Up-to-date symlink: /home/joon/mission_hard/mission_hard/install/autonomous_driving/share/autonomous_driving/environment/path.sh\n'}
[25.013838] (autonomous_driving) StdoutLine: {'line': b'-- Up-to-date symlink: /home/joon/mission_hard/mission_hard/install/autonomous_driving/share/autonomous_driving/environment/path.dsv\n'}
[25.013906] (autonomous_driving) StdoutLine: {'line': b'-- Up-to-date symlink: /home/joon/mission_hard/mission_hard/install/autonomous_driving/share/autonomous_driving/local_setup.bash\n'}
[25.014037] (autonomous_driving) StdoutLine: {'line': b'-- Up-to-date symlink: /home/joon/mission_hard/mission_hard/install/autonomous_driving/share/autonomous_driving/local_setup.sh\n'}
[25.014177] (autonomous_driving) StdoutLine: {'line': b'-- Up-to-date symlink: /home/joon/mission_hard/mission_hard/install/autonomous_driving/share/autonomous_driving/local_setup.zsh\n'}
[25.014219] (autonomous_driving) StdoutLine: {'line': b'-- Up-to-date symlink: /home/joon/mission_hard/mission_hard/install/autonomous_driving/share/autonomous_driving/local_setup.dsv\n'}
[25.014255] (autonomous_driving) StdoutLine: {'line': b'-- Symlinking: /home/joon/mission_hard/mission_hard/install/autonomous_driving/share/autonomous_driving/package.dsv\n'}
[25.015065] (-) TimerEvent: {}
[25.020634] (autonomous_driving) StdoutLine: {'line': b'-- Up-to-date symlink: /home/joon/mission_hard/mission_hard/install/autonomous_driving/share/ament_index/resource_index/packages/autonomous_driving\n'}
[25.020950] (autonomous_driving) StdoutLine: {'line': b'-- Up-to-date symlink: /home/joon/mission_hard/mission_hard/install/autonomous_driving/share/autonomous_driving/cmake/autonomous_drivingConfig.cmake\n'}
[25.020994] (autonomous_driving) StdoutLine: {'line': b'-- Up-to-date symlink: /home/joon/mission_hard/mission_hard/install/autonomous_driving/share/autonomous_driving/cmake/autonomous_drivingConfig-version.cmake\n'}
[25.021023] (autonomous_driving) StdoutLine: {'line': b'-- Up-to-date symlink: /home/joon/mission_hard/mission_hard/install/autonomous_driving/share/autonomous_driving/package.xml\n'}
[25.022665] (autonomous_driving) CommandEnded: {'returncode': 0}
[25.032493] (autonomous_driving) JobEnded: {'identifier': 'autonomous_driving', 'rc': 0}
[25.033811] (-) EventReactorShutdown: {}
