[0.000000] (-) TimerEvent: {}
[0.000945] (ad_msgs) JobQueued: {'identifier': 'ad_msgs', 'dependencies': OrderedDict()}
[0.000996] (autonomous_driving) JobQueued: {'identifier': 'autonomous_driving', 'dependencies': OrderedDict([('ad_msgs', '/home/joon/mission_hard/mission_hard/install/ad_msgs')])}
[0.001037] (evaluation) JobQueued: {'identifier': 'evaluation', 'dependencies': OrderedDict([('ad_msgs', '/home/joon/mission_hard/mission_hard/install/ad_msgs')])}
[0.001071] (mission_manager) JobQueued: {'identifier': 'mission_manager', 'dependencies': OrderedDict([('ad_msgs', '/home/joon/mission_hard/mission_hard/install/ad_msgs')])}
[0.001111] (simulator) JobQueued: {'identifier': 'simulator', 'dependencies': OrderedDict([('ad_msgs', '/home/joon/mission_hard/mission_hard/install/ad_msgs')])}
[0.001145] (ad_msgs) JobStarted: {'identifier': 'ad_msgs'}
[0.013553] (ad_msgs) JobProgress: {'identifier': 'ad_msgs', 'progress': 'cmake'}
[0.014883] (ad_msgs) JobProgress: {'identifier': 'ad_msgs', 'progress': 'build'}
[0.015484] (ad_msgs) Command: {'cmd': ['/usr/bin/cmake', '--build', '/home/joon/mission_hard/mission_hard/build/ad_msgs', '--', '-j16', '-l16'], 'cwd': '/home/joon/mission_hard/mission_hard/build/ad_msgs', 'env': OrderedDict([('PYTHON_BASIC_REPL', '1'), ('LESSOPEN', '| /usr/bin/lesspipe %s'), ('USER', 'joon'), ('GIT_ASKPASS', '/home/joon/.vscode-server/bin/bf9252a2fb45be6893dd8870c0bf37e2e1766d61/extensions/git/dist/askpass.sh'), ('SHLVL', '1'), ('LD_LIBRARY_PATH', '/home/joon/mission_hard/mission_hard/install/ad_msgs/lib:/home/joon/automotive_software_final/install/ad_msgs/lib:/usr/lib/x86_64-linux-gnu/gazebo-11/plugins:/opt/ros/humble/opt/rviz_ogre_vendor/lib:/opt/ros/humble/lib/x86_64-linux-gnu:/opt/ros/humble/lib'), ('MOTD_SHOWN', 'update-motd'), ('HOME', '/home/joon'), ('OLDPWD', '/home/joon/mission_hard'), ('TERM_PROGRAM_VERSION', '1.106.3'), ('VSCODE_IPC_HOOK_CLI', '/run/user/1000/vscode-ipc-720ca6f3-2537-4b04-b3dc-21832d244e7e.sock'), ('ROS_PYTHON_VERSION', '3'), ('VSCODE_GIT_ASKPASS_MAIN', '/home/joon/.vscode-server/bin/bf9252a2fb45be6893dd8870c0bf37e2e1766d61/extensions/git/dist/askpass-main.js'), ('VSCODE_GIT_ASKPASS_NODE', '/home/joon/.vscode-server/bin/bf9252a2fb45be6893dd8870c0bf37e2e1766d61/node'), ('PYDEVD_DISABLE_FILE_VALIDATION', '1'), ('BUNDLED_DEBUGPY_PATH', '/home/joon/.vscode-server/extensions/ms-python.debugpy-2025.16.0-linux-x64/bundled/libs/debugpy'), ('VSCODE_PYTHON_AUTOACTIVATE_GUARD', '1'), ('DBUS_SESSION_BUS_ADDRESS', 'unix:path=/run/user/1000/bus'), ('COLORTERM', 'truecolor'), ('WSL_DISTRO_NAME', 'Ubuntu-22.04'), ('WAYLAND_DISPLAY', 'wayland-0'), ('COLCON_PREFIX_PATH', '/home/joon/mission_hard/mission_hard/install:/home/joon/automotive_software_final/install'), ('ROS_DISTRO', 'humble'), ('LOGNAME', 'joon'), ('NAME', 'Joon'), ('WSL_INTEROP', '/run/WSL/523_interop'), ('PULSE_SERVER', 'unix:/mnt/wslg/PulseServer'), ('_', '/usr/bin/colcon'), ('ROS_VERSION', '2'), ('CLAUDE_CODE_SSE_PORT', '20257'), ('TERM', 'xterm-256color'), ('ROS_LOCALHOST_ONLY', '0'), ('PATH', '/opt/ros/humble/bin:/usr/bin:/usr/bin:/home/joon/.vscode-server/data/User/globalStorage/github.copilot-chat/debugCommand:/home/joon/.vscode-server/data/User/globalStorage/github.copilot-chat/copilotCli:/home/joon/.vscode-server/bin/bf9252a2fb45be6893dd8870c0bf37e2e1766d61/bin/remote-cli:/home/joon/.local/bin:/usr/bin:/usr/bin:/usr/local/sbin:/usr/local/bin:/usr/sbin:/usr/bin:/sbin:/bin:/usr/games:/usr/local/games:/usr/lib/wsl/lib:/mnt/c/WINDOWS/system32:/mnt/c/WINDOWS:/mnt/c/WINDOWS/System32/Wbem:/mnt/c/WINDOWS/System32/WindowsPowerShell/v1.0/:/mnt/c/WINDOWS/System32/OpenSSH/:/mnt/c/Program Files/MATLAB/R2024b/bin:/mnt/c/Program Files/nodejs/:/mnt/c/Program Files/Git/cmd:/mnt/c/Users/ksyj0/AppData/Local/Programs/Python/Python312/Scripts/:/mnt/c/Users/ksyj0/AppData/Local/Programs/Python/Python312/:/mnt/c/Users/ksyj0/AppData/Local/Programs/Python/Launcher/:/mnt/c/Users/ksyj0/AppData/Local/Microsoft/WindowsApps:/mnt/c/Users/ksyj0/AppData/Local/Programs/Microsoft VS Code/bin:/mnt/c/Users/ksyj0/AppData/Roaming/npm:/mnt/c/Users/ksyj0/AppData/Local/SOOP:/mnt/c/Users/ksyj0/AppData/Local/Programs/Kiro/bin:/snap/bin:/home/joon/.vscode-server/extensions/ms-python.debugpy-2025.16.0-linux-x64/bundled/scripts/noConfigScripts'), ('XDG_RUNTIME_DIR', '/run/user/1000/'), ('DISPLAY', ':0'), ('VSCODE_DEBUGPY_ADAPTER_ENDPOINTS', '/home/joon/.vscode-server/extensions/ms-python.debugpy-2025.16.0-linux-x64/.noConfigDebugAdapterEndpoints/endpoint-5f6b0efddf9f6982.txt'), ('LANG', 'en_US.UTF-8'), ('PYTHONSTARTUP', '/home/joon/.vscode-server/data/User/workspaceStorage/6032d0949a26c1de4974618490f207f6-1/ms-python.python/pythonrc.py'), ('LS_COLORS', 'rs=0:di=01;34:ln=01;36:mh=00:pi=40;33:so=01;35:do=01;35:bd=40;33;01:cd=40;33;01:or=40;31;01:mi=00:su=37;41:sg=30;43:ca=30;41:tw=30;42:ow=34;42:st=37;44:ex=01;32:*.tar=01;31:*.tgz=01;31:*.arc=01;31:*.arj=01;31:*.taz=01;31:*.lha=01;31:*.lz4=01;31:*.lzh=01;31:*.lzma=01;31:*.tlz=01;31:*.txz=01;31:*.tzo=01;31:*.t7z=01;31:*.zip=01;31:*.z=01;31:*.dz=01;31:*.gz=01;31:*.lrz=01;31:*.lz=01;31:*.lzo=01;31:*.xz=01;31:*.zst=01;31:*.tzst=01;31:*.bz2=01;31:*.bz=01;31:*.tbz=01;31:*.tbz2=01;31:*.tz=01;31:*.deb=01;31:*.rpm=01;31:*.jar=01;31:*.war=01;31:*.ear=01;31:*.sar=01;31:*.rar=01;31:*.alz=01;31:*.ace=01;31:*.zoo=01;31:*.cpio=01;31:*.7z=01;31:*.rz=01;31:*.cab=01;31:*.wim=01;31:*.swm=01;31:*.dwm=01;31:*.esd=01;31:*.jpg=01;35:*.jpeg=01;35:*.mjpg=01;35:*.mjpeg=01;35:*.gif=01;35:*.bmp=01;35:*.pbm=01;35:*.pgm=01;35:*.ppm=01;35:*.tga=01;35:*.xbm=01;35:*.xpm=01;35:*.tif=01;35:*.tiff=01;35:*.png=01;35:*.svg=01;35:*.svgz=01;35:*.mng=01;35:*.pcx=01;35:*.mov=01;35:*.mpg=01;35:*.mpeg=01;35:*.m2v=01;35:*.mkv=01;35:*.webm=01;35:*.webp=01;35:*.ogm=01;35:*.mp4=01;35:*.m4v=01;35:*.mp4v=01;35:*.vob=01;35:*.qt=01;35:*.nuv=01;35:*.wmv=01;35:*.asf=01;35:*.rm=01;35:*.rmvb=01;35:*.flc=01;35:*.avi=01;35:*.fli=01;35:*.flv=01;35:*.gl=01;35:*.dl=01;35:*.xcf=01;35:*.xwd=01;35:*.yuv=01;35:*.cgm=01;35:*.emf=01;35:*.ogv=01;35:*.ogx=01;35:*.aac=00;36:*.au=00;36:*.flac=00;36:*.m4a=00;36:*.mid=00;36:*.midi=00;36:*.mka=00;36:*.mp3=00;36:*.mpc=00;36:*.ogg=00;36:*.ra=00;36:*.wav=00;36:*.oga=00;36:*.opus=00;36:*.spx=00;36:*.xspf=00;36:'), ('VSCODE_GIT_IPC_HANDLE', '/run/user/1000/vscode-git-167d3a068c.sock'), ('TERM_PROGRAM', 'vscode'), ('AMENT_PREFIX_PATH', '/home/joon/mission_hard/mission_hard/install/simulator:/home/joon/mission_hard/mission_hard/install/mission_manager:/home/joon/mission_hard/mission_hard/install/evaluation:/home/joon/mission_hard/mission_hard/install/autonomous_driving:/home/joon/mission_hard/mission_hard/install/ad_msgs:/home/joon/automotive_software_final/install/simulator:/home/joon/automotive_software_final/install/mission_manager:/home/joon/automotive_software_final/install/evaluation:/home/joon/automotive_software_final/install/autonomous_driving:/home/joon/automotive_software_final/install/ad_msgs:/opt/ros/humble'), ('SHELL', '/bin/bash'), ('LESSCLOSE', '/usr/bin/lesspipe %s %s'), ('VSCODE_GIT_ASKPASS_EXTRA_ARGS', ''), ('PWD', '/home/joon/mission_hard/mission_hard/build/ad_msgs'), ('ENABLE_IDE_INTEGRATION', 'true'), ('XDG_DATA_DIRS', '/usr/local/share:/usr/share:/var/lib/snapd/desktop'), ('PYTHONPATH', '/home/joon/mission_hard/mission_hard/install/ad_msgs/local/lib/python3.10/dist-packages:/home/joon/automotive_software_final/install/ad_msgs/local/lib/python3.10/dist-packages:/opt/ros/humble/lib/python3.10/site-packages:/opt/ros/humble/local/lib/python3.10/dist-packages'), ('COLCON', '1'), ('WSL2_GUI_APPS_ENABLED', '1'), ('HOSTTYPE', 'x86_64'), ('CMAKE_PREFIX_PATH', '/home/joon/mission_hard/mission_hard/install/simulator:/home/joon/mission_hard/mission_hard/install/mission_manager:/home/joon/mission_hard/mission_hard/install/evaluation:/home/joon/mission_hard/mission_hard/install/autonomous_driving:/home/joon/mission_hard/mission_hard/install/ad_msgs:/home/joon/automotive_software_final/install/simulator:/home/joon/automotive_software_final/install/mission_manager:/home/joon/automotive_software_final/install/evaluation:/home/joon/automotive_software_final/install/autonomous_driving:/home/joon/automotive_software_final/install/ad_msgs:/opt/ros/humble'), ('WSLENV', 'VSCODE_WSL_EXT_LOCATION/up')]), 'shell': False}
[0.099682] (-) TimerEvent: {}
[0.114190] (ad_msgs) StdoutLine: {'line': b'[  0%] Built target ad_msgs__cpp\n'}
[0.121593] (ad_msgs) StdoutLine: {'line': b'[  5%] Built target ament_cmake_python_symlink_ad_msgs\n'}
[0.123012] (ad_msgs) StdoutLine: {'line': b'[ 12%] Built target ad_msgs__rosidl_generator_c\n'}
[0.143257] (ad_msgs) StdoutLine: {'line': b'[ 24%] Built target ad_msgs__rosidl_typesupport_cpp\n'}
[0.146156] (ad_msgs) StdoutLine: {'line': b'[ 47%] Built target ad_msgs__rosidl_typesupport_introspection_cpp\n'}
[0.146319] (ad_msgs) StdoutLine: {'line': b'[ 47%] Built target ad_msgs__rosidl_typesupport_fastrtps_cpp\n'}
[0.151298] (ad_msgs) StdoutLine: {'line': b'[ 70%] Built target ad_msgs__rosidl_typesupport_c\n'}
[0.152266] (ad_msgs) StdoutLine: {'line': b'[ 75%] Built target ad_msgs__rosidl_typesupport_introspection_c\n'}
[0.152888] (ad_msgs) StdoutLine: {'line': b'[ 82%] Built target ad_msgs__rosidl_typesupport_fastrtps_c\n'}
[0.170736] (ad_msgs) StdoutLine: {'line': b'[ 82%] Built target ad_msgs\n'}
[0.188729] (ad_msgs) StdoutLine: {'line': b'[ 83%] Built target ad_msgs__py\n'}
[0.199810] (-) TimerEvent: {}
[0.213483] (ad_msgs) StdoutLine: {'line': b'[ 94%] Built target ad_msgs__rosidl_generator_py\n'}
[0.235235] (ad_msgs) StdoutLine: {'line': b'[100%] Built target ad_msgs__rosidl_typesupport_introspection_c__pyext\n'}
[0.235469] (ad_msgs) StdoutLine: {'line': b'[100%] Built target ad_msgs__rosidl_typesupport_fastrtps_c__pyext\n'}
[0.235601] (ad_msgs) StdoutLine: {'line': b'[100%] Built target ad_msgs__rosidl_typesupport_c__pyext\n'}
[0.299971] (-) TimerEvent: {}
[0.311035] (ad_msgs) StdoutLine: {'line': b'running egg_info\n'}
[0.311594] (ad_msgs) StdoutLine: {'line': b'writing ad_msgs.egg-info/PKG-INFO\n'}
[0.311927] (ad_msgs) StdoutLine: {'line': b'writing dependency_links to ad_msgs.egg-info/dependency_links.txt\n'}
[0.312066] (ad_msgs) StdoutLine: {'line': b'writing top-level names to ad_msgs.egg-info/top_level.txt\n'}
[0.315265] (ad_msgs) StdoutLine: {'line': b"reading manifest file 'ad_msgs.egg-info/SOURCES.txt'\n"}
[0.316334] (ad_msgs) StdoutLine: {'line': b"writing manifest file 'ad_msgs.egg-info/SOURCES.txt'\n"}
[0.336948] (ad_msgs) StdoutLine: {'line': b'[100%] Built target ament_cmake_python_build_ad_msgs_egg\n'}
[0.346765] (ad_msgs) CommandEnded: {'returncode': 0}
[0.348365] (ad_msgs) JobProgress: {'identifier': 'ad_msgs', 'progress': 'install'}
[0.356569] (ad_msgs) Command: {'cmd': ['/usr/bin/cmake', '--install', '/home/joon/mission_hard/mission_hard/build/ad_msgs'], 'cwd': '/home/joon/mission_hard/mission_hard/build/ad_msgs', 'env': OrderedDict([('PYTHON_BASIC_REPL', '1'), ('LESSOPEN', '| /usr/bin/lesspipe %s'), ('USER', 'joon'), ('GIT_ASKPASS', '/home/joon/.vscode-server/bin/bf9252a2fb45be6893dd8870c0bf37e2e1766d61/extensions/git/dist/askpass.sh'), ('SHLVL', '1'), ('LD_LIBRARY_PATH', '/home/joon/mission_hard/mission_hard/install/ad_msgs/lib:/home/joon/automotive_software_final/install/ad_msgs/lib:/usr/lib/x86_64-linux-gnu/gazebo-11/plugins:/opt/ros/humble/opt/rviz_ogre_vendor/lib:/opt/ros/humble/lib/x86_64-linux-gnu:/opt/ros/humble/lib'), ('MOTD_SHOWN', 'update-motd'), ('HOME', '/home/joon'), ('OLDPWD', '/home/joon/mission_hard'), ('TERM_PROGRAM_VERSION', '1.106.3'), ('VSCODE_IPC_HOOK_CLI', '/run/user/1000/vscode-ipc-720ca6f3-2537-4b04-b3dc-21832d244e7e.sock'), ('ROS_PYTHON_VERSION', '3'), ('VSCODE_GIT_ASKPASS_MAIN', '/home/joon/.vscode-server/bin/bf9252a2fb45be6893dd8870c0bf37e2e1766d61/extensions/git/dist/askpass-main.js'), ('VSCODE_GIT_ASKPASS_NODE', '/home/joon/.vscode-server/bin/bf9252a2fb45be6893dd8870c0bf37e2e1766d61/node'), ('PYDEVD_DISABLE_FILE_VALIDATION', '1'), ('BUNDLED_DEBUGPY_PATH', '/home/joon/.vscode-server/extensions/ms-python.debugpy-2025.16.0-linux-x64/bundled/libs/debugpy'), ('VSCODE_PYTHON_AUTOACTIVATE_GUARD', '1'), ('DBUS_SESSION_BUS_ADDRESS', 'unix:path=/run/user/1000/bus'), ('COLORTERM', 'truecolor'), ('WSL_DISTRO_NAME', 'Ubuntu-22.04'), ('WAYLAND_DISPLAY', 'wayland-0'), ('COLCON_PREFIX_PATH', '/home/joon/mission_hard/mission_hard/install:/home/joon/automotive_software_final/install'), ('ROS_DISTRO', 'humble'), ('LOGNAME', 'joon'), ('NAME', 'Joon'), ('WSL_INTEROP', '/run/WSL/523_interop'), ('PULSE_SERVER', 'unix:/mnt/wslg/PulseServer'), ('_', '/usr/bin/colcon'), ('ROS_VERSION', '2'), ('CLAUDE_CODE_SSE_PORT', '20257'), ('TERM', 'xterm-256color'), ('ROS_LOCALHOST_ONLY', '0'), ('PATH', '/opt/ros/humble/bin:/usr/bin:/usr/bin:/home/joon/.vscode-server/data/User/globalStorage/github.copilot-chat/debugCommand:/home/joon/.vscode-server/data/User/globalStorage/github.copilot-chat/copilotCli:/home/joon/.vscode-server/bin/bf9252a2fb45be6893dd8870c0bf37e2e1766d61/bin/remote-cli:/home/joon/.local/bin:/usr/bin:/usr/bin:/usr/local/sbin:/usr/local/bin:/usr/sbin:/usr/bin:/sbin:/bin:/usr/games:/usr/local/games:/usr/lib/wsl/lib:/mnt/c/WINDOWS/system32:/mnt/c/WINDOWS:/mnt/c/WINDOWS/System32/Wbem:/mnt/c/WINDOWS/System32/WindowsPowerShell/v1.0/:/mnt/c/WINDOWS/System32/OpenSSH/:/mnt/c/Program Files/MATLAB/R2024b/bin:/mnt/c/Program Files/nodejs/:/mnt/c/Program Files/Git/cmd:/mnt/c/Users/ksyj0/AppData/Local/Programs/Python/Python312/Scripts/:/mnt/c/Users/ksyj0/AppData/Local/Programs/Python/Python312/:/mnt/c/Users/ksyj0/AppData/Local/Programs/Python/Launcher/:/mnt/c/Users/ksyj0/AppData/Local/Microsoft/WindowsApps:/mnt/c/Users/ksyj0/AppData/Local/Programs/Microsoft VS Code/bin:/mnt/c/Users/ksyj0/AppData/Roaming/npm:/mnt/c/Users/ksyj0/AppData/Local/SOOP:/mnt/c/Users/ksyj0/AppData/Local/Programs/Kiro/bin:/snap/bin:/home/joon/.vscode-server/extensions/ms-python.debugpy-2025.16.0-linux-x64/bundled/scripts/noConfigScripts'), ('XDG_RUNTIME_DIR', '/run/user/1000/'), ('DISPLAY', ':0'), ('VSCODE_DEBUGPY_ADAPTER_ENDPOINTS', '/home/joon/.vscode-server/extensions/ms-python.debugpy-2025.16.0-linux-x64/.noConfigDebugAdapterEndpoints/endpoint-5f6b0efddf9f6982.txt'), ('LANG', 'en_US.UTF-8'), ('PYTHONSTARTUP', '/home/joon/.vscode-server/data/User/workspaceStorage/6032d0949a26c1de4974618490f207f6-1/ms-python.python/pythonrc.py'), ('LS_COLORS', 'rs=0:di=01;34:ln=01;36:mh=00:pi=40;33:so=01;35:do=01;35:bd=40;33;01:cd=40;33;01:or=40;31;01:mi=00:su=37;41:sg=30;43:ca=30;41:tw=30;42:ow=34;42:st=37;44:ex=01;32:*.tar=01;31:*.tgz=01;31:*.arc=01;31:*.arj=01;31:*.taz=01;31:*.lha=01;31:*.lz4=01;31:*.lzh=01;31:*.lzma=01;31:*.tlz=01;31:*.txz=01;31:*.tzo=01;31:*.t7z=01;31:*.zip=01;31:*.z=01;31:*.dz=01;31:*.gz=01;31:*.lrz=01;31:*.lz=01;31:*.lzo=01;31:*.xz=01;31:*.zst=01;31:*.tzst=01;31:*.bz2=01;31:*.bz=01;31:*.tbz=01;31:*.tbz2=01;31:*.tz=01;31:*.deb=01;31:*.rpm=01;31:*.jar=01;31:*.war=01;31:*.ear=01;31:*.sar=01;31:*.rar=01;31:*.alz=01;31:*.ace=01;31:*.zoo=01;31:*.cpio=01;31:*.7z=01;31:*.rz=01;31:*.cab=01;31:*.wim=01;31:*.swm=01;31:*.dwm=01;31:*.esd=01;31:*.jpg=01;35:*.jpeg=01;35:*.mjpg=01;35:*.mjpeg=01;35:*.gif=01;35:*.bmp=01;35:*.pbm=01;35:*.pgm=01;35:*.ppm=01;35:*.tga=01;35:*.xbm=01;35:*.xpm=01;35:*.tif=01;35:*.tiff=01;35:*.png=01;35:*.svg=01;35:*.svgz=01;35:*.mng=01;35:*.pcx=01;35:*.mov=01;35:*.mpg=01;35:*.mpeg=01;35:*.m2v=01;35:*.mkv=01;35:*.webm=01;35:*.webp=01;35:*.ogm=01;35:*.mp4=01;35:*.m4v=01;35:*.mp4v=01;35:*.vob=01;35:*.qt=01;35:*.nuv=01;35:*.wmv=01;35:*.asf=01;35:*.rm=01;35:*.rmvb=01;35:*.flc=01;35:*.avi=01;35:*.fli=01;35:*.flv=01;35:*.gl=01;35:*.dl=01;35:*.xcf=01;35:*.xwd=01;35:*.yuv=01;35:*.cgm=01;35:*.emf=01;35:*.ogv=01;35:*.ogx=01;35:*.aac=00;36:*.au=00;36:*.flac=00;36:*.m4a=00;36:*.mid=00;36:*.midi=00;36:*.mka=00;36:*.mp3=00;36:*.mpc=00;36:*.ogg=00;36:*.ra=00;36:*.wav=00;36:*.oga=00;36:*.opus=00;36:*.spx=00;36:*.xspf=00;36:'), ('VSCODE_GIT_IPC_HANDLE', '/run/user/1000/vscode-git-167d3a068c.sock'), ('TERM_PROGRAM', 'vscode'), ('AMENT_PREFIX_PATH', '/home/joon/mission_hard/mission_hard/install/simulator:/home/joon/mission_hard/mission_hard/install/mission_manager:/home/joon/mission_hard/mission_hard/install/evaluation:/home/joon/mission_hard/mission_hard/install/autonomous_driving:/home/joon/mission_hard/mission_hard/install/ad_msgs:/home/joon/automotive_software_final/install/simulator:/home/joon/automotive_software_final/install/mission_manager:/home/joon/automotive_software_final/install/evaluation:/home/joon/automotive_software_final/install/autonomous_driving:/home/joon/automotive_software_final/install/ad_msgs:/opt/ros/humble'), ('SHELL', '/bin/bash'), ('LESSCLOSE', '/usr/bin/lesspipe %s %s'), ('VSCODE_GIT_ASKPASS_EXTRA_ARGS', ''), ('PWD', '/home/joon/mission_hard/mission_hard/build/ad_msgs'), ('ENABLE_IDE_INTEGRATION', 'true'), ('XDG_DATA_DIRS', '/usr/local/share:/usr/share:/var/lib/snapd/desktop'), ('PYTHONPATH', '/home/joon/mission_hard/mission_hard/install/ad_msgs/local/lib/python3.10/dist-packages:/home/joon/automotive_software_final/install/ad_msgs/local/lib/python3.10/dist-packages:/opt/ros/humble/lib/python3.10/site-packages:/opt/ros/humble/local/lib/python3.10/dist-packages'), ('COLCON', '1'), ('WSL2_GUI_APPS_ENABLED', '1'), ('HOSTTYPE', 'x86_64'), ('CMAKE_PREFIX_PATH', '/home/joon/mission_hard/mission_hard/install/simulator:/home/joon/mission_hard/mission_hard/install/mission_manager:/home/joon/mission_hard/mission_hard/install/evaluation:/home/joon/mission_hard/mission_hard/install/autonomous_driving:/home/joon/mission_hard/mission_hard/install/ad_msgs:/home/joon/automotive_software_final/install/simulator:/home/joon/automotive_software_final/install/mission_manager:/home/joon/automotive_software_final/install/evaluation:/home/joon/automotive_software_final/install/autonomous_driving:/home/joon/automotive_software_final/install/ad_msgs:/opt/ros/humble'), ('WSLENV', 'VSCODE_WSL_EXT_LOCATION/up')]), 'shell': False}
[0.362857] (ad_msgs) StdoutLine: {'line': b'-- Install configuration: ""\n'}
[0.363878] (ad_msgs) StdoutLine: {'line': b'-- Execute custom install script\n'}
[0.364339] (ad_msgs) StdoutLine: {'line': b'-- Up-to-date symlink: /home/joon/mission_hard/mission_hard/install/ad_msgs/share/ament_index/resource_index/rosidl_interfaces/ad_msgs\n'}
[0.365740] (ad_msgs) StdoutLine: {'line': b'-- Up-to-date symlink: /home/joon/mission_hard/mission_hard/install/ad_msgs/include/ad_msgs/ad_msgs/msg/detail/lane_point_data__functions.h\n'}
[0.366187] (ad_msgs) StdoutLine: {'line': b'-- Up-to-date symlink: /home/joon/mission_hard/mission_hard/install/ad_msgs/include/ad_msgs/ad_msgs/msg/detail/lane_point_data__struct.h\n'}
[0.366499] (ad_msgs) StdoutLine: {'line': b'-- Up-to-date symlink: /home/joon/mission_hard/mission_hard/install/ad_msgs/include/ad_msgs/ad_msgs/msg/detail/lane_point_data__type_support.h\n'}
[0.366769] (ad_msgs) StdoutLine: {'line': b'-- Up-to-date symlink: /home/joon/mission_hard/mission_hard/install/ad_msgs/include/ad_msgs/ad_msgs/msg/detail/lane_point_data_array__functions.h\n'}
[0.366979] (ad_msgs) StdoutLine: {'line': b'-- Up-to-date symlink: /home/joon/mission_hard/mission_hard/install/ad_msgs/include/ad_msgs/ad_msgs/msg/detail/lane_point_data_array__struct.h\n'}
[0.367182] (ad_msgs) StdoutLine: {'line': b'-- Up-to-date symlink: /home/joon/mission_hard/mission_hard/install/ad_msgs/include/ad_msgs/ad_msgs/msg/detail/lane_point_data_array__type_support.h\n'}
[0.367387] (ad_msgs) StdoutLine: {'line': b'-- Up-to-date symlink: /home/joon/mission_hard/mission_hard/install/ad_msgs/include/ad_msgs/ad_msgs/msg/detail/mission__functions.h\n'}
[0.367635] (ad_msgs) StdoutLine: {'line': b'-- Up-to-date symlink: /home/joon/mission_hard/mission_hard/install/ad_msgs/include/ad_msgs/ad_msgs/msg/detail/mission__struct.h\n'}
[0.367842] (ad_msgs) StdoutLine: {'line': b'-- Up-to-date symlink: /home/joon/mission_hard/mission_hard/install/ad_msgs/include/ad_msgs/ad_msgs/msg/detail/mission__type_support.h\n'}
[0.368044] (ad_msgs) StdoutLine: {'line': b'-- Up-to-date symlink: /home/joon/mission_hard/mission_hard/install/ad_msgs/include/ad_msgs/ad_msgs/msg/detail/mission_display__functions.h\n'}
[0.368228] (ad_msgs) StdoutLine: {'line': b'-- Up-to-date symlink: /home/joon/mission_hard/mission_hard/install/ad_msgs/include/ad_msgs/ad_msgs/msg/detail/mission_display__struct.h\n'}
[0.368414] (ad_msgs) StdoutLine: {'line': b'-- Up-to-date symlink: /home/joon/mission_hard/mission_hard/install/ad_msgs/include/ad_msgs/ad_msgs/msg/detail/mission_display__type_support.h\n'}
[0.368721] (ad_msgs) StdoutLine: {'line': b'-- Up-to-date symlink: /home/joon/mission_hard/mission_hard/install/ad_msgs/include/ad_msgs/ad_msgs/msg/detail/mission_object__functions.h\n'}
[0.368973] (ad_msgs) StdoutLine: {'line': b'-- Up-to-date symlink: /home/joon/mission_hard/mission_hard/install/ad_msgs/include/ad_msgs/ad_msgs/msg/detail/mission_object__struct.h\n'}
[0.369231] (ad_msgs) StdoutLine: {'line': b'-- Up-to-date symlink: /home/joon/mission_hard/mission_hard/install/ad_msgs/include/ad_msgs/ad_msgs/msg/detail/mission_object__type_support.h\n'}
[0.369547] (ad_msgs) StdoutLine: {'line': b'-- Up-to-date symlink: /home/joon/mission_hard/mission_hard/install/ad_msgs/include/ad_msgs/ad_msgs/msg/detail/mission_region__functions.h\n'}
[0.369977] (ad_msgs) StdoutLine: {'line': b'-- Up-to-date symlink: /home/joon/mission_hard/mission_hard/install/ad_msgs/include/ad_msgs/ad_msgs/msg/detail/mission_region__struct.h\n'}
[0.370331] (ad_msgs) StdoutLine: {'line': b'-- Up-to-date symlink: /home/joon/mission_hard/mission_hard/install/ad_msgs/include/ad_msgs/ad_msgs/msg/detail/mission_region__type_support.h\n'}
[0.370757] (ad_msgs) StdoutLine: {'line': b'-- Up-to-date symlink: /home/joon/mission_hard/mission_hard/install/ad_msgs/include/ad_msgs/ad_msgs/msg/detail/polyfit_lane_data__functions.h\n'}
[0.370988] (ad_msgs) StdoutLine: {'line': b'-- Up-to-date symlink: /home/joon/mission_hard/mission_hard/install/ad_msgs/include/ad_msgs/ad_msgs/msg/detail/polyfit_lane_data__struct.h\n'}
[0.371279] (ad_msgs) StdoutLine: {'line': b'-- Up-to-date symlink: /home/joon/mission_hard/mission_hard/install/ad_msgs/include/ad_msgs/ad_msgs/msg/detail/polyfit_lane_data__type_support.h\n'}
[0.371497] (ad_msgs) StdoutLine: {'line': b'-- Up-to-date symlink: /home/joon/mission_hard/mission_hard/install/ad_msgs/include/ad_msgs/ad_msgs/msg/detail/polyfit_lane_data_array__functions.h\n'}
[0.371697] (ad_msgs) StdoutLine: {'line': b'-- Up-to-date symlink: /home/joon/mission_hard/mission_hard/install/ad_msgs/include/ad_msgs/ad_msgs/msg/detail/polyfit_lane_data_array__struct.h\n'}
[0.371893] (ad_msgs) StdoutLine: {'line': b'-- Up-to-date symlink: /home/joon/mission_hard/mission_hard/install/ad_msgs/include/ad_msgs/ad_msgs/msg/detail/polyfit_lane_data_array__type_support.h\n'}
[0.372088] (ad_msgs) StdoutLine: {'line': b'-- Up-to-date symlink: /home/joon/mission_hard/mission_hard/install/ad_msgs/include/ad_msgs/ad_msgs/msg/detail/vehicle_command__functions.h\n'}
[0.372280] (ad_msgs) StdoutLine: {'line': b'-- Up-to-date symlink: /home/joon/mission_hard/mission_hard/install/ad_msgs/include/ad_msgs/ad_msgs/msg/detail/vehicle_command__struct.h\n'}
[0.372482] (ad_msgs) StdoutLine: {'line': b'-- Up-to-date symlink: /home/joon/mission_hard/mission_hard/install/ad_msgs/include/ad_msgs/ad_msgs/msg/detail/vehicle_command__type_support.h\n'}
[0.372716] (ad_msgs) StdoutLine: {'line': b'-- Up-to-date symlink: /home/joon/mission_hard/mission_hard/install/ad_msgs/include/ad_msgs/ad_msgs/msg/detail/vehicle_state__functions.h\n'}
[0.372918] (ad_msgs) StdoutLine: {'line': b'-- Up-to-date symlink: /home/joon/mission_hard/mission_hard/install/ad_msgs/include/ad_msgs/ad_msgs/msg/detail/vehicle_state__struct.h\n'}
[0.373121] (ad_msgs) StdoutLine: {'line': b'-- Up-to-date symlink: /home/joon/mission_hard/mission_hard/install/ad_msgs/include/ad_msgs/ad_msgs/msg/detail/vehicle_state__type_support.h\n'}
[0.373319] (ad_msgs) StdoutLine: {'line': b'-- Up-to-date symlink: /home/joon/mission_hard/mission_hard/install/ad_msgs/include/ad_msgs/ad_msgs/msg/lane_point_data.h\n'}
[0.373516] (ad_msgs) StdoutLine: {'line': b'-- Up-to-date symlink: /home/joon/mission_hard/mission_hard/install/ad_msgs/include/ad_msgs/ad_msgs/msg/lane_point_data_array.h\n'}
[0.373715] (ad_msgs) StdoutLine: {'line': b'-- Up-to-date symlink: /home/joon/mission_hard/mission_hard/install/ad_msgs/include/ad_msgs/ad_msgs/msg/mission.h\n'}
[0.373913] (ad_msgs) StdoutLine: {'line': b'-- Up-to-date symlink: /home/joon/mission_hard/mission_hard/install/ad_msgs/include/ad_msgs/ad_msgs/msg/mission_display.h\n'}
[0.374391] (ad_msgs) StdoutLine: {'line': b'-- Up-to-date symlink: /home/joon/mission_hard/mission_hard/install/ad_msgs/include/ad_msgs/ad_msgs/msg/mission_object.h\n'}
[0.374606] (ad_msgs) StdoutLine: {'line': b'-- Up-to-date symlink: /home/joon/mission_hard/mission_hard/install/ad_msgs/include/ad_msgs/ad_msgs/msg/mission_region.h\n'}
[0.374843] (ad_msgs) StdoutLine: {'line': b'-- Up-to-date symlink: /home/joon/mission_hard/mission_hard/install/ad_msgs/include/ad_msgs/ad_msgs/msg/polyfit_lane_data.h\n'}
[0.375040] (ad_msgs) StdoutLine: {'line': b'-- Up-to-date symlink: /home/joon/mission_hard/mission_hard/install/ad_msgs/include/ad_msgs/ad_msgs/msg/polyfit_lane_data_array.h\n'}
[0.375321] (ad_msgs) StdoutLine: {'line': b'-- Up-to-date symlink: /home/joon/mission_hard/mission_hard/install/ad_msgs/include/ad_msgs/ad_msgs/msg/rosidl_generator_c__visibility_control.h\n'}
[0.375543] (ad_msgs) StdoutLine: {'line': b'-- Up-to-date symlink: /home/joon/mission_hard/mission_hard/install/ad_msgs/include/ad_msgs/ad_msgs/msg/vehicle_command.h\n'}
[0.375885] (ad_msgs) StdoutLine: {'line': b'-- Up-to-date symlink: /home/joon/mission_hard/mission_hard/install/ad_msgs/include/ad_msgs/ad_msgs/msg/vehicle_state.h\n'}
[0.376213] (ad_msgs) StdoutLine: {'line': b'-- Up-to-date symlink: /home/joon/mission_hard/mission_hard/install/ad_msgs/share/ad_msgs/environment/library_path.sh\n'}
[0.376483] (ad_msgs) StdoutLine: {'line': b'-- Up-to-date symlink: /home/joon/mission_hard/mission_hard/install/ad_msgs/share/ad_msgs/environment/library_path.dsv\n'}
[0.377976] (ad_msgs) StdoutLine: {'line': b'-- Up-to-date symlink: /home/joon/mission_hard/mission_hard/install/ad_msgs/include/ad_msgs/ad_msgs/msg/detail/lane_point_data__rosidl_typesupport_fastrtps_c.h\n'}
[0.378226] (ad_msgs) StdoutLine: {'line': b'-- Up-to-date symlink: /home/joon/mission_hard/mission_hard/install/ad_msgs/include/ad_msgs/ad_msgs/msg/detail/lane_point_data_array__rosidl_typesupport_fastrtps_c.h\n'}
[0.378519] (ad_msgs) StdoutLine: {'line': b'-- Up-to-date symlink: /home/joon/mission_hard/mission_hard/install/ad_msgs/include/ad_msgs/ad_msgs/msg/detail/mission__rosidl_typesupport_fastrtps_c.h\n'}
[0.378972] (ad_msgs) StdoutLine: {'line': b'-- Up-to-date symlink: /home/joon/mission_hard/mission_hard/install/ad_msgs/include/ad_msgs/ad_msgs/msg/detail/mission_display__rosidl_typesupport_fastrtps_c.h\n'}
[0.379192] (ad_msgs) StdoutLine: {'line': b'-- Up-to-date symlink: /home/joon/mission_hard/mission_hard/install/ad_msgs/include/ad_msgs/ad_msgs/msg/detail/mission_object__rosidl_typesupport_fastrtps_c.h\n'}
[0.379510] (ad_msgs) StdoutLine: {'line': b'-- Up-to-date symlink: /home/joon/mission_hard/mission_hard/install/ad_msgs/include/ad_msgs/ad_msgs/msg/detail/mission_region__rosidl_typesupport_fastrtps_c.h\n'}
[0.379753] (ad_msgs) StdoutLine: {'line': b'-- Up-to-date symlink: /home/joon/mission_hard/mission_hard/install/ad_msgs/include/ad_msgs/ad_msgs/msg/detail/polyfit_lane_data__rosidl_typesupport_fastrtps_c.h\n'}
[0.380098] (ad_msgs) StdoutLine: {'line': b'-- Up-to-date symlink: /home/joon/mission_hard/mission_hard/install/ad_msgs/include/ad_msgs/ad_msgs/msg/detail/polyfit_lane_data_array__rosidl_typesupport_fastrtps_c.h\n'}
[0.380331] (ad_msgs) StdoutLine: {'line': b'-- Up-to-date symlink: /home/joon/mission_hard/mission_hard/install/ad_msgs/include/ad_msgs/ad_msgs/msg/detail/vehicle_command__rosidl_typesupport_fastrtps_c.h\n'}
[0.380679] (ad_msgs) StdoutLine: {'line': b'-- Up-to-date symlink: /home/joon/mission_hard/mission_hard/install/ad_msgs/include/ad_msgs/ad_msgs/msg/detail/vehicle_state__rosidl_typesupport_fastrtps_c.h\n'}
[0.380985] (ad_msgs) StdoutLine: {'line': b'-- Up-to-date symlink: /home/joon/mission_hard/mission_hard/install/ad_msgs/include/ad_msgs/ad_msgs/msg/rosidl_typesupport_fastrtps_c__visibility_control.h\n'}
[0.382083] (ad_msgs) StdoutLine: {'line': b'-- Up-to-date symlink: /home/joon/mission_hard/mission_hard/install/ad_msgs/include/ad_msgs/ad_msgs/msg/detail/lane_point_data__rosidl_typesupport_introspection_c.h\n'}
[0.382244] (ad_msgs) StdoutLine: {'line': b'-- Up-to-date symlink: /home/joon/mission_hard/mission_hard/install/ad_msgs/include/ad_msgs/ad_msgs/msg/detail/lane_point_data_array__rosidl_typesupport_introspection_c.h\n'}
[0.382516] (ad_msgs) StdoutLine: {'line': b'-- Up-to-date symlink: /home/joon/mission_hard/mission_hard/install/ad_msgs/include/ad_msgs/ad_msgs/msg/detail/mission__rosidl_typesupport_introspection_c.h\n'}
[0.382820] (ad_msgs) StdoutLine: {'line': b'-- Up-to-date symlink: /home/joon/mission_hard/mission_hard/install/ad_msgs/include/ad_msgs/ad_msgs/msg/detail/mission_display__rosidl_typesupport_introspection_c.h\n'}
[0.383215] (ad_msgs) StdoutLine: {'line': b'-- Up-to-date symlink: /home/joon/mission_hard/mission_hard/install/ad_msgs/include/ad_msgs/ad_msgs/msg/detail/mission_object__rosidl_typesupport_introspection_c.h\n'}
[0.383511] (ad_msgs) StdoutLine: {'line': b'-- Up-to-date symlink: /home/joon/mission_hard/mission_hard/install/ad_msgs/include/ad_msgs/ad_msgs/msg/detail/mission_region__rosidl_typesupport_introspection_c.h\n'}
[0.383752] (ad_msgs) StdoutLine: {'line': b'-- Up-to-date symlink: /home/joon/mission_hard/mission_hard/install/ad_msgs/include/ad_msgs/ad_msgs/msg/detail/polyfit_lane_data__rosidl_typesupport_introspection_c.h\n'}
[0.383995] (ad_msgs) StdoutLine: {'line': b'-- Up-to-date symlink: /home/joon/mission_hard/mission_hard/install/ad_msgs/include/ad_msgs/ad_msgs/msg/detail/polyfit_lane_data_array__rosidl_typesupport_introspection_c.h\n'}
[0.384211] (ad_msgs) StdoutLine: {'line': b'-- Up-to-date symlink: /home/joon/mission_hard/mission_hard/install/ad_msgs/include/ad_msgs/ad_msgs/msg/detail/vehicle_command__rosidl_typesupport_introspection_c.h\n'}
[0.384420] (ad_msgs) StdoutLine: {'line': b'-- Up-to-date symlink: /home/joon/mission_hard/mission_hard/install/ad_msgs/include/ad_msgs/ad_msgs/msg/detail/vehicle_state__rosidl_typesupport_introspection_c.h\n'}
[0.384654] (ad_msgs) StdoutLine: {'line': b'-- Up-to-date symlink: /home/joon/mission_hard/mission_hard/install/ad_msgs/include/ad_msgs/ad_msgs/msg/rosidl_typesupport_introspection_c__visibility_control.h\n'}
[0.386056] (ad_msgs) StdoutLine: {'line': b'-- Up-to-date symlink: /home/joon/mission_hard/mission_hard/install/ad_msgs/include/ad_msgs/ad_msgs/msg/detail/lane_point_data__builder.hpp\n'}
[0.386281] (ad_msgs) StdoutLine: {'line': b'-- Up-to-date symlink: /home/joon/mission_hard/mission_hard/install/ad_msgs/include/ad_msgs/ad_msgs/msg/detail/lane_point_data__struct.hpp\n'}
[0.386537] (ad_msgs) StdoutLine: {'line': b'-- Up-to-date symlink: /home/joon/mission_hard/mission_hard/install/ad_msgs/include/ad_msgs/ad_msgs/msg/detail/lane_point_data__traits.hpp\n'}
[0.386755] (ad_msgs) StdoutLine: {'line': b'-- Up-to-date symlink: /home/joon/mission_hard/mission_hard/install/ad_msgs/include/ad_msgs/ad_msgs/msg/detail/lane_point_data__type_support.hpp\n'}
[0.386963] (ad_msgs) StdoutLine: {'line': b'-- Up-to-date symlink: /home/joon/mission_hard/mission_hard/install/ad_msgs/include/ad_msgs/ad_msgs/msg/detail/lane_point_data_array__builder.hpp\n'}
[0.387214] (ad_msgs) StdoutLine: {'line': b'-- Up-to-date symlink: /home/joon/mission_hard/mission_hard/install/ad_msgs/include/ad_msgs/ad_msgs/msg/detail/lane_point_data_array__struct.hpp\n'}
[0.387422] (ad_msgs) StdoutLine: {'line': b'-- Up-to-date symlink: /home/joon/mission_hard/mission_hard/install/ad_msgs/include/ad_msgs/ad_msgs/msg/detail/lane_point_data_array__traits.hpp\n'}
[0.387665] (ad_msgs) StdoutLine: {'line': b'-- Up-to-date symlink: /home/joon/mission_hard/mission_hard/install/ad_msgs/include/ad_msgs/ad_msgs/msg/detail/lane_point_data_array__type_support.hpp\n'}
[0.387876] (ad_msgs) StdoutLine: {'line': b'-- Up-to-date symlink: /home/joon/mission_hard/mission_hard/install/ad_msgs/include/ad_msgs/ad_msgs/msg/detail/mission__builder.hpp\n'}
[0.388091] (ad_msgs) StdoutLine: {'line': b'-- Up-to-date symlink: /home/joon/mission_hard/mission_hard/install/ad_msgs/include/ad_msgs/ad_msgs/msg/detail/mission__struct.hpp\n'}
[0.388305] (ad_msgs) StdoutLine: {'line': b'-- Up-to-date symlink: /home/joon/mission_hard/mission_hard/install/ad_msgs/include/ad_msgs/ad_msgs/msg/detail/mission__traits.hpp\n'}
[0.388516] (ad_msgs) StdoutLine: {'line': b'-- Up-to-date symlink: /home/joon/mission_hard/mission_hard/install/ad_msgs/include/ad_msgs/ad_msgs/msg/detail/mission__type_support.hpp\n'}
[0.388752] (ad_msgs) StdoutLine: {'line': b'-- Up-to-date symlink: /home/joon/mission_hard/mission_hard/install/ad_msgs/include/ad_msgs/ad_msgs/msg/detail/mission_display__builder.hpp\n'}
[0.388960] (ad_msgs) StdoutLine: {'line': b'-- Up-to-date symlink: /home/joon/mission_hard/mission_hard/install/ad_msgs/include/ad_msgs/ad_msgs/msg/detail/mission_display__struct.hpp\n'}
[0.389235] (ad_msgs) StdoutLine: {'line': b'-- Up-to-date symlink: /home/joon/mission_hard/mission_hard/install/ad_msgs/include/ad_msgs/ad_msgs/msg/detail/mission_display__traits.hpp\n'}
[0.389413] (ad_msgs) StdoutLine: {'line': b'-- Up-to-date symlink: /home/joon/mission_hard/mission_hard/install/ad_msgs/include/ad_msgs/ad_msgs/msg/detail/mission_display__type_support.hpp\n'}
[0.389831] (ad_msgs) StdoutLine: {'line': b'-- Up-to-date symlink: /home/joon/mission_hard/mission_hard/install/ad_msgs/include/ad_msgs/ad_msgs/msg/detail/mission_object__builder.hpp\n'}
[0.390375] (ad_msgs) StdoutLine: {'line': b'-- Up-to-date symlink: /home/joon/mission_hard/mission_hard/install/ad_msgs/include/ad_msgs/ad_msgs/msg/detail/mission_object__struct.hpp\n'}
[0.390616] (ad_msgs) StdoutLine: {'line': b'-- Up-to-date symlink: /home/joon/mission_hard/mission_hard/install/ad_msgs/include/ad_msgs/ad_msgs/msg/detail/mission_object__traits.hpp\n'}
[0.390923] (ad_msgs) StdoutLine: {'line': b'-- Up-to-date symlink: /home/joon/mission_hard/mission_hard/install/ad_msgs/include/ad_msgs/ad_msgs/msg/detail/mission_object__type_support.hpp\n'}
[0.391150] (ad_msgs) StdoutLine: {'line': b'-- Up-to-date symlink: /home/joon/mission_hard/mission_hard/install/ad_msgs/include/ad_msgs/ad_msgs/msg/detail/mission_region__builder.hpp\n'}
[0.391348] (ad_msgs) StdoutLine: {'line': b'-- Up-to-date symlink: /home/joon/mission_hard/mission_hard/install/ad_msgs/include/ad_msgs/ad_msgs/msg/detail/mission_region__struct.hpp\n'}
[0.391540] (ad_msgs) StdoutLine: {'line': b'-- Up-to-date symlink: /home/joon/mission_hard/mission_hard/install/ad_msgs/include/ad_msgs/ad_msgs/msg/detail/mission_region__traits.hpp\n'}
[0.391734] (ad_msgs) StdoutLine: {'line': b'-- Up-to-date symlink: /home/joon/mission_hard/mission_hard/install/ad_msgs/include/ad_msgs/ad_msgs/msg/detail/mission_region__type_support.hpp\n'}
[0.391928] (ad_msgs) StdoutLine: {'line': b'-- Up-to-date symlink: /home/joon/mission_hard/mission_hard/install/ad_msgs/include/ad_msgs/ad_msgs/msg/detail/polyfit_lane_data__builder.hpp\n'}
[0.392120] (ad_msgs) StdoutLine: {'line': b'-- Up-to-date symlink: /home/joon/mission_hard/mission_hard/install/ad_msgs/include/ad_msgs/ad_msgs/msg/detail/polyfit_lane_data__struct.hpp\n'}
[0.392313] (ad_msgs) StdoutLine: {'line': b'-- Up-to-date symlink: /home/joon/mission_hard/mission_hard/install/ad_msgs/include/ad_msgs/ad_msgs/msg/detail/polyfit_lane_data__traits.hpp\n'}
[0.392625] (ad_msgs) StdoutLine: {'line': b'-- Up-to-date symlink: /home/joon/mission_hard/mission_hard/install/ad_msgs/include/ad_msgs/ad_msgs/msg/detail/polyfit_lane_data__type_support.hpp\n'}
[0.392941] (ad_msgs) StdoutLine: {'line': b'-- Up-to-date symlink: /home/joon/mission_hard/mission_hard/install/ad_msgs/include/ad_msgs/ad_msgs/msg/detail/polyfit_lane_data_array__builder.hpp\n'}
[0.393207] (ad_msgs) StdoutLine: {'line': b'-- Up-to-date symlink: /home/joon/mission_hard/mission_hard/install/ad_msgs/include/ad_msgs/ad_msgs/msg/detail/polyfit_lane_data_array__struct.hpp\n'}
[0.393449] (ad_msgs) StdoutLine: {'line': b'-- Up-to-date symlink: /home/joon/mission_hard/mission_hard/install/ad_msgs/include/ad_msgs/ad_msgs/msg/detail/polyfit_lane_data_array__traits.hpp\n'}
[0.393740] (ad_msgs) StdoutLine: {'line': b'-- Up-to-date symlink: /home/joon/mission_hard/mission_hard/install/ad_msgs/include/ad_msgs/ad_msgs/msg/detail/polyfit_lane_data_array__type_support.hpp\n'}
[0.394075] (ad_msgs) StdoutLine: {'line': b'-- Up-to-date symlink: /home/joon/mission_hard/mission_hard/install/ad_msgs/include/ad_msgs/ad_msgs/msg/detail/vehicle_command__builder.hpp\n'}
[0.394321] (ad_msgs) StdoutLine: {'line': b'-- Up-to-date symlink: /home/joon/mission_hard/mission_hard/install/ad_msgs/include/ad_msgs/ad_msgs/msg/detail/vehicle_command__struct.hpp\n'}
[0.394567] (ad_msgs) StdoutLine: {'line': b'-- Up-to-date symlink: /home/joon/mission_hard/mission_hard/install/ad_msgs/include/ad_msgs/ad_msgs/msg/detail/vehicle_command__traits.hpp\n'}
[0.394780] (ad_msgs) StdoutLine: {'line': b'-- Up-to-date symlink: /home/joon/mission_hard/mission_hard/install/ad_msgs/include/ad_msgs/ad_msgs/msg/detail/vehicle_command__type_support.hpp\n'}
[0.395127] (ad_msgs) StdoutLine: {'line': b'-- Up-to-date symlink: /home/joon/mission_hard/mission_hard/install/ad_msgs/include/ad_msgs/ad_msgs/msg/detail/vehicle_state__builder.hpp\n'}
[0.395342] (ad_msgs) StdoutLine: {'line': b'-- Up-to-date symlink: /home/joon/mission_hard/mission_hard/install/ad_msgs/include/ad_msgs/ad_msgs/msg/detail/vehicle_state__struct.hpp\n'}
[0.395594] (ad_msgs) StdoutLine: {'line': b'-- Up-to-date symlink: /home/joon/mission_hard/mission_hard/install/ad_msgs/include/ad_msgs/ad_msgs/msg/detail/vehicle_state__traits.hpp\n'}
[0.395818] (ad_msgs) StdoutLine: {'line': b'-- Up-to-date symlink: /home/joon/mission_hard/mission_hard/install/ad_msgs/include/ad_msgs/ad_msgs/msg/detail/vehicle_state__type_support.hpp\n'}
[0.396090] (ad_msgs) StdoutLine: {'line': b'-- Up-to-date symlink: /home/joon/mission_hard/mission_hard/install/ad_msgs/include/ad_msgs/ad_msgs/msg/lane_point_data.hpp\n'}
[0.396438] (ad_msgs) StdoutLine: {'line': b'-- Up-to-date symlink: /home/joon/mission_hard/mission_hard/install/ad_msgs/include/ad_msgs/ad_msgs/msg/lane_point_data_array.hpp\n'}
[0.396881] (ad_msgs) StdoutLine: {'line': b'-- Up-to-date symlink: /home/joon/mission_hard/mission_hard/install/ad_msgs/include/ad_msgs/ad_msgs/msg/mission.hpp\n'}
[0.397155] (ad_msgs) StdoutLine: {'line': b'-- Up-to-date symlink: /home/joon/mission_hard/mission_hard/install/ad_msgs/include/ad_msgs/ad_msgs/msg/mission_display.hpp\n'}
[0.397384] (ad_msgs) StdoutLine: {'line': b'-- Up-to-date symlink: /home/joon/mission_hard/mission_hard/install/ad_msgs/include/ad_msgs/ad_msgs/msg/mission_object.hpp\n'}
[0.397622] (ad_msgs) StdoutLine: {'line': b'-- Up-to-date symlink: /home/joon/mission_hard/mission_hard/install/ad_msgs/include/ad_msgs/ad_msgs/msg/mission_region.hpp\n'}
[0.397879] (ad_msgs) StdoutLine: {'line': b'-- Up-to-date symlink: /home/joon/mission_hard/mission_hard/install/ad_msgs/include/ad_msgs/ad_msgs/msg/polyfit_lane_data.hpp\n'}
[0.398223] (ad_msgs) StdoutLine: {'line': b'-- Up-to-date symlink: /home/joon/mission_hard/mission_hard/install/ad_msgs/include/ad_msgs/ad_msgs/msg/polyfit_lane_data_array.hpp\n'}
[0.398442] (ad_msgs) StdoutLine: {'line': b'-- Up-to-date symlink: /home/joon/mission_hard/mission_hard/install/ad_msgs/include/ad_msgs/ad_msgs/msg/rosidl_generator_cpp__visibility_control.hpp\n'}
[0.398658] (ad_msgs) StdoutLine: {'line': b'-- Up-to-date symlink: /home/joon/mission_hard/mission_hard/install/ad_msgs/include/ad_msgs/ad_msgs/msg/vehicle_command.hpp\n'}
[0.398862] (ad_msgs) StdoutLine: {'line': b'-- Up-to-date symlink: /home/joon/mission_hard/mission_hard/install/ad_msgs/include/ad_msgs/ad_msgs/msg/vehicle_state.hpp\n'}
[0.400038] (ad_msgs) StdoutLine: {'line': b'-- Up-to-date symlink: /home/joon/mission_hard/mission_hard/install/ad_msgs/include/ad_msgs/ad_msgs/msg/detail/lane_point_data__rosidl_typesupport_fastrtps_cpp.hpp\n'}
[0.400096] (-) TimerEvent: {}
[0.400281] (ad_msgs) StdoutLine: {'line': b'-- Up-to-date symlink: /home/joon/mission_hard/mission_hard/install/ad_msgs/include/ad_msgs/ad_msgs/msg/detail/lane_point_data_array__rosidl_typesupport_fastrtps_cpp.hpp\n'}
[0.400533] (ad_msgs) StdoutLine: {'line': b'-- Up-to-date symlink: /home/joon/mission_hard/mission_hard/install/ad_msgs/include/ad_msgs/ad_msgs/msg/detail/mission__rosidl_typesupport_fastrtps_cpp.hpp\n'}
[0.400761] (ad_msgs) StdoutLine: {'line': b'-- Up-to-date symlink: /home/joon/mission_hard/mission_hard/install/ad_msgs/include/ad_msgs/ad_msgs/msg/detail/mission_display__rosidl_typesupport_fastrtps_cpp.hpp\n'}
[0.400983] (ad_msgs) StdoutLine: {'line': b'-- Up-to-date symlink: /home/joon/mission_hard/mission_hard/install/ad_msgs/include/ad_msgs/ad_msgs/msg/detail/mission_object__rosidl_typesupport_fastrtps_cpp.hpp\n'}
[0.401197] (ad_msgs) StdoutLine: {'line': b'-- Up-to-date symlink: /home/joon/mission_hard/mission_hard/install/ad_msgs/include/ad_msgs/ad_msgs/msg/detail/mission_region__rosidl_typesupport_fastrtps_cpp.hpp\n'}
[0.401381] (ad_msgs) StdoutLine: {'line': b'-- Up-to-date symlink: /home/joon/mission_hard/mission_hard/install/ad_msgs/include/ad_msgs/ad_msgs/msg/detail/polyfit_lane_data__rosidl_typesupport_fastrtps_cpp.hpp\n'}
[0.401624] (ad_msgs) StdoutLine: {'line': b'-- Up-to-date symlink: /home/joon/mission_hard/mission_hard/install/ad_msgs/include/ad_msgs/ad_msgs/msg/detail/polyfit_lane_data_array__rosidl_typesupport_fastrtps_cpp.hpp\n'}
[0.401814] (ad_msgs) StdoutLine: {'line': b'-- Up-to-date symlink: /home/joon/mission_hard/mission_hard/install/ad_msgs/include/ad_msgs/ad_msgs/msg/detail/vehicle_command__rosidl_typesupport_fastrtps_cpp.hpp\n'}
[0.402011] (ad_msgs) StdoutLine: {'line': b'-- Up-to-date symlink: /home/joon/mission_hard/mission_hard/install/ad_msgs/include/ad_msgs/ad_msgs/msg/detail/vehicle_state__rosidl_typesupport_fastrtps_cpp.hpp\n'}
[0.402235] (ad_msgs) StdoutLine: {'line': b'-- Up-to-date symlink: /home/joon/mission_hard/mission_hard/install/ad_msgs/include/ad_msgs/ad_msgs/msg/rosidl_typesupport_fastrtps_cpp__visibility_control.h\n'}
[0.403120] (ad_msgs) StdoutLine: {'line': b'-- Up-to-date symlink: /home/joon/mission_hard/mission_hard/install/ad_msgs/include/ad_msgs/ad_msgs/msg/detail/lane_point_data__rosidl_typesupport_introspection_cpp.hpp\n'}
[0.403210] (ad_msgs) StdoutLine: {'line': b'-- Up-to-date symlink: /home/joon/mission_hard/mission_hard/install/ad_msgs/include/ad_msgs/ad_msgs/msg/detail/lane_point_data_array__rosidl_typesupport_introspection_cpp.hpp\n'}
[0.403408] (ad_msgs) StdoutLine: {'line': b'-- Up-to-date symlink: /home/joon/mission_hard/mission_hard/install/ad_msgs/include/ad_msgs/ad_msgs/msg/detail/mission__rosidl_typesupport_introspection_cpp.hpp\n'}
[0.403579] (ad_msgs) StdoutLine: {'line': b'-- Up-to-date symlink: /home/joon/mission_hard/mission_hard/install/ad_msgs/include/ad_msgs/ad_msgs/msg/detail/mission_display__rosidl_typesupport_introspection_cpp.hpp\n'}
[0.403738] (ad_msgs) StdoutLine: {'line': b'-- Up-to-date symlink: /home/joon/mission_hard/mission_hard/install/ad_msgs/include/ad_msgs/ad_msgs/msg/detail/mission_object__rosidl_typesupport_introspection_cpp.hpp\n'}
[0.403923] (ad_msgs) StdoutLine: {'line': b'-- Up-to-date symlink: /home/joon/mission_hard/mission_hard/install/ad_msgs/include/ad_msgs/ad_msgs/msg/detail/mission_region__rosidl_typesupport_introspection_cpp.hpp\n'}
[0.404121] (ad_msgs) StdoutLine: {'line': b'-- Up-to-date symlink: /home/joon/mission_hard/mission_hard/install/ad_msgs/include/ad_msgs/ad_msgs/msg/detail/polyfit_lane_data__rosidl_typesupport_introspection_cpp.hpp\n'}
[0.404346] (ad_msgs) StdoutLine: {'line': b'-- Up-to-date symlink: /home/joon/mission_hard/mission_hard/install/ad_msgs/include/ad_msgs/ad_msgs/msg/detail/polyfit_lane_data_array__rosidl_typesupport_introspection_cpp.hpp\n'}
[0.404538] (ad_msgs) StdoutLine: {'line': b'-- Up-to-date symlink: /home/joon/mission_hard/mission_hard/install/ad_msgs/include/ad_msgs/ad_msgs/msg/detail/vehicle_command__rosidl_typesupport_introspection_cpp.hpp\n'}
[0.404732] (ad_msgs) StdoutLine: {'line': b'-- Up-to-date symlink: /home/joon/mission_hard/mission_hard/install/ad_msgs/include/ad_msgs/ad_msgs/msg/detail/vehicle_state__rosidl_typesupport_introspection_cpp.hpp\n'}
[0.405007] (ad_msgs) StdoutLine: {'line': b'-- Up-to-date symlink: /home/joon/mission_hard/mission_hard/install/ad_msgs/share/ad_msgs/environment/pythonpath.sh\n'}
[0.405232] (ad_msgs) StdoutLine: {'line': b'-- Up-to-date symlink: /home/joon/mission_hard/mission_hard/install/ad_msgs/share/ad_msgs/environment/pythonpath.dsv\n'}
[0.405438] (ad_msgs) StdoutLine: {'line': b'-- Up-to-date symlink: /home/joon/mission_hard/mission_hard/install/ad_msgs/local/lib/python3.10/dist-packages/ad_msgs-0.0.0-py3.10.egg-info/PKG-INFO\n'}
[0.405686] (ad_msgs) StdoutLine: {'line': b'-- Up-to-date symlink: /home/joon/mission_hard/mission_hard/install/ad_msgs/local/lib/python3.10/dist-packages/ad_msgs-0.0.0-py3.10.egg-info/SOURCES.txt\n'}
[0.406082] (ad_msgs) StdoutLine: {'line': b'-- Up-to-date symlink: /home/joon/mission_hard/mission_hard/install/ad_msgs/local/lib/python3.10/dist-packages/ad_msgs-0.0.0-py3.10.egg-info/dependency_links.txt\n'}
[0.406274] (ad_msgs) StdoutLine: {'line': b'-- Up-to-date symlink: /home/joon/mission_hard/mission_hard/install/ad_msgs/local/lib/python3.10/dist-packages/ad_msgs-0.0.0-py3.10.egg-info/top_level.txt\n'}
[0.407002] (ad_msgs) StdoutLine: {'line': b'-- Up-to-date symlink: /home/joon/mission_hard/mission_hard/install/ad_msgs/local/lib/python3.10/dist-packages/ad_msgs/__init__.py\n'}
[0.407395] (ad_msgs) StdoutLine: {'line': b'-- Up-to-date symlink: /home/joon/mission_hard/mission_hard/install/ad_msgs/local/lib/python3.10/dist-packages/ad_msgs/_ad_msgs_s.ep.rosidl_typesupport_c.c\n'}
[0.407685] (ad_msgs) StdoutLine: {'line': b'-- Up-to-date symlink: /home/joon/mission_hard/mission_hard/install/ad_msgs/local/lib/python3.10/dist-packages/ad_msgs/_ad_msgs_s.ep.rosidl_typesupport_fastrtps_c.c\n'}
[0.407958] (ad_msgs) StdoutLine: {'line': b'-- Up-to-date symlink: /home/joon/mission_hard/mission_hard/install/ad_msgs/local/lib/python3.10/dist-packages/ad_msgs/_ad_msgs_s.ep.rosidl_typesupport_introspection_c.c\n'}
[0.408346] (ad_msgs) StdoutLine: {'line': b'-- Up-to-date symlink: /home/joon/mission_hard/mission_hard/install/ad_msgs/local/lib/python3.10/dist-packages/ad_msgs/ad_msgs_s__rosidl_typesupport_c.cpython-310-x86_64-linux-gnu.so\n'}
[0.408650] (ad_msgs) StdoutLine: {'line': b'-- Up-to-date symlink: /home/joon/mission_hard/mission_hard/install/ad_msgs/local/lib/python3.10/dist-packages/ad_msgs/ad_msgs_s__rosidl_typesupport_fastrtps_c.cpython-310-x86_64-linux-gnu.so\n'}
[0.408928] (ad_msgs) StdoutLine: {'line': b'-- Up-to-date symlink: /home/joon/mission_hard/mission_hard/install/ad_msgs/local/lib/python3.10/dist-packages/ad_msgs/ad_msgs_s__rosidl_typesupport_introspection_c.cpython-310-x86_64-linux-gnu.so\n'}
[0.409135] (ad_msgs) StdoutLine: {'line': b'-- Up-to-date symlink: /home/joon/mission_hard/mission_hard/install/ad_msgs/local/lib/python3.10/dist-packages/ad_msgs/libad_msgs__rosidl_generator_py.so\n'}
[0.409353] (ad_msgs) StdoutLine: {'line': b'-- Up-to-date symlink: /home/joon/mission_hard/mission_hard/install/ad_msgs/local/lib/python3.10/dist-packages/ad_msgs/msg/__init__.py\n'}
[0.409565] (ad_msgs) StdoutLine: {'line': b'-- Up-to-date symlink: /home/joon/mission_hard/mission_hard/install/ad_msgs/local/lib/python3.10/dist-packages/ad_msgs/msg/_lane_point_data.py\n'}
[0.409775] (ad_msgs) StdoutLine: {'line': b'-- Up-to-date symlink: /home/joon/mission_hard/mission_hard/install/ad_msgs/local/lib/python3.10/dist-packages/ad_msgs/msg/_lane_point_data_array.py\n'}
[0.409998] (ad_msgs) StdoutLine: {'line': b'-- Up-to-date symlink: /home/joon/mission_hard/mission_hard/install/ad_msgs/local/lib/python3.10/dist-packages/ad_msgs/msg/_lane_point_data_array_s.c\n'}
[0.410233] (ad_msgs) StdoutLine: {'line': b'-- Up-to-date symlink: /home/joon/mission_hard/mission_hard/install/ad_msgs/local/lib/python3.10/dist-packages/ad_msgs/msg/_lane_point_data_s.c\n'}
[0.410470] (ad_msgs) StdoutLine: {'line': b'-- Up-to-date symlink: /home/joon/mission_hard/mission_hard/install/ad_msgs/local/lib/python3.10/dist-packages/ad_msgs/msg/_mission.py\n'}
[0.410723] (ad_msgs) StdoutLine: {'line': b'-- Up-to-date symlink: /home/joon/mission_hard/mission_hard/install/ad_msgs/local/lib/python3.10/dist-packages/ad_msgs/msg/_mission_display.py\n'}
[0.410922] (ad_msgs) StdoutLine: {'line': b'-- Up-to-date symlink: /home/joon/mission_hard/mission_hard/install/ad_msgs/local/lib/python3.10/dist-packages/ad_msgs/msg/_mission_display_s.c\n'}
[0.411267] (ad_msgs) StdoutLine: {'line': b'-- Up-to-date symlink: /home/joon/mission_hard/mission_hard/install/ad_msgs/local/lib/python3.10/dist-packages/ad_msgs/msg/_mission_object.py\n'}
[0.411779] (ad_msgs) StdoutLine: {'line': b'-- Up-to-date symlink: /home/joon/mission_hard/mission_hard/install/ad_msgs/local/lib/python3.10/dist-packages/ad_msgs/msg/_mission_object_s.c\n'}
[0.411991] (ad_msgs) StdoutLine: {'line': b'-- Up-to-date symlink: /home/joon/mission_hard/mission_hard/install/ad_msgs/local/lib/python3.10/dist-packages/ad_msgs/msg/_mission_region.py\n'}
[0.412318] (ad_msgs) StdoutLine: {'line': b'-- Up-to-date symlink: /home/joon/mission_hard/mission_hard/install/ad_msgs/local/lib/python3.10/dist-packages/ad_msgs/msg/_mission_region_s.c\n'}
[0.412680] (ad_msgs) StdoutLine: {'line': b'-- Up-to-date symlink: /home/joon/mission_hard/mission_hard/install/ad_msgs/local/lib/python3.10/dist-packages/ad_msgs/msg/_mission_s.c\n'}
[0.412905] (ad_msgs) StdoutLine: {'line': b'-- Up-to-date symlink: /home/joon/mission_hard/mission_hard/install/ad_msgs/local/lib/python3.10/dist-packages/ad_msgs/msg/_polyfit_lane_data.py\n'}
[0.413164] (ad_msgs) StdoutLine: {'line': b'-- Up-to-date symlink: /home/joon/mission_hard/mission_hard/install/ad_msgs/local/lib/python3.10/dist-packages/ad_msgs/msg/_polyfit_lane_data_array.py\n'}
[0.413478] (ad_msgs) StdoutLine: {'line': b'-- Up-to-date symlink: /home/joon/mission_hard/mission_hard/install/ad_msgs/local/lib/python3.10/dist-packages/ad_msgs/msg/_polyfit_lane_data_array_s.c\n'}
[0.413746] (ad_msgs) StdoutLine: {'line': b'-- Up-to-date symlink: /home/joon/mission_hard/mission_hard/install/ad_msgs/local/lib/python3.10/dist-packages/ad_msgs/msg/_polyfit_lane_data_s.c\n'}
[0.414174] (ad_msgs) StdoutLine: {'line': b'-- Up-to-date symlink: /home/joon/mission_hard/mission_hard/install/ad_msgs/local/lib/python3.10/dist-packages/ad_msgs/msg/_vehicle_command.py\n'}
[0.414622] (ad_msgs) StdoutLine: {'line': b'-- Up-to-date symlink: /home/joon/mission_hard/mission_hard/install/ad_msgs/local/lib/python3.10/dist-packages/ad_msgs/msg/_vehicle_command_s.c\n'}
[0.414971] (ad_msgs) StdoutLine: {'line': b'-- Up-to-date symlink: /home/joon/mission_hard/mission_hard/install/ad_msgs/local/lib/python3.10/dist-packages/ad_msgs/msg/_vehicle_state.py\n'}
[0.415480] (ad_msgs) StdoutLine: {'line': b'-- Up-to-date symlink: /home/joon/mission_hard/mission_hard/install/ad_msgs/local/lib/python3.10/dist-packages/ad_msgs/msg/_vehicle_state_s.c\n'}
[0.416170] (ad_msgs) StdoutLine: {'line': b'-- Up-to-date symlink: /home/joon/mission_hard/mission_hard/install/ad_msgs/local/lib/python3.10/dist-packages/ad_msgs/ad_msgs_s__rosidl_typesupport_fastrtps_c.cpython-310-x86_64-linux-gnu.so\n'}
[0.416836] (ad_msgs) StdoutLine: {'line': b'-- Up-to-date symlink: /home/joon/mission_hard/mission_hard/install/ad_msgs/local/lib/python3.10/dist-packages/ad_msgs/ad_msgs_s__rosidl_typesupport_introspection_c.cpython-310-x86_64-linux-gnu.so\n'}
[0.417256] (ad_msgs) StdoutLine: {'line': b'-- Up-to-date symlink: /home/joon/mission_hard/mission_hard/install/ad_msgs/local/lib/python3.10/dist-packages/ad_msgs/ad_msgs_s__rosidl_typesupport_c.cpython-310-x86_64-linux-gnu.so\n'}
[0.417761] (ad_msgs) StdoutLine: {'line': b'-- Up-to-date symlink: /home/joon/mission_hard/mission_hard/install/ad_msgs/share/ad_msgs/msg/VehicleState.idl\n'}
[0.418120] (ad_msgs) StdoutLine: {'line': b'-- Up-to-date symlink: /home/joon/mission_hard/mission_hard/install/ad_msgs/share/ad_msgs/msg/VehicleCommand.idl\n'}
[0.418437] (ad_msgs) StdoutLine: {'line': b'-- Up-to-date symlink: /home/joon/mission_hard/mission_hard/install/ad_msgs/share/ad_msgs/msg/Mission.idl\n'}
[0.418716] (ad_msgs) StdoutLine: {'line': b'-- Up-to-date symlink: /home/joon/mission_hard/mission_hard/install/ad_msgs/share/ad_msgs/msg/MissionObject.idl\n'}
[0.418971] (ad_msgs) StdoutLine: {'line': b'-- Up-to-date symlink: /home/joon/mission_hard/mission_hard/install/ad_msgs/share/ad_msgs/msg/MissionRegion.idl\n'}
[0.419203] (ad_msgs) StdoutLine: {'line': b'-- Up-to-date symlink: /home/joon/mission_hard/mission_hard/install/ad_msgs/share/ad_msgs/msg/MissionDisplay.idl\n'}
[0.419428] (ad_msgs) StdoutLine: {'line': b'-- Up-to-date symlink: /home/joon/mission_hard/mission_hard/install/ad_msgs/share/ad_msgs/msg/PolyfitLaneData.idl\n'}
[0.419654] (ad_msgs) StdoutLine: {'line': b'-- Up-to-date symlink: /home/joon/mission_hard/mission_hard/install/ad_msgs/share/ad_msgs/msg/LanePointData.idl\n'}
[0.419884] (ad_msgs) StdoutLine: {'line': b'-- Up-to-date symlink: /home/joon/mission_hard/mission_hard/install/ad_msgs/share/ad_msgs/msg/LanePointDataArray.idl\n'}
[0.420111] (ad_msgs) StdoutLine: {'line': b'-- Up-to-date symlink: /home/joon/mission_hard/mission_hard/install/ad_msgs/share/ad_msgs/msg/PolyfitLaneDataArray.idl\n'}
[0.420340] (ad_msgs) StdoutLine: {'line': b'-- Up-to-date symlink: /home/joon/mission_hard/mission_hard/install/ad_msgs/share/ad_msgs/msg/VehicleState.msg\n'}
[0.420573] (ad_msgs) StdoutLine: {'line': b'-- Up-to-date symlink: /home/joon/mission_hard/mission_hard/install/ad_msgs/share/ad_msgs/msg/VehicleCommand.msg\n'}
[0.420797] (ad_msgs) StdoutLine: {'line': b'-- Up-to-date symlink: /home/joon/mission_hard/mission_hard/install/ad_msgs/share/ad_msgs/msg/Mission.msg\n'}
[0.421054] (ad_msgs) StdoutLine: {'line': b'-- Up-to-date symlink: /home/joon/mission_hard/mission_hard/install/ad_msgs/share/ad_msgs/msg/MissionObject.msg\n'}
[0.421315] (ad_msgs) StdoutLine: {'line': b'-- Up-to-date symlink: /home/joon/mission_hard/mission_hard/install/ad_msgs/share/ad_msgs/msg/MissionRegion.msg\n'}
[0.421638] (ad_msgs) StdoutLine: {'line': b'-- Up-to-date symlink: /home/joon/mission_hard/mission_hard/install/ad_msgs/share/ad_msgs/msg/MissionDisplay.msg\n'}
[0.421948] (ad_msgs) StdoutLine: {'line': b'-- Up-to-date symlink: /home/joon/mission_hard/mission_hard/install/ad_msgs/share/ad_msgs/msg/PolyfitLaneData.msg\n'}
[0.422212] (ad_msgs) StdoutLine: {'line': b'-- Up-to-date symlink: /home/joon/mission_hard/mission_hard/install/ad_msgs/share/ad_msgs/msg/LanePointData.msg\n'}
[0.422484] (ad_msgs) StdoutLine: {'line': b'-- Up-to-date symlink: /home/joon/mission_hard/mission_hard/install/ad_msgs/share/ad_msgs/msg/LanePointDataArray.msg\n'}
[0.422853] (ad_msgs) StdoutLine: {'line': b'-- Up-to-date symlink: /home/joon/mission_hard/mission_hard/install/ad_msgs/share/ad_msgs/msg/PolyfitLaneDataArray.msg\n'}
[0.423088] (ad_msgs) StdoutLine: {'line': b'-- Up-to-date symlink: /home/joon/mission_hard/mission_hard/install/ad_msgs/share/ament_index/resource_index/package_run_dependencies/ad_msgs\n'}
[0.423346] (ad_msgs) StdoutLine: {'line': b'-- Up-to-date symlink: /home/joon/mission_hard/mission_hard/install/ad_msgs/share/ament_index/resource_index/parent_prefix_path/ad_msgs\n'}
[0.423871] (ad_msgs) StdoutLine: {'line': b'-- Up-to-date symlink: /home/joon/mission_hard/mission_hard/install/ad_msgs/share/ad_msgs/environment/ament_prefix_path.sh\n'}
[0.424056] (ad_msgs) StdoutLine: {'line': b'-- Up-to-date symlink: /home/joon/mission_hard/mission_hard/install/ad_msgs/share/ad_msgs/environment/ament_prefix_path.dsv\n'}
[0.424346] (ad_msgs) StdoutLine: {'line': b'-- Up-to-date symlink: /home/joon/mission_hard/mission_hard/install/ad_msgs/share/ad_msgs/environment/path.sh\n'}
[0.424590] (ad_msgs) StdoutLine: {'line': b'-- Up-to-date symlink: /home/joon/mission_hard/mission_hard/install/ad_msgs/share/ad_msgs/environment/path.dsv\n'}
[0.424750] (ad_msgs) StdoutLine: {'line': b'-- Up-to-date symlink: /home/joon/mission_hard/mission_hard/install/ad_msgs/share/ad_msgs/local_setup.bash\n'}
[0.424922] (ad_msgs) StdoutLine: {'line': b'-- Up-to-date symlink: /home/joon/mission_hard/mission_hard/install/ad_msgs/share/ad_msgs/local_setup.sh\n'}
[0.425144] (ad_msgs) StdoutLine: {'line': b'-- Up-to-date symlink: /home/joon/mission_hard/mission_hard/install/ad_msgs/share/ad_msgs/local_setup.zsh\n'}
[0.425423] (ad_msgs) StdoutLine: {'line': b'-- Up-to-date symlink: /home/joon/mission_hard/mission_hard/install/ad_msgs/share/ad_msgs/local_setup.dsv\n'}
[0.425501] (ad_msgs) StdoutLine: {'line': b'-- Symlinking: /home/joon/mission_hard/mission_hard/install/ad_msgs/share/ad_msgs/package.dsv\n'}
[0.433838] (ad_msgs) StdoutLine: {'line': b'-- Up-to-date symlink: /home/joon/mission_hard/mission_hard/install/ad_msgs/share/ament_index/resource_index/packages/ad_msgs\n'}
[0.434112] (ad_msgs) StdoutLine: {'line': b'-- Up-to-date symlink: /home/joon/mission_hard/mission_hard/install/ad_msgs/share/ad_msgs/cmake/rosidl_cmake-extras.cmake\n'}
[0.434322] (ad_msgs) StdoutLine: {'line': b'-- Up-to-date symlink: /home/joon/mission_hard/mission_hard/install/ad_msgs/share/ad_msgs/cmake/ament_cmake_export_dependencies-extras.cmake\n'}
[0.434624] (ad_msgs) StdoutLine: {'line': b'-- Up-to-date symlink: /home/joon/mission_hard/mission_hard/install/ad_msgs/share/ad_msgs/cmake/ament_cmake_export_include_directories-extras.cmake\n'}
[0.434892] (ad_msgs) StdoutLine: {'line': b'-- Up-to-date symlink: /home/joon/mission_hard/mission_hard/install/ad_msgs/share/ad_msgs/cmake/ament_cmake_export_libraries-extras.cmake\n'}
[0.435202] (ad_msgs) StdoutLine: {'line': b'-- Up-to-date symlink: /home/joon/mission_hard/mission_hard/install/ad_msgs/share/ad_msgs/cmake/ament_cmake_export_targets-extras.cmake\n'}
[0.435495] (ad_msgs) StdoutLine: {'line': b'-- Up-to-date symlink: /home/joon/mission_hard/mission_hard/install/ad_msgs/share/ad_msgs/cmake/rosidl_cmake_export_typesupport_targets-extras.cmake\n'}
[0.435724] (ad_msgs) StdoutLine: {'line': b'-- Up-to-date symlink: /home/joon/mission_hard/mission_hard/install/ad_msgs/share/ad_msgs/cmake/rosidl_cmake_export_typesupport_libraries-extras.cmake\n'}
[0.436033] (ad_msgs) StdoutLine: {'line': b'-- Up-to-date symlink: /home/joon/mission_hard/mission_hard/install/ad_msgs/share/ad_msgs/cmake/ad_msgsConfig.cmake\n'}
[0.436189] (ad_msgs) StdoutLine: {'line': b'-- Up-to-date symlink: /home/joon/mission_hard/mission_hard/install/ad_msgs/share/ad_msgs/cmake/ad_msgsConfig-version.cmake\n'}
[0.436421] (ad_msgs) StdoutLine: {'line': b'-- Up-to-date symlink: /home/joon/mission_hard/mission_hard/install/ad_msgs/share/ad_msgs/package.xml\n'}
[0.437213] (ad_msgs) StdoutLine: {'line': b'-- Up-to-date: /home/joon/mission_hard/mission_hard/install/ad_msgs/lib/libad_msgs__rosidl_generator_c.so\n'}
[0.438488] (ad_msgs) StdoutLine: {'line': b'-- Up-to-date: /home/joon/mission_hard/mission_hard/install/ad_msgs/lib/libad_msgs__rosidl_typesupport_fastrtps_c.so\n'}
[0.439069] (ad_msgs) StdoutLine: {'line': b'-- Up-to-date: /home/joon/mission_hard/mission_hard/install/ad_msgs/lib/libad_msgs__rosidl_typesupport_introspection_c.so\n'}
[0.439592] (ad_msgs) StdoutLine: {'line': b'-- Up-to-date: /home/joon/mission_hard/mission_hard/install/ad_msgs/lib/libad_msgs__rosidl_typesupport_c.so\n'}
[0.440153] (ad_msgs) StdoutLine: {'line': b'-- Up-to-date: /home/joon/mission_hard/mission_hard/install/ad_msgs/lib/libad_msgs__rosidl_typesupport_fastrtps_cpp.so\n'}
[0.440673] (ad_msgs) StdoutLine: {'line': b'-- Up-to-date: /home/joon/mission_hard/mission_hard/install/ad_msgs/lib/libad_msgs__rosidl_typesupport_introspection_cpp.so\n'}
[0.441196] (ad_msgs) StdoutLine: {'line': b'-- Up-to-date: /home/joon/mission_hard/mission_hard/install/ad_msgs/lib/libad_msgs__rosidl_typesupport_cpp.so\n'}
[0.468809] (ad_msgs) StdoutLine: {'line': b"Listing '/home/joon/mission_hard/mission_hard/install/ad_msgs/local/lib/python3.10/dist-packages/ad_msgs'...\n"}
[0.468948] (ad_msgs) StdoutLine: {'line': b"Listing '/home/joon/mission_hard/mission_hard/install/ad_msgs/local/lib/python3.10/dist-packages/ad_msgs/msg'...\n"}
[0.472727] (ad_msgs) StdoutLine: {'line': b'-- Up-to-date: /home/joon/mission_hard/mission_hard/install/ad_msgs/lib/libad_msgs__rosidl_generator_py.so\n'}
[0.473167] (ad_msgs) StdoutLine: {'line': b'-- Up-to-date: /home/joon/mission_hard/mission_hard/install/ad_msgs/share/ad_msgs/cmake/export_ad_msgs__rosidl_generator_cExport.cmake\n'}
[0.473324] (ad_msgs) StdoutLine: {'line': b'-- Up-to-date: /home/joon/mission_hard/mission_hard/install/ad_msgs/share/ad_msgs/cmake/export_ad_msgs__rosidl_generator_cExport-noconfig.cmake\n'}
[0.473853] (ad_msgs) StdoutLine: {'line': b'-- Up-to-date: /home/joon/mission_hard/mission_hard/install/ad_msgs/share/ad_msgs/cmake/export_ad_msgs__rosidl_typesupport_fastrtps_cExport.cmake\n'}
[0.473946] (ad_msgs) StdoutLine: {'line': b'-- Up-to-date: /home/joon/mission_hard/mission_hard/install/ad_msgs/share/ad_msgs/cmake/export_ad_msgs__rosidl_typesupport_fastrtps_cExport-noconfig.cmake\n'}
[0.474278] (ad_msgs) StdoutLine: {'line': b'-- Up-to-date: /home/joon/mission_hard/mission_hard/install/ad_msgs/share/ad_msgs/cmake/ad_msgs__rosidl_typesupport_introspection_cExport.cmake\n'}
[0.474332] (ad_msgs) StdoutLine: {'line': b'-- Up-to-date: /home/joon/mission_hard/mission_hard/install/ad_msgs/share/ad_msgs/cmake/ad_msgs__rosidl_typesupport_introspection_cExport-noconfig.cmake\n'}
[0.474658] (ad_msgs) StdoutLine: {'line': b'-- Up-to-date: /home/joon/mission_hard/mission_hard/install/ad_msgs/share/ad_msgs/cmake/ad_msgs__rosidl_typesupport_cExport.cmake\n'}
[0.474790] (ad_msgs) StdoutLine: {'line': b'-- Up-to-date: /home/joon/mission_hard/mission_hard/install/ad_msgs/share/ad_msgs/cmake/ad_msgs__rosidl_typesupport_cExport-noconfig.cmake\n'}
[0.475080] (ad_msgs) StdoutLine: {'line': b'-- Up-to-date: /home/joon/mission_hard/mission_hard/install/ad_msgs/share/ad_msgs/cmake/export_ad_msgs__rosidl_generator_cppExport.cmake\n'}
[0.475661] (ad_msgs) StdoutLine: {'line': b'-- Up-to-date: /home/joon/mission_hard/mission_hard/install/ad_msgs/share/ad_msgs/cmake/export_ad_msgs__rosidl_typesupport_fastrtps_cppExport.cmake\n'}
[0.475733] (ad_msgs) StdoutLine: {'line': b'-- Up-to-date: /home/joon/mission_hard/mission_hard/install/ad_msgs/share/ad_msgs/cmake/export_ad_msgs__rosidl_typesupport_fastrtps_cppExport-noconfig.cmake\n'}
[0.476286] (ad_msgs) StdoutLine: {'line': b'-- Up-to-date: /home/joon/mission_hard/mission_hard/install/ad_msgs/share/ad_msgs/cmake/ad_msgs__rosidl_typesupport_introspection_cppExport.cmake\n'}
[0.476393] (ad_msgs) StdoutLine: {'line': b'-- Up-to-date: /home/joon/mission_hard/mission_hard/install/ad_msgs/share/ad_msgs/cmake/ad_msgs__rosidl_typesupport_introspection_cppExport-noconfig.cmake\n'}
[0.476655] (ad_msgs) StdoutLine: {'line': b'-- Up-to-date: /home/joon/mission_hard/mission_hard/install/ad_msgs/share/ad_msgs/cmake/ad_msgs__rosidl_typesupport_cppExport.cmake\n'}
[0.476773] (ad_msgs) StdoutLine: {'line': b'-- Up-to-date: /home/joon/mission_hard/mission_hard/install/ad_msgs/share/ad_msgs/cmake/ad_msgs__rosidl_typesupport_cppExport-noconfig.cmake\n'}
[0.477351] (ad_msgs) StdoutLine: {'line': b'-- Up-to-date: /home/joon/mission_hard/mission_hard/install/ad_msgs/share/ad_msgs/cmake/export_ad_msgs__rosidl_generator_pyExport.cmake\n'}
[0.477458] (ad_msgs) StdoutLine: {'line': b'-- Up-to-date: /home/joon/mission_hard/mission_hard/install/ad_msgs/share/ad_msgs/cmake/export_ad_msgs__rosidl_generator_pyExport-noconfig.cmake\n'}
[0.479581] (ad_msgs) CommandEnded: {'returncode': 0}
[0.500800] (-) TimerEvent: {}
[0.502944] (ad_msgs) JobEnded: {'identifier': 'ad_msgs', 'rc': 0}
[0.503438] (autonomous_driving) JobStarted: {'identifier': 'autonomous_driving'}
[0.506903] (evaluation) JobStarted: {'identifier': 'evaluation'}
[0.510543] (mission_manager) JobStarted: {'identifier': 'mission_manager'}
[0.515389] (simulator) JobStarted: {'identifier': 'simulator'}
[0.583587] (autonomous_driving) JobProgress: {'identifier': 'autonomous_driving', 'progress': 'cmake'}
[0.584950] (autonomous_driving) JobProgress: {'identifier': 'autonomous_driving', 'progress': 'build'}
[0.586080] (autonomous_driving) Command: {'cmd': ['/usr/bin/cmake', '--build', '/home/joon/mission_hard/mission_hard/build/autonomous_driving', '--', '-j16', '-l16'], 'cwd': '/home/joon/mission_hard/mission_hard/build/autonomous_driving', 'env': OrderedDict([('PYTHON_BASIC_REPL', '1'), ('LESSOPEN', '| /usr/bin/lesspipe %s'), ('USER', 'joon'), ('GIT_ASKPASS', '/home/joon/.vscode-server/bin/bf9252a2fb45be6893dd8870c0bf37e2e1766d61/extensions/git/dist/askpass.sh'), ('SHLVL', '1'), ('LD_LIBRARY_PATH', '/home/joon/mission_hard/mission_hard/install/ad_msgs/lib:/home/joon/automotive_software_final/install/ad_msgs/lib:/usr/lib/x86_64-linux-gnu/gazebo-11/plugins:/opt/ros/humble/opt/rviz_ogre_vendor/lib:/opt/ros/humble/lib/x86_64-linux-gnu:/opt/ros/humble/lib'), ('MOTD_SHOWN', 'update-motd'), ('HOME', '/home/joon'), ('OLDPWD', '/home/joon/mission_hard'), ('TERM_PROGRAM_VERSION', '1.106.3'), ('VSCODE_IPC_HOOK_CLI', '/run/user/1000/vscode-ipc-720ca6f3-2537-4b04-b3dc-21832d244e7e.sock'), ('ROS_PYTHON_VERSION', '3'), ('VSCODE_GIT_ASKPASS_MAIN', '/home/joon/.vscode-server/bin/bf9252a2fb45be6893dd8870c0bf37e2e1766d61/extensions/git/dist/askpass-main.js'), ('VSCODE_GIT_ASKPASS_NODE', '/home/joon/.vscode-server/bin/bf9252a2fb45be6893dd8870c0bf37e2e1766d61/node'), ('PYDEVD_DISABLE_FILE_VALIDATION', '1'), ('BUNDLED_DEBUGPY_PATH', '/home/joon/.vscode-server/extensions/ms-python.debugpy-2025.16.0-linux-x64/bundled/libs/debugpy'), ('VSCODE_PYTHON_AUTOACTIVATE_GUARD', '1'), ('DBUS_SESSION_BUS_ADDRESS', 'unix:path=/run/user/1000/bus'), ('COLORTERM', 'truecolor'), ('WSL_DISTRO_NAME', 'Ubuntu-22.04'), ('WAYLAND_DISPLAY', 'wayland-0'), ('COLCON_PREFIX_PATH', '/home/joon/mission_hard/mission_hard/install:/home/joon/automotive_software_final/install'), ('ROS_DISTRO', 'humble'), ('LOGNAME', 'joon'), ('NAME', 'Joon'), ('WSL_INTEROP', '/run/WSL/523_interop'), ('PULSE_SERVER', 'unix:/mnt/wslg/PulseServer'), ('_', '/usr/bin/colcon'), ('ROS_VERSION', '2'), ('CLAUDE_CODE_SSE_PORT', '20257'), ('TERM', 'xterm-256color'), ('ROS_LOCALHOST_ONLY', '0'), ('PATH', '/opt/ros/humble/bin:/usr/bin:/usr/bin:/home/joon/.vscode-server/data/User/globalStorage/github.copilot-chat/debugCommand:/home/joon/.vscode-server/data/User/globalStorage/github.copilot-chat/copilotCli:/home/joon/.vscode-server/bin/bf9252a2fb45be6893dd8870c0bf37e2e1766d61/bin/remote-cli:/home/joon/.local/bin:/usr/bin:/usr/bin:/usr/local/sbin:/usr/local/bin:/usr/sbin:/usr/bin:/sbin:/bin:/usr/games:/usr/local/games:/usr/lib/wsl/lib:/mnt/c/WINDOWS/system32:/mnt/c/WINDOWS:/mnt/c/WINDOWS/System32/Wbem:/mnt/c/WINDOWS/System32/WindowsPowerShell/v1.0/:/mnt/c/WINDOWS/System32/OpenSSH/:/mnt/c/Program Files/MATLAB/R2024b/bin:/mnt/c/Program Files/nodejs/:/mnt/c/Program Files/Git/cmd:/mnt/c/Users/ksyj0/AppData/Local/Programs/Python/Python312/Scripts/:/mnt/c/Users/ksyj0/AppData/Local/Programs/Python/Python312/:/mnt/c/Users/ksyj0/AppData/Local/Programs/Python/Launcher/:/mnt/c/Users/ksyj0/AppData/Local/Microsoft/WindowsApps:/mnt/c/Users/ksyj0/AppData/Local/Programs/Microsoft VS Code/bin:/mnt/c/Users/ksyj0/AppData/Roaming/npm:/mnt/c/Users/ksyj0/AppData/Local/SOOP:/mnt/c/Users/ksyj0/AppData/Local/Programs/Kiro/bin:/snap/bin:/home/joon/.vscode-server/extensions/ms-python.debugpy-2025.16.0-linux-x64/bundled/scripts/noConfigScripts'), ('XDG_RUNTIME_DIR', '/run/user/1000/'), ('DISPLAY', ':0'), ('VSCODE_DEBUGPY_ADAPTER_ENDPOINTS', '/home/joon/.vscode-server/extensions/ms-python.debugpy-2025.16.0-linux-x64/.noConfigDebugAdapterEndpoints/endpoint-5f6b0efddf9f6982.txt'), ('LANG', 'en_US.UTF-8'), ('PYTHONSTARTUP', '/home/joon/.vscode-server/data/User/workspaceStorage/6032d0949a26c1de4974618490f207f6-1/ms-python.python/pythonrc.py'), ('LS_COLORS', 'rs=0:di=01;34:ln=01;36:mh=00:pi=40;33:so=01;35:do=01;35:bd=40;33;01:cd=40;33;01:or=40;31;01:mi=00:su=37;41:sg=30;43:ca=30;41:tw=30;42:ow=34;42:st=37;44:ex=01;32:*.tar=01;31:*.tgz=01;31:*.arc=01;31:*.arj=01;31:*.taz=01;31:*.lha=01;31:*.lz4=01;31:*.lzh=01;31:*.lzma=01;31:*.tlz=01;31:*.txz=01;31:*.tzo=01;31:*.t7z=01;31:*.zip=01;31:*.z=01;31:*.dz=01;31:*.gz=01;31:*.lrz=01;31:*.lz=01;31:*.lzo=01;31:*.xz=01;31:*.zst=01;31:*.tzst=01;31:*.bz2=01;31:*.bz=01;31:*.tbz=01;31:*.tbz2=01;31:*.tz=01;31:*.deb=01;31:*.rpm=01;31:*.jar=01;31:*.war=01;31:*.ear=01;31:*.sar=01;31:*.rar=01;31:*.alz=01;31:*.ace=01;31:*.zoo=01;31:*.cpio=01;31:*.7z=01;31:*.rz=01;31:*.cab=01;31:*.wim=01;31:*.swm=01;31:*.dwm=01;31:*.esd=01;31:*.jpg=01;35:*.jpeg=01;35:*.mjpg=01;35:*.mjpeg=01;35:*.gif=01;35:*.bmp=01;35:*.pbm=01;35:*.pgm=01;35:*.ppm=01;35:*.tga=01;35:*.xbm=01;35:*.xpm=01;35:*.tif=01;35:*.tiff=01;35:*.png=01;35:*.svg=01;35:*.svgz=01;35:*.mng=01;35:*.pcx=01;35:*.mov=01;35:*.mpg=01;35:*.mpeg=01;35:*.m2v=01;35:*.mkv=01;35:*.webm=01;35:*.webp=01;35:*.ogm=01;35:*.mp4=01;35:*.m4v=01;35:*.mp4v=01;35:*.vob=01;35:*.qt=01;35:*.nuv=01;35:*.wmv=01;35:*.asf=01;35:*.rm=01;35:*.rmvb=01;35:*.flc=01;35:*.avi=01;35:*.fli=01;35:*.flv=01;35:*.gl=01;35:*.dl=01;35:*.xcf=01;35:*.xwd=01;35:*.yuv=01;35:*.cgm=01;35:*.emf=01;35:*.ogv=01;35:*.ogx=01;35:*.aac=00;36:*.au=00;36:*.flac=00;36:*.m4a=00;36:*.mid=00;36:*.midi=00;36:*.mka=00;36:*.mp3=00;36:*.mpc=00;36:*.ogg=00;36:*.ra=00;36:*.wav=00;36:*.oga=00;36:*.opus=00;36:*.spx=00;36:*.xspf=00;36:'), ('VSCODE_GIT_IPC_HANDLE', '/run/user/1000/vscode-git-167d3a068c.sock'), ('TERM_PROGRAM', 'vscode'), ('AMENT_PREFIX_PATH', '/home/joon/mission_hard/mission_hard/install/simulator:/home/joon/mission_hard/mission_hard/install/mission_manager:/home/joon/mission_hard/mission_hard/install/evaluation:/home/joon/mission_hard/mission_hard/install/autonomous_driving:/home/joon/mission_hard/mission_hard/install/ad_msgs:/home/joon/automotive_software_final/install/simulator:/home/joon/automotive_software_final/install/mission_manager:/home/joon/automotive_software_final/install/evaluation:/home/joon/automotive_software_final/install/autonomous_driving:/home/joon/automotive_software_final/install/ad_msgs:/opt/ros/humble'), ('SHELL', '/bin/bash'), ('LESSCLOSE', '/usr/bin/lesspipe %s %s'), ('VSCODE_GIT_ASKPASS_EXTRA_ARGS', ''), ('PWD', '/home/joon/mission_hard/mission_hard/build/autonomous_driving'), ('ENABLE_IDE_INTEGRATION', 'true'), ('XDG_DATA_DIRS', '/usr/local/share:/usr/share:/var/lib/snapd/desktop'), ('PYTHONPATH', '/home/joon/mission_hard/mission_hard/install/ad_msgs/local/lib/python3.10/dist-packages:/home/joon/automotive_software_final/install/ad_msgs/local/lib/python3.10/dist-packages:/opt/ros/humble/lib/python3.10/site-packages:/opt/ros/humble/local/lib/python3.10/dist-packages'), ('COLCON', '1'), ('WSL2_GUI_APPS_ENABLED', '1'), ('HOSTTYPE', 'x86_64'), ('CMAKE_PREFIX_PATH', '/home/joon/mission_hard/mission_hard/install/ad_msgs:/home/joon/mission_hard/mission_hard/install/simulator:/home/joon/mission_hard/mission_hard/install/mission_manager:/home/joon/mission_hard/mission_hard/install/evaluation:/home/joon/mission_hard/mission_hard/install/autonomous_driving:/home/joon/automotive_software_final/install/simulator:/home/joon/automotive_software_final/install/mission_manager:/home/joon/automotive_software_final/install/evaluation:/home/joon/automotive_software_final/install/autonomous_driving:/home/joon/automotive_software_final/install/ad_msgs:/opt/ros/humble'), ('WSLENV', 'VSCODE_WSL_EXT_LOCATION/up')]), 'shell': False}
[0.588178] (evaluation) JobProgress: {'identifier': 'evaluation', 'progress': 'cmake'}
[0.589348] (evaluation) JobProgress: {'identifier': 'evaluation', 'progress': 'build'}
[0.590319] (evaluation) Command: {'cmd': ['/usr/bin/cmake', '--build', '/home/joon/mission_hard/mission_hard/build/evaluation', '--', '-j16', '-l16'], 'cwd': '/home/joon/mission_hard/mission_hard/build/evaluation', 'env': OrderedDict([('PYTHON_BASIC_REPL', '1'), ('LESSOPEN', '| /usr/bin/lesspipe %s'), ('USER', 'joon'), ('GIT_ASKPASS', '/home/joon/.vscode-server/bin/bf9252a2fb45be6893dd8870c0bf37e2e1766d61/extensions/git/dist/askpass.sh'), ('SHLVL', '1'), ('LD_LIBRARY_PATH', '/home/joon/mission_hard/mission_hard/install/ad_msgs/lib:/home/joon/automotive_software_final/install/ad_msgs/lib:/usr/lib/x86_64-linux-gnu/gazebo-11/plugins:/opt/ros/humble/opt/rviz_ogre_vendor/lib:/opt/ros/humble/lib/x86_64-linux-gnu:/opt/ros/humble/lib'), ('MOTD_SHOWN', 'update-motd'), ('HOME', '/home/joon'), ('OLDPWD', '/home/joon/mission_hard'), ('TERM_PROGRAM_VERSION', '1.106.3'), ('VSCODE_IPC_HOOK_CLI', '/run/user/1000/vscode-ipc-720ca6f3-2537-4b04-b3dc-21832d244e7e.sock'), ('ROS_PYTHON_VERSION', '3'), ('VSCODE_GIT_ASKPASS_MAIN', '/home/joon/.vscode-server/bin/bf9252a2fb45be6893dd8870c0bf37e2e1766d61/extensions/git/dist/askpass-main.js'), ('VSCODE_GIT_ASKPASS_NODE', '/home/joon/.vscode-server/bin/bf9252a2fb45be6893dd8870c0bf37e2e1766d61/node'), ('PYDEVD_DISABLE_FILE_VALIDATION', '1'), ('BUNDLED_DEBUGPY_PATH', '/home/joon/.vscode-server/extensions/ms-python.debugpy-2025.16.0-linux-x64/bundled/libs/debugpy'), ('VSCODE_PYTHON_AUTOACTIVATE_GUARD', '1'), ('DBUS_SESSION_BUS_ADDRESS', 'unix:path=/run/user/1000/bus'), ('COLORTERM', 'truecolor'), ('WSL_DISTRO_NAME', 'Ubuntu-22.04'), ('WAYLAND_DISPLAY', 'wayland-0'), ('COLCON_PREFIX_PATH', '/home/joon/mission_hard/mission_hard/install:/home/joon/automotive_software_final/install'), ('ROS_DISTRO', 'humble'), ('LOGNAME', 'joon'), ('NAME', 'Joon'), ('WSL_INTEROP', '/run/WSL/523_interop'), ('PULSE_SERVER', 'unix:/mnt/wslg/PulseServer'), ('_', '/usr/bin/colcon'), ('ROS_VERSION', '2'), ('CLAUDE_CODE_SSE_PORT', '20257'), ('TERM', 'xterm-256color'), ('ROS_LOCALHOST_ONLY', '0'), ('PATH', '/opt/ros/humble/bin:/usr/bin:/usr/bin:/home/joon/.vscode-server/data/User/globalStorage/github.copilot-chat/debugCommand:/home/joon/.vscode-server/data/User/globalStorage/github.copilot-chat/copilotCli:/home/joon/.vscode-server/bin/bf9252a2fb45be6893dd8870c0bf37e2e1766d61/bin/remote-cli:/home/joon/.local/bin:/usr/bin:/usr/bin:/usr/local/sbin:/usr/local/bin:/usr/sbin:/usr/bin:/sbin:/bin:/usr/games:/usr/local/games:/usr/lib/wsl/lib:/mnt/c/WINDOWS/system32:/mnt/c/WINDOWS:/mnt/c/WINDOWS/System32/Wbem:/mnt/c/WINDOWS/System32/WindowsPowerShell/v1.0/:/mnt/c/WINDOWS/System32/OpenSSH/:/mnt/c/Program Files/MATLAB/R2024b/bin:/mnt/c/Program Files/nodejs/:/mnt/c/Program Files/Git/cmd:/mnt/c/Users/ksyj0/AppData/Local/Programs/Python/Python312/Scripts/:/mnt/c/Users/ksyj0/AppData/Local/Programs/Python/Python312/:/mnt/c/Users/ksyj0/AppData/Local/Programs/Python/Launcher/:/mnt/c/Users/ksyj0/AppData/Local/Microsoft/WindowsApps:/mnt/c/Users/ksyj0/AppData/Local/Programs/Microsoft VS Code/bin:/mnt/c/Users/ksyj0/AppData/Roaming/npm:/mnt/c/Users/ksyj0/AppData/Local/SOOP:/mnt/c/Users/ksyj0/AppData/Local/Programs/Kiro/bin:/snap/bin:/home/joon/.vscode-server/extensions/ms-python.debugpy-2025.16.0-linux-x64/bundled/scripts/noConfigScripts'), ('XDG_RUNTIME_DIR', '/run/user/1000/'), ('DISPLAY', ':0'), ('VSCODE_DEBUGPY_ADAPTER_ENDPOINTS', '/home/joon/.vscode-server/extensions/ms-python.debugpy-2025.16.0-linux-x64/.noConfigDebugAdapterEndpoints/endpoint-5f6b0efddf9f6982.txt'), ('LANG', 'en_US.UTF-8'), ('PYTHONSTARTUP', '/home/joon/.vscode-server/data/User/workspaceStorage/6032d0949a26c1de4974618490f207f6-1/ms-python.python/pythonrc.py'), ('LS_COLORS', 'rs=0:di=01;34:ln=01;36:mh=00:pi=40;33:so=01;35:do=01;35:bd=40;33;01:cd=40;33;01:or=40;31;01:mi=00:su=37;41:sg=30;43:ca=30;41:tw=30;42:ow=34;42:st=37;44:ex=01;32:*.tar=01;31:*.tgz=01;31:*.arc=01;31:*.arj=01;31:*.taz=01;31:*.lha=01;31:*.lz4=01;31:*.lzh=01;31:*.lzma=01;31:*.tlz=01;31:*.txz=01;31:*.tzo=01;31:*.t7z=01;31:*.zip=01;31:*.z=01;31:*.dz=01;31:*.gz=01;31:*.lrz=01;31:*.lz=01;31:*.lzo=01;31:*.xz=01;31:*.zst=01;31:*.tzst=01;31:*.bz2=01;31:*.bz=01;31:*.tbz=01;31:*.tbz2=01;31:*.tz=01;31:*.deb=01;31:*.rpm=01;31:*.jar=01;31:*.war=01;31:*.ear=01;31:*.sar=01;31:*.rar=01;31:*.alz=01;31:*.ace=01;31:*.zoo=01;31:*.cpio=01;31:*.7z=01;31:*.rz=01;31:*.cab=01;31:*.wim=01;31:*.swm=01;31:*.dwm=01;31:*.esd=01;31:*.jpg=01;35:*.jpeg=01;35:*.mjpg=01;35:*.mjpeg=01;35:*.gif=01;35:*.bmp=01;35:*.pbm=01;35:*.pgm=01;35:*.ppm=01;35:*.tga=01;35:*.xbm=01;35:*.xpm=01;35:*.tif=01;35:*.tiff=01;35:*.png=01;35:*.svg=01;35:*.svgz=01;35:*.mng=01;35:*.pcx=01;35:*.mov=01;35:*.mpg=01;35:*.mpeg=01;35:*.m2v=01;35:*.mkv=01;35:*.webm=01;35:*.webp=01;35:*.ogm=01;35:*.mp4=01;35:*.m4v=01;35:*.mp4v=01;35:*.vob=01;35:*.qt=01;35:*.nuv=01;35:*.wmv=01;35:*.asf=01;35:*.rm=01;35:*.rmvb=01;35:*.flc=01;35:*.avi=01;35:*.fli=01;35:*.flv=01;35:*.gl=01;35:*.dl=01;35:*.xcf=01;35:*.xwd=01;35:*.yuv=01;35:*.cgm=01;35:*.emf=01;35:*.ogv=01;35:*.ogx=01;35:*.aac=00;36:*.au=00;36:*.flac=00;36:*.m4a=00;36:*.mid=00;36:*.midi=00;36:*.mka=00;36:*.mp3=00;36:*.mpc=00;36:*.ogg=00;36:*.ra=00;36:*.wav=00;36:*.oga=00;36:*.opus=00;36:*.spx=00;36:*.xspf=00;36:'), ('VSCODE_GIT_IPC_HANDLE', '/run/user/1000/vscode-git-167d3a068c.sock'), ('TERM_PROGRAM', 'vscode'), ('AMENT_PREFIX_PATH', '/home/joon/mission_hard/mission_hard/install/simulator:/home/joon/mission_hard/mission_hard/install/mission_manager:/home/joon/mission_hard/mission_hard/install/evaluation:/home/joon/mission_hard/mission_hard/install/autonomous_driving:/home/joon/mission_hard/mission_hard/install/ad_msgs:/home/joon/automotive_software_final/install/simulator:/home/joon/automotive_software_final/install/mission_manager:/home/joon/automotive_software_final/install/evaluation:/home/joon/automotive_software_final/install/autonomous_driving:/home/joon/automotive_software_final/install/ad_msgs:/opt/ros/humble'), ('SHELL', '/bin/bash'), ('LESSCLOSE', '/usr/bin/lesspipe %s %s'), ('VSCODE_GIT_ASKPASS_EXTRA_ARGS', ''), ('PWD', '/home/joon/mission_hard/mission_hard/build/evaluation'), ('ENABLE_IDE_INTEGRATION', 'true'), ('XDG_DATA_DIRS', '/usr/local/share:/usr/share:/var/lib/snapd/desktop'), ('PYTHONPATH', '/home/joon/mission_hard/mission_hard/install/ad_msgs/local/lib/python3.10/dist-packages:/home/joon/automotive_software_final/install/ad_msgs/local/lib/python3.10/dist-packages:/opt/ros/humble/lib/python3.10/site-packages:/opt/ros/humble/local/lib/python3.10/dist-packages'), ('COLCON', '1'), ('WSL2_GUI_APPS_ENABLED', '1'), ('HOSTTYPE', 'x86_64'), ('CMAKE_PREFIX_PATH', '/home/joon/mission_hard/mission_hard/install/ad_msgs:/home/joon/mission_hard/mission_hard/install/simulator:/home/joon/mission_hard/mission_hard/install/mission_manager:/home/joon/mission_hard/mission_hard/install/evaluation:/home/joon/mission_hard/mission_hard/install/autonomous_driving:/home/joon/automotive_software_final/install/simulator:/home/joon/automotive_software_final/install/mission_manager:/home/joon/automotive_software_final/install/evaluation:/home/joon/automotive_software_final/install/autonomous_driving:/home/joon/automotive_software_final/install/ad_msgs:/opt/ros/humble'), ('WSLENV', 'VSCODE_WSL_EXT_LOCATION/up')]), 'shell': False}
[0.597673] (mission_manager) JobProgress: {'identifier': 'mission_manager', 'progress': 'cmake'}
[0.600622] (mission_manager) JobProgress: {'identifier': 'mission_manager', 'progress': 'build'}
[0.600692] (mission_manager) Command: {'cmd': ['/usr/bin/cmake', '--build', '/home/joon/mission_hard/mission_hard/build/mission_manager', '--', '-j16', '-l16'], 'cwd': '/home/joon/mission_hard/mission_hard/build/mission_manager', 'env': OrderedDict([('PYTHON_BASIC_REPL', '1'), ('LESSOPEN', '| /usr/bin/lesspipe %s'), ('USER', 'joon'), ('GIT_ASKPASS', '/home/joon/.vscode-server/bin/bf9252a2fb45be6893dd8870c0bf37e2e1766d61/extensions/git/dist/askpass.sh'), ('SHLVL', '1'), ('LD_LIBRARY_PATH', '/home/joon/mission_hard/mission_hard/install/ad_msgs/lib:/home/joon/automotive_software_final/install/ad_msgs/lib:/usr/lib/x86_64-linux-gnu/gazebo-11/plugins:/opt/ros/humble/opt/rviz_ogre_vendor/lib:/opt/ros/humble/lib/x86_64-linux-gnu:/opt/ros/humble/lib'), ('MOTD_SHOWN', 'update-motd'), ('HOME', '/home/joon'), ('OLDPWD', '/home/joon/mission_hard'), ('TERM_PROGRAM_VERSION', '1.106.3'), ('VSCODE_IPC_HOOK_CLI', '/run/user/1000/vscode-ipc-720ca6f3-2537-4b04-b3dc-21832d244e7e.sock'), ('ROS_PYTHON_VERSION', '3'), ('VSCODE_GIT_ASKPASS_MAIN', '/home/joon/.vscode-server/bin/bf9252a2fb45be6893dd8870c0bf37e2e1766d61/extensions/git/dist/askpass-main.js'), ('VSCODE_GIT_ASKPASS_NODE', '/home/joon/.vscode-server/bin/bf9252a2fb45be6893dd8870c0bf37e2e1766d61/node'), ('PYDEVD_DISABLE_FILE_VALIDATION', '1'), ('BUNDLED_DEBUGPY_PATH', '/home/joon/.vscode-server/extensions/ms-python.debugpy-2025.16.0-linux-x64/bundled/libs/debugpy'), ('VSCODE_PYTHON_AUTOACTIVATE_GUARD', '1'), ('DBUS_SESSION_BUS_ADDRESS', 'unix:path=/run/user/1000/bus'), ('COLORTERM', 'truecolor'), ('WSL_DISTRO_NAME', 'Ubuntu-22.04'), ('WAYLAND_DISPLAY', 'wayland-0'), ('COLCON_PREFIX_PATH', '/home/joon/mission_hard/mission_hard/install:/home/joon/automotive_software_final/install'), ('ROS_DISTRO', 'humble'), ('LOGNAME', 'joon'), ('NAME', 'Joon'), ('WSL_INTEROP', '/run/WSL/523_interop'), ('PULSE_SERVER', 'unix:/mnt/wslg/PulseServer'), ('_', '/usr/bin/colcon'), ('ROS_VERSION', '2'), ('CLAUDE_CODE_SSE_PORT', '20257'), ('TERM', 'xterm-256color'), ('ROS_LOCALHOST_ONLY', '0'), ('PATH', '/opt/ros/humble/bin:/usr/bin:/usr/bin:/home/joon/.vscode-server/data/User/globalStorage/github.copilot-chat/debugCommand:/home/joon/.vscode-server/data/User/globalStorage/github.copilot-chat/copilotCli:/home/joon/.vscode-server/bin/bf9252a2fb45be6893dd8870c0bf37e2e1766d61/bin/remote-cli:/home/joon/.local/bin:/usr/bin:/usr/bin:/usr/local/sbin:/usr/local/bin:/usr/sbin:/usr/bin:/sbin:/bin:/usr/games:/usr/local/games:/usr/lib/wsl/lib:/mnt/c/WINDOWS/system32:/mnt/c/WINDOWS:/mnt/c/WINDOWS/System32/Wbem:/mnt/c/WINDOWS/System32/WindowsPowerShell/v1.0/:/mnt/c/WINDOWS/System32/OpenSSH/:/mnt/c/Program Files/MATLAB/R2024b/bin:/mnt/c/Program Files/nodejs/:/mnt/c/Program Files/Git/cmd:/mnt/c/Users/ksyj0/AppData/Local/Programs/Python/Python312/Scripts/:/mnt/c/Users/ksyj0/AppData/Local/Programs/Python/Python312/:/mnt/c/Users/ksyj0/AppData/Local/Programs/Python/Launcher/:/mnt/c/Users/ksyj0/AppData/Local/Microsoft/WindowsApps:/mnt/c/Users/ksyj0/AppData/Local/Programs/Microsoft VS Code/bin:/mnt/c/Users/ksyj0/AppData/Roaming/npm:/mnt/c/Users/ksyj0/AppData/Local/SOOP:/mnt/c/Users/ksyj0/AppData/Local/Programs/Kiro/bin:/snap/bin:/home/joon/.vscode-server/extensions/ms-python.debugpy-2025.16.0-linux-x64/bundled/scripts/noConfigScripts'), ('XDG_RUNTIME_DIR', '/run/user/1000/'), ('DISPLAY', ':0'), ('VSCODE_DEBUGPY_ADAPTER_ENDPOINTS', '/home/joon/.vscode-server/extensions/ms-python.debugpy-2025.16.0-linux-x64/.noConfigDebugAdapterEndpoints/endpoint-5f6b0efddf9f6982.txt'), ('LANG', 'en_US.UTF-8'), ('PYTHONSTARTUP', '/home/joon/.vscode-server/data/User/workspaceStorage/6032d0949a26c1de4974618490f207f6-1/ms-python.python/pythonrc.py'), ('LS_COLORS', 'rs=0:di=01;34:ln=01;36:mh=00:pi=40;33:so=01;35:do=01;35:bd=40;33;01:cd=40;33;01:or=40;31;01:mi=00:su=37;41:sg=30;43:ca=30;41:tw=30;42:ow=34;42:st=37;44:ex=01;32:*.tar=01;31:*.tgz=01;31:*.arc=01;31:*.arj=01;31:*.taz=01;31:*.lha=01;31:*.lz4=01;31:*.lzh=01;31:*.lzma=01;31:*.tlz=01;31:*.txz=01;31:*.tzo=01;31:*.t7z=01;31:*.zip=01;31:*.z=01;31:*.dz=01;31:*.gz=01;31:*.lrz=01;31:*.lz=01;31:*.lzo=01;31:*.xz=01;31:*.zst=01;31:*.tzst=01;31:*.bz2=01;31:*.bz=01;31:*.tbz=01;31:*.tbz2=01;31:*.tz=01;31:*.deb=01;31:*.rpm=01;31:*.jar=01;31:*.war=01;31:*.ear=01;31:*.sar=01;31:*.rar=01;31:*.alz=01;31:*.ace=01;31:*.zoo=01;31:*.cpio=01;31:*.7z=01;31:*.rz=01;31:*.cab=01;31:*.wim=01;31:*.swm=01;31:*.dwm=01;31:*.esd=01;31:*.jpg=01;35:*.jpeg=01;35:*.mjpg=01;35:*.mjpeg=01;35:*.gif=01;35:*.bmp=01;35:*.pbm=01;35:*.pgm=01;35:*.ppm=01;35:*.tga=01;35:*.xbm=01;35:*.xpm=01;35:*.tif=01;35:*.tiff=01;35:*.png=01;35:*.svg=01;35:*.svgz=01;35:*.mng=01;35:*.pcx=01;35:*.mov=01;35:*.mpg=01;35:*.mpeg=01;35:*.m2v=01;35:*.mkv=01;35:*.webm=01;35:*.webp=01;35:*.ogm=01;35:*.mp4=01;35:*.m4v=01;35:*.mp4v=01;35:*.vob=01;35:*.qt=01;35:*.nuv=01;35:*.wmv=01;35:*.asf=01;35:*.rm=01;35:*.rmvb=01;35:*.flc=01;35:*.avi=01;35:*.fli=01;35:*.flv=01;35:*.gl=01;35:*.dl=01;35:*.xcf=01;35:*.xwd=01;35:*.yuv=01;35:*.cgm=01;35:*.emf=01;35:*.ogv=01;35:*.ogx=01;35:*.aac=00;36:*.au=00;36:*.flac=00;36:*.m4a=00;36:*.mid=00;36:*.midi=00;36:*.mka=00;36:*.mp3=00;36:*.mpc=00;36:*.ogg=00;36:*.ra=00;36:*.wav=00;36:*.oga=00;36:*.opus=00;36:*.spx=00;36:*.xspf=00;36:'), ('VSCODE_GIT_IPC_HANDLE', '/run/user/1000/vscode-git-167d3a068c.sock'), ('TERM_PROGRAM', 'vscode'), ('AMENT_PREFIX_PATH', '/home/joon/mission_hard/mission_hard/install/simulator:/home/joon/mission_hard/mission_hard/install/mission_manager:/home/joon/mission_hard/mission_hard/install/evaluation:/home/joon/mission_hard/mission_hard/install/autonomous_driving:/home/joon/mission_hard/mission_hard/install/ad_msgs:/home/joon/automotive_software_final/install/simulator:/home/joon/automotive_software_final/install/mission_manager:/home/joon/automotive_software_final/install/evaluation:/home/joon/automotive_software_final/install/autonomous_driving:/home/joon/automotive_software_final/install/ad_msgs:/opt/ros/humble'), ('SHELL', '/bin/bash'), ('LESSCLOSE', '/usr/bin/lesspipe %s %s'), ('VSCODE_GIT_ASKPASS_EXTRA_ARGS', ''), ('PWD', '/home/joon/mission_hard/mission_hard/build/mission_manager'), ('ENABLE_IDE_INTEGRATION', 'true'), ('XDG_DATA_DIRS', '/usr/local/share:/usr/share:/var/lib/snapd/desktop'), ('PYTHONPATH', '/home/joon/mission_hard/mission_hard/install/ad_msgs/local/lib/python3.10/dist-packages:/home/joon/automotive_software_final/install/ad_msgs/local/lib/python3.10/dist-packages:/opt/ros/humble/lib/python3.10/site-packages:/opt/ros/humble/local/lib/python3.10/dist-packages'), ('COLCON', '1'), ('WSL2_GUI_APPS_ENABLED', '1'), ('HOSTTYPE', 'x86_64'), ('CMAKE_PREFIX_PATH', '/home/joon/mission_hard/mission_hard/install/ad_msgs:/home/joon/mission_hard/mission_hard/install/simulator:/home/joon/mission_hard/mission_hard/install/mission_manager:/home/joon/mission_hard/mission_hard/install/evaluation:/home/joon/mission_hard/mission_hard/install/autonomous_driving:/home/joon/automotive_software_final/install/simulator:/home/joon/automotive_software_final/install/mission_manager:/home/joon/automotive_software_final/install/evaluation:/home/joon/automotive_software_final/install/autonomous_driving:/home/joon/automotive_software_final/install/ad_msgs:/opt/ros/humble'), ('WSLENV', 'VSCODE_WSL_EXT_LOCATION/up')]), 'shell': False}
[0.603198] (-) TimerEvent: {}
[0.603335] (simulator) JobProgress: {'identifier': 'simulator', 'progress': 'cmake'}
[0.604225] (simulator) JobProgress: {'identifier': 'simulator', 'progress': 'build'}
[0.605839] (simulator) Command: {'cmd': ['/usr/bin/cmake', '--build', '/home/joon/mission_hard/mission_hard/build/simulator', '--', '-j16', '-l16'], 'cwd': '/home/joon/mission_hard/mission_hard/build/simulator', 'env': OrderedDict([('PYTHON_BASIC_REPL', '1'), ('LESSOPEN', '| /usr/bin/lesspipe %s'), ('USER', 'joon'), ('GIT_ASKPASS', '/home/joon/.vscode-server/bin/bf9252a2fb45be6893dd8870c0bf37e2e1766d61/extensions/git/dist/askpass.sh'), ('SHLVL', '1'), ('LD_LIBRARY_PATH', '/home/joon/mission_hard/mission_hard/install/ad_msgs/lib:/home/joon/automotive_software_final/install/ad_msgs/lib:/usr/lib/x86_64-linux-gnu/gazebo-11/plugins:/opt/ros/humble/opt/rviz_ogre_vendor/lib:/opt/ros/humble/lib/x86_64-linux-gnu:/opt/ros/humble/lib'), ('MOTD_SHOWN', 'update-motd'), ('HOME', '/home/joon'), ('OLDPWD', '/home/joon/mission_hard'), ('TERM_PROGRAM_VERSION', '1.106.3'), ('VSCODE_IPC_HOOK_CLI', '/run/user/1000/vscode-ipc-720ca6f3-2537-4b04-b3dc-21832d244e7e.sock'), ('ROS_PYTHON_VERSION', '3'), ('VSCODE_GIT_ASKPASS_MAIN', '/home/joon/.vscode-server/bin/bf9252a2fb45be6893dd8870c0bf37e2e1766d61/extensions/git/dist/askpass-main.js'), ('VSCODE_GIT_ASKPASS_NODE', '/home/joon/.vscode-server/bin/bf9252a2fb45be6893dd8870c0bf37e2e1766d61/node'), ('PYDEVD_DISABLE_FILE_VALIDATION', '1'), ('BUNDLED_DEBUGPY_PATH', '/home/joon/.vscode-server/extensions/ms-python.debugpy-2025.16.0-linux-x64/bundled/libs/debugpy'), ('VSCODE_PYTHON_AUTOACTIVATE_GUARD', '1'), ('DBUS_SESSION_BUS_ADDRESS', 'unix:path=/run/user/1000/bus'), ('COLORTERM', 'truecolor'), ('WSL_DISTRO_NAME', 'Ubuntu-22.04'), ('WAYLAND_DISPLAY', 'wayland-0'), ('COLCON_PREFIX_PATH', '/home/joon/mission_hard/mission_hard/install:/home/joon/automotive_software_final/install'), ('ROS_DISTRO', 'humble'), ('LOGNAME', 'joon'), ('NAME', 'Joon'), ('WSL_INTEROP', '/run/WSL/523_interop'), ('PULSE_SERVER', 'unix:/mnt/wslg/PulseServer'), ('_', '/usr/bin/colcon'), ('ROS_VERSION', '2'), ('CLAUDE_CODE_SSE_PORT', '20257'), ('TERM', 'xterm-256color'), ('ROS_LOCALHOST_ONLY', '0'), ('PATH', '/opt/ros/humble/bin:/usr/bin:/usr/bin:/home/joon/.vscode-server/data/User/globalStorage/github.copilot-chat/debugCommand:/home/joon/.vscode-server/data/User/globalStorage/github.copilot-chat/copilotCli:/home/joon/.vscode-server/bin/bf9252a2fb45be6893dd8870c0bf37e2e1766d61/bin/remote-cli:/home/joon/.local/bin:/usr/bin:/usr/bin:/usr/local/sbin:/usr/local/bin:/usr/sbin:/usr/bin:/sbin:/bin:/usr/games:/usr/local/games:/usr/lib/wsl/lib:/mnt/c/WINDOWS/system32:/mnt/c/WINDOWS:/mnt/c/WINDOWS/System32/Wbem:/mnt/c/WINDOWS/System32/WindowsPowerShell/v1.0/:/mnt/c/WINDOWS/System32/OpenSSH/:/mnt/c/Program Files/MATLAB/R2024b/bin:/mnt/c/Program Files/nodejs/:/mnt/c/Program Files/Git/cmd:/mnt/c/Users/ksyj0/AppData/Local/Programs/Python/Python312/Scripts/:/mnt/c/Users/ksyj0/AppData/Local/Programs/Python/Python312/:/mnt/c/Users/ksyj0/AppData/Local/Programs/Python/Launcher/:/mnt/c/Users/ksyj0/AppData/Local/Microsoft/WindowsApps:/mnt/c/Users/ksyj0/AppData/Local/Programs/Microsoft VS Code/bin:/mnt/c/Users/ksyj0/AppData/Roaming/npm:/mnt/c/Users/ksyj0/AppData/Local/SOOP:/mnt/c/Users/ksyj0/AppData/Local/Programs/Kiro/bin:/snap/bin:/home/joon/.vscode-server/extensions/ms-python.debugpy-2025.16.0-linux-x64/bundled/scripts/noConfigScripts'), ('XDG_RUNTIME_DIR', '/run/user/1000/'), ('DISPLAY', ':0'), ('VSCODE_DEBUGPY_ADAPTER_ENDPOINTS', '/home/joon/.vscode-server/extensions/ms-python.debugpy-2025.16.0-linux-x64/.noConfigDebugAdapterEndpoints/endpoint-5f6b0efddf9f6982.txt'), ('LANG', 'en_US.UTF-8'), ('PYTHONSTARTUP', '/home/joon/.vscode-server/data/User/workspaceStorage/6032d0949a26c1de4974618490f207f6-1/ms-python.python/pythonrc.py'), ('LS_COLORS', 'rs=0:di=01;34:ln=01;36:mh=00:pi=40;33:so=01;35:do=01;35:bd=40;33;01:cd=40;33;01:or=40;31;01:mi=00:su=37;41:sg=30;43:ca=30;41:tw=30;42:ow=34;42:st=37;44:ex=01;32:*.tar=01;31:*.tgz=01;31:*.arc=01;31:*.arj=01;31:*.taz=01;31:*.lha=01;31:*.lz4=01;31:*.lzh=01;31:*.lzma=01;31:*.tlz=01;31:*.txz=01;31:*.tzo=01;31:*.t7z=01;31:*.zip=01;31:*.z=01;31:*.dz=01;31:*.gz=01;31:*.lrz=01;31:*.lz=01;31:*.lzo=01;31:*.xz=01;31:*.zst=01;31:*.tzst=01;31:*.bz2=01;31:*.bz=01;31:*.tbz=01;31:*.tbz2=01;31:*.tz=01;31:*.deb=01;31:*.rpm=01;31:*.jar=01;31:*.war=01;31:*.ear=01;31:*.sar=01;31:*.rar=01;31:*.alz=01;31:*.ace=01;31:*.zoo=01;31:*.cpio=01;31:*.7z=01;31:*.rz=01;31:*.cab=01;31:*.wim=01;31:*.swm=01;31:*.dwm=01;31:*.esd=01;31:*.jpg=01;35:*.jpeg=01;35:*.mjpg=01;35:*.mjpeg=01;35:*.gif=01;35:*.bmp=01;35:*.pbm=01;35:*.pgm=01;35:*.ppm=01;35:*.tga=01;35:*.xbm=01;35:*.xpm=01;35:*.tif=01;35:*.tiff=01;35:*.png=01;35:*.svg=01;35:*.svgz=01;35:*.mng=01;35:*.pcx=01;35:*.mov=01;35:*.mpg=01;35:*.mpeg=01;35:*.m2v=01;35:*.mkv=01;35:*.webm=01;35:*.webp=01;35:*.ogm=01;35:*.mp4=01;35:*.m4v=01;35:*.mp4v=01;35:*.vob=01;35:*.qt=01;35:*.nuv=01;35:*.wmv=01;35:*.asf=01;35:*.rm=01;35:*.rmvb=01;35:*.flc=01;35:*.avi=01;35:*.fli=01;35:*.flv=01;35:*.gl=01;35:*.dl=01;35:*.xcf=01;35:*.xwd=01;35:*.yuv=01;35:*.cgm=01;35:*.emf=01;35:*.ogv=01;35:*.ogx=01;35:*.aac=00;36:*.au=00;36:*.flac=00;36:*.m4a=00;36:*.mid=00;36:*.midi=00;36:*.mka=00;36:*.mp3=00;36:*.mpc=00;36:*.ogg=00;36:*.ra=00;36:*.wav=00;36:*.oga=00;36:*.opus=00;36:*.spx=00;36:*.xspf=00;36:'), ('VSCODE_GIT_IPC_HANDLE', '/run/user/1000/vscode-git-167d3a068c.sock'), ('TERM_PROGRAM', 'vscode'), ('AMENT_PREFIX_PATH', '/home/joon/mission_hard/mission_hard/install/simulator:/home/joon/mission_hard/mission_hard/install/mission_manager:/home/joon/mission_hard/mission_hard/install/evaluation:/home/joon/mission_hard/mission_hard/install/autonomous_driving:/home/joon/mission_hard/mission_hard/install/ad_msgs:/home/joon/automotive_software_final/install/simulator:/home/joon/automotive_software_final/install/mission_manager:/home/joon/automotive_software_final/install/evaluation:/home/joon/automotive_software_final/install/autonomous_driving:/home/joon/automotive_software_final/install/ad_msgs:/opt/ros/humble'), ('SHELL', '/bin/bash'), ('LESSCLOSE', '/usr/bin/lesspipe %s %s'), ('VSCODE_GIT_ASKPASS_EXTRA_ARGS', ''), ('PWD', '/home/joon/mission_hard/mission_hard/build/simulator'), ('ENABLE_IDE_INTEGRATION', 'true'), ('XDG_DATA_DIRS', '/usr/local/share:/usr/share:/var/lib/snapd/desktop'), ('PYTHONPATH', '/home/joon/mission_hard/mission_hard/install/ad_msgs/local/lib/python3.10/dist-packages:/home/joon/automotive_software_final/install/ad_msgs/local/lib/python3.10/dist-packages:/opt/ros/humble/lib/python3.10/site-packages:/opt/ros/humble/local/lib/python3.10/dist-packages'), ('COLCON', '1'), ('WSL2_GUI_APPS_ENABLED', '1'), ('HOSTTYPE', 'x86_64'), ('CMAKE_PREFIX_PATH', '/home/joon/mission_hard/mission_hard/install/ad_msgs:/home/joon/mission_hard/mission_hard/install/simulator:/home/joon/mission_hard/mission_hard/install/mission_manager:/home/joon/mission_hard/mission_hard/install/evaluation:/home/joon/mission_hard/mission_hard/install/autonomous_driving:/home/joon/automotive_software_final/install/simulator:/home/joon/automotive_software_final/install/mission_manager:/home/joon/automotive_software_final/install/evaluation:/home/joon/automotive_software_final/install/autonomous_driving:/home/joon/automotive_software_final/install/ad_msgs:/opt/ros/humble'), ('WSLENV', 'VSCODE_WSL_EXT_LOCATION/up')]), 'shell': False}
[0.626837] (autonomous_driving) StdoutLine: {'line': b'\x1b[35m\x1b[1mConsolidate compiler generated dependencies of target autonomous_driving\x1b[0m\n'}
[0.643654] (evaluation) StdoutLine: {'line': b'[100%] Built target evaluation\n'}
[0.646684] (autonomous_driving) StdoutLine: {'line': b'[ 33%] \x1b[32mBuilding CXX object CMakeFiles/autonomous_driving.dir/src/autonomous_driving_node.cpp.o\x1b[0m\n'}
[0.650344] (autonomous_driving) StdoutLine: {'line': b'[ 66%] \x1b[32mBuilding CXX object CMakeFiles/autonomous_driving.dir/src/lane_processor.cpp.o\x1b[0m\n'}
[0.653052] (evaluation) CommandEnded: {'returncode': 0}
[0.653677] (mission_manager) StdoutLine: {'line': b'[100%] Built target mission_manager\n'}
[0.654876] (simulator) StdoutLine: {'line': b'[ 28%] Built target vehicle\n'}
[0.657556] (evaluation) JobProgress: {'identifier': 'evaluation', 'progress': 'install'}
[0.657681] (evaluation) Command: {'cmd': ['/usr/bin/cmake', '--install', '/home/joon/mission_hard/mission_hard/build/evaluation'], 'cwd': '/home/joon/mission_hard/mission_hard/build/evaluation', 'env': OrderedDict([('PYTHON_BASIC_REPL', '1'), ('LESSOPEN', '| /usr/bin/lesspipe %s'), ('USER', 'joon'), ('GIT_ASKPASS', '/home/joon/.vscode-server/bin/bf9252a2fb45be6893dd8870c0bf37e2e1766d61/extensions/git/dist/askpass.sh'), ('SHLVL', '1'), ('LD_LIBRARY_PATH', '/home/joon/mission_hard/mission_hard/install/ad_msgs/lib:/home/joon/automotive_software_final/install/ad_msgs/lib:/usr/lib/x86_64-linux-gnu/gazebo-11/plugins:/opt/ros/humble/opt/rviz_ogre_vendor/lib:/opt/ros/humble/lib/x86_64-linux-gnu:/opt/ros/humble/lib'), ('MOTD_SHOWN', 'update-motd'), ('HOME', '/home/joon'), ('OLDPWD', '/home/joon/mission_hard'), ('TERM_PROGRAM_VERSION', '1.106.3'), ('VSCODE_IPC_HOOK_CLI', '/run/user/1000/vscode-ipc-720ca6f3-2537-4b04-b3dc-21832d244e7e.sock'), ('ROS_PYTHON_VERSION', '3'), ('VSCODE_GIT_ASKPASS_MAIN', '/home/joon/.vscode-server/bin/bf9252a2fb45be6893dd8870c0bf37e2e1766d61/extensions/git/dist/askpass-main.js'), ('VSCODE_GIT_ASKPASS_NODE', '/home/joon/.vscode-server/bin/bf9252a2fb45be6893dd8870c0bf37e2e1766d61/node'), ('PYDEVD_DISABLE_FILE_VALIDATION', '1'), ('BUNDLED_DEBUGPY_PATH', '/home/joon/.vscode-server/extensions/ms-python.debugpy-2025.16.0-linux-x64/bundled/libs/debugpy'), ('VSCODE_PYTHON_AUTOACTIVATE_GUARD', '1'), ('DBUS_SESSION_BUS_ADDRESS', 'unix:path=/run/user/1000/bus'), ('COLORTERM', 'truecolor'), ('WSL_DISTRO_NAME', 'Ubuntu-22.04'), ('WAYLAND_DISPLAY', 'wayland-0'), ('COLCON_PREFIX_PATH', '/home/joon/mission_hard/mission_hard/install:/home/joon/automotive_software_final/install'), ('ROS_DISTRO', 'humble'), ('LOGNAME', 'joon'), ('NAME', 'Joon'), ('WSL_INTEROP', '/run/WSL/523_interop'), ('PULSE_SERVER', 'unix:/mnt/wslg/PulseServer'), ('_', '/usr/bin/colcon'), ('ROS_VERSION', '2'), ('CLAUDE_CODE_SSE_PORT', '20257'), ('TERM', 'xterm-256color'), ('ROS_LOCALHOST_ONLY', '0'), ('PATH', '/opt/ros/humble/bin:/usr/bin:/usr/bin:/home/joon/.vscode-server/data/User/globalStorage/github.copilot-chat/debugCommand:/home/joon/.vscode-server/data/User/globalStorage/github.copilot-chat/copilotCli:/home/joon/.vscode-server/bin/bf9252a2fb45be6893dd8870c0bf37e2e1766d61/bin/remote-cli:/home/joon/.local/bin:/usr/bin:/usr/bin:/usr/local/sbin:/usr/local/bin:/usr/sbin:/usr/bin:/sbin:/bin:/usr/games:/usr/local/games:/usr/lib/wsl/lib:/mnt/c/WINDOWS/system32:/mnt/c/WINDOWS:/mnt/c/WINDOWS/System32/Wbem:/mnt/c/WINDOWS/System32/WindowsPowerShell/v1.0/:/mnt/c/WINDOWS/System32/OpenSSH/:/mnt/c/Program Files/MATLAB/R2024b/bin:/mnt/c/Program Files/nodejs/:/mnt/c/Program Files/Git/cmd:/mnt/c/Users/ksyj0/AppData/Local/Programs/Python/Python312/Scripts/:/mnt/c/Users/ksyj0/AppData/Local/Programs/Python/Python312/:/mnt/c/Users/ksyj0/AppData/Local/Programs/Python/Launcher/:/mnt/c/Users/ksyj0/AppData/Local/Microsoft/WindowsApps:/mnt/c/Users/ksyj0/AppData/Local/Programs/Microsoft VS Code/bin:/mnt/c/Users/ksyj0/AppData/Roaming/npm:/mnt/c/Users/ksyj0/AppData/Local/SOOP:/mnt/c/Users/ksyj0/AppData/Local/Programs/Kiro/bin:/snap/bin:/home/joon/.vscode-server/extensions/ms-python.debugpy-2025.16.0-linux-x64/bundled/scripts/noConfigScripts'), ('XDG_RUNTIME_DIR', '/run/user/1000/'), ('DISPLAY', ':0'), ('VSCODE_DEBUGPY_ADAPTER_ENDPOINTS', '/home/joon/.vscode-server/extensions/ms-python.debugpy-2025.16.0-linux-x64/.noConfigDebugAdapterEndpoints/endpoint-5f6b0efddf9f6982.txt'), ('LANG', 'en_US.UTF-8'), ('PYTHONSTARTUP', '/home/joon/.vscode-server/data/User/workspaceStorage/6032d0949a26c1de4974618490f207f6-1/ms-python.python/pythonrc.py'), ('LS_COLORS', 'rs=0:di=01;34:ln=01;36:mh=00:pi=40;33:so=01;35:do=01;35:bd=40;33;01:cd=40;33;01:or=40;31;01:mi=00:su=37;41:sg=30;43:ca=30;41:tw=30;42:ow=34;42:st=37;44:ex=01;32:*.tar=01;31:*.tgz=01;31:*.arc=01;31:*.arj=01;31:*.taz=01;31:*.lha=01;31:*.lz4=01;31:*.lzh=01;31:*.lzma=01;31:*.tlz=01;31:*.txz=01;31:*.tzo=01;31:*.t7z=01;31:*.zip=01;31:*.z=01;31:*.dz=01;31:*.gz=01;31:*.lrz=01;31:*.lz=01;31:*.lzo=01;31:*.xz=01;31:*.zst=01;31:*.tzst=01;31:*.bz2=01;31:*.bz=01;31:*.tbz=01;31:*.tbz2=01;31:*.tz=01;31:*.deb=01;31:*.rpm=01;31:*.jar=01;31:*.war=01;31:*.ear=01;31:*.sar=01;31:*.rar=01;31:*.alz=01;31:*.ace=01;31:*.zoo=01;31:*.cpio=01;31:*.7z=01;31:*.rz=01;31:*.cab=01;31:*.wim=01;31:*.swm=01;31:*.dwm=01;31:*.esd=01;31:*.jpg=01;35:*.jpeg=01;35:*.mjpg=01;35:*.mjpeg=01;35:*.gif=01;35:*.bmp=01;35:*.pbm=01;35:*.pgm=01;35:*.ppm=01;35:*.tga=01;35:*.xbm=01;35:*.xpm=01;35:*.tif=01;35:*.tiff=01;35:*.png=01;35:*.svg=01;35:*.svgz=01;35:*.mng=01;35:*.pcx=01;35:*.mov=01;35:*.mpg=01;35:*.mpeg=01;35:*.m2v=01;35:*.mkv=01;35:*.webm=01;35:*.webp=01;35:*.ogm=01;35:*.mp4=01;35:*.m4v=01;35:*.mp4v=01;35:*.vob=01;35:*.qt=01;35:*.nuv=01;35:*.wmv=01;35:*.asf=01;35:*.rm=01;35:*.rmvb=01;35:*.flc=01;35:*.avi=01;35:*.fli=01;35:*.flv=01;35:*.gl=01;35:*.dl=01;35:*.xcf=01;35:*.xwd=01;35:*.yuv=01;35:*.cgm=01;35:*.emf=01;35:*.ogv=01;35:*.ogx=01;35:*.aac=00;36:*.au=00;36:*.flac=00;36:*.m4a=00;36:*.mid=00;36:*.midi=00;36:*.mka=00;36:*.mp3=00;36:*.mpc=00;36:*.ogg=00;36:*.ra=00;36:*.wav=00;36:*.oga=00;36:*.opus=00;36:*.spx=00;36:*.xspf=00;36:'), ('VSCODE_GIT_IPC_HANDLE', '/run/user/1000/vscode-git-167d3a068c.sock'), ('TERM_PROGRAM', 'vscode'), ('AMENT_PREFIX_PATH', '/home/joon/mission_hard/mission_hard/install/simulator:/home/joon/mission_hard/mission_hard/install/mission_manager:/home/joon/mission_hard/mission_hard/install/evaluation:/home/joon/mission_hard/mission_hard/install/autonomous_driving:/home/joon/mission_hard/mission_hard/install/ad_msgs:/home/joon/automotive_software_final/install/simulator:/home/joon/automotive_software_final/install/mission_manager:/home/joon/automotive_software_final/install/evaluation:/home/joon/automotive_software_final/install/autonomous_driving:/home/joon/automotive_software_final/install/ad_msgs:/opt/ros/humble'), ('SHELL', '/bin/bash'), ('LESSCLOSE', '/usr/bin/lesspipe %s %s'), ('VSCODE_GIT_ASKPASS_EXTRA_ARGS', ''), ('PWD', '/home/joon/mission_hard/mission_hard/build/evaluation'), ('ENABLE_IDE_INTEGRATION', 'true'), ('XDG_DATA_DIRS', '/usr/local/share:/usr/share:/var/lib/snapd/desktop'), ('PYTHONPATH', '/home/joon/mission_hard/mission_hard/install/ad_msgs/local/lib/python3.10/dist-packages:/home/joon/automotive_software_final/install/ad_msgs/local/lib/python3.10/dist-packages:/opt/ros/humble/lib/python3.10/site-packages:/opt/ros/humble/local/lib/python3.10/dist-packages'), ('COLCON', '1'), ('WSL2_GUI_APPS_ENABLED', '1'), ('HOSTTYPE', 'x86_64'), ('CMAKE_PREFIX_PATH', '/home/joon/mission_hard/mission_hard/install/ad_msgs:/home/joon/mission_hard/mission_hard/install/simulator:/home/joon/mission_hard/mission_hard/install/mission_manager:/home/joon/mission_hard/mission_hard/install/evaluation:/home/joon/mission_hard/mission_hard/install/autonomous_driving:/home/joon/automotive_software_final/install/simulator:/home/joon/automotive_software_final/install/mission_manager:/home/joon/automotive_software_final/install/evaluation:/home/joon/automotive_software_final/install/autonomous_driving:/home/joon/automotive_software_final/install/ad_msgs:/opt/ros/humble'), ('WSLENV', 'VSCODE_WSL_EXT_LOCATION/up')]), 'shell': False}
[0.659721] (simulator) StdoutLine: {'line': b'[ 57%] Built target display\n'}
[0.660678] (simulator) StdoutLine: {'line': b'[100%] Built target lane_detection\n'}
[0.663788] (evaluation) StdoutLine: {'line': b'-- Install configuration: ""\n'}
[0.664984] (evaluation) StdoutLine: {'line': b'-- Execute custom install script\n'}
[0.665297] (mission_manager) CommandEnded: {'returncode': 0}
[0.665930] (evaluation) StdoutLine: {'line': b'-- Up-to-date symlink: /home/joon/mission_hard/mission_hard/install/evaluation/lib/evaluation/evaluation\n'}
[0.666127] (evaluation) StdoutLine: {'line': b'-- Up-to-date symlink: /home/joon/mission_hard/mission_hard/install/evaluation/share/evaluation/launch/evaluation.launch.xml\n'}
[0.666527] (evaluation) StdoutLine: {'line': b'-- Up-to-date symlink: /home/joon/mission_hard/mission_hard/install/evaluation/share/evaluation/launch/evaluation.launch.xml:Zone.Identifier\n'}
[0.666677] (evaluation) StdoutLine: {'line': b'-- Up-to-date symlink: /home/joon/mission_hard/mission_hard/install/evaluation/share/ament_index/resource_index/package_run_dependencies/evaluation\n'}
[0.666950] (evaluation) StdoutLine: {'line': b'-- Up-to-date symlink: /home/joon/mission_hard/mission_hard/install/evaluation/share/ament_index/resource_index/parent_prefix_path/evaluation\n'}
[0.667470] (evaluation) StdoutLine: {'line': b'-- Up-to-date symlink: /home/joon/mission_hard/mission_hard/install/evaluation/share/evaluation/environment/ament_prefix_path.sh\n'}
[0.667949] (evaluation) StdoutLine: {'line': b'-- Up-to-date symlink: /home/joon/mission_hard/mission_hard/install/evaluation/share/evaluation/environment/ament_prefix_path.dsv\n'}
[0.668204] (mission_manager) JobProgress: {'identifier': 'mission_manager', 'progress': 'install'}
[0.668423] (evaluation) StdoutLine: {'line': b'-- Up-to-date symlink: /home/joon/mission_hard/mission_hard/install/evaluation/share/evaluation/environment/path.sh\n'}
[0.668533] (evaluation) StdoutLine: {'line': b'-- Up-to-date symlink: /home/joon/mission_hard/mission_hard/install/evaluation/share/evaluation/environment/path.dsv\n'}
[0.669782] (evaluation) StdoutLine: {'line': b'-- Up-to-date symlink: /home/joon/mission_hard/mission_hard/install/evaluation/share/evaluation/local_setup.bash\n'}
[0.669901] (mission_manager) Command: {'cmd': ['/usr/bin/cmake', '--install', '/home/joon/mission_hard/mission_hard/build/mission_manager'], 'cwd': '/home/joon/mission_hard/mission_hard/build/mission_manager', 'env': OrderedDict([('PYTHON_BASIC_REPL', '1'), ('LESSOPEN', '| /usr/bin/lesspipe %s'), ('USER', 'joon'), ('GIT_ASKPASS', '/home/joon/.vscode-server/bin/bf9252a2fb45be6893dd8870c0bf37e2e1766d61/extensions/git/dist/askpass.sh'), ('SHLVL', '1'), ('LD_LIBRARY_PATH', '/home/joon/mission_hard/mission_hard/install/ad_msgs/lib:/home/joon/automotive_software_final/install/ad_msgs/lib:/usr/lib/x86_64-linux-gnu/gazebo-11/plugins:/opt/ros/humble/opt/rviz_ogre_vendor/lib:/opt/ros/humble/lib/x86_64-linux-gnu:/opt/ros/humble/lib'), ('MOTD_SHOWN', 'update-motd'), ('HOME', '/home/joon'), ('OLDPWD', '/home/joon/mission_hard'), ('TERM_PROGRAM_VERSION', '1.106.3'), ('VSCODE_IPC_HOOK_CLI', '/run/user/1000/vscode-ipc-720ca6f3-2537-4b04-b3dc-21832d244e7e.sock'), ('ROS_PYTHON_VERSION', '3'), ('VSCODE_GIT_ASKPASS_MAIN', '/home/joon/.vscode-server/bin/bf9252a2fb45be6893dd8870c0bf37e2e1766d61/extensions/git/dist/askpass-main.js'), ('VSCODE_GIT_ASKPASS_NODE', '/home/joon/.vscode-server/bin/bf9252a2fb45be6893dd8870c0bf37e2e1766d61/node'), ('PYDEVD_DISABLE_FILE_VALIDATION', '1'), ('BUNDLED_DEBUGPY_PATH', '/home/joon/.vscode-server/extensions/ms-python.debugpy-2025.16.0-linux-x64/bundled/libs/debugpy'), ('VSCODE_PYTHON_AUTOACTIVATE_GUARD', '1'), ('DBUS_SESSION_BUS_ADDRESS', 'unix:path=/run/user/1000/bus'), ('COLORTERM', 'truecolor'), ('WSL_DISTRO_NAME', 'Ubuntu-22.04'), ('WAYLAND_DISPLAY', 'wayland-0'), ('COLCON_PREFIX_PATH', '/home/joon/mission_hard/mission_hard/install:/home/joon/automotive_software_final/install'), ('ROS_DISTRO', 'humble'), ('LOGNAME', 'joon'), ('NAME', 'Joon'), ('WSL_INTEROP', '/run/WSL/523_interop'), ('PULSE_SERVER', 'unix:/mnt/wslg/PulseServer'), ('_', '/usr/bin/colcon'), ('ROS_VERSION', '2'), ('CLAUDE_CODE_SSE_PORT', '20257'), ('TERM', 'xterm-256color'), ('ROS_LOCALHOST_ONLY', '0'), ('PATH', '/opt/ros/humble/bin:/usr/bin:/usr/bin:/home/joon/.vscode-server/data/User/globalStorage/github.copilot-chat/debugCommand:/home/joon/.vscode-server/data/User/globalStorage/github.copilot-chat/copilotCli:/home/joon/.vscode-server/bin/bf9252a2fb45be6893dd8870c0bf37e2e1766d61/bin/remote-cli:/home/joon/.local/bin:/usr/bin:/usr/bin:/usr/local/sbin:/usr/local/bin:/usr/sbin:/usr/bin:/sbin:/bin:/usr/games:/usr/local/games:/usr/lib/wsl/lib:/mnt/c/WINDOWS/system32:/mnt/c/WINDOWS:/mnt/c/WINDOWS/System32/Wbem:/mnt/c/WINDOWS/System32/WindowsPowerShell/v1.0/:/mnt/c/WINDOWS/System32/OpenSSH/:/mnt/c/Program Files/MATLAB/R2024b/bin:/mnt/c/Program Files/nodejs/:/mnt/c/Program Files/Git/cmd:/mnt/c/Users/ksyj0/AppData/Local/Programs/Python/Python312/Scripts/:/mnt/c/Users/ksyj0/AppData/Local/Programs/Python/Python312/:/mnt/c/Users/ksyj0/AppData/Local/Programs/Python/Launcher/:/mnt/c/Users/ksyj0/AppData/Local/Microsoft/WindowsApps:/mnt/c/Users/ksyj0/AppData/Local/Programs/Microsoft VS Code/bin:/mnt/c/Users/ksyj0/AppData/Roaming/npm:/mnt/c/Users/ksyj0/AppData/Local/SOOP:/mnt/c/Users/ksyj0/AppData/Local/Programs/Kiro/bin:/snap/bin:/home/joon/.vscode-server/extensions/ms-python.debugpy-2025.16.0-linux-x64/bundled/scripts/noConfigScripts'), ('XDG_RUNTIME_DIR', '/run/user/1000/'), ('DISPLAY', ':0'), ('VSCODE_DEBUGPY_ADAPTER_ENDPOINTS', '/home/joon/.vscode-server/extensions/ms-python.debugpy-2025.16.0-linux-x64/.noConfigDebugAdapterEndpoints/endpoint-5f6b0efddf9f6982.txt'), ('LANG', 'en_US.UTF-8'), ('PYTHONSTARTUP', '/home/joon/.vscode-server/data/User/workspaceStorage/6032d0949a26c1de4974618490f207f6-1/ms-python.python/pythonrc.py'), ('LS_COLORS', 'rs=0:di=01;34:ln=01;36:mh=00:pi=40;33:so=01;35:do=01;35:bd=40;33;01:cd=40;33;01:or=40;31;01:mi=00:su=37;41:sg=30;43:ca=30;41:tw=30;42:ow=34;42:st=37;44:ex=01;32:*.tar=01;31:*.tgz=01;31:*.arc=01;31:*.arj=01;31:*.taz=01;31:*.lha=01;31:*.lz4=01;31:*.lzh=01;31:*.lzma=01;31:*.tlz=01;31:*.txz=01;31:*.tzo=01;31:*.t7z=01;31:*.zip=01;31:*.z=01;31:*.dz=01;31:*.gz=01;31:*.lrz=01;31:*.lz=01;31:*.lzo=01;31:*.xz=01;31:*.zst=01;31:*.tzst=01;31:*.bz2=01;31:*.bz=01;31:*.tbz=01;31:*.tbz2=01;31:*.tz=01;31:*.deb=01;31:*.rpm=01;31:*.jar=01;31:*.war=01;31:*.ear=01;31:*.sar=01;31:*.rar=01;31:*.alz=01;31:*.ace=01;31:*.zoo=01;31:*.cpio=01;31:*.7z=01;31:*.rz=01;31:*.cab=01;31:*.wim=01;31:*.swm=01;31:*.dwm=01;31:*.esd=01;31:*.jpg=01;35:*.jpeg=01;35:*.mjpg=01;35:*.mjpeg=01;35:*.gif=01;35:*.bmp=01;35:*.pbm=01;35:*.pgm=01;35:*.ppm=01;35:*.tga=01;35:*.xbm=01;35:*.xpm=01;35:*.tif=01;35:*.tiff=01;35:*.png=01;35:*.svg=01;35:*.svgz=01;35:*.mng=01;35:*.pcx=01;35:*.mov=01;35:*.mpg=01;35:*.mpeg=01;35:*.m2v=01;35:*.mkv=01;35:*.webm=01;35:*.webp=01;35:*.ogm=01;35:*.mp4=01;35:*.m4v=01;35:*.mp4v=01;35:*.vob=01;35:*.qt=01;35:*.nuv=01;35:*.wmv=01;35:*.asf=01;35:*.rm=01;35:*.rmvb=01;35:*.flc=01;35:*.avi=01;35:*.fli=01;35:*.flv=01;35:*.gl=01;35:*.dl=01;35:*.xcf=01;35:*.xwd=01;35:*.yuv=01;35:*.cgm=01;35:*.emf=01;35:*.ogv=01;35:*.ogx=01;35:*.aac=00;36:*.au=00;36:*.flac=00;36:*.m4a=00;36:*.mid=00;36:*.midi=00;36:*.mka=00;36:*.mp3=00;36:*.mpc=00;36:*.ogg=00;36:*.ra=00;36:*.wav=00;36:*.oga=00;36:*.opus=00;36:*.spx=00;36:*.xspf=00;36:'), ('VSCODE_GIT_IPC_HANDLE', '/run/user/1000/vscode-git-167d3a068c.sock'), ('TERM_PROGRAM', 'vscode'), ('AMENT_PREFIX_PATH', '/home/joon/mission_hard/mission_hard/install/simulator:/home/joon/mission_hard/mission_hard/install/mission_manager:/home/joon/mission_hard/mission_hard/install/evaluation:/home/joon/mission_hard/mission_hard/install/autonomous_driving:/home/joon/mission_hard/mission_hard/install/ad_msgs:/home/joon/automotive_software_final/install/simulator:/home/joon/automotive_software_final/install/mission_manager:/home/joon/automotive_software_final/install/evaluation:/home/joon/automotive_software_final/install/autonomous_driving:/home/joon/automotive_software_final/install/ad_msgs:/opt/ros/humble'), ('SHELL', '/bin/bash'), ('LESSCLOSE', '/usr/bin/lesspipe %s %s'), ('VSCODE_GIT_ASKPASS_EXTRA_ARGS', ''), ('PWD', '/home/joon/mission_hard/mission_hard/build/mission_manager'), ('ENABLE_IDE_INTEGRATION', 'true'), ('XDG_DATA_DIRS', '/usr/local/share:/usr/share:/var/lib/snapd/desktop'), ('PYTHONPATH', '/home/joon/mission_hard/mission_hard/install/ad_msgs/local/lib/python3.10/dist-packages:/home/joon/automotive_software_final/install/ad_msgs/local/lib/python3.10/dist-packages:/opt/ros/humble/lib/python3.10/site-packages:/opt/ros/humble/local/lib/python3.10/dist-packages'), ('COLCON', '1'), ('WSL2_GUI_APPS_ENABLED', '1'), ('HOSTTYPE', 'x86_64'), ('CMAKE_PREFIX_PATH', '/home/joon/mission_hard/mission_hard/install/ad_msgs:/home/joon/mission_hard/mission_hard/install/simulator:/home/joon/mission_hard/mission_hard/install/mission_manager:/home/joon/mission_hard/mission_hard/install/evaluation:/home/joon/mission_hard/mission_hard/install/autonomous_driving:/home/joon/automotive_software_final/install/simulator:/home/joon/automotive_software_final/install/mission_manager:/home/joon/automotive_software_final/install/evaluation:/home/joon/automotive_software_final/install/autonomous_driving:/home/joon/automotive_software_final/install/ad_msgs:/opt/ros/humble'), ('WSLENV', 'VSCODE_WSL_EXT_LOCATION/up')]), 'shell': False}
[0.670762] (evaluation) StdoutLine: {'line': b'-- Up-to-date symlink: /home/joon/mission_hard/mission_hard/install/evaluation/share/evaluation/local_setup.sh\n'}
[0.671064] (evaluation) StdoutLine: {'line': b'-- Up-to-date symlink: /home/joon/mission_hard/mission_hard/install/evaluation/share/evaluation/local_setup.zsh\n'}
[0.671249] (evaluation) StdoutLine: {'line': b'-- Up-to-date symlink: /home/joon/mission_hard/mission_hard/install/evaluation/share/evaluation/local_setup.dsv\n'}
[0.671461] (evaluation) StdoutLine: {'line': b'-- Symlinking: /home/joon/mission_hard/mission_hard/install/evaluation/share/evaluation/package.dsv\n'}
[0.672939] (simulator) CommandEnded: {'returncode': 0}
[0.675181] (simulator) JobProgress: {'identifier': 'simulator', 'progress': 'install'}
[0.677878] (simulator) Command: {'cmd': ['/usr/bin/cmake', '--install', '/home/joon/mission_hard/mission_hard/build/simulator'], 'cwd': '/home/joon/mission_hard/mission_hard/build/simulator', 'env': OrderedDict([('PYTHON_BASIC_REPL', '1'), ('LESSOPEN', '| /usr/bin/lesspipe %s'), ('USER', 'joon'), ('GIT_ASKPASS', '/home/joon/.vscode-server/bin/bf9252a2fb45be6893dd8870c0bf37e2e1766d61/extensions/git/dist/askpass.sh'), ('SHLVL', '1'), ('LD_LIBRARY_PATH', '/home/joon/mission_hard/mission_hard/install/ad_msgs/lib:/home/joon/automotive_software_final/install/ad_msgs/lib:/usr/lib/x86_64-linux-gnu/gazebo-11/plugins:/opt/ros/humble/opt/rviz_ogre_vendor/lib:/opt/ros/humble/lib/x86_64-linux-gnu:/opt/ros/humble/lib'), ('MOTD_SHOWN', 'update-motd'), ('HOME', '/home/joon'), ('OLDPWD', '/home/joon/mission_hard'), ('TERM_PROGRAM_VERSION', '1.106.3'), ('VSCODE_IPC_HOOK_CLI', '/run/user/1000/vscode-ipc-720ca6f3-2537-4b04-b3dc-21832d244e7e.sock'), ('ROS_PYTHON_VERSION', '3'), ('VSCODE_GIT_ASKPASS_MAIN', '/home/joon/.vscode-server/bin/bf9252a2fb45be6893dd8870c0bf37e2e1766d61/extensions/git/dist/askpass-main.js'), ('VSCODE_GIT_ASKPASS_NODE', '/home/joon/.vscode-server/bin/bf9252a2fb45be6893dd8870c0bf37e2e1766d61/node'), ('PYDEVD_DISABLE_FILE_VALIDATION', '1'), ('BUNDLED_DEBUGPY_PATH', '/home/joon/.vscode-server/extensions/ms-python.debugpy-2025.16.0-linux-x64/bundled/libs/debugpy'), ('VSCODE_PYTHON_AUTOACTIVATE_GUARD', '1'), ('DBUS_SESSION_BUS_ADDRESS', 'unix:path=/run/user/1000/bus'), ('COLORTERM', 'truecolor'), ('WSL_DISTRO_NAME', 'Ubuntu-22.04'), ('WAYLAND_DISPLAY', 'wayland-0'), ('COLCON_PREFIX_PATH', '/home/joon/mission_hard/mission_hard/install:/home/joon/automotive_software_final/install'), ('ROS_DISTRO', 'humble'), ('LOGNAME', 'joon'), ('NAME', 'Joon'), ('WSL_INTEROP', '/run/WSL/523_interop'), ('PULSE_SERVER', 'unix:/mnt/wslg/PulseServer'), ('_', '/usr/bin/colcon'), ('ROS_VERSION', '2'), ('CLAUDE_CODE_SSE_PORT', '20257'), ('TERM', 'xterm-256color'), ('ROS_LOCALHOST_ONLY', '0'), ('PATH', '/opt/ros/humble/bin:/usr/bin:/usr/bin:/home/joon/.vscode-server/data/User/globalStorage/github.copilot-chat/debugCommand:/home/joon/.vscode-server/data/User/globalStorage/github.copilot-chat/copilotCli:/home/joon/.vscode-server/bin/bf9252a2fb45be6893dd8870c0bf37e2e1766d61/bin/remote-cli:/home/joon/.local/bin:/usr/bin:/usr/bin:/usr/local/sbin:/usr/local/bin:/usr/sbin:/usr/bin:/sbin:/bin:/usr/games:/usr/local/games:/usr/lib/wsl/lib:/mnt/c/WINDOWS/system32:/mnt/c/WINDOWS:/mnt/c/WINDOWS/System32/Wbem:/mnt/c/WINDOWS/System32/WindowsPowerShell/v1.0/:/mnt/c/WINDOWS/System32/OpenSSH/:/mnt/c/Program Files/MATLAB/R2024b/bin:/mnt/c/Program Files/nodejs/:/mnt/c/Program Files/Git/cmd:/mnt/c/Users/ksyj0/AppData/Local/Programs/Python/Python312/Scripts/:/mnt/c/Users/ksyj0/AppData/Local/Programs/Python/Python312/:/mnt/c/Users/ksyj0/AppData/Local/Programs/Python/Launcher/:/mnt/c/Users/ksyj0/AppData/Local/Microsoft/WindowsApps:/mnt/c/Users/ksyj0/AppData/Local/Programs/Microsoft VS Code/bin:/mnt/c/Users/ksyj0/AppData/Roaming/npm:/mnt/c/Users/ksyj0/AppData/Local/SOOP:/mnt/c/Users/ksyj0/AppData/Local/Programs/Kiro/bin:/snap/bin:/home/joon/.vscode-server/extensions/ms-python.debugpy-2025.16.0-linux-x64/bundled/scripts/noConfigScripts'), ('XDG_RUNTIME_DIR', '/run/user/1000/'), ('DISPLAY', ':0'), ('VSCODE_DEBUGPY_ADAPTER_ENDPOINTS', '/home/joon/.vscode-server/extensions/ms-python.debugpy-2025.16.0-linux-x64/.noConfigDebugAdapterEndpoints/endpoint-5f6b0efddf9f6982.txt'), ('LANG', 'en_US.UTF-8'), ('PYTHONSTARTUP', '/home/joon/.vscode-server/data/User/workspaceStorage/6032d0949a26c1de4974618490f207f6-1/ms-python.python/pythonrc.py'), ('LS_COLORS', 'rs=0:di=01;34:ln=01;36:mh=00:pi=40;33:so=01;35:do=01;35:bd=40;33;01:cd=40;33;01:or=40;31;01:mi=00:su=37;41:sg=30;43:ca=30;41:tw=30;42:ow=34;42:st=37;44:ex=01;32:*.tar=01;31:*.tgz=01;31:*.arc=01;31:*.arj=01;31:*.taz=01;31:*.lha=01;31:*.lz4=01;31:*.lzh=01;31:*.lzma=01;31:*.tlz=01;31:*.txz=01;31:*.tzo=01;31:*.t7z=01;31:*.zip=01;31:*.z=01;31:*.dz=01;31:*.gz=01;31:*.lrz=01;31:*.lz=01;31:*.lzo=01;31:*.xz=01;31:*.zst=01;31:*.tzst=01;31:*.bz2=01;31:*.bz=01;31:*.tbz=01;31:*.tbz2=01;31:*.tz=01;31:*.deb=01;31:*.rpm=01;31:*.jar=01;31:*.war=01;31:*.ear=01;31:*.sar=01;31:*.rar=01;31:*.alz=01;31:*.ace=01;31:*.zoo=01;31:*.cpio=01;31:*.7z=01;31:*.rz=01;31:*.cab=01;31:*.wim=01;31:*.swm=01;31:*.dwm=01;31:*.esd=01;31:*.jpg=01;35:*.jpeg=01;35:*.mjpg=01;35:*.mjpeg=01;35:*.gif=01;35:*.bmp=01;35:*.pbm=01;35:*.pgm=01;35:*.ppm=01;35:*.tga=01;35:*.xbm=01;35:*.xpm=01;35:*.tif=01;35:*.tiff=01;35:*.png=01;35:*.svg=01;35:*.svgz=01;35:*.mng=01;35:*.pcx=01;35:*.mov=01;35:*.mpg=01;35:*.mpeg=01;35:*.m2v=01;35:*.mkv=01;35:*.webm=01;35:*.webp=01;35:*.ogm=01;35:*.mp4=01;35:*.m4v=01;35:*.mp4v=01;35:*.vob=01;35:*.qt=01;35:*.nuv=01;35:*.wmv=01;35:*.asf=01;35:*.rm=01;35:*.rmvb=01;35:*.flc=01;35:*.avi=01;35:*.fli=01;35:*.flv=01;35:*.gl=01;35:*.dl=01;35:*.xcf=01;35:*.xwd=01;35:*.yuv=01;35:*.cgm=01;35:*.emf=01;35:*.ogv=01;35:*.ogx=01;35:*.aac=00;36:*.au=00;36:*.flac=00;36:*.m4a=00;36:*.mid=00;36:*.midi=00;36:*.mka=00;36:*.mp3=00;36:*.mpc=00;36:*.ogg=00;36:*.ra=00;36:*.wav=00;36:*.oga=00;36:*.opus=00;36:*.spx=00;36:*.xspf=00;36:'), ('VSCODE_GIT_IPC_HANDLE', '/run/user/1000/vscode-git-167d3a068c.sock'), ('TERM_PROGRAM', 'vscode'), ('AMENT_PREFIX_PATH', '/home/joon/mission_hard/mission_hard/install/simulator:/home/joon/mission_hard/mission_hard/install/mission_manager:/home/joon/mission_hard/mission_hard/install/evaluation:/home/joon/mission_hard/mission_hard/install/autonomous_driving:/home/joon/mission_hard/mission_hard/install/ad_msgs:/home/joon/automotive_software_final/install/simulator:/home/joon/automotive_software_final/install/mission_manager:/home/joon/automotive_software_final/install/evaluation:/home/joon/automotive_software_final/install/autonomous_driving:/home/joon/automotive_software_final/install/ad_msgs:/opt/ros/humble'), ('SHELL', '/bin/bash'), ('LESSCLOSE', '/usr/bin/lesspipe %s %s'), ('VSCODE_GIT_ASKPASS_EXTRA_ARGS', ''), ('PWD', '/home/joon/mission_hard/mission_hard/build/simulator'), ('ENABLE_IDE_INTEGRATION', 'true'), ('XDG_DATA_DIRS', '/usr/local/share:/usr/share:/var/lib/snapd/desktop'), ('PYTHONPATH', '/home/joon/mission_hard/mission_hard/install/ad_msgs/local/lib/python3.10/dist-packages:/home/joon/automotive_software_final/install/ad_msgs/local/lib/python3.10/dist-packages:/opt/ros/humble/lib/python3.10/site-packages:/opt/ros/humble/local/lib/python3.10/dist-packages'), ('COLCON', '1'), ('WSL2_GUI_APPS_ENABLED', '1'), ('HOSTTYPE', 'x86_64'), ('CMAKE_PREFIX_PATH', '/home/joon/mission_hard/mission_hard/install/ad_msgs:/home/joon/mission_hard/mission_hard/install/simulator:/home/joon/mission_hard/mission_hard/install/mission_manager:/home/joon/mission_hard/mission_hard/install/evaluation:/home/joon/mission_hard/mission_hard/install/autonomous_driving:/home/joon/automotive_software_final/install/simulator:/home/joon/automotive_software_final/install/mission_manager:/home/joon/automotive_software_final/install/evaluation:/home/joon/automotive_software_final/install/autonomous_driving:/home/joon/automotive_software_final/install/ad_msgs:/opt/ros/humble'), ('WSLENV', 'VSCODE_WSL_EXT_LOCATION/up')]), 'shell': False}
[0.678713] (mission_manager) StdoutLine: {'line': b'-- Install configuration: ""\n'}
[0.678995] (mission_manager) StdoutLine: {'line': b'-- Execute custom install script\n'}
[0.679489] (mission_manager) StdoutLine: {'line': b'-- Up-to-date symlink: /home/joon/mission_hard/mission_hard/install/mission_manager/lib/mission_manager/mission_manager\n'}
[0.679743] (mission_manager) StdoutLine: {'line': b'-- Up-to-date symlink: /home/joon/mission_hard/mission_hard/install/mission_manager/share/mission_manager/launch/mission_manager.launch.xml\n'}
[0.680565] (mission_manager) StdoutLine: {'line': b'-- Up-to-date symlink: /home/joon/mission_hard/mission_hard/install/mission_manager/share/mission_manager/launch/mission_manager.launch.xml:Zone.Identifier\n'}
[0.681332] (mission_manager) StdoutLine: {'line': b'-- Up-to-date symlink: /home/joon/mission_hard/mission_hard/install/mission_manager/share/ament_index/resource_index/package_run_dependencies/mission_manager\n'}
[0.681436] (mission_manager) StdoutLine: {'line': b'-- Up-to-date symlink: /home/joon/mission_hard/mission_hard/install/mission_manager/share/ament_index/resource_index/parent_prefix_path/mission_manager\n'}
[0.681515] (evaluation) StdoutLine: {'line': b'-- Up-to-date symlink: /home/joon/mission_hard/mission_hard/install/evaluation/share/ament_index/resource_index/packages/evaluation\n'}
[0.681888] (evaluation) StdoutLine: {'line': b'-- Up-to-date symlink: /home/joon/mission_hard/mission_hard/install/evaluation/share/evaluation/cmake/evaluationConfig.cmake\n'}
[0.681958] (evaluation) StdoutLine: {'line': b'-- Up-to-date symlink: /home/joon/mission_hard/mission_hard/install/evaluation/share/evaluation/cmake/evaluationConfig-version.cmake\n'}
[0.682071] (evaluation) StdoutLine: {'line': b'-- Up-to-date symlink: /home/joon/mission_hard/mission_hard/install/evaluation/share/evaluation/package.xml\n'}
[0.682199] (mission_manager) StdoutLine: {'line': b'-- Up-to-date symlink: /home/joon/mission_hard/mission_hard/install/mission_manager/share/mission_manager/environment/ament_prefix_path.sh\n'}
[0.682617] (mission_manager) StdoutLine: {'line': b'-- Up-to-date symlink: /home/joon/mission_hard/mission_hard/install/mission_manager/share/mission_manager/environment/ament_prefix_path.dsv\n'}
[0.682793] (mission_manager) StdoutLine: {'line': b'-- Up-to-date symlink: /home/joon/mission_hard/mission_hard/install/mission_manager/share/mission_manager/environment/path.sh\n'}
[0.682888] (mission_manager) StdoutLine: {'line': b'-- Up-to-date symlink: /home/joon/mission_hard/mission_hard/install/mission_manager/share/mission_manager/environment/path.dsv\n'}
[0.683293] (mission_manager) StdoutLine: {'line': b'-- Up-to-date symlink: /home/joon/mission_hard/mission_hard/install/mission_manager/share/mission_manager/local_setup.bash\n'}
[0.683437] (mission_manager) StdoutLine: {'line': b'-- Up-to-date symlink: /home/joon/mission_hard/mission_hard/install/mission_manager/share/mission_manager/local_setup.sh\n'}
[0.683834] (mission_manager) StdoutLine: {'line': b'-- Up-to-date symlink: /home/joon/mission_hard/mission_hard/install/mission_manager/share/mission_manager/local_setup.zsh\n'}
[0.683980] (mission_manager) StdoutLine: {'line': b'-- Up-to-date symlink: /home/joon/mission_hard/mission_hard/install/mission_manager/share/mission_manager/local_setup.dsv\n'}
[0.684591] (mission_manager) StdoutLine: {'line': b'-- Symlinking: /home/joon/mission_hard/mission_hard/install/mission_manager/share/mission_manager/package.dsv\n'}
[0.685844] (simulator) StdoutLine: {'line': b'-- Install configuration: ""\n'}
[0.686510] (simulator) StdoutLine: {'line': b'-- Execute custom install script\n'}
[0.686587] (simulator) StdoutLine: {'line': b'-- Up-to-date symlink: /home/joon/mission_hard/mission_hard/install/simulator/lib/simulator/vehicle\n'}
[0.686675] (simulator) StdoutLine: {'line': b'-- Up-to-date symlink: /home/joon/mission_hard/mission_hard/install/simulator/lib/simulator/lane_detection\n'}
[0.686739] (evaluation) CommandEnded: {'returncode': 0}
[0.686992] (simulator) StdoutLine: {'line': b'-- Up-to-date symlink: /home/joon/mission_hard/mission_hard/install/simulator/lib/simulator/display\n'}
[0.687251] (simulator) StdoutLine: {'line': b'-- Up-to-date symlink: /home/joon/mission_hard/mission_hard/install/simulator/share/simulator/launch/simulation.launch.xml\n'}
[0.687479] (simulator) StdoutLine: {'line': b'-- Up-to-date symlink: /home/joon/mission_hard/mission_hard/install/simulator/share/simulator/launch/simulation.launch.xml:Zone.Identifier\n'}
[0.687715] (simulator) StdoutLine: {'line': b'-- Up-to-date symlink: /home/joon/mission_hard/mission_hard/install/simulator/share/ament_index/resource_index/package_run_dependencies/simulator\n'}
[0.687979] (simulator) StdoutLine: {'line': b'-- Up-to-date symlink: /home/joon/mission_hard/mission_hard/install/simulator/share/ament_index/resource_index/parent_prefix_path/simulator\n'}
[0.688476] (simulator) StdoutLine: {'line': b'-- Up-to-date symlink: /home/joon/mission_hard/mission_hard/install/simulator/share/simulator/environment/ament_prefix_path.sh\n'}
[0.688736] (simulator) StdoutLine: {'line': b'-- Up-to-date symlink: /home/joon/mission_hard/mission_hard/install/simulator/share/simulator/environment/ament_prefix_path.dsv\n'}
[0.688822] (simulator) StdoutLine: {'line': b'-- Up-to-date symlink: /home/joon/mission_hard/mission_hard/install/simulator/share/simulator/environment/path.sh\n'}
[0.689287] (simulator) StdoutLine: {'line': b'-- Up-to-date symlink: /home/joon/mission_hard/mission_hard/install/simulator/share/simulator/environment/path.dsv\n'}
[0.689881] (simulator) StdoutLine: {'line': b'-- Up-to-date symlink: /home/joon/mission_hard/mission_hard/install/simulator/share/simulator/local_setup.bash\n'}
[0.690514] (simulator) StdoutLine: {'line': b'-- Up-to-date symlink: /home/joon/mission_hard/mission_hard/install/simulator/share/simulator/local_setup.sh\n'}
[0.690659] (simulator) StdoutLine: {'line': b'-- Up-to-date symlink: /home/joon/mission_hard/mission_hard/install/simulator/share/simulator/local_setup.zsh\n'}
[0.691075] (simulator) StdoutLine: {'line': b'-- Up-to-date symlink: /home/joon/mission_hard/mission_hard/install/simulator/share/simulator/local_setup.dsv\n'}
[0.691369] (simulator) StdoutLine: {'line': b'-- Symlinking: /home/joon/mission_hard/mission_hard/install/simulator/share/simulator/package.dsv\n'}
[0.691769] (mission_manager) StdoutLine: {'line': b'-- Up-to-date symlink: /home/joon/mission_hard/mission_hard/install/mission_manager/share/ament_index/resource_index/packages/mission_manager\n'}
[0.692132] (mission_manager) StdoutLine: {'line': b'-- Up-to-date symlink: /home/joon/mission_hard/mission_hard/install/mission_manager/share/mission_manager/cmake/mission_managerConfig.cmake\n'}
[0.692491] (mission_manager) StdoutLine: {'line': b'-- Up-to-date symlink: /home/joon/mission_hard/mission_hard/install/mission_manager/share/mission_manager/cmake/mission_managerConfig-version.cmake\n'}
[0.692864] (mission_manager) StdoutLine: {'line': b'-- Up-to-date symlink: /home/joon/mission_hard/mission_hard/install/mission_manager/share/mission_manager/package.xml\n'}
[0.699585] (simulator) StdoutLine: {'line': b'-- Up-to-date symlink: /home/joon/mission_hard/mission_hard/install/simulator/share/ament_index/resource_index/packages/simulator\n'}
[0.700270] (simulator) StdoutLine: {'line': b'-- Up-to-date symlink: /home/joon/mission_hard/mission_hard/install/simulator/share/simulator/cmake/simulatorConfig.cmake\n'}
[0.701558] (simulator) StdoutLine: {'line': b'-- Up-to-date symlink: /home/joon/mission_hard/mission_hard/install/simulator/share/simulator/cmake/simulatorConfig-version.cmake\n'}
[0.701892] (simulator) StdoutLine: {'line': b'-- Up-to-date symlink: /home/joon/mission_hard/mission_hard/install/simulator/share/simulator/package.xml\n'}
[0.703311] (-) TimerEvent: {}
[0.703983] (evaluation) JobEnded: {'identifier': 'evaluation', 'rc': 0}
[0.705823] (mission_manager) CommandEnded: {'returncode': 0}
[0.714704] (mission_manager) JobEnded: {'identifier': 'mission_manager', 'rc': 0}
[0.716783] (simulator) CommandEnded: {'returncode': 0}
[0.729778] (simulator) JobEnded: {'identifier': 'simulator', 'rc': 0}
[0.803477] (-) TimerEvent: {}
[0.903839] (-) TimerEvent: {}
[1.004177] (-) TimerEvent: {}
[1.104472] (-) TimerEvent: {}
[1.204854] (-) TimerEvent: {}
[1.305201] (-) TimerEvent: {}
[1.405596] (-) TimerEvent: {}
[1.505948] (-) TimerEvent: {}
[1.606284] (-) TimerEvent: {}
[1.706684] (-) TimerEvent: {}
[1.806996] (-) TimerEvent: {}
[1.907338] (-) TimerEvent: {}
[2.007820] (-) TimerEvent: {}
[2.108187] (-) TimerEvent: {}
[2.208539] (-) TimerEvent: {}
[2.308933] (-) TimerEvent: {}
[2.409380] (-) TimerEvent: {}
[2.509842] (-) TimerEvent: {}
[2.610336] (-) TimerEvent: {}
[2.710746] (-) TimerEvent: {}
[2.811314] (-) TimerEvent: {}
[2.911769] (-) TimerEvent: {}
[3.012164] (-) TimerEvent: {}
[3.112546] (-) TimerEvent: {}
[3.212909] (-) TimerEvent: {}
[3.313344] (-) TimerEvent: {}
[3.413725] (-) TimerEvent: {}
[3.514033] (-) TimerEvent: {}
[3.614374] (-) TimerEvent: {}
[3.714904] (-) TimerEvent: {}
[3.815352] (-) TimerEvent: {}
[3.915766] (-) TimerEvent: {}
[4.016301] (-) TimerEvent: {}
[4.116815] (-) TimerEvent: {}
[4.217366] (-) TimerEvent: {}
[4.317825] (-) TimerEvent: {}
[4.418245] (-) TimerEvent: {}
[4.518680] (-) TimerEvent: {}
[4.619171] (-) TimerEvent: {}
[4.719567] (-) TimerEvent: {}
[4.819990] (-) TimerEvent: {}
[4.920546] (-) TimerEvent: {}
[5.020997] (-) TimerEvent: {}
[5.121527] (-) TimerEvent: {}
[5.221965] (-) TimerEvent: {}
[5.322483] (-) TimerEvent: {}
[5.423095] (-) TimerEvent: {}
[5.523538] (-) TimerEvent: {}
[5.623852] (-) TimerEvent: {}
[5.724391] (-) TimerEvent: {}
[5.824895] (-) TimerEvent: {}
[5.925355] (-) TimerEvent: {}
[6.025726] (-) TimerEvent: {}
[6.126260] (-) TimerEvent: {}
[6.226765] (-) TimerEvent: {}
[6.327263] (-) TimerEvent: {}
[6.427718] (-) TimerEvent: {}
[6.528213] (-) TimerEvent: {}
[6.628564] (-) TimerEvent: {}
[6.729019] (-) TimerEvent: {}
[6.829474] (-) TimerEvent: {}
[6.929902] (-) TimerEvent: {}
[7.030359] (-) TimerEvent: {}
[7.130813] (-) TimerEvent: {}
[7.231242] (-) TimerEvent: {}
[7.331683] (-) TimerEvent: {}
[7.432109] (-) TimerEvent: {}
[7.532556] (-) TimerEvent: {}
[7.633357] (-) TimerEvent: {}
[7.733833] (-) TimerEvent: {}
[7.834200] (-) TimerEvent: {}
[7.934609] (-) TimerEvent: {}
[8.035016] (-) TimerEvent: {}
[8.135442] (-) TimerEvent: {}
[8.236171] (-) TimerEvent: {}
[8.336529] (-) TimerEvent: {}
[8.437035] (-) TimerEvent: {}
[8.537497] (-) TimerEvent: {}
[8.637948] (-) TimerEvent: {}
[8.738431] (-) TimerEvent: {}
[8.838800] (-) TimerEvent: {}
[8.939266] (-) TimerEvent: {}
[9.039768] (-) TimerEvent: {}
[9.140313] (-) TimerEvent: {}
[9.240814] (-) TimerEvent: {}
[9.341137] (-) TimerEvent: {}
[9.441511] (-) TimerEvent: {}
[9.541980] (-) TimerEvent: {}
[9.642518] (-) TimerEvent: {}
[9.742936] (-) TimerEvent: {}
[9.843541] (-) TimerEvent: {}
[9.943925] (-) TimerEvent: {}
[10.044384] (-) TimerEvent: {}
[10.144776] (-) TimerEvent: {}
[10.245168] (-) TimerEvent: {}
[10.345622] (-) TimerEvent: {}
[10.445995] (-) TimerEvent: {}
[10.546409] (-) TimerEvent: {}
[10.646843] (-) TimerEvent: {}
[10.747346] (-) TimerEvent: {}
[10.847711] (-) TimerEvent: {}
[10.948209] (-) TimerEvent: {}
[11.048679] (-) TimerEvent: {}
[11.149085] (-) TimerEvent: {}
[11.249541] (-) TimerEvent: {}
[11.350341] (-) TimerEvent: {}
[11.450785] (-) TimerEvent: {}
[11.551220] (-) TimerEvent: {}
[11.651717] (-) TimerEvent: {}
[11.752166] (-) TimerEvent: {}
[11.852538] (-) TimerEvent: {}
[11.953079] (-) TimerEvent: {}
[12.053530] (-) TimerEvent: {}
[12.153915] (-) TimerEvent: {}
[12.254381] (-) TimerEvent: {}
[12.354802] (-) TimerEvent: {}
[12.455356] (-) TimerEvent: {}
[12.555788] (-) TimerEvent: {}
[12.656178] (-) TimerEvent: {}
[12.756690] (-) TimerEvent: {}
[12.857082] (-) TimerEvent: {}
[12.957725] (-) TimerEvent: {}
[13.058241] (-) TimerEvent: {}
[13.158634] (-) TimerEvent: {}
[13.259070] (-) TimerEvent: {}
[13.359474] (-) TimerEvent: {}
[13.459876] (-) TimerEvent: {}
[13.560272] (-) TimerEvent: {}
[13.660731] (-) TimerEvent: {}
[13.761286] (-) TimerEvent: {}
[13.861746] (-) TimerEvent: {}
[13.962163] (-) TimerEvent: {}
[14.062652] (-) TimerEvent: {}
[14.163068] (-) TimerEvent: {}
[14.263623] (-) TimerEvent: {}
[14.364219] (-) TimerEvent: {}
[14.464775] (-) TimerEvent: {}
[14.565485] (-) TimerEvent: {}
[14.666139] (-) TimerEvent: {}
[14.766741] (-) TimerEvent: {}
[14.867140] (-) TimerEvent: {}
[14.967573] (-) TimerEvent: {}
[15.067989] (-) TimerEvent: {}
[15.168458] (-) TimerEvent: {}
[15.269013] (-) TimerEvent: {}
[15.369432] (-) TimerEvent: {}
[15.469808] (-) TimerEvent: {}
[15.570283] (-) TimerEvent: {}
[15.670823] (-) TimerEvent: {}
[15.771325] (-) TimerEvent: {}
[15.871857] (-) TimerEvent: {}
[15.972434] (-) TimerEvent: {}
[16.072888] (-) TimerEvent: {}
[16.173304] (-) TimerEvent: {}
[16.273924] (-) TimerEvent: {}
[16.374370] (-) TimerEvent: {}
[16.474857] (-) TimerEvent: {}
[16.575251] (-) TimerEvent: {}
[16.675717] (-) TimerEvent: {}
[16.776164] (-) TimerEvent: {}
[16.862211] (autonomous_driving) StdoutLine: {'line': b'[100%] \x1b[32m\x1b[1mLinking CXX executable autonomous_driving\x1b[0m\n'}
[16.876311] (-) TimerEvent: {}
[16.976673] (-) TimerEvent: {}
[17.077203] (-) TimerEvent: {}
[17.177599] (-) TimerEvent: {}
[17.278135] (-) TimerEvent: {}
[17.378464] (-) TimerEvent: {}
[17.478817] (-) TimerEvent: {}
[17.579399] (-) TimerEvent: {}
[17.680042] (-) TimerEvent: {}
[17.780620] (-) TimerEvent: {}
[17.881234] (-) TimerEvent: {}
[17.981892] (-) TimerEvent: {}
[18.082424] (-) TimerEvent: {}
[18.182942] (-) TimerEvent: {}
[18.274267] (autonomous_driving) StdoutLine: {'line': b'[100%] Built target autonomous_driving\n'}
[18.283163] (-) TimerEvent: {}
[18.285326] (autonomous_driving) CommandEnded: {'returncode': 0}
[18.286900] (autonomous_driving) JobProgress: {'identifier': 'autonomous_driving', 'progress': 'install'}
[18.288579] (autonomous_driving) Command: {'cmd': ['/usr/bin/cmake', '--install', '/home/joon/mission_hard/mission_hard/build/autonomous_driving'], 'cwd': '/home/joon/mission_hard/mission_hard/build/autonomous_driving', 'env': OrderedDict([('PYTHON_BASIC_REPL', '1'), ('LESSOPEN', '| /usr/bin/lesspipe %s'), ('USER', 'joon'), ('GIT_ASKPASS', '/home/joon/.vscode-server/bin/bf9252a2fb45be6893dd8870c0bf37e2e1766d61/extensions/git/dist/askpass.sh'), ('SHLVL', '1'), ('LD_LIBRARY_PATH', '/home/joon/mission_hard/mission_hard/install/ad_msgs/lib:/home/joon/automotive_software_final/install/ad_msgs/lib:/usr/lib/x86_64-linux-gnu/gazebo-11/plugins:/opt/ros/humble/opt/rviz_ogre_vendor/lib:/opt/ros/humble/lib/x86_64-linux-gnu:/opt/ros/humble/lib'), ('MOTD_SHOWN', 'update-motd'), ('HOME', '/home/joon'), ('OLDPWD', '/home/joon/mission_hard'), ('TERM_PROGRAM_VERSION', '1.106.3'), ('VSCODE_IPC_HOOK_CLI', '/run/user/1000/vscode-ipc-720ca6f3-2537-4b04-b3dc-21832d244e7e.sock'), ('ROS_PYTHON_VERSION', '3'), ('VSCODE_GIT_ASKPASS_MAIN', '/home/joon/.vscode-server/bin/bf9252a2fb45be6893dd8870c0bf37e2e1766d61/extensions/git/dist/askpass-main.js'), ('VSCODE_GIT_ASKPASS_NODE', '/home/joon/.vscode-server/bin/bf9252a2fb45be6893dd8870c0bf37e2e1766d61/node'), ('PYDEVD_DISABLE_FILE_VALIDATION', '1'), ('BUNDLED_DEBUGPY_PATH', '/home/joon/.vscode-server/extensions/ms-python.debugpy-2025.16.0-linux-x64/bundled/libs/debugpy'), ('VSCODE_PYTHON_AUTOACTIVATE_GUARD', '1'), ('DBUS_SESSION_BUS_ADDRESS', 'unix:path=/run/user/1000/bus'), ('COLORTERM', 'truecolor'), ('WSL_DISTRO_NAME', 'Ubuntu-22.04'), ('WAYLAND_DISPLAY', 'wayland-0'), ('COLCON_PREFIX_PATH', '/home/joon/mission_hard/mission_hard/install:/home/joon/automotive_software_final/install'), ('ROS_DISTRO', 'humble'), ('LOGNAME', 'joon'), ('NAME', 'Joon'), ('WSL_INTEROP', '/run/WSL/523_interop'), ('PULSE_SERVER', 'unix:/mnt/wslg/PulseServer'), ('_', '/usr/bin/colcon'), ('ROS_VERSION', '2'), ('CLAUDE_CODE_SSE_PORT', '20257'), ('TERM', 'xterm-256color'), ('ROS_LOCALHOST_ONLY', '0'), ('PATH', '/opt/ros/humble/bin:/usr/bin:/usr/bin:/home/joon/.vscode-server/data/User/globalStorage/github.copilot-chat/debugCommand:/home/joon/.vscode-server/data/User/globalStorage/github.copilot-chat/copilotCli:/home/joon/.vscode-server/bin/bf9252a2fb45be6893dd8870c0bf37e2e1766d61/bin/remote-cli:/home/joon/.local/bin:/usr/bin:/usr/bin:/usr/local/sbin:/usr/local/bin:/usr/sbin:/usr/bin:/sbin:/bin:/usr/games:/usr/local/games:/usr/lib/wsl/lib:/mnt/c/WINDOWS/system32:/mnt/c/WINDOWS:/mnt/c/WINDOWS/System32/Wbem:/mnt/c/WINDOWS/System32/WindowsPowerShell/v1.0/:/mnt/c/WINDOWS/System32/OpenSSH/:/mnt/c/Program Files/MATLAB/R2024b/bin:/mnt/c/Program Files/nodejs/:/mnt/c/Program Files/Git/cmd:/mnt/c/Users/ksyj0/AppData/Local/Programs/Python/Python312/Scripts/:/mnt/c/Users/ksyj0/AppData/Local/Programs/Python/Python312/:/mnt/c/Users/ksyj0/AppData/Local/Programs/Python/Launcher/:/mnt/c/Users/ksyj0/AppData/Local/Microsoft/WindowsApps:/mnt/c/Users/ksyj0/AppData/Local/Programs/Microsoft VS Code/bin:/mnt/c/Users/ksyj0/AppData/Roaming/npm:/mnt/c/Users/ksyj0/AppData/Local/SOOP:/mnt/c/Users/ksyj0/AppData/Local/Programs/Kiro/bin:/snap/bin:/home/joon/.vscode-server/extensions/ms-python.debugpy-2025.16.0-linux-x64/bundled/scripts/noConfigScripts'), ('XDG_RUNTIME_DIR', '/run/user/1000/'), ('DISPLAY', ':0'), ('VSCODE_DEBUGPY_ADAPTER_ENDPOINTS', '/home/joon/.vscode-server/extensions/ms-python.debugpy-2025.16.0-linux-x64/.noConfigDebugAdapterEndpoints/endpoint-5f6b0efddf9f6982.txt'), ('LANG', 'en_US.UTF-8'), ('PYTHONSTARTUP', '/home/joon/.vscode-server/data/User/workspaceStorage/6032d0949a26c1de4974618490f207f6-1/ms-python.python/pythonrc.py'), ('LS_COLORS', 'rs=0:di=01;34:ln=01;36:mh=00:pi=40;33:so=01;35:do=01;35:bd=40;33;01:cd=40;33;01:or=40;31;01:mi=00:su=37;41:sg=30;43:ca=30;41:tw=30;42:ow=34;42:st=37;44:ex=01;32:*.tar=01;31:*.tgz=01;31:*.arc=01;31:*.arj=01;31:*.taz=01;31:*.lha=01;31:*.lz4=01;31:*.lzh=01;31:*.lzma=01;31:*.tlz=01;31:*.txz=01;31:*.tzo=01;31:*.t7z=01;31:*.zip=01;31:*.z=01;31:*.dz=01;31:*.gz=01;31:*.lrz=01;31:*.lz=01;31:*.lzo=01;31:*.xz=01;31:*.zst=01;31:*.tzst=01;31:*.bz2=01;31:*.bz=01;31:*.tbz=01;31:*.tbz2=01;31:*.tz=01;31:*.deb=01;31:*.rpm=01;31:*.jar=01;31:*.war=01;31:*.ear=01;31:*.sar=01;31:*.rar=01;31:*.alz=01;31:*.ace=01;31:*.zoo=01;31:*.cpio=01;31:*.7z=01;31:*.rz=01;31:*.cab=01;31:*.wim=01;31:*.swm=01;31:*.dwm=01;31:*.esd=01;31:*.jpg=01;35:*.jpeg=01;35:*.mjpg=01;35:*.mjpeg=01;35:*.gif=01;35:*.bmp=01;35:*.pbm=01;35:*.pgm=01;35:*.ppm=01;35:*.tga=01;35:*.xbm=01;35:*.xpm=01;35:*.tif=01;35:*.tiff=01;35:*.png=01;35:*.svg=01;35:*.svgz=01;35:*.mng=01;35:*.pcx=01;35:*.mov=01;35:*.mpg=01;35:*.mpeg=01;35:*.m2v=01;35:*.mkv=01;35:*.webm=01;35:*.webp=01;35:*.ogm=01;35:*.mp4=01;35:*.m4v=01;35:*.mp4v=01;35:*.vob=01;35:*.qt=01;35:*.nuv=01;35:*.wmv=01;35:*.asf=01;35:*.rm=01;35:*.rmvb=01;35:*.flc=01;35:*.avi=01;35:*.fli=01;35:*.flv=01;35:*.gl=01;35:*.dl=01;35:*.xcf=01;35:*.xwd=01;35:*.yuv=01;35:*.cgm=01;35:*.emf=01;35:*.ogv=01;35:*.ogx=01;35:*.aac=00;36:*.au=00;36:*.flac=00;36:*.m4a=00;36:*.mid=00;36:*.midi=00;36:*.mka=00;36:*.mp3=00;36:*.mpc=00;36:*.ogg=00;36:*.ra=00;36:*.wav=00;36:*.oga=00;36:*.opus=00;36:*.spx=00;36:*.xspf=00;36:'), ('VSCODE_GIT_IPC_HANDLE', '/run/user/1000/vscode-git-167d3a068c.sock'), ('TERM_PROGRAM', 'vscode'), ('AMENT_PREFIX_PATH', '/home/joon/mission_hard/mission_hard/install/simulator:/home/joon/mission_hard/mission_hard/install/mission_manager:/home/joon/mission_hard/mission_hard/install/evaluation:/home/joon/mission_hard/mission_hard/install/autonomous_driving:/home/joon/mission_hard/mission_hard/install/ad_msgs:/home/joon/automotive_software_final/install/simulator:/home/joon/automotive_software_final/install/mission_manager:/home/joon/automotive_software_final/install/evaluation:/home/joon/automotive_software_final/install/autonomous_driving:/home/joon/automotive_software_final/install/ad_msgs:/opt/ros/humble'), ('SHELL', '/bin/bash'), ('LESSCLOSE', '/usr/bin/lesspipe %s %s'), ('VSCODE_GIT_ASKPASS_EXTRA_ARGS', ''), ('PWD', '/home/joon/mission_hard/mission_hard/build/autonomous_driving'), ('ENABLE_IDE_INTEGRATION', 'true'), ('XDG_DATA_DIRS', '/usr/local/share:/usr/share:/var/lib/snapd/desktop'), ('PYTHONPATH', '/home/joon/mission_hard/mission_hard/install/ad_msgs/local/lib/python3.10/dist-packages:/home/joon/automotive_software_final/install/ad_msgs/local/lib/python3.10/dist-packages:/opt/ros/humble/lib/python3.10/site-packages:/opt/ros/humble/local/lib/python3.10/dist-packages'), ('COLCON', '1'), ('WSL2_GUI_APPS_ENABLED', '1'), ('HOSTTYPE', 'x86_64'), ('CMAKE_PREFIX_PATH', '/home/joon/mission_hard/mission_hard/install/ad_msgs:/home/joon/mission_hard/mission_hard/install/simulator:/home/joon/mission_hard/mission_hard/install/mission_manager:/home/joon/mission_hard/mission_hard/install/evaluation:/home/joon/mission_hard/mission_hard/install/autonomous_driving:/home/joon/automotive_software_final/install/simulator:/home/joon/automotive_software_final/install/mission_manager:/home/joon/automotive_software_final/install/evaluation:/home/joon/automotive_software_final/install/autonomous_driving:/home/joon/automotive_software_final/install/ad_msgs:/opt/ros/humble'), ('WSLENV', 'VSCODE_WSL_EXT_LOCATION/up')]), 'shell': False}
[18.294891] (autonomous_driving) StdoutLine: {'line': b'-- Install configuration: ""\n'}
[18.295405] (autonomous_driving) StdoutLine: {'line': b'-- Execute custom install script\n'}
[18.296217] (autonomous_driving) StdoutLine: {'line': b'-- Up-to-date symlink: /home/joon/mission_hard/mission_hard/install/autonomous_driving/lib/autonomous_driving/autonomous_driving\n'}
[18.297250] (autonomous_driving) StdoutLine: {'line': b'-- Up-to-date symlink: /home/joon/mission_hard/mission_hard/install/autonomous_driving/share/autonomous_driving/launch/autonomous_driving.launch.xml\n'}
[18.297590] (autonomous_driving) StdoutLine: {'line': b'-- Up-to-date symlink: /home/joon/mission_hard/mission_hard/install/autonomous_driving/share/autonomous_driving/launch/autonomous_driving.launch.xml:Zone.Identifier\n'}
[18.298128] (autonomous_driving) StdoutLine: {'line': b'-- Up-to-date symlink: /home/joon/mission_hard/mission_hard/install/autonomous_driving/share/autonomous_driving/launch/autonomous_driving.launch.xml:Zone.Identifier:Zone.Identifier\n'}
[18.298746] (autonomous_driving) StdoutLine: {'line': b'-- Up-to-date symlink: /home/joon/mission_hard/mission_hard/install/autonomous_driving/share/autonomous_driving/launch/manual_driving.launch.xml\n'}
[18.299472] (autonomous_driving) StdoutLine: {'line': b'-- Up-to-date symlink: /home/joon/mission_hard/mission_hard/install/autonomous_driving/share/autonomous_driving/launch/manual_driving.launch.xml:Zone.Identifier\n'}
[18.299799] (autonomous_driving) StdoutLine: {'line': b'-- Up-to-date symlink: /home/joon/mission_hard/mission_hard/install/autonomous_driving/share/autonomous_driving/launch/manual_driving.launch.xml:Zone.Identifier:Zone.Identifier\n'}
[18.300292] (autonomous_driving) StdoutLine: {'line': b'-- Up-to-date symlink: /home/joon/mission_hard/mission_hard/install/autonomous_driving/lib/autonomous_driving/simultaneous_inputs.py\n'}
[18.300489] (autonomous_driving) StdoutLine: {'line': b'-- Up-to-date symlink: /home/joon/mission_hard/mission_hard/install/autonomous_driving/share/ament_index/resource_index/package_run_dependencies/autonomous_driving\n'}
[18.300816] (autonomous_driving) StdoutLine: {'line': b'-- Up-to-date symlink: /home/joon/mission_hard/mission_hard/install/autonomous_driving/share/ament_index/resource_index/parent_prefix_path/autonomous_driving\n'}
[18.301315] (autonomous_driving) StdoutLine: {'line': b'-- Up-to-date symlink: /home/joon/mission_hard/mission_hard/install/autonomous_driving/share/autonomous_driving/environment/ament_prefix_path.sh\n'}
[18.301778] (autonomous_driving) StdoutLine: {'line': b'-- Up-to-date symlink: /home/joon/mission_hard/mission_hard/install/autonomous_driving/share/autonomous_driving/environment/ament_prefix_path.dsv\n'}
[18.302231] (autonomous_driving) StdoutLine: {'line': b'-- Up-to-date symlink: /home/joon/mission_hard/mission_hard/install/autonomous_driving/share/autonomous_driving/environment/path.sh\n'}
[18.302762] (autonomous_driving) StdoutLine: {'line': b'-- Up-to-date symlink: /home/joon/mission_hard/mission_hard/install/autonomous_driving/share/autonomous_driving/environment/path.dsv\n'}
[18.303301] (autonomous_driving) StdoutLine: {'line': b'-- Up-to-date symlink: /home/joon/mission_hard/mission_hard/install/autonomous_driving/share/autonomous_driving/local_setup.bash\n'}
[18.303833] (autonomous_driving) StdoutLine: {'line': b'-- Up-to-date symlink: /home/joon/mission_hard/mission_hard/install/autonomous_driving/share/autonomous_driving/local_setup.sh\n'}
[18.304148] (autonomous_driving) StdoutLine: {'line': b'-- Up-to-date symlink: /home/joon/mission_hard/mission_hard/install/autonomous_driving/share/autonomous_driving/local_setup.zsh\n'}
[18.304551] (autonomous_driving) StdoutLine: {'line': b'-- Up-to-date symlink: /home/joon/mission_hard/mission_hard/install/autonomous_driving/share/autonomous_driving/local_setup.dsv\n'}
[18.304671] (autonomous_driving) StdoutLine: {'line': b'-- Symlinking: /home/joon/mission_hard/mission_hard/install/autonomous_driving/share/autonomous_driving/package.dsv\n'}
[18.313833] (autonomous_driving) StdoutLine: {'line': b'-- Up-to-date symlink: /home/joon/mission_hard/mission_hard/install/autonomous_driving/share/ament_index/resource_index/packages/autonomous_driving\n'}
[18.314402] (autonomous_driving) StdoutLine: {'line': b'-- Up-to-date symlink: /home/joon/mission_hard/mission_hard/install/autonomous_driving/share/autonomous_driving/cmake/autonomous_drivingConfig.cmake\n'}
[18.314913] (autonomous_driving) StdoutLine: {'line': b'-- Up-to-date symlink: /home/joon/mission_hard/mission_hard/install/autonomous_driving/share/autonomous_driving/cmake/autonomous_drivingConfig-version.cmake\n'}
[18.315193] (autonomous_driving) StdoutLine: {'line': b'-- Up-to-date symlink: /home/joon/mission_hard/mission_hard/install/autonomous_driving/share/autonomous_driving/package.xml\n'}
[18.317205] (autonomous_driving) CommandEnded: {'returncode': 0}
[18.331834] (autonomous_driving) JobEnded: {'identifier': 'autonomous_driving', 'rc': 0}
[18.333007] (-) EventReactorShutdown: {}
