[0.000000] (-) TimerEvent: {}
[0.000314] (ad_msgs) JobQueued: {'identifier': 'ad_msgs', 'dependencies': OrderedDict()}
[0.000443] (autonomous_driving) JobQueued: {'identifier': 'autonomous_driving', 'dependencies': OrderedDict([('ad_msgs', '/home/joon/automotive_software_final/install/ad_msgs')])}
[0.000479] (evaluation) JobQueued: {'identifier': 'evaluation', 'dependencies': OrderedDict([('ad_msgs', '/home/joon/automotive_software_final/install/ad_msgs')])}
[0.000503] (mission_manager) JobQueued: {'identifier': 'mission_manager', 'dependencies': OrderedDict([('ad_msgs', '/home/joon/automotive_software_final/install/ad_msgs')])}
[0.000527] (simulator) JobQueued: {'identifier': 'simulator', 'dependencies': OrderedDict([('ad_msgs', '/home/joon/automotive_software_final/install/ad_msgs')])}
[0.000551] (ad_msgs) JobStarted: {'identifier': 'ad_msgs'}
[0.006272] (ad_msgs) JobProgress: {'identifier': 'ad_msgs', 'progress': 'cmake'}
[0.006819] (ad_msgs) JobProgress: {'identifier': 'ad_msgs', 'progress': 'build'}
[0.007399] (ad_msgs) Command: {'cmd': ['/usr/bin/cmake', '--build', '/home/joon/automotive_software_final/build/ad_msgs', '--', '-j16', '-l16'], 'cwd': '/home/joon/automotive_software_final/build/ad_msgs', 'env': OrderedDict([('PYTHON_BASIC_REPL', '1'), ('LESSOPEN', '| /usr/bin/lesspipe %s'), ('USER', 'joon'), ('GIT_ASKPASS', '/home/joon/.vscode-server/bin/bf9252a2fb45be6893dd8870c0bf37e2e1766d61/extensions/git/dist/askpass.sh'), ('SHLVL', '1'), ('LD_LIBRARY_PATH', '/home/joon/automotive_software_final/install/ad_msgs/lib:/usr/lib/x86_64-linux-gnu/gazebo-11/plugins:/opt/ros/humble/opt/rviz_ogre_vendor/lib:/opt/ros/humble/lib/x86_64-linux-gnu:/opt/ros/humble/lib'), ('HOME', '/home/joon'), ('TERM_PROGRAM_VERSION', '1.106.3'), ('VSCODE_IPC_HOOK_CLI', '/run/user/1000/vscode-ipc-6b0baac3-5733-45f7-8cf4-686e9cd27a4c.sock'), ('ROS_PYTHON_VERSION', '3'), ('VSCODE_GIT_ASKPASS_MAIN', '/home/joon/.vscode-server/bin/bf9252a2fb45be6893dd8870c0bf37e2e1766d61/extensions/git/dist/askpass-main.js'), ('VSCODE_GIT_ASKPASS_NODE', '/home/joon/.vscode-server/bin/bf9252a2fb45be6893dd8870c0bf37e2e1766d61/node'), ('PYDEVD_DISABLE_FILE_VALIDATION', '1'), ('BUNDLED_DEBUGPY_PATH', '/home/joon/.vscode-server/extensions/ms-python.debugpy-2025.16.0-linux-x64/bundled/libs/debugpy'), ('VSCODE_PYTHON_AUTOACTIVATE_GUARD', '1'), ('DBUS_SESSION_BUS_ADDRESS', 'unix:path=/run/user/1000/bus'), ('COLORTERM', 'truecolor'), ('WSL_DISTRO_NAME', 'Ubuntu-22.04'), ('WAYLAND_DISPLAY', 'wayland-0'), ('COLCON_PREFIX_PATH', '/home/joon/automotive_software_final/install'), ('ROS_DISTRO', 'humble'), ('LOGNAME', 'joon'), ('NAME', 'Joon'), ('WSL_INTEROP', '/run/WSL/509_interop'), ('PULSE_SERVER', 'unix:/mnt/wslg/PulseServer'), ('_', '/usr/bin/colcon'), ('ROS_VERSION', '2'), ('CLAUDE_CODE_SSE_PORT', '14056'), ('TERM', 'xterm-256color'), ('ROS_LOCALHOST_ONLY', '0'), ('PATH', '/opt/ros/humble/bin:/usr/bin:/usr/bin:/home/joon/.vscode-server/data/User/globalStorage/github.copilot-chat/debugCommand:/home/joon/.vscode-server/data/User/globalStorage/github.copilot-chat/copilotCli:/home/joon/.vscode-server/bin/bf9252a2fb45be6893dd8870c0bf37e2e1766d61/bin/remote-cli:/home/joon/.local/bin:/usr/bin:/usr/bin:/usr/local/sbin:/usr/local/bin:/usr/sbin:/usr/bin:/sbin:/bin:/usr/games:/usr/local/games:/usr/lib/wsl/lib:/mnt/c/WINDOWS/system32:/mnt/c/WINDOWS:/mnt/c/WINDOWS/System32/Wbem:/mnt/c/WINDOWS/System32/WindowsPowerShell/v1.0/:/mnt/c/WINDOWS/System32/OpenSSH/:/mnt/c/Program Files/MATLAB/R2024b/bin:/mnt/c/Program Files/nodejs/:/mnt/c/Program Files/Git/cmd:/mnt/c/Users/ksyj0/AppData/Local/Programs/Python/Python312/Scripts/:/mnt/c/Users/ksyj0/AppData/Local/Programs/Python/Python312/:/mnt/c/Users/ksyj0/AppData/Local/Programs/Python/Launcher/:/mnt/c/Users/ksyj0/AppData/Local/Microsoft/WindowsApps:/mnt/c/Users/ksyj0/AppData/Local/Programs/Microsoft VS Code/bin:/mnt/c/Users/ksyj0/AppData/Roaming/npm:/mnt/c/Users/ksyj0/AppData/Local/SOOP:/mnt/c/Users/ksyj0/AppData/Local/Programs/Kiro/bin:/snap/bin:/home/joon/.vscode-server/extensions/ms-python.debugpy-2025.16.0-linux-x64/bundled/scripts/noConfigScripts'), ('XDG_RUNTIME_DIR', '/run/user/1000/'), ('DISPLAY', ':0'), ('VSCODE_DEBUGPY_ADAPTER_ENDPOINTS', '/home/joon/.vscode-server/extensions/ms-python.debugpy-2025.16.0-linux-x64/.noConfigDebugAdapterEndpoints/endpoint-5f6b0efddf9f6982.txt'), ('LANG', 'en_US.UTF-8'), ('PYTHONSTARTUP', '/home/joon/.vscode-server/data/User/workspaceStorage/6032d0949a26c1de4974618490f207f6-1/ms-python.python/pythonrc.py'), ('LS_COLORS', 'rs=0:di=01;34:ln=01;36:mh=00:pi=40;33:so=01;35:do=01;35:bd=40;33;01:cd=40;33;01:or=40;31;01:mi=00:su=37;41:sg=30;43:ca=30;41:tw=30;42:ow=34;42:st=37;44:ex=01;32:*.tar=01;31:*.tgz=01;31:*.arc=01;31:*.arj=01;31:*.taz=01;31:*.lha=01;31:*.lz4=01;31:*.lzh=01;31:*.lzma=01;31:*.tlz=01;31:*.txz=01;31:*.tzo=01;31:*.t7z=01;31:*.zip=01;31:*.z=01;31:*.dz=01;31:*.gz=01;31:*.lrz=01;31:*.lz=01;31:*.lzo=01;31:*.xz=01;31:*.zst=01;31:*.tzst=01;31:*.bz2=01;31:*.bz=01;31:*.tbz=01;31:*.tbz2=01;31:*.tz=01;31:*.deb=01;31:*.rpm=01;31:*.jar=01;31:*.war=01;31:*.ear=01;31:*.sar=01;31:*.rar=01;31:*.alz=01;31:*.ace=01;31:*.zoo=01;31:*.cpio=01;31:*.7z=01;31:*.rz=01;31:*.cab=01;31:*.wim=01;31:*.swm=01;31:*.dwm=01;31:*.esd=01;31:*.jpg=01;35:*.jpeg=01;35:*.mjpg=01;35:*.mjpeg=01;35:*.gif=01;35:*.bmp=01;35:*.pbm=01;35:*.pgm=01;35:*.ppm=01;35:*.tga=01;35:*.xbm=01;35:*.xpm=01;35:*.tif=01;35:*.tiff=01;35:*.png=01;35:*.svg=01;35:*.svgz=01;35:*.mng=01;35:*.pcx=01;35:*.mov=01;35:*.mpg=01;35:*.mpeg=01;35:*.m2v=01;35:*.mkv=01;35:*.webm=01;35:*.webp=01;35:*.ogm=01;35:*.mp4=01;35:*.m4v=01;35:*.mp4v=01;35:*.vob=01;35:*.qt=01;35:*.nuv=01;35:*.wmv=01;35:*.asf=01;35:*.rm=01;35:*.rmvb=01;35:*.flc=01;35:*.avi=01;35:*.fli=01;35:*.flv=01;35:*.gl=01;35:*.dl=01;35:*.xcf=01;35:*.xwd=01;35:*.yuv=01;35:*.cgm=01;35:*.emf=01;35:*.ogv=01;35:*.ogx=01;35:*.aac=00;36:*.au=00;36:*.flac=00;36:*.m4a=00;36:*.mid=00;36:*.midi=00;36:*.mka=00;36:*.mp3=00;36:*.mpc=00;36:*.ogg=00;36:*.ra=00;36:*.wav=00;36:*.oga=00;36:*.opus=00;36:*.spx=00;36:*.xspf=00;36:'), ('VSCODE_GIT_IPC_HANDLE', '/run/user/1000/vscode-git-167d3a068c.sock'), ('TERM_PROGRAM', 'vscode'), ('AMENT_PREFIX_PATH', '/home/joon/automotive_software_final/install/simulator:/home/joon/automotive_software_final/install/mission_manager:/home/joon/automotive_software_final/install/evaluation:/home/joon/automotive_software_final/install/autonomous_driving:/home/joon/automotive_software_final/install/ad_msgs:/opt/ros/humble'), ('SHELL', '/bin/bash'), ('LESSCLOSE', '/usr/bin/lesspipe %s %s'), ('VSCODE_GIT_ASKPASS_EXTRA_ARGS', ''), ('PWD', '/home/joon/automotive_software_final/build/ad_msgs'), ('ENABLE_IDE_INTEGRATION', 'true'), ('XDG_DATA_DIRS', '/usr/local/share:/usr/share:/var/lib/snapd/desktop'), ('PYTHONPATH', '/home/joon/automotive_software_final/install/ad_msgs/local/lib/python3.10/dist-packages:/opt/ros/humble/lib/python3.10/site-packages:/opt/ros/humble/local/lib/python3.10/dist-packages'), ('COLCON', '1'), ('WSL2_GUI_APPS_ENABLED', '1'), ('HOSTTYPE', 'x86_64'), ('CMAKE_PREFIX_PATH', '/home/joon/automotive_software_final/install/simulator:/home/joon/automotive_software_final/install/mission_manager:/home/joon/automotive_software_final/install/evaluation:/home/joon/automotive_software_final/install/autonomous_driving:/home/joon/automotive_software_final/install/ad_msgs:/opt/ros/humble'), ('WSLENV', 'VSCODE_WSL_EXT_LOCATION/up')]), 'shell': False}
[0.052220] (ad_msgs) StdoutLine: {'line': b'[  0%] Built target ad_msgs__cpp\n'}
[0.054976] (ad_msgs) StdoutLine: {'line': b'[ 12%] Built target ad_msgs__rosidl_generator_c\n'}
[0.057954] (ad_msgs) StdoutLine: {'line': b'[ 12%] Built target ament_cmake_python_symlink_ad_msgs\n'}
[0.087523] (ad_msgs) StdoutLine: {'line': b'[ 75%] Built target ad_msgs__rosidl_typesupport_c\n'}
[0.087771] (ad_msgs) StdoutLine: {'line': b'[ 50%] Built target ad_msgs__rosidl_typesupport_fastrtps_cpp\n'}
[0.087878] (ad_msgs) StdoutLine: {'line': b'[ 75%] Built target ad_msgs__rosidl_typesupport_fastrtps_c\n'}
[0.088079] (ad_msgs) StdoutLine: {'line': b'[ 75%] Built target ad_msgs__rosidl_typesupport_cpp\n'}
[0.088196] (ad_msgs) StdoutLine: {'line': b'[ 50%] Built target ad_msgs__rosidl_typesupport_introspection_cpp\n'}
[0.088895] (ad_msgs) StdoutLine: {'line': b'[ 82%] Built target ad_msgs__rosidl_typesupport_introspection_c\n'}
[0.099526] (-) TimerEvent: {}
[0.105011] (ad_msgs) StdoutLine: {'line': b'[ 82%] Built target ad_msgs\n'}
[0.123394] (ad_msgs) StdoutLine: {'line': b'[ 83%] Built target ad_msgs__py\n'}
[0.144595] (ad_msgs) StdoutLine: {'line': b'[ 94%] Built target ad_msgs__rosidl_generator_py\n'}
[0.162694] (ad_msgs) StdoutLine: {'line': b'[ 96%] Built target ad_msgs__rosidl_typesupport_introspection_c__pyext\n'}
[0.163369] (ad_msgs) StdoutLine: {'line': b'[100%] Built target ad_msgs__rosidl_typesupport_fastrtps_c__pyext\n'}
[0.163539] (ad_msgs) StdoutLine: {'line': b'[100%] Built target ad_msgs__rosidl_typesupport_c__pyext\n'}
[0.199635] (-) TimerEvent: {}
[0.243369] (ad_msgs) StdoutLine: {'line': b'running egg_info\n'}
[0.243975] (ad_msgs) StdoutLine: {'line': b'writing ad_msgs.egg-info/PKG-INFO\n'}
[0.244165] (ad_msgs) StdoutLine: {'line': b'writing dependency_links to ad_msgs.egg-info/dependency_links.txt\n'}
[0.244286] (ad_msgs) StdoutLine: {'line': b'writing top-level names to ad_msgs.egg-info/top_level.txt\n'}
[0.246428] (ad_msgs) StdoutLine: {'line': b"reading manifest file 'ad_msgs.egg-info/SOURCES.txt'\n"}
[0.246886] (ad_msgs) StdoutLine: {'line': b"writing manifest file 'ad_msgs.egg-info/SOURCES.txt'\n"}
[0.269841] (ad_msgs) StdoutLine: {'line': b'[100%] Built target ament_cmake_python_build_ad_msgs_egg\n'}
[0.279789] (ad_msgs) CommandEnded: {'returncode': 0}
[0.280653] (ad_msgs) JobProgress: {'identifier': 'ad_msgs', 'progress': 'install'}
[0.287945] (ad_msgs) Command: {'cmd': ['/usr/bin/cmake', '--install', '/home/joon/automotive_software_final/build/ad_msgs'], 'cwd': '/home/joon/automotive_software_final/build/ad_msgs', 'env': OrderedDict([('PYTHON_BASIC_REPL', '1'), ('LESSOPEN', '| /usr/bin/lesspipe %s'), ('USER', 'joon'), ('GIT_ASKPASS', '/home/joon/.vscode-server/bin/bf9252a2fb45be6893dd8870c0bf37e2e1766d61/extensions/git/dist/askpass.sh'), ('SHLVL', '1'), ('LD_LIBRARY_PATH', '/home/joon/automotive_software_final/install/ad_msgs/lib:/usr/lib/x86_64-linux-gnu/gazebo-11/plugins:/opt/ros/humble/opt/rviz_ogre_vendor/lib:/opt/ros/humble/lib/x86_64-linux-gnu:/opt/ros/humble/lib'), ('HOME', '/home/joon'), ('TERM_PROGRAM_VERSION', '1.106.3'), ('VSCODE_IPC_HOOK_CLI', '/run/user/1000/vscode-ipc-6b0baac3-5733-45f7-8cf4-686e9cd27a4c.sock'), ('ROS_PYTHON_VERSION', '3'), ('VSCODE_GIT_ASKPASS_MAIN', '/home/joon/.vscode-server/bin/bf9252a2fb45be6893dd8870c0bf37e2e1766d61/extensions/git/dist/askpass-main.js'), ('VSCODE_GIT_ASKPASS_NODE', '/home/joon/.vscode-server/bin/bf9252a2fb45be6893dd8870c0bf37e2e1766d61/node'), ('PYDEVD_DISABLE_FILE_VALIDATION', '1'), ('BUNDLED_DEBUGPY_PATH', '/home/joon/.vscode-server/extensions/ms-python.debugpy-2025.16.0-linux-x64/bundled/libs/debugpy'), ('VSCODE_PYTHON_AUTOACTIVATE_GUARD', '1'), ('DBUS_SESSION_BUS_ADDRESS', 'unix:path=/run/user/1000/bus'), ('COLORTERM', 'truecolor'), ('WSL_DISTRO_NAME', 'Ubuntu-22.04'), ('WAYLAND_DISPLAY', 'wayland-0'), ('COLCON_PREFIX_PATH', '/home/joon/automotive_software_final/install'), ('ROS_DISTRO', 'humble'), ('LOGNAME', 'joon'), ('NAME', 'Joon'), ('WSL_INTEROP', '/run/WSL/509_interop'), ('PULSE_SERVER', 'unix:/mnt/wslg/PulseServer'), ('_', '/usr/bin/colcon'), ('ROS_VERSION', '2'), ('CLAUDE_CODE_SSE_PORT', '14056'), ('TERM', 'xterm-256color'), ('ROS_LOCALHOST_ONLY', '0'), ('PATH', '/opt/ros/humble/bin:/usr/bin:/usr/bin:/home/joon/.vscode-server/data/User/globalStorage/github.copilot-chat/debugCommand:/home/joon/.vscode-server/data/User/globalStorage/github.copilot-chat/copilotCli:/home/joon/.vscode-server/bin/bf9252a2fb45be6893dd8870c0bf37e2e1766d61/bin/remote-cli:/home/joon/.local/bin:/usr/bin:/usr/bin:/usr/local/sbin:/usr/local/bin:/usr/sbin:/usr/bin:/sbin:/bin:/usr/games:/usr/local/games:/usr/lib/wsl/lib:/mnt/c/WINDOWS/system32:/mnt/c/WINDOWS:/mnt/c/WINDOWS/System32/Wbem:/mnt/c/WINDOWS/System32/WindowsPowerShell/v1.0/:/mnt/c/WINDOWS/System32/OpenSSH/:/mnt/c/Program Files/MATLAB/R2024b/bin:/mnt/c/Program Files/nodejs/:/mnt/c/Program Files/Git/cmd:/mnt/c/Users/ksyj0/AppData/Local/Programs/Python/Python312/Scripts/:/mnt/c/Users/ksyj0/AppData/Local/Programs/Python/Python312/:/mnt/c/Users/ksyj0/AppData/Local/Programs/Python/Launcher/:/mnt/c/Users/ksyj0/AppData/Local/Microsoft/WindowsApps:/mnt/c/Users/ksyj0/AppData/Local/Programs/Microsoft VS Code/bin:/mnt/c/Users/ksyj0/AppData/Roaming/npm:/mnt/c/Users/ksyj0/AppData/Local/SOOP:/mnt/c/Users/ksyj0/AppData/Local/Programs/Kiro/bin:/snap/bin:/home/joon/.vscode-server/extensions/ms-python.debugpy-2025.16.0-linux-x64/bundled/scripts/noConfigScripts'), ('XDG_RUNTIME_DIR', '/run/user/1000/'), ('DISPLAY', ':0'), ('VSCODE_DEBUGPY_ADAPTER_ENDPOINTS', '/home/joon/.vscode-server/extensions/ms-python.debugpy-2025.16.0-linux-x64/.noConfigDebugAdapterEndpoints/endpoint-5f6b0efddf9f6982.txt'), ('LANG', 'en_US.UTF-8'), ('PYTHONSTARTUP', '/home/joon/.vscode-server/data/User/workspaceStorage/6032d0949a26c1de4974618490f207f6-1/ms-python.python/pythonrc.py'), ('LS_COLORS', 'rs=0:di=01;34:ln=01;36:mh=00:pi=40;33:so=01;35:do=01;35:bd=40;33;01:cd=40;33;01:or=40;31;01:mi=00:su=37;41:sg=30;43:ca=30;41:tw=30;42:ow=34;42:st=37;44:ex=01;32:*.tar=01;31:*.tgz=01;31:*.arc=01;31:*.arj=01;31:*.taz=01;31:*.lha=01;31:*.lz4=01;31:*.lzh=01;31:*.lzma=01;31:*.tlz=01;31:*.txz=01;31:*.tzo=01;31:*.t7z=01;31:*.zip=01;31:*.z=01;31:*.dz=01;31:*.gz=01;31:*.lrz=01;31:*.lz=01;31:*.lzo=01;31:*.xz=01;31:*.zst=01;31:*.tzst=01;31:*.bz2=01;31:*.bz=01;31:*.tbz=01;31:*.tbz2=01;31:*.tz=01;31:*.deb=01;31:*.rpm=01;31:*.jar=01;31:*.war=01;31:*.ear=01;31:*.sar=01;31:*.rar=01;31:*.alz=01;31:*.ace=01;31:*.zoo=01;31:*.cpio=01;31:*.7z=01;31:*.rz=01;31:*.cab=01;31:*.wim=01;31:*.swm=01;31:*.dwm=01;31:*.esd=01;31:*.jpg=01;35:*.jpeg=01;35:*.mjpg=01;35:*.mjpeg=01;35:*.gif=01;35:*.bmp=01;35:*.pbm=01;35:*.pgm=01;35:*.ppm=01;35:*.tga=01;35:*.xbm=01;35:*.xpm=01;35:*.tif=01;35:*.tiff=01;35:*.png=01;35:*.svg=01;35:*.svgz=01;35:*.mng=01;35:*.pcx=01;35:*.mov=01;35:*.mpg=01;35:*.mpeg=01;35:*.m2v=01;35:*.mkv=01;35:*.webm=01;35:*.webp=01;35:*.ogm=01;35:*.mp4=01;35:*.m4v=01;35:*.mp4v=01;35:*.vob=01;35:*.qt=01;35:*.nuv=01;35:*.wmv=01;35:*.asf=01;35:*.rm=01;35:*.rmvb=01;35:*.flc=01;35:*.avi=01;35:*.fli=01;35:*.flv=01;35:*.gl=01;35:*.dl=01;35:*.xcf=01;35:*.xwd=01;35:*.yuv=01;35:*.cgm=01;35:*.emf=01;35:*.ogv=01;35:*.ogx=01;35:*.aac=00;36:*.au=00;36:*.flac=00;36:*.m4a=00;36:*.mid=00;36:*.midi=00;36:*.mka=00;36:*.mp3=00;36:*.mpc=00;36:*.ogg=00;36:*.ra=00;36:*.wav=00;36:*.oga=00;36:*.opus=00;36:*.spx=00;36:*.xspf=00;36:'), ('VSCODE_GIT_IPC_HANDLE', '/run/user/1000/vscode-git-167d3a068c.sock'), ('TERM_PROGRAM', 'vscode'), ('AMENT_PREFIX_PATH', '/home/joon/automotive_software_final/install/simulator:/home/joon/automotive_software_final/install/mission_manager:/home/joon/automotive_software_final/install/evaluation:/home/joon/automotive_software_final/install/autonomous_driving:/home/joon/automotive_software_final/install/ad_msgs:/opt/ros/humble'), ('SHELL', '/bin/bash'), ('LESSCLOSE', '/usr/bin/lesspipe %s %s'), ('VSCODE_GIT_ASKPASS_EXTRA_ARGS', ''), ('PWD', '/home/joon/automotive_software_final/build/ad_msgs'), ('ENABLE_IDE_INTEGRATION', 'true'), ('XDG_DATA_DIRS', '/usr/local/share:/usr/share:/var/lib/snapd/desktop'), ('PYTHONPATH', '/home/joon/automotive_software_final/install/ad_msgs/local/lib/python3.10/dist-packages:/opt/ros/humble/lib/python3.10/site-packages:/opt/ros/humble/local/lib/python3.10/dist-packages'), ('COLCON', '1'), ('WSL2_GUI_APPS_ENABLED', '1'), ('HOSTTYPE', 'x86_64'), ('CMAKE_PREFIX_PATH', '/home/joon/automotive_software_final/install/simulator:/home/joon/automotive_software_final/install/mission_manager:/home/joon/automotive_software_final/install/evaluation:/home/joon/automotive_software_final/install/autonomous_driving:/home/joon/automotive_software_final/install/ad_msgs:/opt/ros/humble'), ('WSLENV', 'VSCODE_WSL_EXT_LOCATION/up')]), 'shell': False}
[0.294026] (ad_msgs) StdoutLine: {'line': b'-- Install configuration: ""\n'}
[0.294699] (ad_msgs) StdoutLine: {'line': b'-- Execute custom install script\n'}
[0.294828] (ad_msgs) StdoutLine: {'line': b'-- Up-to-date symlink: /home/joon/automotive_software_final/install/ad_msgs/share/ament_index/resource_index/rosidl_interfaces/ad_msgs\n'}
[0.295601] (ad_msgs) StdoutLine: {'line': b'-- Up-to-date symlink: /home/joon/automotive_software_final/install/ad_msgs/include/ad_msgs/ad_msgs/msg/detail/lane_point_data__functions.h\n'}
[0.295758] (ad_msgs) StdoutLine: {'line': b'-- Up-to-date symlink: /home/joon/automotive_software_final/install/ad_msgs/include/ad_msgs/ad_msgs/msg/detail/lane_point_data__struct.h\n'}
[0.296078] (ad_msgs) StdoutLine: {'line': b'-- Up-to-date symlink: /home/joon/automotive_software_final/install/ad_msgs/include/ad_msgs/ad_msgs/msg/detail/lane_point_data__type_support.h\n'}
[0.296333] (ad_msgs) StdoutLine: {'line': b'-- Up-to-date symlink: /home/joon/automotive_software_final/install/ad_msgs/include/ad_msgs/ad_msgs/msg/detail/lane_point_data_array__functions.h\n'}
[0.296604] (ad_msgs) StdoutLine: {'line': b'-- Up-to-date symlink: /home/joon/automotive_software_final/install/ad_msgs/include/ad_msgs/ad_msgs/msg/detail/lane_point_data_array__struct.h\n'}
[0.296697] (ad_msgs) StdoutLine: {'line': b'-- Up-to-date symlink: /home/joon/automotive_software_final/install/ad_msgs/include/ad_msgs/ad_msgs/msg/detail/lane_point_data_array__type_support.h\n'}
[0.296782] (ad_msgs) StdoutLine: {'line': b'-- Up-to-date symlink: /home/joon/automotive_software_final/install/ad_msgs/include/ad_msgs/ad_msgs/msg/detail/mission__functions.h\n'}
[0.296866] (ad_msgs) StdoutLine: {'line': b'-- Up-to-date symlink: /home/joon/automotive_software_final/install/ad_msgs/include/ad_msgs/ad_msgs/msg/detail/mission__struct.h\n'}
[0.296991] (ad_msgs) StdoutLine: {'line': b'-- Up-to-date symlink: /home/joon/automotive_software_final/install/ad_msgs/include/ad_msgs/ad_msgs/msg/detail/mission__type_support.h\n'}
[0.297054] (ad_msgs) StdoutLine: {'line': b'-- Up-to-date symlink: /home/joon/automotive_software_final/install/ad_msgs/include/ad_msgs/ad_msgs/msg/detail/mission_display__functions.h\n'}
[0.297199] (ad_msgs) StdoutLine: {'line': b'-- Up-to-date symlink: /home/joon/automotive_software_final/install/ad_msgs/include/ad_msgs/ad_msgs/msg/detail/mission_display__struct.h\n'}
[0.297250] (ad_msgs) StdoutLine: {'line': b'-- Up-to-date symlink: /home/joon/automotive_software_final/install/ad_msgs/include/ad_msgs/ad_msgs/msg/detail/mission_display__type_support.h\n'}
[0.297439] (ad_msgs) StdoutLine: {'line': b'-- Up-to-date symlink: /home/joon/automotive_software_final/install/ad_msgs/include/ad_msgs/ad_msgs/msg/detail/mission_object__functions.h\n'}
[0.297636] (ad_msgs) StdoutLine: {'line': b'-- Up-to-date symlink: /home/joon/automotive_software_final/install/ad_msgs/include/ad_msgs/ad_msgs/msg/detail/mission_object__struct.h\n'}
[0.297745] (ad_msgs) StdoutLine: {'line': b'-- Up-to-date symlink: /home/joon/automotive_software_final/install/ad_msgs/include/ad_msgs/ad_msgs/msg/detail/mission_object__type_support.h\n'}
[0.297783] (ad_msgs) StdoutLine: {'line': b'-- Up-to-date symlink: /home/joon/automotive_software_final/install/ad_msgs/include/ad_msgs/ad_msgs/msg/detail/mission_region__functions.h\n'}
[0.297842] (ad_msgs) StdoutLine: {'line': b'-- Up-to-date symlink: /home/joon/automotive_software_final/install/ad_msgs/include/ad_msgs/ad_msgs/msg/detail/mission_region__struct.h\n'}
[0.297949] (ad_msgs) StdoutLine: {'line': b'-- Up-to-date symlink: /home/joon/automotive_software_final/install/ad_msgs/include/ad_msgs/ad_msgs/msg/detail/mission_region__type_support.h\n'}
[0.298011] (ad_msgs) StdoutLine: {'line': b'-- Up-to-date symlink: /home/joon/automotive_software_final/install/ad_msgs/include/ad_msgs/ad_msgs/msg/detail/polyfit_lane_data__functions.h\n'}
[0.298227] (ad_msgs) StdoutLine: {'line': b'-- Up-to-date symlink: /home/joon/automotive_software_final/install/ad_msgs/include/ad_msgs/ad_msgs/msg/detail/polyfit_lane_data__struct.h\n'}
[0.298394] (ad_msgs) StdoutLine: {'line': b'-- Up-to-date symlink: /home/joon/automotive_software_final/install/ad_msgs/include/ad_msgs/ad_msgs/msg/detail/polyfit_lane_data__type_support.h\n'}
[0.298630] (ad_msgs) StdoutLine: {'line': b'-- Up-to-date symlink: /home/joon/automotive_software_final/install/ad_msgs/include/ad_msgs/ad_msgs/msg/detail/polyfit_lane_data_array__functions.h\n'}
[0.298855] (ad_msgs) StdoutLine: {'line': b'-- Up-to-date symlink: /home/joon/automotive_software_final/install/ad_msgs/include/ad_msgs/ad_msgs/msg/detail/polyfit_lane_data_array__struct.h\n'}
[0.298984] (ad_msgs) StdoutLine: {'line': b'-- Up-to-date symlink: /home/joon/automotive_software_final/install/ad_msgs/include/ad_msgs/ad_msgs/msg/detail/polyfit_lane_data_array__type_support.h\n'}
[0.299046] (ad_msgs) StdoutLine: {'line': b'-- Up-to-date symlink: /home/joon/automotive_software_final/install/ad_msgs/include/ad_msgs/ad_msgs/msg/detail/vehicle_command__functions.h\n'}
[0.299075] (ad_msgs) StdoutLine: {'line': b'-- Up-to-date symlink: /home/joon/automotive_software_final/install/ad_msgs/include/ad_msgs/ad_msgs/msg/detail/vehicle_command__struct.h\n'}
[0.299101] (ad_msgs) StdoutLine: {'line': b'-- Up-to-date symlink: /home/joon/automotive_software_final/install/ad_msgs/include/ad_msgs/ad_msgs/msg/detail/vehicle_command__type_support.h\n'}
[0.299127] (ad_msgs) StdoutLine: {'line': b'-- Up-to-date symlink: /home/joon/automotive_software_final/install/ad_msgs/include/ad_msgs/ad_msgs/msg/detail/vehicle_state__functions.h\n'}
[0.299151] (ad_msgs) StdoutLine: {'line': b'-- Up-to-date symlink: /home/joon/automotive_software_final/install/ad_msgs/include/ad_msgs/ad_msgs/msg/detail/vehicle_state__struct.h\n'}
[0.299175] (ad_msgs) StdoutLine: {'line': b'-- Up-to-date symlink: /home/joon/automotive_software_final/install/ad_msgs/include/ad_msgs/ad_msgs/msg/detail/vehicle_state__type_support.h\n'}
[0.299200] (ad_msgs) StdoutLine: {'line': b'-- Up-to-date symlink: /home/joon/automotive_software_final/install/ad_msgs/include/ad_msgs/ad_msgs/msg/lane_point_data.h\n'}
[0.299227] (ad_msgs) StdoutLine: {'line': b'-- Up-to-date symlink: /home/joon/automotive_software_final/install/ad_msgs/include/ad_msgs/ad_msgs/msg/lane_point_data_array.h\n'}
[0.299253] (ad_msgs) StdoutLine: {'line': b'-- Up-to-date symlink: /home/joon/automotive_software_final/install/ad_msgs/include/ad_msgs/ad_msgs/msg/mission.h\n'}
[0.299282] (ad_msgs) StdoutLine: {'line': b'-- Up-to-date symlink: /home/joon/automotive_software_final/install/ad_msgs/include/ad_msgs/ad_msgs/msg/mission_display.h\n'}
[0.299306] (ad_msgs) StdoutLine: {'line': b'-- Up-to-date symlink: /home/joon/automotive_software_final/install/ad_msgs/include/ad_msgs/ad_msgs/msg/mission_object.h\n'}
[0.299331] (ad_msgs) StdoutLine: {'line': b'-- Up-to-date symlink: /home/joon/automotive_software_final/install/ad_msgs/include/ad_msgs/ad_msgs/msg/mission_region.h\n'}
[0.299357] (ad_msgs) StdoutLine: {'line': b'-- Up-to-date symlink: /home/joon/automotive_software_final/install/ad_msgs/include/ad_msgs/ad_msgs/msg/polyfit_lane_data.h\n'}
[0.299410] (ad_msgs) StdoutLine: {'line': b'-- Up-to-date symlink: /home/joon/automotive_software_final/install/ad_msgs/include/ad_msgs/ad_msgs/msg/polyfit_lane_data_array.h\n'}
[0.299539] (ad_msgs) StdoutLine: {'line': b'-- Up-to-date symlink: /home/joon/automotive_software_final/install/ad_msgs/include/ad_msgs/ad_msgs/msg/rosidl_generator_c__visibility_control.h\n'}
[0.299701] (-) TimerEvent: {}
[0.299807] (ad_msgs) StdoutLine: {'line': b'-- Up-to-date symlink: /home/joon/automotive_software_final/install/ad_msgs/include/ad_msgs/ad_msgs/msg/vehicle_command.h\n'}
[0.299887] (ad_msgs) StdoutLine: {'line': b'-- Up-to-date symlink: /home/joon/automotive_software_final/install/ad_msgs/include/ad_msgs/ad_msgs/msg/vehicle_state.h\n'}
[0.299955] (ad_msgs) StdoutLine: {'line': b'-- Up-to-date symlink: /home/joon/automotive_software_final/install/ad_msgs/share/ad_msgs/environment/library_path.sh\n'}
[0.300191] (ad_msgs) StdoutLine: {'line': b'-- Up-to-date symlink: /home/joon/automotive_software_final/install/ad_msgs/share/ad_msgs/environment/library_path.dsv\n'}
[0.300270] (ad_msgs) StdoutLine: {'line': b'-- Up-to-date symlink: /home/joon/automotive_software_final/install/ad_msgs/include/ad_msgs/ad_msgs/msg/detail/lane_point_data__rosidl_typesupport_fastrtps_c.h\n'}
[0.300308] (ad_msgs) StdoutLine: {'line': b'-- Up-to-date symlink: /home/joon/automotive_software_final/install/ad_msgs/include/ad_msgs/ad_msgs/msg/detail/lane_point_data_array__rosidl_typesupport_fastrtps_c.h\n'}
[0.300335] (ad_msgs) StdoutLine: {'line': b'-- Up-to-date symlink: /home/joon/automotive_software_final/install/ad_msgs/include/ad_msgs/ad_msgs/msg/detail/mission__rosidl_typesupport_fastrtps_c.h\n'}
[0.300361] (ad_msgs) StdoutLine: {'line': b'-- Up-to-date symlink: /home/joon/automotive_software_final/install/ad_msgs/include/ad_msgs/ad_msgs/msg/detail/mission_display__rosidl_typesupport_fastrtps_c.h\n'}
[0.300385] (ad_msgs) StdoutLine: {'line': b'-- Up-to-date symlink: /home/joon/automotive_software_final/install/ad_msgs/include/ad_msgs/ad_msgs/msg/detail/mission_object__rosidl_typesupport_fastrtps_c.h\n'}
[0.300410] (ad_msgs) StdoutLine: {'line': b'-- Up-to-date symlink: /home/joon/automotive_software_final/install/ad_msgs/include/ad_msgs/ad_msgs/msg/detail/mission_region__rosidl_typesupport_fastrtps_c.h\n'}
[0.300436] (ad_msgs) StdoutLine: {'line': b'-- Up-to-date symlink: /home/joon/automotive_software_final/install/ad_msgs/include/ad_msgs/ad_msgs/msg/detail/polyfit_lane_data__rosidl_typesupport_fastrtps_c.h\n'}
[0.300564] (ad_msgs) StdoutLine: {'line': b'-- Up-to-date symlink: /home/joon/automotive_software_final/install/ad_msgs/include/ad_msgs/ad_msgs/msg/detail/polyfit_lane_data_array__rosidl_typesupport_fastrtps_c.h\n'}
[0.300828] (ad_msgs) StdoutLine: {'line': b'-- Up-to-date symlink: /home/joon/automotive_software_final/install/ad_msgs/include/ad_msgs/ad_msgs/msg/detail/vehicle_command__rosidl_typesupport_fastrtps_c.h\n'}
[0.300900] (ad_msgs) StdoutLine: {'line': b'-- Up-to-date symlink: /home/joon/automotive_software_final/install/ad_msgs/include/ad_msgs/ad_msgs/msg/detail/vehicle_state__rosidl_typesupport_fastrtps_c.h\n'}
[0.300966] (ad_msgs) StdoutLine: {'line': b'-- Up-to-date symlink: /home/joon/automotive_software_final/install/ad_msgs/include/ad_msgs/ad_msgs/msg/rosidl_typesupport_fastrtps_c__visibility_control.h\n'}
[0.301018] (ad_msgs) StdoutLine: {'line': b'-- Up-to-date symlink: /home/joon/automotive_software_final/install/ad_msgs/include/ad_msgs/ad_msgs/msg/detail/lane_point_data__rosidl_typesupport_introspection_c.h\n'}
[0.301072] (ad_msgs) StdoutLine: {'line': b'-- Up-to-date symlink: /home/joon/automotive_software_final/install/ad_msgs/include/ad_msgs/ad_msgs/msg/detail/lane_point_data_array__rosidl_typesupport_introspection_c.h\n'}
[0.301126] (ad_msgs) StdoutLine: {'line': b'-- Up-to-date symlink: /home/joon/automotive_software_final/install/ad_msgs/include/ad_msgs/ad_msgs/msg/detail/mission__rosidl_typesupport_introspection_c.h\n'}
[0.301179] (ad_msgs) StdoutLine: {'line': b'-- Up-to-date symlink: /home/joon/automotive_software_final/install/ad_msgs/include/ad_msgs/ad_msgs/msg/detail/mission_display__rosidl_typesupport_introspection_c.h\n'}
[0.301348] (ad_msgs) StdoutLine: {'line': b'-- Up-to-date symlink: /home/joon/automotive_software_final/install/ad_msgs/include/ad_msgs/ad_msgs/msg/detail/mission_object__rosidl_typesupport_introspection_c.h\n'}
[0.301432] (ad_msgs) StdoutLine: {'line': b'-- Up-to-date symlink: /home/joon/automotive_software_final/install/ad_msgs/include/ad_msgs/ad_msgs/msg/detail/mission_region__rosidl_typesupport_introspection_c.h\n'}
[0.301585] (ad_msgs) StdoutLine: {'line': b'-- Up-to-date symlink: /home/joon/automotive_software_final/install/ad_msgs/include/ad_msgs/ad_msgs/msg/detail/polyfit_lane_data__rosidl_typesupport_introspection_c.h\n'}
[0.301623] (ad_msgs) StdoutLine: {'line': b'-- Up-to-date symlink: /home/joon/automotive_software_final/install/ad_msgs/include/ad_msgs/ad_msgs/msg/detail/polyfit_lane_data_array__rosidl_typesupport_introspection_c.h\n'}
[0.301649] (ad_msgs) StdoutLine: {'line': b'-- Up-to-date symlink: /home/joon/automotive_software_final/install/ad_msgs/include/ad_msgs/ad_msgs/msg/detail/vehicle_command__rosidl_typesupport_introspection_c.h\n'}
[0.301675] (ad_msgs) StdoutLine: {'line': b'-- Up-to-date symlink: /home/joon/automotive_software_final/install/ad_msgs/include/ad_msgs/ad_msgs/msg/detail/vehicle_state__rosidl_typesupport_introspection_c.h\n'}
[0.301705] (ad_msgs) StdoutLine: {'line': b'-- Up-to-date symlink: /home/joon/automotive_software_final/install/ad_msgs/include/ad_msgs/ad_msgs/msg/rosidl_typesupport_introspection_c__visibility_control.h\n'}
[0.301973] (ad_msgs) StdoutLine: {'line': b'-- Up-to-date symlink: /home/joon/automotive_software_final/install/ad_msgs/include/ad_msgs/ad_msgs/msg/detail/lane_point_data__builder.hpp\n'}
[0.302103] (ad_msgs) StdoutLine: {'line': b'-- Up-to-date symlink: /home/joon/automotive_software_final/install/ad_msgs/include/ad_msgs/ad_msgs/msg/detail/lane_point_data__struct.hpp\n'}
[0.302243] (ad_msgs) StdoutLine: {'line': b'-- Up-to-date symlink: /home/joon/automotive_software_final/install/ad_msgs/include/ad_msgs/ad_msgs/msg/detail/lane_point_data__traits.hpp\n'}
[0.302435] (ad_msgs) StdoutLine: {'line': b'-- Up-to-date symlink: /home/joon/automotive_software_final/install/ad_msgs/include/ad_msgs/ad_msgs/msg/detail/lane_point_data__type_support.hpp\n'}
[0.302519] (ad_msgs) StdoutLine: {'line': b'-- Up-to-date symlink: /home/joon/automotive_software_final/install/ad_msgs/include/ad_msgs/ad_msgs/msg/detail/lane_point_data_array__builder.hpp\n'}
[0.302664] (ad_msgs) StdoutLine: {'line': b'-- Up-to-date symlink: /home/joon/automotive_software_final/install/ad_msgs/include/ad_msgs/ad_msgs/msg/detail/lane_point_data_array__struct.hpp\n'}
[0.302731] (ad_msgs) StdoutLine: {'line': b'-- Up-to-date symlink: /home/joon/automotive_software_final/install/ad_msgs/include/ad_msgs/ad_msgs/msg/detail/lane_point_data_array__traits.hpp\n'}
[0.302867] (ad_msgs) StdoutLine: {'line': b'-- Up-to-date symlink: /home/joon/automotive_software_final/install/ad_msgs/include/ad_msgs/ad_msgs/msg/detail/lane_point_data_array__type_support.hpp\n'}
[0.302949] (ad_msgs) StdoutLine: {'line': b'-- Up-to-date symlink: /home/joon/automotive_software_final/install/ad_msgs/include/ad_msgs/ad_msgs/msg/detail/mission__builder.hpp\n'}
[0.303014] (ad_msgs) StdoutLine: {'line': b'-- Up-to-date symlink: /home/joon/automotive_software_final/install/ad_msgs/include/ad_msgs/ad_msgs/msg/detail/mission__struct.hpp\n'}
[0.303075] (ad_msgs) StdoutLine: {'line': b'-- Up-to-date symlink: /home/joon/automotive_software_final/install/ad_msgs/include/ad_msgs/ad_msgs/msg/detail/mission__traits.hpp\n'}
[0.303266] (ad_msgs) StdoutLine: {'line': b'-- Up-to-date symlink: /home/joon/automotive_software_final/install/ad_msgs/include/ad_msgs/ad_msgs/msg/detail/mission__type_support.hpp\n'}
[0.303430] (ad_msgs) StdoutLine: {'line': b'-- Up-to-date symlink: /home/joon/automotive_software_final/install/ad_msgs/include/ad_msgs/ad_msgs/msg/detail/mission_display__builder.hpp\n'}
[0.303510] (ad_msgs) StdoutLine: {'line': b'-- Up-to-date symlink: /home/joon/automotive_software_final/install/ad_msgs/include/ad_msgs/ad_msgs/msg/detail/mission_display__struct.hpp\n'}
[0.303684] (ad_msgs) StdoutLine: {'line': b'-- Up-to-date symlink: /home/joon/automotive_software_final/install/ad_msgs/include/ad_msgs/ad_msgs/msg/detail/mission_display__traits.hpp\n'}
[0.303866] (ad_msgs) StdoutLine: {'line': b'-- Up-to-date symlink: /home/joon/automotive_software_final/install/ad_msgs/include/ad_msgs/ad_msgs/msg/detail/mission_display__type_support.hpp\n'}
[0.303938] (ad_msgs) StdoutLine: {'line': b'-- Up-to-date symlink: /home/joon/automotive_software_final/install/ad_msgs/include/ad_msgs/ad_msgs/msg/detail/mission_object__builder.hpp\n'}
[0.304110] (ad_msgs) StdoutLine: {'line': b'-- Up-to-date symlink: /home/joon/automotive_software_final/install/ad_msgs/include/ad_msgs/ad_msgs/msg/detail/mission_object__struct.hpp\n'}
[0.304307] (ad_msgs) StdoutLine: {'line': b'-- Up-to-date symlink: /home/joon/automotive_software_final/install/ad_msgs/include/ad_msgs/ad_msgs/msg/detail/mission_object__traits.hpp\n'}
[0.304521] (ad_msgs) StdoutLine: {'line': b'-- Up-to-date symlink: /home/joon/automotive_software_final/install/ad_msgs/include/ad_msgs/ad_msgs/msg/detail/mission_object__type_support.hpp\n'}
[0.304674] (ad_msgs) StdoutLine: {'line': b'-- Up-to-date symlink: /home/joon/automotive_software_final/install/ad_msgs/include/ad_msgs/ad_msgs/msg/detail/mission_region__builder.hpp\n'}
[0.304743] (ad_msgs) StdoutLine: {'line': b'-- Up-to-date symlink: /home/joon/automotive_software_final/install/ad_msgs/include/ad_msgs/ad_msgs/msg/detail/mission_region__struct.hpp\n'}
[0.304805] (ad_msgs) StdoutLine: {'line': b'-- Up-to-date symlink: /home/joon/automotive_software_final/install/ad_msgs/include/ad_msgs/ad_msgs/msg/detail/mission_region__traits.hpp\n'}
[0.304886] (ad_msgs) StdoutLine: {'line': b'-- Up-to-date symlink: /home/joon/automotive_software_final/install/ad_msgs/include/ad_msgs/ad_msgs/msg/detail/mission_region__type_support.hpp\n'}
[0.304947] (ad_msgs) StdoutLine: {'line': b'-- Up-to-date symlink: /home/joon/automotive_software_final/install/ad_msgs/include/ad_msgs/ad_msgs/msg/detail/polyfit_lane_data__builder.hpp\n'}
[0.305026] (ad_msgs) StdoutLine: {'line': b'-- Up-to-date symlink: /home/joon/automotive_software_final/install/ad_msgs/include/ad_msgs/ad_msgs/msg/detail/polyfit_lane_data__struct.hpp\n'}
[0.305087] (ad_msgs) StdoutLine: {'line': b'-- Up-to-date symlink: /home/joon/automotive_software_final/install/ad_msgs/include/ad_msgs/ad_msgs/msg/detail/polyfit_lane_data__traits.hpp\n'}
[0.305175] (ad_msgs) StdoutLine: {'line': b'-- Up-to-date symlink: /home/joon/automotive_software_final/install/ad_msgs/include/ad_msgs/ad_msgs/msg/detail/polyfit_lane_data__type_support.hpp\n'}
[0.305342] (ad_msgs) StdoutLine: {'line': b'-- Up-to-date symlink: /home/joon/automotive_software_final/install/ad_msgs/include/ad_msgs/ad_msgs/msg/detail/polyfit_lane_data_array__builder.hpp\n'}
[0.305399] (ad_msgs) StdoutLine: {'line': b'-- Up-to-date symlink: /home/joon/automotive_software_final/install/ad_msgs/include/ad_msgs/ad_msgs/msg/detail/polyfit_lane_data_array__struct.hpp\n'}
[0.305427] (ad_msgs) StdoutLine: {'line': b'-- Up-to-date symlink: /home/joon/automotive_software_final/install/ad_msgs/include/ad_msgs/ad_msgs/msg/detail/polyfit_lane_data_array__traits.hpp\n'}
[0.305458] (ad_msgs) StdoutLine: {'line': b'-- Up-to-date symlink: /home/joon/automotive_software_final/install/ad_msgs/include/ad_msgs/ad_msgs/msg/detail/polyfit_lane_data_array__type_support.hpp\n'}
[0.305529] (ad_msgs) StdoutLine: {'line': b'-- Up-to-date symlink: /home/joon/automotive_software_final/install/ad_msgs/include/ad_msgs/ad_msgs/msg/detail/vehicle_command__builder.hpp\n'}
[0.305602] (ad_msgs) StdoutLine: {'line': b'-- Up-to-date symlink: /home/joon/automotive_software_final/install/ad_msgs/include/ad_msgs/ad_msgs/msg/detail/vehicle_command__struct.hpp\n'}
[0.305675] (ad_msgs) StdoutLine: {'line': b'-- Up-to-date symlink: /home/joon/automotive_software_final/install/ad_msgs/include/ad_msgs/ad_msgs/msg/detail/vehicle_command__traits.hpp\n'}
[0.305746] (ad_msgs) StdoutLine: {'line': b'-- Up-to-date symlink: /home/joon/automotive_software_final/install/ad_msgs/include/ad_msgs/ad_msgs/msg/detail/vehicle_command__type_support.hpp\n'}
[0.305873] (ad_msgs) StdoutLine: {'line': b'-- Up-to-date symlink: /home/joon/automotive_software_final/install/ad_msgs/include/ad_msgs/ad_msgs/msg/detail/vehicle_state__builder.hpp\n'}
[0.305955] (ad_msgs) StdoutLine: {'line': b'-- Up-to-date symlink: /home/joon/automotive_software_final/install/ad_msgs/include/ad_msgs/ad_msgs/msg/detail/vehicle_state__struct.hpp\n'}
[0.306036] (ad_msgs) StdoutLine: {'line': b'-- Up-to-date symlink: /home/joon/automotive_software_final/install/ad_msgs/include/ad_msgs/ad_msgs/msg/detail/vehicle_state__traits.hpp\n'}
[0.306125] (ad_msgs) StdoutLine: {'line': b'-- Up-to-date symlink: /home/joon/automotive_software_final/install/ad_msgs/include/ad_msgs/ad_msgs/msg/detail/vehicle_state__type_support.hpp\n'}
[0.306153] (ad_msgs) StdoutLine: {'line': b'-- Up-to-date symlink: /home/joon/automotive_software_final/install/ad_msgs/include/ad_msgs/ad_msgs/msg/lane_point_data.hpp\n'}
[0.306187] (ad_msgs) StdoutLine: {'line': b'-- Up-to-date symlink: /home/joon/automotive_software_final/install/ad_msgs/include/ad_msgs/ad_msgs/msg/lane_point_data_array.hpp\n'}
[0.306216] (ad_msgs) StdoutLine: {'line': b'-- Up-to-date symlink: /home/joon/automotive_software_final/install/ad_msgs/include/ad_msgs/ad_msgs/msg/mission.hpp\n'}
[0.306242] (ad_msgs) StdoutLine: {'line': b'-- Up-to-date symlink: /home/joon/automotive_software_final/install/ad_msgs/include/ad_msgs/ad_msgs/msg/mission_display.hpp\n'}
[0.306269] (ad_msgs) StdoutLine: {'line': b'-- Up-to-date symlink: /home/joon/automotive_software_final/install/ad_msgs/include/ad_msgs/ad_msgs/msg/mission_object.hpp\n'}
[0.306294] (ad_msgs) StdoutLine: {'line': b'-- Up-to-date symlink: /home/joon/automotive_software_final/install/ad_msgs/include/ad_msgs/ad_msgs/msg/mission_region.hpp\n'}
[0.306317] (ad_msgs) StdoutLine: {'line': b'-- Up-to-date symlink: /home/joon/automotive_software_final/install/ad_msgs/include/ad_msgs/ad_msgs/msg/polyfit_lane_data.hpp\n'}
[0.306343] (ad_msgs) StdoutLine: {'line': b'-- Up-to-date symlink: /home/joon/automotive_software_final/install/ad_msgs/include/ad_msgs/ad_msgs/msg/polyfit_lane_data_array.hpp\n'}
[0.306372] (ad_msgs) StdoutLine: {'line': b'-- Up-to-date symlink: /home/joon/automotive_software_final/install/ad_msgs/include/ad_msgs/ad_msgs/msg/rosidl_generator_cpp__visibility_control.hpp\n'}
[0.306411] (ad_msgs) StdoutLine: {'line': b'-- Up-to-date symlink: /home/joon/automotive_software_final/install/ad_msgs/include/ad_msgs/ad_msgs/msg/vehicle_command.hpp\n'}
[0.306540] (ad_msgs) StdoutLine: {'line': b'-- Up-to-date symlink: /home/joon/automotive_software_final/install/ad_msgs/include/ad_msgs/ad_msgs/msg/vehicle_state.hpp\n'}
[0.306597] (ad_msgs) StdoutLine: {'line': b'-- Up-to-date symlink: /home/joon/automotive_software_final/install/ad_msgs/include/ad_msgs/ad_msgs/msg/detail/lane_point_data__rosidl_typesupport_fastrtps_cpp.hpp\n'}
[0.306779] (ad_msgs) StdoutLine: {'line': b'-- Up-to-date symlink: /home/joon/automotive_software_final/install/ad_msgs/include/ad_msgs/ad_msgs/msg/detail/lane_point_data_array__rosidl_typesupport_fastrtps_cpp.hpp\n'}
[0.306965] (ad_msgs) StdoutLine: {'line': b'-- Up-to-date symlink: /home/joon/automotive_software_final/install/ad_msgs/include/ad_msgs/ad_msgs/msg/detail/mission__rosidl_typesupport_fastrtps_cpp.hpp\n'}
[0.307456] (ad_msgs) StdoutLine: {'line': b'-- Up-to-date symlink: /home/joon/automotive_software_final/install/ad_msgs/include/ad_msgs/ad_msgs/msg/detail/mission_display__rosidl_typesupport_fastrtps_cpp.hpp\n'}
[0.307833] (ad_msgs) StdoutLine: {'line': b'-- Up-to-date symlink: /home/joon/automotive_software_final/install/ad_msgs/include/ad_msgs/ad_msgs/msg/detail/mission_object__rosidl_typesupport_fastrtps_cpp.hpp\n'}
[0.307903] (ad_msgs) StdoutLine: {'line': b'-- Up-to-date symlink: /home/joon/automotive_software_final/install/ad_msgs/include/ad_msgs/ad_msgs/msg/detail/mission_region__rosidl_typesupport_fastrtps_cpp.hpp\n'}
[0.307958] (ad_msgs) StdoutLine: {'line': b'-- Up-to-date symlink: /home/joon/automotive_software_final/install/ad_msgs/include/ad_msgs/ad_msgs/msg/detail/polyfit_lane_data__rosidl_typesupport_fastrtps_cpp.hpp\n'}
[0.308052] (ad_msgs) StdoutLine: {'line': b'-- Up-to-date symlink: /home/joon/automotive_software_final/install/ad_msgs/include/ad_msgs/ad_msgs/msg/detail/polyfit_lane_data_array__rosidl_typesupport_fastrtps_cpp.hpp\n'}
[0.308324] (ad_msgs) StdoutLine: {'line': b'-- Up-to-date symlink: /home/joon/automotive_software_final/install/ad_msgs/include/ad_msgs/ad_msgs/msg/detail/vehicle_command__rosidl_typesupport_fastrtps_cpp.hpp\n'}
[0.308577] (ad_msgs) StdoutLine: {'line': b'-- Up-to-date symlink: /home/joon/automotive_software_final/install/ad_msgs/include/ad_msgs/ad_msgs/msg/detail/vehicle_state__rosidl_typesupport_fastrtps_cpp.hpp\n'}
[0.308749] (ad_msgs) StdoutLine: {'line': b'-- Up-to-date symlink: /home/joon/automotive_software_final/install/ad_msgs/include/ad_msgs/ad_msgs/msg/rosidl_typesupport_fastrtps_cpp__visibility_control.h\n'}
[0.308862] (ad_msgs) StdoutLine: {'line': b'-- Up-to-date symlink: /home/joon/automotive_software_final/install/ad_msgs/include/ad_msgs/ad_msgs/msg/detail/lane_point_data__rosidl_typesupport_introspection_cpp.hpp\n'}
[0.309194] (ad_msgs) StdoutLine: {'line': b'-- Up-to-date symlink: /home/joon/automotive_software_final/install/ad_msgs/include/ad_msgs/ad_msgs/msg/detail/lane_point_data_array__rosidl_typesupport_introspection_cpp.hpp\n'}
[0.309523] (ad_msgs) StdoutLine: {'line': b'-- Up-to-date symlink: /home/joon/automotive_software_final/install/ad_msgs/include/ad_msgs/ad_msgs/msg/detail/mission__rosidl_typesupport_introspection_cpp.hpp\n'}
[0.309731] (ad_msgs) StdoutLine: {'line': b'-- Up-to-date symlink: /home/joon/automotive_software_final/install/ad_msgs/include/ad_msgs/ad_msgs/msg/detail/mission_display__rosidl_typesupport_introspection_cpp.hpp\n'}
[0.309802] (ad_msgs) StdoutLine: {'line': b'-- Up-to-date symlink: /home/joon/automotive_software_final/install/ad_msgs/include/ad_msgs/ad_msgs/msg/detail/mission_object__rosidl_typesupport_introspection_cpp.hpp\n'}
[0.309917] (ad_msgs) StdoutLine: {'line': b'-- Up-to-date symlink: /home/joon/automotive_software_final/install/ad_msgs/include/ad_msgs/ad_msgs/msg/detail/mission_region__rosidl_typesupport_introspection_cpp.hpp\n'}
[0.310031] (ad_msgs) StdoutLine: {'line': b'-- Up-to-date symlink: /home/joon/automotive_software_final/install/ad_msgs/include/ad_msgs/ad_msgs/msg/detail/polyfit_lane_data__rosidl_typesupport_introspection_cpp.hpp\n'}
[0.310105] (ad_msgs) StdoutLine: {'line': b'-- Up-to-date symlink: /home/joon/automotive_software_final/install/ad_msgs/include/ad_msgs/ad_msgs/msg/detail/polyfit_lane_data_array__rosidl_typesupport_introspection_cpp.hpp\n'}
[0.310181] (ad_msgs) StdoutLine: {'line': b'-- Up-to-date symlink: /home/joon/automotive_software_final/install/ad_msgs/include/ad_msgs/ad_msgs/msg/detail/vehicle_command__rosidl_typesupport_introspection_cpp.hpp\n'}
[0.310267] (ad_msgs) StdoutLine: {'line': b'-- Up-to-date symlink: /home/joon/automotive_software_final/install/ad_msgs/include/ad_msgs/ad_msgs/msg/detail/vehicle_state__rosidl_typesupport_introspection_cpp.hpp\n'}
[0.310486] (ad_msgs) StdoutLine: {'line': b'-- Up-to-date symlink: /home/joon/automotive_software_final/install/ad_msgs/share/ad_msgs/environment/pythonpath.sh\n'}
[0.310657] (ad_msgs) StdoutLine: {'line': b'-- Up-to-date symlink: /home/joon/automotive_software_final/install/ad_msgs/share/ad_msgs/environment/pythonpath.dsv\n'}
[0.310700] (ad_msgs) StdoutLine: {'line': b'-- Up-to-date symlink: /home/joon/automotive_software_final/install/ad_msgs/local/lib/python3.10/dist-packages/ad_msgs-0.0.0-py3.10.egg-info/PKG-INFO\n'}
[0.310730] (ad_msgs) StdoutLine: {'line': b'-- Up-to-date symlink: /home/joon/automotive_software_final/install/ad_msgs/local/lib/python3.10/dist-packages/ad_msgs-0.0.0-py3.10.egg-info/SOURCES.txt\n'}
[0.310757] (ad_msgs) StdoutLine: {'line': b'-- Up-to-date symlink: /home/joon/automotive_software_final/install/ad_msgs/local/lib/python3.10/dist-packages/ad_msgs-0.0.0-py3.10.egg-info/dependency_links.txt\n'}
[0.310783] (ad_msgs) StdoutLine: {'line': b'-- Up-to-date symlink: /home/joon/automotive_software_final/install/ad_msgs/local/lib/python3.10/dist-packages/ad_msgs-0.0.0-py3.10.egg-info/top_level.txt\n'}
[0.311081] (ad_msgs) StdoutLine: {'line': b'-- Up-to-date symlink: /home/joon/automotive_software_final/install/ad_msgs/local/lib/python3.10/dist-packages/ad_msgs/__init__.py\n'}
[0.311219] (ad_msgs) StdoutLine: {'line': b'-- Up-to-date symlink: /home/joon/automotive_software_final/install/ad_msgs/local/lib/python3.10/dist-packages/ad_msgs/_ad_msgs_s.ep.rosidl_typesupport_c.c\n'}
[0.311453] (ad_msgs) StdoutLine: {'line': b'-- Up-to-date symlink: /home/joon/automotive_software_final/install/ad_msgs/local/lib/python3.10/dist-packages/ad_msgs/_ad_msgs_s.ep.rosidl_typesupport_fastrtps_c.c\n'}
[0.311648] (ad_msgs) StdoutLine: {'line': b'-- Up-to-date symlink: /home/joon/automotive_software_final/install/ad_msgs/local/lib/python3.10/dist-packages/ad_msgs/_ad_msgs_s.ep.rosidl_typesupport_introspection_c.c\n'}
[0.311718] (ad_msgs) StdoutLine: {'line': b'-- Up-to-date symlink: /home/joon/automotive_software_final/install/ad_msgs/local/lib/python3.10/dist-packages/ad_msgs/ad_msgs_s__rosidl_typesupport_c.cpython-310-x86_64-linux-gnu.so\n'}
[0.311803] (ad_msgs) StdoutLine: {'line': b'-- Up-to-date symlink: /home/joon/automotive_software_final/install/ad_msgs/local/lib/python3.10/dist-packages/ad_msgs/ad_msgs_s__rosidl_typesupport_fastrtps_c.cpython-310-x86_64-linux-gnu.so\n'}
[0.311864] (ad_msgs) StdoutLine: {'line': b'-- Up-to-date symlink: /home/joon/automotive_software_final/install/ad_msgs/local/lib/python3.10/dist-packages/ad_msgs/ad_msgs_s__rosidl_typesupport_introspection_c.cpython-310-x86_64-linux-gnu.so\n'}
[0.311925] (ad_msgs) StdoutLine: {'line': b'-- Up-to-date symlink: /home/joon/automotive_software_final/install/ad_msgs/local/lib/python3.10/dist-packages/ad_msgs/libad_msgs__rosidl_generator_py.so\n'}
[0.312052] (ad_msgs) StdoutLine: {'line': b'-- Up-to-date symlink: /home/joon/automotive_software_final/install/ad_msgs/local/lib/python3.10/dist-packages/ad_msgs/msg/__init__.py\n'}
[0.312121] (ad_msgs) StdoutLine: {'line': b'-- Up-to-date symlink: /home/joon/automotive_software_final/install/ad_msgs/local/lib/python3.10/dist-packages/ad_msgs/msg/_lane_point_data.py\n'}
[0.312247] (ad_msgs) StdoutLine: {'line': b'-- Up-to-date symlink: /home/joon/automotive_software_final/install/ad_msgs/local/lib/python3.10/dist-packages/ad_msgs/msg/_lane_point_data_array.py\n'}
[0.312329] (ad_msgs) StdoutLine: {'line': b'-- Up-to-date symlink: /home/joon/automotive_software_final/install/ad_msgs/local/lib/python3.10/dist-packages/ad_msgs/msg/_lane_point_data_array_s.c\n'}
[0.312388] (ad_msgs) StdoutLine: {'line': b'-- Up-to-date symlink: /home/joon/automotive_software_final/install/ad_msgs/local/lib/python3.10/dist-packages/ad_msgs/msg/_lane_point_data_s.c\n'}
[0.312416] (ad_msgs) StdoutLine: {'line': b'-- Up-to-date symlink: /home/joon/automotive_software_final/install/ad_msgs/local/lib/python3.10/dist-packages/ad_msgs/msg/_mission.py\n'}
[0.312554] (ad_msgs) StdoutLine: {'line': b'-- Up-to-date symlink: /home/joon/automotive_software_final/install/ad_msgs/local/lib/python3.10/dist-packages/ad_msgs/msg/_mission_display.py\n'}
[0.312627] (ad_msgs) StdoutLine: {'line': b'-- Up-to-date symlink: /home/joon/automotive_software_final/install/ad_msgs/local/lib/python3.10/dist-packages/ad_msgs/msg/_mission_display_s.c\n'}
[0.312703] (ad_msgs) StdoutLine: {'line': b'-- Up-to-date symlink: /home/joon/automotive_software_final/install/ad_msgs/local/lib/python3.10/dist-packages/ad_msgs/msg/_mission_object.py\n'}
[0.312783] (ad_msgs) StdoutLine: {'line': b'-- Up-to-date symlink: /home/joon/automotive_software_final/install/ad_msgs/local/lib/python3.10/dist-packages/ad_msgs/msg/_mission_object_s.c\n'}
[0.312912] (ad_msgs) StdoutLine: {'line': b'-- Up-to-date symlink: /home/joon/automotive_software_final/install/ad_msgs/local/lib/python3.10/dist-packages/ad_msgs/msg/_mission_region.py\n'}
[0.312956] (ad_msgs) StdoutLine: {'line': b'-- Up-to-date symlink: /home/joon/automotive_software_final/install/ad_msgs/local/lib/python3.10/dist-packages/ad_msgs/msg/_mission_region_s.c\n'}
[0.312987] (ad_msgs) StdoutLine: {'line': b'-- Up-to-date symlink: /home/joon/automotive_software_final/install/ad_msgs/local/lib/python3.10/dist-packages/ad_msgs/msg/_mission_s.c\n'}
[0.313069] (ad_msgs) StdoutLine: {'line': b'-- Up-to-date symlink: /home/joon/automotive_software_final/install/ad_msgs/local/lib/python3.10/dist-packages/ad_msgs/msg/_polyfit_lane_data.py\n'}
[0.313151] (ad_msgs) StdoutLine: {'line': b'-- Up-to-date symlink: /home/joon/automotive_software_final/install/ad_msgs/local/lib/python3.10/dist-packages/ad_msgs/msg/_polyfit_lane_data_array.py\n'}
[0.313232] (ad_msgs) StdoutLine: {'line': b'-- Up-to-date symlink: /home/joon/automotive_software_final/install/ad_msgs/local/lib/python3.10/dist-packages/ad_msgs/msg/_polyfit_lane_data_array_s.c\n'}
[0.313312] (ad_msgs) StdoutLine: {'line': b'-- Up-to-date symlink: /home/joon/automotive_software_final/install/ad_msgs/local/lib/python3.10/dist-packages/ad_msgs/msg/_polyfit_lane_data_s.c\n'}
[0.313350] (ad_msgs) StdoutLine: {'line': b'-- Up-to-date symlink: /home/joon/automotive_software_final/install/ad_msgs/local/lib/python3.10/dist-packages/ad_msgs/msg/_vehicle_command.py\n'}
[0.313432] (ad_msgs) StdoutLine: {'line': b'-- Up-to-date symlink: /home/joon/automotive_software_final/install/ad_msgs/local/lib/python3.10/dist-packages/ad_msgs/msg/_vehicle_command_s.c\n'}
[0.313493] (ad_msgs) StdoutLine: {'line': b'-- Up-to-date symlink: /home/joon/automotive_software_final/install/ad_msgs/local/lib/python3.10/dist-packages/ad_msgs/msg/_vehicle_state.py\n'}
[0.313645] (ad_msgs) StdoutLine: {'line': b'-- Up-to-date symlink: /home/joon/automotive_software_final/install/ad_msgs/local/lib/python3.10/dist-packages/ad_msgs/msg/_vehicle_state_s.c\n'}
[0.313685] (ad_msgs) StdoutLine: {'line': b'-- Up-to-date symlink: /home/joon/automotive_software_final/install/ad_msgs/local/lib/python3.10/dist-packages/ad_msgs/ad_msgs_s__rosidl_typesupport_fastrtps_c.cpython-310-x86_64-linux-gnu.so\n'}
[0.313712] (ad_msgs) StdoutLine: {'line': b'-- Up-to-date symlink: /home/joon/automotive_software_final/install/ad_msgs/local/lib/python3.10/dist-packages/ad_msgs/ad_msgs_s__rosidl_typesupport_introspection_c.cpython-310-x86_64-linux-gnu.so\n'}
[0.313794] (ad_msgs) StdoutLine: {'line': b'-- Up-to-date symlink: /home/joon/automotive_software_final/install/ad_msgs/local/lib/python3.10/dist-packages/ad_msgs/ad_msgs_s__rosidl_typesupport_c.cpython-310-x86_64-linux-gnu.so\n'}
[0.313874] (ad_msgs) StdoutLine: {'line': b'-- Up-to-date symlink: /home/joon/automotive_software_final/install/ad_msgs/share/ad_msgs/msg/VehicleState.idl\n'}
[0.314071] (ad_msgs) StdoutLine: {'line': b'-- Up-to-date symlink: /home/joon/automotive_software_final/install/ad_msgs/share/ad_msgs/msg/VehicleCommand.idl\n'}
[0.314233] (ad_msgs) StdoutLine: {'line': b'-- Up-to-date symlink: /home/joon/automotive_software_final/install/ad_msgs/share/ad_msgs/msg/Mission.idl\n'}
[0.314288] (ad_msgs) StdoutLine: {'line': b'-- Up-to-date symlink: /home/joon/automotive_software_final/install/ad_msgs/share/ad_msgs/msg/MissionObject.idl\n'}
[0.314317] (ad_msgs) StdoutLine: {'line': b'-- Up-to-date symlink: /home/joon/automotive_software_final/install/ad_msgs/share/ad_msgs/msg/MissionRegion.idl\n'}
[0.314402] (ad_msgs) StdoutLine: {'line': b'-- Up-to-date symlink: /home/joon/automotive_software_final/install/ad_msgs/share/ad_msgs/msg/MissionDisplay.idl\n'}
[0.314436] (ad_msgs) StdoutLine: {'line': b'-- Up-to-date symlink: /home/joon/automotive_software_final/install/ad_msgs/share/ad_msgs/msg/PolyfitLaneData.idl\n'}
[0.314582] (ad_msgs) StdoutLine: {'line': b'-- Up-to-date symlink: /home/joon/automotive_software_final/install/ad_msgs/share/ad_msgs/msg/LanePointData.idl\n'}
[0.314998] (ad_msgs) StdoutLine: {'line': b'-- Up-to-date symlink: /home/joon/automotive_software_final/install/ad_msgs/share/ad_msgs/msg/LanePointDataArray.idl\n'}
[0.315122] (ad_msgs) StdoutLine: {'line': b'-- Up-to-date symlink: /home/joon/automotive_software_final/install/ad_msgs/share/ad_msgs/msg/PolyfitLaneDataArray.idl\n'}
[0.315500] (ad_msgs) StdoutLine: {'line': b'-- Up-to-date symlink: /home/joon/automotive_software_final/install/ad_msgs/share/ad_msgs/msg/VehicleState.msg\n'}
[0.315556] (ad_msgs) StdoutLine: {'line': b'-- Up-to-date symlink: /home/joon/automotive_software_final/install/ad_msgs/share/ad_msgs/msg/VehicleCommand.msg\n'}
[0.315584] (ad_msgs) StdoutLine: {'line': b'-- Up-to-date symlink: /home/joon/automotive_software_final/install/ad_msgs/share/ad_msgs/msg/Mission.msg\n'}
[0.315749] (ad_msgs) StdoutLine: {'line': b'-- Up-to-date symlink: /home/joon/automotive_software_final/install/ad_msgs/share/ad_msgs/msg/MissionObject.msg\n'}
[0.315875] (ad_msgs) StdoutLine: {'line': b'-- Up-to-date symlink: /home/joon/automotive_software_final/install/ad_msgs/share/ad_msgs/msg/MissionRegion.msg\n'}
[0.316064] (ad_msgs) StdoutLine: {'line': b'-- Up-to-date symlink: /home/joon/automotive_software_final/install/ad_msgs/share/ad_msgs/msg/MissionDisplay.msg\n'}
[0.316098] (ad_msgs) StdoutLine: {'line': b'-- Up-to-date symlink: /home/joon/automotive_software_final/install/ad_msgs/share/ad_msgs/msg/PolyfitLaneData.msg\n'}
[0.316232] (ad_msgs) StdoutLine: {'line': b'-- Up-to-date symlink: /home/joon/automotive_software_final/install/ad_msgs/share/ad_msgs/msg/LanePointData.msg\n'}
[0.316348] (ad_msgs) StdoutLine: {'line': b'-- Up-to-date symlink: /home/joon/automotive_software_final/install/ad_msgs/share/ad_msgs/msg/LanePointDataArray.msg\n'}
[0.316593] (ad_msgs) StdoutLine: {'line': b'-- Up-to-date symlink: /home/joon/automotive_software_final/install/ad_msgs/share/ad_msgs/msg/PolyfitLaneDataArray.msg\n'}
[0.316675] (ad_msgs) StdoutLine: {'line': b'-- Up-to-date symlink: /home/joon/automotive_software_final/install/ad_msgs/share/ament_index/resource_index/package_run_dependencies/ad_msgs\n'}
[0.316748] (ad_msgs) StdoutLine: {'line': b'-- Up-to-date symlink: /home/joon/automotive_software_final/install/ad_msgs/share/ament_index/resource_index/parent_prefix_path/ad_msgs\n'}
[0.316817] (ad_msgs) StdoutLine: {'line': b'-- Up-to-date symlink: /home/joon/automotive_software_final/install/ad_msgs/share/ad_msgs/environment/ament_prefix_path.sh\n'}
[0.317006] (ad_msgs) StdoutLine: {'line': b'-- Up-to-date symlink: /home/joon/automotive_software_final/install/ad_msgs/share/ad_msgs/environment/ament_prefix_path.dsv\n'}
[0.317172] (ad_msgs) StdoutLine: {'line': b'-- Up-to-date symlink: /home/joon/automotive_software_final/install/ad_msgs/share/ad_msgs/environment/path.sh\n'}
[0.317397] (ad_msgs) StdoutLine: {'line': b'-- Up-to-date symlink: /home/joon/automotive_software_final/install/ad_msgs/share/ad_msgs/environment/path.dsv\n'}
[0.317545] (ad_msgs) StdoutLine: {'line': b'-- Up-to-date symlink: /home/joon/automotive_software_final/install/ad_msgs/share/ad_msgs/local_setup.bash\n'}
[0.317729] (ad_msgs) StdoutLine: {'line': b'-- Up-to-date symlink: /home/joon/automotive_software_final/install/ad_msgs/share/ad_msgs/local_setup.sh\n'}
[0.317772] (ad_msgs) StdoutLine: {'line': b'-- Up-to-date symlink: /home/joon/automotive_software_final/install/ad_msgs/share/ad_msgs/local_setup.zsh\n'}
[0.317799] (ad_msgs) StdoutLine: {'line': b'-- Up-to-date symlink: /home/joon/automotive_software_final/install/ad_msgs/share/ad_msgs/local_setup.dsv\n'}
[0.317824] (ad_msgs) StdoutLine: {'line': b'-- Symlinking: /home/joon/automotive_software_final/install/ad_msgs/share/ad_msgs/package.dsv\n'}
[0.325065] (ad_msgs) StdoutLine: {'line': b'-- Up-to-date symlink: /home/joon/automotive_software_final/install/ad_msgs/share/ament_index/resource_index/packages/ad_msgs\n'}
[0.325386] (ad_msgs) StdoutLine: {'line': b'-- Up-to-date symlink: /home/joon/automotive_software_final/install/ad_msgs/share/ad_msgs/cmake/rosidl_cmake-extras.cmake\n'}
[0.325619] (ad_msgs) StdoutLine: {'line': b'-- Up-to-date symlink: /home/joon/automotive_software_final/install/ad_msgs/share/ad_msgs/cmake/ament_cmake_export_dependencies-extras.cmake\n'}
[0.325797] (ad_msgs) StdoutLine: {'line': b'-- Up-to-date symlink: /home/joon/automotive_software_final/install/ad_msgs/share/ad_msgs/cmake/ament_cmake_export_include_directories-extras.cmake\n'}
[0.325850] (ad_msgs) StdoutLine: {'line': b'-- Up-to-date symlink: /home/joon/automotive_software_final/install/ad_msgs/share/ad_msgs/cmake/ament_cmake_export_libraries-extras.cmake\n'}
[0.325993] (ad_msgs) StdoutLine: {'line': b'-- Up-to-date symlink: /home/joon/automotive_software_final/install/ad_msgs/share/ad_msgs/cmake/ament_cmake_export_targets-extras.cmake\n'}
[0.326230] (ad_msgs) StdoutLine: {'line': b'-- Up-to-date symlink: /home/joon/automotive_software_final/install/ad_msgs/share/ad_msgs/cmake/rosidl_cmake_export_typesupport_targets-extras.cmake\n'}
[0.326364] (ad_msgs) StdoutLine: {'line': b'-- Up-to-date symlink: /home/joon/automotive_software_final/install/ad_msgs/share/ad_msgs/cmake/rosidl_cmake_export_typesupport_libraries-extras.cmake\n'}
[0.326452] (ad_msgs) StdoutLine: {'line': b'-- Up-to-date symlink: /home/joon/automotive_software_final/install/ad_msgs/share/ad_msgs/cmake/ad_msgsConfig.cmake\n'}
[0.326544] (ad_msgs) StdoutLine: {'line': b'-- Up-to-date symlink: /home/joon/automotive_software_final/install/ad_msgs/share/ad_msgs/cmake/ad_msgsConfig-version.cmake\n'}
[0.326661] (ad_msgs) StdoutLine: {'line': b'-- Up-to-date symlink: /home/joon/automotive_software_final/install/ad_msgs/share/ad_msgs/package.xml\n'}
[0.326821] (ad_msgs) StdoutLine: {'line': b'-- Up-to-date: /home/joon/automotive_software_final/install/ad_msgs/lib/libad_msgs__rosidl_generator_c.so\n'}
[0.327028] (ad_msgs) StdoutLine: {'line': b'-- Up-to-date: /home/joon/automotive_software_final/install/ad_msgs/lib/libad_msgs__rosidl_typesupport_fastrtps_c.so\n'}
[0.327210] (ad_msgs) StdoutLine: {'line': b'-- Up-to-date: /home/joon/automotive_software_final/install/ad_msgs/lib/libad_msgs__rosidl_typesupport_introspection_c.so\n'}
[0.327453] (ad_msgs) StdoutLine: {'line': b'-- Up-to-date: /home/joon/automotive_software_final/install/ad_msgs/lib/libad_msgs__rosidl_typesupport_c.so\n'}
[0.327556] (ad_msgs) StdoutLine: {'line': b'-- Up-to-date: /home/joon/automotive_software_final/install/ad_msgs/lib/libad_msgs__rosidl_typesupport_fastrtps_cpp.so\n'}
[0.327689] (ad_msgs) StdoutLine: {'line': b'-- Up-to-date: /home/joon/automotive_software_final/install/ad_msgs/lib/libad_msgs__rosidl_typesupport_introspection_cpp.so\n'}
[0.327825] (ad_msgs) StdoutLine: {'line': b'-- Up-to-date: /home/joon/automotive_software_final/install/ad_msgs/lib/libad_msgs__rosidl_typesupport_cpp.so\n'}
[0.349603] (ad_msgs) StdoutLine: {'line': b"Listing '/home/joon/automotive_software_final/install/ad_msgs/local/lib/python3.10/dist-packages/ad_msgs'...\n"}
[0.349771] (ad_msgs) StdoutLine: {'line': b"Listing '/home/joon/automotive_software_final/install/ad_msgs/local/lib/python3.10/dist-packages/ad_msgs/msg'...\n"}
[0.352494] (ad_msgs) StdoutLine: {'line': b'-- Up-to-date: /home/joon/automotive_software_final/install/ad_msgs/lib/libad_msgs__rosidl_generator_py.so\n'}
[0.352746] (ad_msgs) StdoutLine: {'line': b'-- Up-to-date: /home/joon/automotive_software_final/install/ad_msgs/share/ad_msgs/cmake/export_ad_msgs__rosidl_generator_cExport.cmake\n'}
[0.352998] (ad_msgs) StdoutLine: {'line': b'-- Up-to-date: /home/joon/automotive_software_final/install/ad_msgs/share/ad_msgs/cmake/export_ad_msgs__rosidl_generator_cExport-noconfig.cmake\n'}
[0.353103] (ad_msgs) StdoutLine: {'line': b'-- Up-to-date: /home/joon/automotive_software_final/install/ad_msgs/share/ad_msgs/cmake/export_ad_msgs__rosidl_typesupport_fastrtps_cExport.cmake\n'}
[0.353152] (ad_msgs) StdoutLine: {'line': b'-- Up-to-date: /home/joon/automotive_software_final/install/ad_msgs/share/ad_msgs/cmake/export_ad_msgs__rosidl_typesupport_fastrtps_cExport-noconfig.cmake\n'}
[0.353215] (ad_msgs) StdoutLine: {'line': b'-- Up-to-date: /home/joon/automotive_software_final/install/ad_msgs/share/ad_msgs/cmake/ad_msgs__rosidl_typesupport_introspection_cExport.cmake\n'}
[0.353367] (ad_msgs) StdoutLine: {'line': b'-- Up-to-date: /home/joon/automotive_software_final/install/ad_msgs/share/ad_msgs/cmake/ad_msgs__rosidl_typesupport_introspection_cExport-noconfig.cmake\n'}
[0.353550] (ad_msgs) StdoutLine: {'line': b'-- Up-to-date: /home/joon/automotive_software_final/install/ad_msgs/share/ad_msgs/cmake/ad_msgs__rosidl_typesupport_cExport.cmake\n'}
[0.353593] (ad_msgs) StdoutLine: {'line': b'-- Up-to-date: /home/joon/automotive_software_final/install/ad_msgs/share/ad_msgs/cmake/ad_msgs__rosidl_typesupport_cExport-noconfig.cmake\n'}
[0.353621] (ad_msgs) StdoutLine: {'line': b'-- Up-to-date: /home/joon/automotive_software_final/install/ad_msgs/share/ad_msgs/cmake/export_ad_msgs__rosidl_generator_cppExport.cmake\n'}
[0.353648] (ad_msgs) StdoutLine: {'line': b'-- Up-to-date: /home/joon/automotive_software_final/install/ad_msgs/share/ad_msgs/cmake/export_ad_msgs__rosidl_typesupport_fastrtps_cppExport.cmake\n'}
[0.353674] (ad_msgs) StdoutLine: {'line': b'-- Up-to-date: /home/joon/automotive_software_final/install/ad_msgs/share/ad_msgs/cmake/export_ad_msgs__rosidl_typesupport_fastrtps_cppExport-noconfig.cmake\n'}
[0.353700] (ad_msgs) StdoutLine: {'line': b'-- Up-to-date: /home/joon/automotive_software_final/install/ad_msgs/share/ad_msgs/cmake/ad_msgs__rosidl_typesupport_introspection_cppExport.cmake\n'}
[0.353730] (ad_msgs) StdoutLine: {'line': b'-- Up-to-date: /home/joon/automotive_software_final/install/ad_msgs/share/ad_msgs/cmake/ad_msgs__rosidl_typesupport_introspection_cppExport-noconfig.cmake\n'}
[0.353755] (ad_msgs) StdoutLine: {'line': b'-- Up-to-date: /home/joon/automotive_software_final/install/ad_msgs/share/ad_msgs/cmake/ad_msgs__rosidl_typesupport_cppExport.cmake\n'}
[0.353780] (ad_msgs) StdoutLine: {'line': b'-- Up-to-date: /home/joon/automotive_software_final/install/ad_msgs/share/ad_msgs/cmake/ad_msgs__rosidl_typesupport_cppExport-noconfig.cmake\n'}
[0.353805] (ad_msgs) StdoutLine: {'line': b'-- Up-to-date: /home/joon/automotive_software_final/install/ad_msgs/share/ad_msgs/cmake/export_ad_msgs__rosidl_generator_pyExport.cmake\n'}
[0.353829] (ad_msgs) StdoutLine: {'line': b'-- Up-to-date: /home/joon/automotive_software_final/install/ad_msgs/share/ad_msgs/cmake/export_ad_msgs__rosidl_generator_pyExport-noconfig.cmake\n'}
[0.355279] (ad_msgs) CommandEnded: {'returncode': 0}
[0.371291] (ad_msgs) JobEnded: {'identifier': 'ad_msgs', 'rc': 0}
[0.372323] (autonomous_driving) JobStarted: {'identifier': 'autonomous_driving'}
[0.374795] (evaluation) JobStarted: {'identifier': 'evaluation'}
[0.378580] (mission_manager) JobStarted: {'identifier': 'mission_manager'}
[0.382268] (simulator) JobStarted: {'identifier': 'simulator'}
[0.399870] (-) TimerEvent: {}
[0.424883] (autonomous_driving) JobProgress: {'identifier': 'autonomous_driving', 'progress': 'cmake'}
[0.425523] (autonomous_driving) JobProgress: {'identifier': 'autonomous_driving', 'progress': 'build'}
[0.426188] (autonomous_driving) Command: {'cmd': ['/usr/bin/cmake', '--build', '/home/joon/automotive_software_final/build/autonomous_driving', '--', '-j16', '-l16'], 'cwd': '/home/joon/automotive_software_final/build/autonomous_driving', 'env': OrderedDict([('PYTHON_BASIC_REPL', '1'), ('LESSOPEN', '| /usr/bin/lesspipe %s'), ('USER', 'joon'), ('GIT_ASKPASS', '/home/joon/.vscode-server/bin/bf9252a2fb45be6893dd8870c0bf37e2e1766d61/extensions/git/dist/askpass.sh'), ('SHLVL', '1'), ('LD_LIBRARY_PATH', '/home/joon/automotive_software_final/install/ad_msgs/lib:/usr/lib/x86_64-linux-gnu/gazebo-11/plugins:/opt/ros/humble/opt/rviz_ogre_vendor/lib:/opt/ros/humble/lib/x86_64-linux-gnu:/opt/ros/humble/lib'), ('HOME', '/home/joon'), ('TERM_PROGRAM_VERSION', '1.106.3'), ('VSCODE_IPC_HOOK_CLI', '/run/user/1000/vscode-ipc-6b0baac3-5733-45f7-8cf4-686e9cd27a4c.sock'), ('ROS_PYTHON_VERSION', '3'), ('VSCODE_GIT_ASKPASS_MAIN', '/home/joon/.vscode-server/bin/bf9252a2fb45be6893dd8870c0bf37e2e1766d61/extensions/git/dist/askpass-main.js'), ('VSCODE_GIT_ASKPASS_NODE', '/home/joon/.vscode-server/bin/bf9252a2fb45be6893dd8870c0bf37e2e1766d61/node'), ('PYDEVD_DISABLE_FILE_VALIDATION', '1'), ('BUNDLED_DEBUGPY_PATH', '/home/joon/.vscode-server/extensions/ms-python.debugpy-2025.16.0-linux-x64/bundled/libs/debugpy'), ('VSCODE_PYTHON_AUTOACTIVATE_GUARD', '1'), ('DBUS_SESSION_BUS_ADDRESS', 'unix:path=/run/user/1000/bus'), ('COLORTERM', 'truecolor'), ('WSL_DISTRO_NAME', 'Ubuntu-22.04'), ('WAYLAND_DISPLAY', 'wayland-0'), ('COLCON_PREFIX_PATH', '/home/joon/automotive_software_final/install'), ('ROS_DISTRO', 'humble'), ('LOGNAME', 'joon'), ('NAME', 'Joon'), ('WSL_INTEROP', '/run/WSL/509_interop'), ('PULSE_SERVER', 'unix:/mnt/wslg/PulseServer'), ('_', '/usr/bin/colcon'), ('ROS_VERSION', '2'), ('CLAUDE_CODE_SSE_PORT', '14056'), ('TERM', 'xterm-256color'), ('ROS_LOCALHOST_ONLY', '0'), ('PATH', '/opt/ros/humble/bin:/usr/bin:/usr/bin:/home/joon/.vscode-server/data/User/globalStorage/github.copilot-chat/debugCommand:/home/joon/.vscode-server/data/User/globalStorage/github.copilot-chat/copilotCli:/home/joon/.vscode-server/bin/bf9252a2fb45be6893dd8870c0bf37e2e1766d61/bin/remote-cli:/home/joon/.local/bin:/usr/bin:/usr/bin:/usr/local/sbin:/usr/local/bin:/usr/sbin:/usr/bin:/sbin:/bin:/usr/games:/usr/local/games:/usr/lib/wsl/lib:/mnt/c/WINDOWS/system32:/mnt/c/WINDOWS:/mnt/c/WINDOWS/System32/Wbem:/mnt/c/WINDOWS/System32/WindowsPowerShell/v1.0/:/mnt/c/WINDOWS/System32/OpenSSH/:/mnt/c/Program Files/MATLAB/R2024b/bin:/mnt/c/Program Files/nodejs/:/mnt/c/Program Files/Git/cmd:/mnt/c/Users/ksyj0/AppData/Local/Programs/Python/Python312/Scripts/:/mnt/c/Users/ksyj0/AppData/Local/Programs/Python/Python312/:/mnt/c/Users/ksyj0/AppData/Local/Programs/Python/Launcher/:/mnt/c/Users/ksyj0/AppData/Local/Microsoft/WindowsApps:/mnt/c/Users/ksyj0/AppData/Local/Programs/Microsoft VS Code/bin:/mnt/c/Users/ksyj0/AppData/Roaming/npm:/mnt/c/Users/ksyj0/AppData/Local/SOOP:/mnt/c/Users/ksyj0/AppData/Local/Programs/Kiro/bin:/snap/bin:/home/joon/.vscode-server/extensions/ms-python.debugpy-2025.16.0-linux-x64/bundled/scripts/noConfigScripts'), ('XDG_RUNTIME_DIR', '/run/user/1000/'), ('DISPLAY', ':0'), ('VSCODE_DEBUGPY_ADAPTER_ENDPOINTS', '/home/joon/.vscode-server/extensions/ms-python.debugpy-2025.16.0-linux-x64/.noConfigDebugAdapterEndpoints/endpoint-5f6b0efddf9f6982.txt'), ('LANG', 'en_US.UTF-8'), ('PYTHONSTARTUP', '/home/joon/.vscode-server/data/User/workspaceStorage/6032d0949a26c1de4974618490f207f6-1/ms-python.python/pythonrc.py'), ('LS_COLORS', 'rs=0:di=01;34:ln=01;36:mh=00:pi=40;33:so=01;35:do=01;35:bd=40;33;01:cd=40;33;01:or=40;31;01:mi=00:su=37;41:sg=30;43:ca=30;41:tw=30;42:ow=34;42:st=37;44:ex=01;32:*.tar=01;31:*.tgz=01;31:*.arc=01;31:*.arj=01;31:*.taz=01;31:*.lha=01;31:*.lz4=01;31:*.lzh=01;31:*.lzma=01;31:*.tlz=01;31:*.txz=01;31:*.tzo=01;31:*.t7z=01;31:*.zip=01;31:*.z=01;31:*.dz=01;31:*.gz=01;31:*.lrz=01;31:*.lz=01;31:*.lzo=01;31:*.xz=01;31:*.zst=01;31:*.tzst=01;31:*.bz2=01;31:*.bz=01;31:*.tbz=01;31:*.tbz2=01;31:*.tz=01;31:*.deb=01;31:*.rpm=01;31:*.jar=01;31:*.war=01;31:*.ear=01;31:*.sar=01;31:*.rar=01;31:*.alz=01;31:*.ace=01;31:*.zoo=01;31:*.cpio=01;31:*.7z=01;31:*.rz=01;31:*.cab=01;31:*.wim=01;31:*.swm=01;31:*.dwm=01;31:*.esd=01;31:*.jpg=01;35:*.jpeg=01;35:*.mjpg=01;35:*.mjpeg=01;35:*.gif=01;35:*.bmp=01;35:*.pbm=01;35:*.pgm=01;35:*.ppm=01;35:*.tga=01;35:*.xbm=01;35:*.xpm=01;35:*.tif=01;35:*.tiff=01;35:*.png=01;35:*.svg=01;35:*.svgz=01;35:*.mng=01;35:*.pcx=01;35:*.mov=01;35:*.mpg=01;35:*.mpeg=01;35:*.m2v=01;35:*.mkv=01;35:*.webm=01;35:*.webp=01;35:*.ogm=01;35:*.mp4=01;35:*.m4v=01;35:*.mp4v=01;35:*.vob=01;35:*.qt=01;35:*.nuv=01;35:*.wmv=01;35:*.asf=01;35:*.rm=01;35:*.rmvb=01;35:*.flc=01;35:*.avi=01;35:*.fli=01;35:*.flv=01;35:*.gl=01;35:*.dl=01;35:*.xcf=01;35:*.xwd=01;35:*.yuv=01;35:*.cgm=01;35:*.emf=01;35:*.ogv=01;35:*.ogx=01;35:*.aac=00;36:*.au=00;36:*.flac=00;36:*.m4a=00;36:*.mid=00;36:*.midi=00;36:*.mka=00;36:*.mp3=00;36:*.mpc=00;36:*.ogg=00;36:*.ra=00;36:*.wav=00;36:*.oga=00;36:*.opus=00;36:*.spx=00;36:*.xspf=00;36:'), ('VSCODE_GIT_IPC_HANDLE', '/run/user/1000/vscode-git-167d3a068c.sock'), ('TERM_PROGRAM', 'vscode'), ('AMENT_PREFIX_PATH', '/home/joon/automotive_software_final/install/simulator:/home/joon/automotive_software_final/install/mission_manager:/home/joon/automotive_software_final/install/evaluation:/home/joon/automotive_software_final/install/autonomous_driving:/home/joon/automotive_software_final/install/ad_msgs:/opt/ros/humble'), ('SHELL', '/bin/bash'), ('LESSCLOSE', '/usr/bin/lesspipe %s %s'), ('VSCODE_GIT_ASKPASS_EXTRA_ARGS', ''), ('PWD', '/home/joon/automotive_software_final/build/autonomous_driving'), ('ENABLE_IDE_INTEGRATION', 'true'), ('XDG_DATA_DIRS', '/usr/local/share:/usr/share:/var/lib/snapd/desktop'), ('PYTHONPATH', '/home/joon/automotive_software_final/install/ad_msgs/local/lib/python3.10/dist-packages:/opt/ros/humble/lib/python3.10/site-packages:/opt/ros/humble/local/lib/python3.10/dist-packages'), ('COLCON', '1'), ('WSL2_GUI_APPS_ENABLED', '1'), ('HOSTTYPE', 'x86_64'), ('CMAKE_PREFIX_PATH', '/home/joon/automotive_software_final/install/ad_msgs:/home/joon/automotive_software_final/install/simulator:/home/joon/automotive_software_final/install/mission_manager:/home/joon/automotive_software_final/install/evaluation:/home/joon/automotive_software_final/install/autonomous_driving:/opt/ros/humble'), ('WSLENV', 'VSCODE_WSL_EXT_LOCATION/up')]), 'shell': False}
[0.428400] (evaluation) JobProgress: {'identifier': 'evaluation', 'progress': 'cmake'}
[0.428712] (evaluation) JobProgress: {'identifier': 'evaluation', 'progress': 'build'}
[0.428993] (evaluation) Command: {'cmd': ['/usr/bin/cmake', '--build', '/home/joon/automotive_software_final/build/evaluation', '--', '-j16', '-l16'], 'cwd': '/home/joon/automotive_software_final/build/evaluation', 'env': OrderedDict([('PYTHON_BASIC_REPL', '1'), ('LESSOPEN', '| /usr/bin/lesspipe %s'), ('USER', 'joon'), ('GIT_ASKPASS', '/home/joon/.vscode-server/bin/bf9252a2fb45be6893dd8870c0bf37e2e1766d61/extensions/git/dist/askpass.sh'), ('SHLVL', '1'), ('LD_LIBRARY_PATH', '/home/joon/automotive_software_final/install/ad_msgs/lib:/usr/lib/x86_64-linux-gnu/gazebo-11/plugins:/opt/ros/humble/opt/rviz_ogre_vendor/lib:/opt/ros/humble/lib/x86_64-linux-gnu:/opt/ros/humble/lib'), ('HOME', '/home/joon'), ('TERM_PROGRAM_VERSION', '1.106.3'), ('VSCODE_IPC_HOOK_CLI', '/run/user/1000/vscode-ipc-6b0baac3-5733-45f7-8cf4-686e9cd27a4c.sock'), ('ROS_PYTHON_VERSION', '3'), ('VSCODE_GIT_ASKPASS_MAIN', '/home/joon/.vscode-server/bin/bf9252a2fb45be6893dd8870c0bf37e2e1766d61/extensions/git/dist/askpass-main.js'), ('VSCODE_GIT_ASKPASS_NODE', '/home/joon/.vscode-server/bin/bf9252a2fb45be6893dd8870c0bf37e2e1766d61/node'), ('PYDEVD_DISABLE_FILE_VALIDATION', '1'), ('BUNDLED_DEBUGPY_PATH', '/home/joon/.vscode-server/extensions/ms-python.debugpy-2025.16.0-linux-x64/bundled/libs/debugpy'), ('VSCODE_PYTHON_AUTOACTIVATE_GUARD', '1'), ('DBUS_SESSION_BUS_ADDRESS', 'unix:path=/run/user/1000/bus'), ('COLORTERM', 'truecolor'), ('WSL_DISTRO_NAME', 'Ubuntu-22.04'), ('WAYLAND_DISPLAY', 'wayland-0'), ('COLCON_PREFIX_PATH', '/home/joon/automotive_software_final/install'), ('ROS_DISTRO', 'humble'), ('LOGNAME', 'joon'), ('NAME', 'Joon'), ('WSL_INTEROP', '/run/WSL/509_interop'), ('PULSE_SERVER', 'unix:/mnt/wslg/PulseServer'), ('_', '/usr/bin/colcon'), ('ROS_VERSION', '2'), ('CLAUDE_CODE_SSE_PORT', '14056'), ('TERM', 'xterm-256color'), ('ROS_LOCALHOST_ONLY', '0'), ('PATH', '/opt/ros/humble/bin:/usr/bin:/usr/bin:/home/joon/.vscode-server/data/User/globalStorage/github.copilot-chat/debugCommand:/home/joon/.vscode-server/data/User/globalStorage/github.copilot-chat/copilotCli:/home/joon/.vscode-server/bin/bf9252a2fb45be6893dd8870c0bf37e2e1766d61/bin/remote-cli:/home/joon/.local/bin:/usr/bin:/usr/bin:/usr/local/sbin:/usr/local/bin:/usr/sbin:/usr/bin:/sbin:/bin:/usr/games:/usr/local/games:/usr/lib/wsl/lib:/mnt/c/WINDOWS/system32:/mnt/c/WINDOWS:/mnt/c/WINDOWS/System32/Wbem:/mnt/c/WINDOWS/System32/WindowsPowerShell/v1.0/:/mnt/c/WINDOWS/System32/OpenSSH/:/mnt/c/Program Files/MATLAB/R2024b/bin:/mnt/c/Program Files/nodejs/:/mnt/c/Program Files/Git/cmd:/mnt/c/Users/ksyj0/AppData/Local/Programs/Python/Python312/Scripts/:/mnt/c/Users/ksyj0/AppData/Local/Programs/Python/Python312/:/mnt/c/Users/ksyj0/AppData/Local/Programs/Python/Launcher/:/mnt/c/Users/ksyj0/AppData/Local/Microsoft/WindowsApps:/mnt/c/Users/ksyj0/AppData/Local/Programs/Microsoft VS Code/bin:/mnt/c/Users/ksyj0/AppData/Roaming/npm:/mnt/c/Users/ksyj0/AppData/Local/SOOP:/mnt/c/Users/ksyj0/AppData/Local/Programs/Kiro/bin:/snap/bin:/home/joon/.vscode-server/extensions/ms-python.debugpy-2025.16.0-linux-x64/bundled/scripts/noConfigScripts'), ('XDG_RUNTIME_DIR', '/run/user/1000/'), ('DISPLAY', ':0'), ('VSCODE_DEBUGPY_ADAPTER_ENDPOINTS', '/home/joon/.vscode-server/extensions/ms-python.debugpy-2025.16.0-linux-x64/.noConfigDebugAdapterEndpoints/endpoint-5f6b0efddf9f6982.txt'), ('LANG', 'en_US.UTF-8'), ('PYTHONSTARTUP', '/home/joon/.vscode-server/data/User/workspaceStorage/6032d0949a26c1de4974618490f207f6-1/ms-python.python/pythonrc.py'), ('LS_COLORS', 'rs=0:di=01;34:ln=01;36:mh=00:pi=40;33:so=01;35:do=01;35:bd=40;33;01:cd=40;33;01:or=40;31;01:mi=00:su=37;41:sg=30;43:ca=30;41:tw=30;42:ow=34;42:st=37;44:ex=01;32:*.tar=01;31:*.tgz=01;31:*.arc=01;31:*.arj=01;31:*.taz=01;31:*.lha=01;31:*.lz4=01;31:*.lzh=01;31:*.lzma=01;31:*.tlz=01;31:*.txz=01;31:*.tzo=01;31:*.t7z=01;31:*.zip=01;31:*.z=01;31:*.dz=01;31:*.gz=01;31:*.lrz=01;31:*.lz=01;31:*.lzo=01;31:*.xz=01;31:*.zst=01;31:*.tzst=01;31:*.bz2=01;31:*.bz=01;31:*.tbz=01;31:*.tbz2=01;31:*.tz=01;31:*.deb=01;31:*.rpm=01;31:*.jar=01;31:*.war=01;31:*.ear=01;31:*.sar=01;31:*.rar=01;31:*.alz=01;31:*.ace=01;31:*.zoo=01;31:*.cpio=01;31:*.7z=01;31:*.rz=01;31:*.cab=01;31:*.wim=01;31:*.swm=01;31:*.dwm=01;31:*.esd=01;31:*.jpg=01;35:*.jpeg=01;35:*.mjpg=01;35:*.mjpeg=01;35:*.gif=01;35:*.bmp=01;35:*.pbm=01;35:*.pgm=01;35:*.ppm=01;35:*.tga=01;35:*.xbm=01;35:*.xpm=01;35:*.tif=01;35:*.tiff=01;35:*.png=01;35:*.svg=01;35:*.svgz=01;35:*.mng=01;35:*.pcx=01;35:*.mov=01;35:*.mpg=01;35:*.mpeg=01;35:*.m2v=01;35:*.mkv=01;35:*.webm=01;35:*.webp=01;35:*.ogm=01;35:*.mp4=01;35:*.m4v=01;35:*.mp4v=01;35:*.vob=01;35:*.qt=01;35:*.nuv=01;35:*.wmv=01;35:*.asf=01;35:*.rm=01;35:*.rmvb=01;35:*.flc=01;35:*.avi=01;35:*.fli=01;35:*.flv=01;35:*.gl=01;35:*.dl=01;35:*.xcf=01;35:*.xwd=01;35:*.yuv=01;35:*.cgm=01;35:*.emf=01;35:*.ogv=01;35:*.ogx=01;35:*.aac=00;36:*.au=00;36:*.flac=00;36:*.m4a=00;36:*.mid=00;36:*.midi=00;36:*.mka=00;36:*.mp3=00;36:*.mpc=00;36:*.ogg=00;36:*.ra=00;36:*.wav=00;36:*.oga=00;36:*.opus=00;36:*.spx=00;36:*.xspf=00;36:'), ('VSCODE_GIT_IPC_HANDLE', '/run/user/1000/vscode-git-167d3a068c.sock'), ('TERM_PROGRAM', 'vscode'), ('AMENT_PREFIX_PATH', '/home/joon/automotive_software_final/install/simulator:/home/joon/automotive_software_final/install/mission_manager:/home/joon/automotive_software_final/install/evaluation:/home/joon/automotive_software_final/install/autonomous_driving:/home/joon/automotive_software_final/install/ad_msgs:/opt/ros/humble'), ('SHELL', '/bin/bash'), ('LESSCLOSE', '/usr/bin/lesspipe %s %s'), ('VSCODE_GIT_ASKPASS_EXTRA_ARGS', ''), ('PWD', '/home/joon/automotive_software_final/build/evaluation'), ('ENABLE_IDE_INTEGRATION', 'true'), ('XDG_DATA_DIRS', '/usr/local/share:/usr/share:/var/lib/snapd/desktop'), ('PYTHONPATH', '/home/joon/automotive_software_final/install/ad_msgs/local/lib/python3.10/dist-packages:/opt/ros/humble/lib/python3.10/site-packages:/opt/ros/humble/local/lib/python3.10/dist-packages'), ('COLCON', '1'), ('WSL2_GUI_APPS_ENABLED', '1'), ('HOSTTYPE', 'x86_64'), ('CMAKE_PREFIX_PATH', '/home/joon/automotive_software_final/install/ad_msgs:/home/joon/automotive_software_final/install/simulator:/home/joon/automotive_software_final/install/mission_manager:/home/joon/automotive_software_final/install/evaluation:/home/joon/automotive_software_final/install/autonomous_driving:/opt/ros/humble'), ('WSLENV', 'VSCODE_WSL_EXT_LOCATION/up')]), 'shell': False}
[0.433971] (simulator) JobProgress: {'identifier': 'simulator', 'progress': 'cmake'}
[0.434406] (simulator) JobProgress: {'identifier': 'simulator', 'progress': 'build'}
[0.436314] (simulator) Command: {'cmd': ['/usr/bin/cmake', '--build', '/home/joon/automotive_software_final/build/simulator', '--', '-j16', '-l16'], 'cwd': '/home/joon/automotive_software_final/build/simulator', 'env': OrderedDict([('PYTHON_BASIC_REPL', '1'), ('LESSOPEN', '| /usr/bin/lesspipe %s'), ('USER', 'joon'), ('GIT_ASKPASS', '/home/joon/.vscode-server/bin/bf9252a2fb45be6893dd8870c0bf37e2e1766d61/extensions/git/dist/askpass.sh'), ('SHLVL', '1'), ('LD_LIBRARY_PATH', '/home/joon/automotive_software_final/install/ad_msgs/lib:/usr/lib/x86_64-linux-gnu/gazebo-11/plugins:/opt/ros/humble/opt/rviz_ogre_vendor/lib:/opt/ros/humble/lib/x86_64-linux-gnu:/opt/ros/humble/lib'), ('HOME', '/home/joon'), ('TERM_PROGRAM_VERSION', '1.106.3'), ('VSCODE_IPC_HOOK_CLI', '/run/user/1000/vscode-ipc-6b0baac3-5733-45f7-8cf4-686e9cd27a4c.sock'), ('ROS_PYTHON_VERSION', '3'), ('VSCODE_GIT_ASKPASS_MAIN', '/home/joon/.vscode-server/bin/bf9252a2fb45be6893dd8870c0bf37e2e1766d61/extensions/git/dist/askpass-main.js'), ('VSCODE_GIT_ASKPASS_NODE', '/home/joon/.vscode-server/bin/bf9252a2fb45be6893dd8870c0bf37e2e1766d61/node'), ('PYDEVD_DISABLE_FILE_VALIDATION', '1'), ('BUNDLED_DEBUGPY_PATH', '/home/joon/.vscode-server/extensions/ms-python.debugpy-2025.16.0-linux-x64/bundled/libs/debugpy'), ('VSCODE_PYTHON_AUTOACTIVATE_GUARD', '1'), ('DBUS_SESSION_BUS_ADDRESS', 'unix:path=/run/user/1000/bus'), ('COLORTERM', 'truecolor'), ('WSL_DISTRO_NAME', 'Ubuntu-22.04'), ('WAYLAND_DISPLAY', 'wayland-0'), ('COLCON_PREFIX_PATH', '/home/joon/automotive_software_final/install'), ('ROS_DISTRO', 'humble'), ('LOGNAME', 'joon'), ('NAME', 'Joon'), ('WSL_INTEROP', '/run/WSL/509_interop'), ('PULSE_SERVER', 'unix:/mnt/wslg/PulseServer'), ('_', '/usr/bin/colcon'), ('ROS_VERSION', '2'), ('CLAUDE_CODE_SSE_PORT', '14056'), ('TERM', 'xterm-256color'), ('ROS_LOCALHOST_ONLY', '0'), ('PATH', '/opt/ros/humble/bin:/usr/bin:/usr/bin:/home/joon/.vscode-server/data/User/globalStorage/github.copilot-chat/debugCommand:/home/joon/.vscode-server/data/User/globalStorage/github.copilot-chat/copilotCli:/home/joon/.vscode-server/bin/bf9252a2fb45be6893dd8870c0bf37e2e1766d61/bin/remote-cli:/home/joon/.local/bin:/usr/bin:/usr/bin:/usr/local/sbin:/usr/local/bin:/usr/sbin:/usr/bin:/sbin:/bin:/usr/games:/usr/local/games:/usr/lib/wsl/lib:/mnt/c/WINDOWS/system32:/mnt/c/WINDOWS:/mnt/c/WINDOWS/System32/Wbem:/mnt/c/WINDOWS/System32/WindowsPowerShell/v1.0/:/mnt/c/WINDOWS/System32/OpenSSH/:/mnt/c/Program Files/MATLAB/R2024b/bin:/mnt/c/Program Files/nodejs/:/mnt/c/Program Files/Git/cmd:/mnt/c/Users/ksyj0/AppData/Local/Programs/Python/Python312/Scripts/:/mnt/c/Users/ksyj0/AppData/Local/Programs/Python/Python312/:/mnt/c/Users/ksyj0/AppData/Local/Programs/Python/Launcher/:/mnt/c/Users/ksyj0/AppData/Local/Microsoft/WindowsApps:/mnt/c/Users/ksyj0/AppData/Local/Programs/Microsoft VS Code/bin:/mnt/c/Users/ksyj0/AppData/Roaming/npm:/mnt/c/Users/ksyj0/AppData/Local/SOOP:/mnt/c/Users/ksyj0/AppData/Local/Programs/Kiro/bin:/snap/bin:/home/joon/.vscode-server/extensions/ms-python.debugpy-2025.16.0-linux-x64/bundled/scripts/noConfigScripts'), ('XDG_RUNTIME_DIR', '/run/user/1000/'), ('DISPLAY', ':0'), ('VSCODE_DEBUGPY_ADAPTER_ENDPOINTS', '/home/joon/.vscode-server/extensions/ms-python.debugpy-2025.16.0-linux-x64/.noConfigDebugAdapterEndpoints/endpoint-5f6b0efddf9f6982.txt'), ('LANG', 'en_US.UTF-8'), ('PYTHONSTARTUP', '/home/joon/.vscode-server/data/User/workspaceStorage/6032d0949a26c1de4974618490f207f6-1/ms-python.python/pythonrc.py'), ('LS_COLORS', 'rs=0:di=01;34:ln=01;36:mh=00:pi=40;33:so=01;35:do=01;35:bd=40;33;01:cd=40;33;01:or=40;31;01:mi=00:su=37;41:sg=30;43:ca=30;41:tw=30;42:ow=34;42:st=37;44:ex=01;32:*.tar=01;31:*.tgz=01;31:*.arc=01;31:*.arj=01;31:*.taz=01;31:*.lha=01;31:*.lz4=01;31:*.lzh=01;31:*.lzma=01;31:*.tlz=01;31:*.txz=01;31:*.tzo=01;31:*.t7z=01;31:*.zip=01;31:*.z=01;31:*.dz=01;31:*.gz=01;31:*.lrz=01;31:*.lz=01;31:*.lzo=01;31:*.xz=01;31:*.zst=01;31:*.tzst=01;31:*.bz2=01;31:*.bz=01;31:*.tbz=01;31:*.tbz2=01;31:*.tz=01;31:*.deb=01;31:*.rpm=01;31:*.jar=01;31:*.war=01;31:*.ear=01;31:*.sar=01;31:*.rar=01;31:*.alz=01;31:*.ace=01;31:*.zoo=01;31:*.cpio=01;31:*.7z=01;31:*.rz=01;31:*.cab=01;31:*.wim=01;31:*.swm=01;31:*.dwm=01;31:*.esd=01;31:*.jpg=01;35:*.jpeg=01;35:*.mjpg=01;35:*.mjpeg=01;35:*.gif=01;35:*.bmp=01;35:*.pbm=01;35:*.pgm=01;35:*.ppm=01;35:*.tga=01;35:*.xbm=01;35:*.xpm=01;35:*.tif=01;35:*.tiff=01;35:*.png=01;35:*.svg=01;35:*.svgz=01;35:*.mng=01;35:*.pcx=01;35:*.mov=01;35:*.mpg=01;35:*.mpeg=01;35:*.m2v=01;35:*.mkv=01;35:*.webm=01;35:*.webp=01;35:*.ogm=01;35:*.mp4=01;35:*.m4v=01;35:*.mp4v=01;35:*.vob=01;35:*.qt=01;35:*.nuv=01;35:*.wmv=01;35:*.asf=01;35:*.rm=01;35:*.rmvb=01;35:*.flc=01;35:*.avi=01;35:*.fli=01;35:*.flv=01;35:*.gl=01;35:*.dl=01;35:*.xcf=01;35:*.xwd=01;35:*.yuv=01;35:*.cgm=01;35:*.emf=01;35:*.ogv=01;35:*.ogx=01;35:*.aac=00;36:*.au=00;36:*.flac=00;36:*.m4a=00;36:*.mid=00;36:*.midi=00;36:*.mka=00;36:*.mp3=00;36:*.mpc=00;36:*.ogg=00;36:*.ra=00;36:*.wav=00;36:*.oga=00;36:*.opus=00;36:*.spx=00;36:*.xspf=00;36:'), ('VSCODE_GIT_IPC_HANDLE', '/run/user/1000/vscode-git-167d3a068c.sock'), ('TERM_PROGRAM', 'vscode'), ('AMENT_PREFIX_PATH', '/home/joon/automotive_software_final/install/simulator:/home/joon/automotive_software_final/install/mission_manager:/home/joon/automotive_software_final/install/evaluation:/home/joon/automotive_software_final/install/autonomous_driving:/home/joon/automotive_software_final/install/ad_msgs:/opt/ros/humble'), ('SHELL', '/bin/bash'), ('LESSCLOSE', '/usr/bin/lesspipe %s %s'), ('VSCODE_GIT_ASKPASS_EXTRA_ARGS', ''), ('PWD', '/home/joon/automotive_software_final/build/simulator'), ('ENABLE_IDE_INTEGRATION', 'true'), ('XDG_DATA_DIRS', '/usr/local/share:/usr/share:/var/lib/snapd/desktop'), ('PYTHONPATH', '/home/joon/automotive_software_final/install/ad_msgs/local/lib/python3.10/dist-packages:/opt/ros/humble/lib/python3.10/site-packages:/opt/ros/humble/local/lib/python3.10/dist-packages'), ('COLCON', '1'), ('WSL2_GUI_APPS_ENABLED', '1'), ('HOSTTYPE', 'x86_64'), ('CMAKE_PREFIX_PATH', '/home/joon/automotive_software_final/install/ad_msgs:/home/joon/automotive_software_final/install/simulator:/home/joon/automotive_software_final/install/mission_manager:/home/joon/automotive_software_final/install/evaluation:/home/joon/automotive_software_final/install/autonomous_driving:/opt/ros/humble'), ('WSLENV', 'VSCODE_WSL_EXT_LOCATION/up')]), 'shell': False}
[0.442092] (mission_manager) JobProgress: {'identifier': 'mission_manager', 'progress': 'cmake'}
[0.442143] (mission_manager) JobProgress: {'identifier': 'mission_manager', 'progress': 'build'}
[0.442171] (mission_manager) Command: {'cmd': ['/usr/bin/cmake', '--build', '/home/joon/automotive_software_final/build/mission_manager', '--', '-j16', '-l16'], 'cwd': '/home/joon/automotive_software_final/build/mission_manager', 'env': OrderedDict([('PYTHON_BASIC_REPL', '1'), ('LESSOPEN', '| /usr/bin/lesspipe %s'), ('USER', 'joon'), ('GIT_ASKPASS', '/home/joon/.vscode-server/bin/bf9252a2fb45be6893dd8870c0bf37e2e1766d61/extensions/git/dist/askpass.sh'), ('SHLVL', '1'), ('LD_LIBRARY_PATH', '/home/joon/automotive_software_final/install/ad_msgs/lib:/usr/lib/x86_64-linux-gnu/gazebo-11/plugins:/opt/ros/humble/opt/rviz_ogre_vendor/lib:/opt/ros/humble/lib/x86_64-linux-gnu:/opt/ros/humble/lib'), ('HOME', '/home/joon'), ('TERM_PROGRAM_VERSION', '1.106.3'), ('VSCODE_IPC_HOOK_CLI', '/run/user/1000/vscode-ipc-6b0baac3-5733-45f7-8cf4-686e9cd27a4c.sock'), ('ROS_PYTHON_VERSION', '3'), ('VSCODE_GIT_ASKPASS_MAIN', '/home/joon/.vscode-server/bin/bf9252a2fb45be6893dd8870c0bf37e2e1766d61/extensions/git/dist/askpass-main.js'), ('VSCODE_GIT_ASKPASS_NODE', '/home/joon/.vscode-server/bin/bf9252a2fb45be6893dd8870c0bf37e2e1766d61/node'), ('PYDEVD_DISABLE_FILE_VALIDATION', '1'), ('BUNDLED_DEBUGPY_PATH', '/home/joon/.vscode-server/extensions/ms-python.debugpy-2025.16.0-linux-x64/bundled/libs/debugpy'), ('VSCODE_PYTHON_AUTOACTIVATE_GUARD', '1'), ('DBUS_SESSION_BUS_ADDRESS', 'unix:path=/run/user/1000/bus'), ('COLORTERM', 'truecolor'), ('WSL_DISTRO_NAME', 'Ubuntu-22.04'), ('WAYLAND_DISPLAY', 'wayland-0'), ('COLCON_PREFIX_PATH', '/home/joon/automotive_software_final/install'), ('ROS_DISTRO', 'humble'), ('LOGNAME', 'joon'), ('NAME', 'Joon'), ('WSL_INTEROP', '/run/WSL/509_interop'), ('PULSE_SERVER', 'unix:/mnt/wslg/PulseServer'), ('_', '/usr/bin/colcon'), ('ROS_VERSION', '2'), ('CLAUDE_CODE_SSE_PORT', '14056'), ('TERM', 'xterm-256color'), ('ROS_LOCALHOST_ONLY', '0'), ('PATH', '/opt/ros/humble/bin:/usr/bin:/usr/bin:/home/joon/.vscode-server/data/User/globalStorage/github.copilot-chat/debugCommand:/home/joon/.vscode-server/data/User/globalStorage/github.copilot-chat/copilotCli:/home/joon/.vscode-server/bin/bf9252a2fb45be6893dd8870c0bf37e2e1766d61/bin/remote-cli:/home/joon/.local/bin:/usr/bin:/usr/bin:/usr/local/sbin:/usr/local/bin:/usr/sbin:/usr/bin:/sbin:/bin:/usr/games:/usr/local/games:/usr/lib/wsl/lib:/mnt/c/WINDOWS/system32:/mnt/c/WINDOWS:/mnt/c/WINDOWS/System32/Wbem:/mnt/c/WINDOWS/System32/WindowsPowerShell/v1.0/:/mnt/c/WINDOWS/System32/OpenSSH/:/mnt/c/Program Files/MATLAB/R2024b/bin:/mnt/c/Program Files/nodejs/:/mnt/c/Program Files/Git/cmd:/mnt/c/Users/ksyj0/AppData/Local/Programs/Python/Python312/Scripts/:/mnt/c/Users/ksyj0/AppData/Local/Programs/Python/Python312/:/mnt/c/Users/ksyj0/AppData/Local/Programs/Python/Launcher/:/mnt/c/Users/ksyj0/AppData/Local/Microsoft/WindowsApps:/mnt/c/Users/ksyj0/AppData/Local/Programs/Microsoft VS Code/bin:/mnt/c/Users/ksyj0/AppData/Roaming/npm:/mnt/c/Users/ksyj0/AppData/Local/SOOP:/mnt/c/Users/ksyj0/AppData/Local/Programs/Kiro/bin:/snap/bin:/home/joon/.vscode-server/extensions/ms-python.debugpy-2025.16.0-linux-x64/bundled/scripts/noConfigScripts'), ('XDG_RUNTIME_DIR', '/run/user/1000/'), ('DISPLAY', ':0'), ('VSCODE_DEBUGPY_ADAPTER_ENDPOINTS', '/home/joon/.vscode-server/extensions/ms-python.debugpy-2025.16.0-linux-x64/.noConfigDebugAdapterEndpoints/endpoint-5f6b0efddf9f6982.txt'), ('LANG', 'en_US.UTF-8'), ('PYTHONSTARTUP', '/home/joon/.vscode-server/data/User/workspaceStorage/6032d0949a26c1de4974618490f207f6-1/ms-python.python/pythonrc.py'), ('LS_COLORS', 'rs=0:di=01;34:ln=01;36:mh=00:pi=40;33:so=01;35:do=01;35:bd=40;33;01:cd=40;33;01:or=40;31;01:mi=00:su=37;41:sg=30;43:ca=30;41:tw=30;42:ow=34;42:st=37;44:ex=01;32:*.tar=01;31:*.tgz=01;31:*.arc=01;31:*.arj=01;31:*.taz=01;31:*.lha=01;31:*.lz4=01;31:*.lzh=01;31:*.lzma=01;31:*.tlz=01;31:*.txz=01;31:*.tzo=01;31:*.t7z=01;31:*.zip=01;31:*.z=01;31:*.dz=01;31:*.gz=01;31:*.lrz=01;31:*.lz=01;31:*.lzo=01;31:*.xz=01;31:*.zst=01;31:*.tzst=01;31:*.bz2=01;31:*.bz=01;31:*.tbz=01;31:*.tbz2=01;31:*.tz=01;31:*.deb=01;31:*.rpm=01;31:*.jar=01;31:*.war=01;31:*.ear=01;31:*.sar=01;31:*.rar=01;31:*.alz=01;31:*.ace=01;31:*.zoo=01;31:*.cpio=01;31:*.7z=01;31:*.rz=01;31:*.cab=01;31:*.wim=01;31:*.swm=01;31:*.dwm=01;31:*.esd=01;31:*.jpg=01;35:*.jpeg=01;35:*.mjpg=01;35:*.mjpeg=01;35:*.gif=01;35:*.bmp=01;35:*.pbm=01;35:*.pgm=01;35:*.ppm=01;35:*.tga=01;35:*.xbm=01;35:*.xpm=01;35:*.tif=01;35:*.tiff=01;35:*.png=01;35:*.svg=01;35:*.svgz=01;35:*.mng=01;35:*.pcx=01;35:*.mov=01;35:*.mpg=01;35:*.mpeg=01;35:*.m2v=01;35:*.mkv=01;35:*.webm=01;35:*.webp=01;35:*.ogm=01;35:*.mp4=01;35:*.m4v=01;35:*.mp4v=01;35:*.vob=01;35:*.qt=01;35:*.nuv=01;35:*.wmv=01;35:*.asf=01;35:*.rm=01;35:*.rmvb=01;35:*.flc=01;35:*.avi=01;35:*.fli=01;35:*.flv=01;35:*.gl=01;35:*.dl=01;35:*.xcf=01;35:*.xwd=01;35:*.yuv=01;35:*.cgm=01;35:*.emf=01;35:*.ogv=01;35:*.ogx=01;35:*.aac=00;36:*.au=00;36:*.flac=00;36:*.m4a=00;36:*.mid=00;36:*.midi=00;36:*.mka=00;36:*.mp3=00;36:*.mpc=00;36:*.ogg=00;36:*.ra=00;36:*.wav=00;36:*.oga=00;36:*.opus=00;36:*.spx=00;36:*.xspf=00;36:'), ('VSCODE_GIT_IPC_HANDLE', '/run/user/1000/vscode-git-167d3a068c.sock'), ('TERM_PROGRAM', 'vscode'), ('AMENT_PREFIX_PATH', '/home/joon/automotive_software_final/install/simulator:/home/joon/automotive_software_final/install/mission_manager:/home/joon/automotive_software_final/install/evaluation:/home/joon/automotive_software_final/install/autonomous_driving:/home/joon/automotive_software_final/install/ad_msgs:/opt/ros/humble'), ('SHELL', '/bin/bash'), ('LESSCLOSE', '/usr/bin/lesspipe %s %s'), ('VSCODE_GIT_ASKPASS_EXTRA_ARGS', ''), ('PWD', '/home/joon/automotive_software_final/build/mission_manager'), ('ENABLE_IDE_INTEGRATION', 'true'), ('XDG_DATA_DIRS', '/usr/local/share:/usr/share:/var/lib/snapd/desktop'), ('PYTHONPATH', '/home/joon/automotive_software_final/install/ad_msgs/local/lib/python3.10/dist-packages:/opt/ros/humble/lib/python3.10/site-packages:/opt/ros/humble/local/lib/python3.10/dist-packages'), ('COLCON', '1'), ('WSL2_GUI_APPS_ENABLED', '1'), ('HOSTTYPE', 'x86_64'), ('CMAKE_PREFIX_PATH', '/home/joon/automotive_software_final/install/ad_msgs:/home/joon/automotive_software_final/install/simulator:/home/joon/automotive_software_final/install/mission_manager:/home/joon/automotive_software_final/install/evaluation:/home/joon/automotive_software_final/install/autonomous_driving:/opt/ros/humble'), ('WSLENV', 'VSCODE_WSL_EXT_LOCATION/up')]), 'shell': False}
[0.463706] (autonomous_driving) StdoutLine: {'line': b'\x1b[35m\x1b[1mConsolidate compiler generated dependencies of target autonomous_driving\x1b[0m\n'}
[0.481217] (simulator) StdoutLine: {'line': b'[ 28%] Built target vehicle\n'}
[0.482783] (evaluation) StdoutLine: {'line': b'[100%] Built target evaluation\n'}
[0.483071] (mission_manager) StdoutLine: {'line': b'[100%] Built target mission_manager\n'}
[0.483864] (autonomous_driving) StdoutLine: {'line': b'[ 33%] \x1b[32mBuilding CXX object CMakeFiles/autonomous_driving.dir/src/lane_processor.cpp.o\x1b[0m\n'}
[0.485966] (simulator) StdoutLine: {'line': b'[ 57%] Built target display\n'}
[0.486981] (simulator) StdoutLine: {'line': b'[100%] Built target lane_detection\n'}
[0.491693] (evaluation) CommandEnded: {'returncode': 0}
[0.492982] (evaluation) JobProgress: {'identifier': 'evaluation', 'progress': 'install'}
[0.493625] (evaluation) Command: {'cmd': ['/usr/bin/cmake', '--install', '/home/joon/automotive_software_final/build/evaluation'], 'cwd': '/home/joon/automotive_software_final/build/evaluation', 'env': OrderedDict([('PYTHON_BASIC_REPL', '1'), ('LESSOPEN', '| /usr/bin/lesspipe %s'), ('USER', 'joon'), ('GIT_ASKPASS', '/home/joon/.vscode-server/bin/bf9252a2fb45be6893dd8870c0bf37e2e1766d61/extensions/git/dist/askpass.sh'), ('SHLVL', '1'), ('LD_LIBRARY_PATH', '/home/joon/automotive_software_final/install/ad_msgs/lib:/usr/lib/x86_64-linux-gnu/gazebo-11/plugins:/opt/ros/humble/opt/rviz_ogre_vendor/lib:/opt/ros/humble/lib/x86_64-linux-gnu:/opt/ros/humble/lib'), ('HOME', '/home/joon'), ('TERM_PROGRAM_VERSION', '1.106.3'), ('VSCODE_IPC_HOOK_CLI', '/run/user/1000/vscode-ipc-6b0baac3-5733-45f7-8cf4-686e9cd27a4c.sock'), ('ROS_PYTHON_VERSION', '3'), ('VSCODE_GIT_ASKPASS_MAIN', '/home/joon/.vscode-server/bin/bf9252a2fb45be6893dd8870c0bf37e2e1766d61/extensions/git/dist/askpass-main.js'), ('VSCODE_GIT_ASKPASS_NODE', '/home/joon/.vscode-server/bin/bf9252a2fb45be6893dd8870c0bf37e2e1766d61/node'), ('PYDEVD_DISABLE_FILE_VALIDATION', '1'), ('BUNDLED_DEBUGPY_PATH', '/home/joon/.vscode-server/extensions/ms-python.debugpy-2025.16.0-linux-x64/bundled/libs/debugpy'), ('VSCODE_PYTHON_AUTOACTIVATE_GUARD', '1'), ('DBUS_SESSION_BUS_ADDRESS', 'unix:path=/run/user/1000/bus'), ('COLORTERM', 'truecolor'), ('WSL_DISTRO_NAME', 'Ubuntu-22.04'), ('WAYLAND_DISPLAY', 'wayland-0'), ('COLCON_PREFIX_PATH', '/home/joon/automotive_software_final/install'), ('ROS_DISTRO', 'humble'), ('LOGNAME', 'joon'), ('NAME', 'Joon'), ('WSL_INTEROP', '/run/WSL/509_interop'), ('PULSE_SERVER', 'unix:/mnt/wslg/PulseServer'), ('_', '/usr/bin/colcon'), ('ROS_VERSION', '2'), ('CLAUDE_CODE_SSE_PORT', '14056'), ('TERM', 'xterm-256color'), ('ROS_LOCALHOST_ONLY', '0'), ('PATH', '/opt/ros/humble/bin:/usr/bin:/usr/bin:/home/joon/.vscode-server/data/User/globalStorage/github.copilot-chat/debugCommand:/home/joon/.vscode-server/data/User/globalStorage/github.copilot-chat/copilotCli:/home/joon/.vscode-server/bin/bf9252a2fb45be6893dd8870c0bf37e2e1766d61/bin/remote-cli:/home/joon/.local/bin:/usr/bin:/usr/bin:/usr/local/sbin:/usr/local/bin:/usr/sbin:/usr/bin:/sbin:/bin:/usr/games:/usr/local/games:/usr/lib/wsl/lib:/mnt/c/WINDOWS/system32:/mnt/c/WINDOWS:/mnt/c/WINDOWS/System32/Wbem:/mnt/c/WINDOWS/System32/WindowsPowerShell/v1.0/:/mnt/c/WINDOWS/System32/OpenSSH/:/mnt/c/Program Files/MATLAB/R2024b/bin:/mnt/c/Program Files/nodejs/:/mnt/c/Program Files/Git/cmd:/mnt/c/Users/ksyj0/AppData/Local/Programs/Python/Python312/Scripts/:/mnt/c/Users/ksyj0/AppData/Local/Programs/Python/Python312/:/mnt/c/Users/ksyj0/AppData/Local/Programs/Python/Launcher/:/mnt/c/Users/ksyj0/AppData/Local/Microsoft/WindowsApps:/mnt/c/Users/ksyj0/AppData/Local/Programs/Microsoft VS Code/bin:/mnt/c/Users/ksyj0/AppData/Roaming/npm:/mnt/c/Users/ksyj0/AppData/Local/SOOP:/mnt/c/Users/ksyj0/AppData/Local/Programs/Kiro/bin:/snap/bin:/home/joon/.vscode-server/extensions/ms-python.debugpy-2025.16.0-linux-x64/bundled/scripts/noConfigScripts'), ('XDG_RUNTIME_DIR', '/run/user/1000/'), ('DISPLAY', ':0'), ('VSCODE_DEBUGPY_ADAPTER_ENDPOINTS', '/home/joon/.vscode-server/extensions/ms-python.debugpy-2025.16.0-linux-x64/.noConfigDebugAdapterEndpoints/endpoint-5f6b0efddf9f6982.txt'), ('LANG', 'en_US.UTF-8'), ('PYTHONSTARTUP', '/home/joon/.vscode-server/data/User/workspaceStorage/6032d0949a26c1de4974618490f207f6-1/ms-python.python/pythonrc.py'), ('LS_COLORS', 'rs=0:di=01;34:ln=01;36:mh=00:pi=40;33:so=01;35:do=01;35:bd=40;33;01:cd=40;33;01:or=40;31;01:mi=00:su=37;41:sg=30;43:ca=30;41:tw=30;42:ow=34;42:st=37;44:ex=01;32:*.tar=01;31:*.tgz=01;31:*.arc=01;31:*.arj=01;31:*.taz=01;31:*.lha=01;31:*.lz4=01;31:*.lzh=01;31:*.lzma=01;31:*.tlz=01;31:*.txz=01;31:*.tzo=01;31:*.t7z=01;31:*.zip=01;31:*.z=01;31:*.dz=01;31:*.gz=01;31:*.lrz=01;31:*.lz=01;31:*.lzo=01;31:*.xz=01;31:*.zst=01;31:*.tzst=01;31:*.bz2=01;31:*.bz=01;31:*.tbz=01;31:*.tbz2=01;31:*.tz=01;31:*.deb=01;31:*.rpm=01;31:*.jar=01;31:*.war=01;31:*.ear=01;31:*.sar=01;31:*.rar=01;31:*.alz=01;31:*.ace=01;31:*.zoo=01;31:*.cpio=01;31:*.7z=01;31:*.rz=01;31:*.cab=01;31:*.wim=01;31:*.swm=01;31:*.dwm=01;31:*.esd=01;31:*.jpg=01;35:*.jpeg=01;35:*.mjpg=01;35:*.mjpeg=01;35:*.gif=01;35:*.bmp=01;35:*.pbm=01;35:*.pgm=01;35:*.ppm=01;35:*.tga=01;35:*.xbm=01;35:*.xpm=01;35:*.tif=01;35:*.tiff=01;35:*.png=01;35:*.svg=01;35:*.svgz=01;35:*.mng=01;35:*.pcx=01;35:*.mov=01;35:*.mpg=01;35:*.mpeg=01;35:*.m2v=01;35:*.mkv=01;35:*.webm=01;35:*.webp=01;35:*.ogm=01;35:*.mp4=01;35:*.m4v=01;35:*.mp4v=01;35:*.vob=01;35:*.qt=01;35:*.nuv=01;35:*.wmv=01;35:*.asf=01;35:*.rm=01;35:*.rmvb=01;35:*.flc=01;35:*.avi=01;35:*.fli=01;35:*.flv=01;35:*.gl=01;35:*.dl=01;35:*.xcf=01;35:*.xwd=01;35:*.yuv=01;35:*.cgm=01;35:*.emf=01;35:*.ogv=01;35:*.ogx=01;35:*.aac=00;36:*.au=00;36:*.flac=00;36:*.m4a=00;36:*.mid=00;36:*.midi=00;36:*.mka=00;36:*.mp3=00;36:*.mpc=00;36:*.ogg=00;36:*.ra=00;36:*.wav=00;36:*.oga=00;36:*.opus=00;36:*.spx=00;36:*.xspf=00;36:'), ('VSCODE_GIT_IPC_HANDLE', '/run/user/1000/vscode-git-167d3a068c.sock'), ('TERM_PROGRAM', 'vscode'), ('AMENT_PREFIX_PATH', '/home/joon/automotive_software_final/install/simulator:/home/joon/automotive_software_final/install/mission_manager:/home/joon/automotive_software_final/install/evaluation:/home/joon/automotive_software_final/install/autonomous_driving:/home/joon/automotive_software_final/install/ad_msgs:/opt/ros/humble'), ('SHELL', '/bin/bash'), ('LESSCLOSE', '/usr/bin/lesspipe %s %s'), ('VSCODE_GIT_ASKPASS_EXTRA_ARGS', ''), ('PWD', '/home/joon/automotive_software_final/build/evaluation'), ('ENABLE_IDE_INTEGRATION', 'true'), ('XDG_DATA_DIRS', '/usr/local/share:/usr/share:/var/lib/snapd/desktop'), ('PYTHONPATH', '/home/joon/automotive_software_final/install/ad_msgs/local/lib/python3.10/dist-packages:/opt/ros/humble/lib/python3.10/site-packages:/opt/ros/humble/local/lib/python3.10/dist-packages'), ('COLCON', '1'), ('WSL2_GUI_APPS_ENABLED', '1'), ('HOSTTYPE', 'x86_64'), ('CMAKE_PREFIX_PATH', '/home/joon/automotive_software_final/install/ad_msgs:/home/joon/automotive_software_final/install/simulator:/home/joon/automotive_software_final/install/mission_manager:/home/joon/automotive_software_final/install/evaluation:/home/joon/automotive_software_final/install/autonomous_driving:/opt/ros/humble'), ('WSLENV', 'VSCODE_WSL_EXT_LOCATION/up')]), 'shell': False}
[0.497553] (mission_manager) CommandEnded: {'returncode': 0}
[0.498361] (mission_manager) JobProgress: {'identifier': 'mission_manager', 'progress': 'install'}
[0.500652] (mission_manager) Command: {'cmd': ['/usr/bin/cmake', '--install', '/home/joon/automotive_software_final/build/mission_manager'], 'cwd': '/home/joon/automotive_software_final/build/mission_manager', 'env': OrderedDict([('PYTHON_BASIC_REPL', '1'), ('LESSOPEN', '| /usr/bin/lesspipe %s'), ('USER', 'joon'), ('GIT_ASKPASS', '/home/joon/.vscode-server/bin/bf9252a2fb45be6893dd8870c0bf37e2e1766d61/extensions/git/dist/askpass.sh'), ('SHLVL', '1'), ('LD_LIBRARY_PATH', '/home/joon/automotive_software_final/install/ad_msgs/lib:/usr/lib/x86_64-linux-gnu/gazebo-11/plugins:/opt/ros/humble/opt/rviz_ogre_vendor/lib:/opt/ros/humble/lib/x86_64-linux-gnu:/opt/ros/humble/lib'), ('HOME', '/home/joon'), ('TERM_PROGRAM_VERSION', '1.106.3'), ('VSCODE_IPC_HOOK_CLI', '/run/user/1000/vscode-ipc-6b0baac3-5733-45f7-8cf4-686e9cd27a4c.sock'), ('ROS_PYTHON_VERSION', '3'), ('VSCODE_GIT_ASKPASS_MAIN', '/home/joon/.vscode-server/bin/bf9252a2fb45be6893dd8870c0bf37e2e1766d61/extensions/git/dist/askpass-main.js'), ('VSCODE_GIT_ASKPASS_NODE', '/home/joon/.vscode-server/bin/bf9252a2fb45be6893dd8870c0bf37e2e1766d61/node'), ('PYDEVD_DISABLE_FILE_VALIDATION', '1'), ('BUNDLED_DEBUGPY_PATH', '/home/joon/.vscode-server/extensions/ms-python.debugpy-2025.16.0-linux-x64/bundled/libs/debugpy'), ('VSCODE_PYTHON_AUTOACTIVATE_GUARD', '1'), ('DBUS_SESSION_BUS_ADDRESS', 'unix:path=/run/user/1000/bus'), ('COLORTERM', 'truecolor'), ('WSL_DISTRO_NAME', 'Ubuntu-22.04'), ('WAYLAND_DISPLAY', 'wayland-0'), ('COLCON_PREFIX_PATH', '/home/joon/automotive_software_final/install'), ('ROS_DISTRO', 'humble'), ('LOGNAME', 'joon'), ('NAME', 'Joon'), ('WSL_INTEROP', '/run/WSL/509_interop'), ('PULSE_SERVER', 'unix:/mnt/wslg/PulseServer'), ('_', '/usr/bin/colcon'), ('ROS_VERSION', '2'), ('CLAUDE_CODE_SSE_PORT', '14056'), ('TERM', 'xterm-256color'), ('ROS_LOCALHOST_ONLY', '0'), ('PATH', '/opt/ros/humble/bin:/usr/bin:/usr/bin:/home/joon/.vscode-server/data/User/globalStorage/github.copilot-chat/debugCommand:/home/joon/.vscode-server/data/User/globalStorage/github.copilot-chat/copilotCli:/home/joon/.vscode-server/bin/bf9252a2fb45be6893dd8870c0bf37e2e1766d61/bin/remote-cli:/home/joon/.local/bin:/usr/bin:/usr/bin:/usr/local/sbin:/usr/local/bin:/usr/sbin:/usr/bin:/sbin:/bin:/usr/games:/usr/local/games:/usr/lib/wsl/lib:/mnt/c/WINDOWS/system32:/mnt/c/WINDOWS:/mnt/c/WINDOWS/System32/Wbem:/mnt/c/WINDOWS/System32/WindowsPowerShell/v1.0/:/mnt/c/WINDOWS/System32/OpenSSH/:/mnt/c/Program Files/MATLAB/R2024b/bin:/mnt/c/Program Files/nodejs/:/mnt/c/Program Files/Git/cmd:/mnt/c/Users/ksyj0/AppData/Local/Programs/Python/Python312/Scripts/:/mnt/c/Users/ksyj0/AppData/Local/Programs/Python/Python312/:/mnt/c/Users/ksyj0/AppData/Local/Programs/Python/Launcher/:/mnt/c/Users/ksyj0/AppData/Local/Microsoft/WindowsApps:/mnt/c/Users/ksyj0/AppData/Local/Programs/Microsoft VS Code/bin:/mnt/c/Users/ksyj0/AppData/Roaming/npm:/mnt/c/Users/ksyj0/AppData/Local/SOOP:/mnt/c/Users/ksyj0/AppData/Local/Programs/Kiro/bin:/snap/bin:/home/joon/.vscode-server/extensions/ms-python.debugpy-2025.16.0-linux-x64/bundled/scripts/noConfigScripts'), ('XDG_RUNTIME_DIR', '/run/user/1000/'), ('DISPLAY', ':0'), ('VSCODE_DEBUGPY_ADAPTER_ENDPOINTS', '/home/joon/.vscode-server/extensions/ms-python.debugpy-2025.16.0-linux-x64/.noConfigDebugAdapterEndpoints/endpoint-5f6b0efddf9f6982.txt'), ('LANG', 'en_US.UTF-8'), ('PYTHONSTARTUP', '/home/joon/.vscode-server/data/User/workspaceStorage/6032d0949a26c1de4974618490f207f6-1/ms-python.python/pythonrc.py'), ('LS_COLORS', 'rs=0:di=01;34:ln=01;36:mh=00:pi=40;33:so=01;35:do=01;35:bd=40;33;01:cd=40;33;01:or=40;31;01:mi=00:su=37;41:sg=30;43:ca=30;41:tw=30;42:ow=34;42:st=37;44:ex=01;32:*.tar=01;31:*.tgz=01;31:*.arc=01;31:*.arj=01;31:*.taz=01;31:*.lha=01;31:*.lz4=01;31:*.lzh=01;31:*.lzma=01;31:*.tlz=01;31:*.txz=01;31:*.tzo=01;31:*.t7z=01;31:*.zip=01;31:*.z=01;31:*.dz=01;31:*.gz=01;31:*.lrz=01;31:*.lz=01;31:*.lzo=01;31:*.xz=01;31:*.zst=01;31:*.tzst=01;31:*.bz2=01;31:*.bz=01;31:*.tbz=01;31:*.tbz2=01;31:*.tz=01;31:*.deb=01;31:*.rpm=01;31:*.jar=01;31:*.war=01;31:*.ear=01;31:*.sar=01;31:*.rar=01;31:*.alz=01;31:*.ace=01;31:*.zoo=01;31:*.cpio=01;31:*.7z=01;31:*.rz=01;31:*.cab=01;31:*.wim=01;31:*.swm=01;31:*.dwm=01;31:*.esd=01;31:*.jpg=01;35:*.jpeg=01;35:*.mjpg=01;35:*.mjpeg=01;35:*.gif=01;35:*.bmp=01;35:*.pbm=01;35:*.pgm=01;35:*.ppm=01;35:*.tga=01;35:*.xbm=01;35:*.xpm=01;35:*.tif=01;35:*.tiff=01;35:*.png=01;35:*.svg=01;35:*.svgz=01;35:*.mng=01;35:*.pcx=01;35:*.mov=01;35:*.mpg=01;35:*.mpeg=01;35:*.m2v=01;35:*.mkv=01;35:*.webm=01;35:*.webp=01;35:*.ogm=01;35:*.mp4=01;35:*.m4v=01;35:*.mp4v=01;35:*.vob=01;35:*.qt=01;35:*.nuv=01;35:*.wmv=01;35:*.asf=01;35:*.rm=01;35:*.rmvb=01;35:*.flc=01;35:*.avi=01;35:*.fli=01;35:*.flv=01;35:*.gl=01;35:*.dl=01;35:*.xcf=01;35:*.xwd=01;35:*.yuv=01;35:*.cgm=01;35:*.emf=01;35:*.ogv=01;35:*.ogx=01;35:*.aac=00;36:*.au=00;36:*.flac=00;36:*.m4a=00;36:*.mid=00;36:*.midi=00;36:*.mka=00;36:*.mp3=00;36:*.mpc=00;36:*.ogg=00;36:*.ra=00;36:*.wav=00;36:*.oga=00;36:*.opus=00;36:*.spx=00;36:*.xspf=00;36:'), ('VSCODE_GIT_IPC_HANDLE', '/run/user/1000/vscode-git-167d3a068c.sock'), ('TERM_PROGRAM', 'vscode'), ('AMENT_PREFIX_PATH', '/home/joon/automotive_software_final/install/simulator:/home/joon/automotive_software_final/install/mission_manager:/home/joon/automotive_software_final/install/evaluation:/home/joon/automotive_software_final/install/autonomous_driving:/home/joon/automotive_software_final/install/ad_msgs:/opt/ros/humble'), ('SHELL', '/bin/bash'), ('LESSCLOSE', '/usr/bin/lesspipe %s %s'), ('VSCODE_GIT_ASKPASS_EXTRA_ARGS', ''), ('PWD', '/home/joon/automotive_software_final/build/mission_manager'), ('ENABLE_IDE_INTEGRATION', 'true'), ('XDG_DATA_DIRS', '/usr/local/share:/usr/share:/var/lib/snapd/desktop'), ('PYTHONPATH', '/home/joon/automotive_software_final/install/ad_msgs/local/lib/python3.10/dist-packages:/opt/ros/humble/lib/python3.10/site-packages:/opt/ros/humble/local/lib/python3.10/dist-packages'), ('COLCON', '1'), ('WSL2_GUI_APPS_ENABLED', '1'), ('HOSTTYPE', 'x86_64'), ('CMAKE_PREFIX_PATH', '/home/joon/automotive_software_final/install/ad_msgs:/home/joon/automotive_software_final/install/simulator:/home/joon/automotive_software_final/install/mission_manager:/home/joon/automotive_software_final/install/evaluation:/home/joon/automotive_software_final/install/autonomous_driving:/opt/ros/humble'), ('WSLENV', 'VSCODE_WSL_EXT_LOCATION/up')]), 'shell': False}
[0.502173] (-) TimerEvent: {}
[0.502627] (evaluation) StdoutLine: {'line': b'-- Install configuration: ""\n'}
[0.502754] (evaluation) StdoutLine: {'line': b'-- Execute custom install script\n'}
[0.502829] (evaluation) StdoutLine: {'line': b'-- Up-to-date symlink: /home/joon/automotive_software_final/install/evaluation/lib/evaluation/evaluation\n'}
[0.502967] (evaluation) StdoutLine: {'line': b'-- Up-to-date symlink: /home/joon/automotive_software_final/install/evaluation/share/evaluation/launch/evaluation.launch.xml\n'}
[0.503029] (evaluation) StdoutLine: {'line': b'-- Up-to-date symlink: /home/joon/automotive_software_final/install/evaluation/share/evaluation/launch/evaluation.launch.xml:Zone.Identifier\n'}
[0.503083] (simulator) CommandEnded: {'returncode': 0}
[0.503295] (evaluation) StdoutLine: {'line': b'-- Up-to-date symlink: /home/joon/automotive_software_final/install/evaluation/share/ament_index/resource_index/package_run_dependencies/evaluation\n'}
[0.503369] (evaluation) StdoutLine: {'line': b'-- Up-to-date symlink: /home/joon/automotive_software_final/install/evaluation/share/ament_index/resource_index/parent_prefix_path/evaluation\n'}
[0.503424] (evaluation) StdoutLine: {'line': b'-- Up-to-date symlink: /home/joon/automotive_software_final/install/evaluation/share/evaluation/environment/ament_prefix_path.sh\n'}
[0.503477] (evaluation) StdoutLine: {'line': b'-- Up-to-date symlink: /home/joon/automotive_software_final/install/evaluation/share/evaluation/environment/ament_prefix_path.dsv\n'}
[0.503529] (evaluation) StdoutLine: {'line': b'-- Up-to-date symlink: /home/joon/automotive_software_final/install/evaluation/share/evaluation/environment/path.sh\n'}
[0.503590] (evaluation) StdoutLine: {'line': b'-- Up-to-date symlink: /home/joon/automotive_software_final/install/evaluation/share/evaluation/environment/path.dsv\n'}
[0.503648] (evaluation) StdoutLine: {'line': b'-- Up-to-date symlink: /home/joon/automotive_software_final/install/evaluation/share/evaluation/local_setup.bash\n'}
[0.503700] (evaluation) StdoutLine: {'line': b'-- Up-to-date symlink: /home/joon/automotive_software_final/install/evaluation/share/evaluation/local_setup.sh\n'}
[0.503751] (evaluation) StdoutLine: {'line': b'-- Up-to-date symlink: /home/joon/automotive_software_final/install/evaluation/share/evaluation/local_setup.zsh\n'}
[0.503803] (evaluation) StdoutLine: {'line': b'-- Up-to-date symlink: /home/joon/automotive_software_final/install/evaluation/share/evaluation/local_setup.dsv\n'}
[0.504379] (evaluation) StdoutLine: {'line': b'-- Symlinking: /home/joon/automotive_software_final/install/evaluation/share/evaluation/package.dsv\n'}
[0.504927] (simulator) JobProgress: {'identifier': 'simulator', 'progress': 'install'}
[0.506281] (simulator) Command: {'cmd': ['/usr/bin/cmake', '--install', '/home/joon/automotive_software_final/build/simulator'], 'cwd': '/home/joon/automotive_software_final/build/simulator', 'env': OrderedDict([('PYTHON_BASIC_REPL', '1'), ('LESSOPEN', '| /usr/bin/lesspipe %s'), ('USER', 'joon'), ('GIT_ASKPASS', '/home/joon/.vscode-server/bin/bf9252a2fb45be6893dd8870c0bf37e2e1766d61/extensions/git/dist/askpass.sh'), ('SHLVL', '1'), ('LD_LIBRARY_PATH', '/home/joon/automotive_software_final/install/ad_msgs/lib:/usr/lib/x86_64-linux-gnu/gazebo-11/plugins:/opt/ros/humble/opt/rviz_ogre_vendor/lib:/opt/ros/humble/lib/x86_64-linux-gnu:/opt/ros/humble/lib'), ('HOME', '/home/joon'), ('TERM_PROGRAM_VERSION', '1.106.3'), ('VSCODE_IPC_HOOK_CLI', '/run/user/1000/vscode-ipc-6b0baac3-5733-45f7-8cf4-686e9cd27a4c.sock'), ('ROS_PYTHON_VERSION', '3'), ('VSCODE_GIT_ASKPASS_MAIN', '/home/joon/.vscode-server/bin/bf9252a2fb45be6893dd8870c0bf37e2e1766d61/extensions/git/dist/askpass-main.js'), ('VSCODE_GIT_ASKPASS_NODE', '/home/joon/.vscode-server/bin/bf9252a2fb45be6893dd8870c0bf37e2e1766d61/node'), ('PYDEVD_DISABLE_FILE_VALIDATION', '1'), ('BUNDLED_DEBUGPY_PATH', '/home/joon/.vscode-server/extensions/ms-python.debugpy-2025.16.0-linux-x64/bundled/libs/debugpy'), ('VSCODE_PYTHON_AUTOACTIVATE_GUARD', '1'), ('DBUS_SESSION_BUS_ADDRESS', 'unix:path=/run/user/1000/bus'), ('COLORTERM', 'truecolor'), ('WSL_DISTRO_NAME', 'Ubuntu-22.04'), ('WAYLAND_DISPLAY', 'wayland-0'), ('COLCON_PREFIX_PATH', '/home/joon/automotive_software_final/install'), ('ROS_DISTRO', 'humble'), ('LOGNAME', 'joon'), ('NAME', 'Joon'), ('WSL_INTEROP', '/run/WSL/509_interop'), ('PULSE_SERVER', 'unix:/mnt/wslg/PulseServer'), ('_', '/usr/bin/colcon'), ('ROS_VERSION', '2'), ('CLAUDE_CODE_SSE_PORT', '14056'), ('TERM', 'xterm-256color'), ('ROS_LOCALHOST_ONLY', '0'), ('PATH', '/opt/ros/humble/bin:/usr/bin:/usr/bin:/home/joon/.vscode-server/data/User/globalStorage/github.copilot-chat/debugCommand:/home/joon/.vscode-server/data/User/globalStorage/github.copilot-chat/copilotCli:/home/joon/.vscode-server/bin/bf9252a2fb45be6893dd8870c0bf37e2e1766d61/bin/remote-cli:/home/joon/.local/bin:/usr/bin:/usr/bin:/usr/local/sbin:/usr/local/bin:/usr/sbin:/usr/bin:/sbin:/bin:/usr/games:/usr/local/games:/usr/lib/wsl/lib:/mnt/c/WINDOWS/system32:/mnt/c/WINDOWS:/mnt/c/WINDOWS/System32/Wbem:/mnt/c/WINDOWS/System32/WindowsPowerShell/v1.0/:/mnt/c/WINDOWS/System32/OpenSSH/:/mnt/c/Program Files/MATLAB/R2024b/bin:/mnt/c/Program Files/nodejs/:/mnt/c/Program Files/Git/cmd:/mnt/c/Users/ksyj0/AppData/Local/Programs/Python/Python312/Scripts/:/mnt/c/Users/ksyj0/AppData/Local/Programs/Python/Python312/:/mnt/c/Users/ksyj0/AppData/Local/Programs/Python/Launcher/:/mnt/c/Users/ksyj0/AppData/Local/Microsoft/WindowsApps:/mnt/c/Users/ksyj0/AppData/Local/Programs/Microsoft VS Code/bin:/mnt/c/Users/ksyj0/AppData/Roaming/npm:/mnt/c/Users/ksyj0/AppData/Local/SOOP:/mnt/c/Users/ksyj0/AppData/Local/Programs/Kiro/bin:/snap/bin:/home/joon/.vscode-server/extensions/ms-python.debugpy-2025.16.0-linux-x64/bundled/scripts/noConfigScripts'), ('XDG_RUNTIME_DIR', '/run/user/1000/'), ('DISPLAY', ':0'), ('VSCODE_DEBUGPY_ADAPTER_ENDPOINTS', '/home/joon/.vscode-server/extensions/ms-python.debugpy-2025.16.0-linux-x64/.noConfigDebugAdapterEndpoints/endpoint-5f6b0efddf9f6982.txt'), ('LANG', 'en_US.UTF-8'), ('PYTHONSTARTUP', '/home/joon/.vscode-server/data/User/workspaceStorage/6032d0949a26c1de4974618490f207f6-1/ms-python.python/pythonrc.py'), ('LS_COLORS', 'rs=0:di=01;34:ln=01;36:mh=00:pi=40;33:so=01;35:do=01;35:bd=40;33;01:cd=40;33;01:or=40;31;01:mi=00:su=37;41:sg=30;43:ca=30;41:tw=30;42:ow=34;42:st=37;44:ex=01;32:*.tar=01;31:*.tgz=01;31:*.arc=01;31:*.arj=01;31:*.taz=01;31:*.lha=01;31:*.lz4=01;31:*.lzh=01;31:*.lzma=01;31:*.tlz=01;31:*.txz=01;31:*.tzo=01;31:*.t7z=01;31:*.zip=01;31:*.z=01;31:*.dz=01;31:*.gz=01;31:*.lrz=01;31:*.lz=01;31:*.lzo=01;31:*.xz=01;31:*.zst=01;31:*.tzst=01;31:*.bz2=01;31:*.bz=01;31:*.tbz=01;31:*.tbz2=01;31:*.tz=01;31:*.deb=01;31:*.rpm=01;31:*.jar=01;31:*.war=01;31:*.ear=01;31:*.sar=01;31:*.rar=01;31:*.alz=01;31:*.ace=01;31:*.zoo=01;31:*.cpio=01;31:*.7z=01;31:*.rz=01;31:*.cab=01;31:*.wim=01;31:*.swm=01;31:*.dwm=01;31:*.esd=01;31:*.jpg=01;35:*.jpeg=01;35:*.mjpg=01;35:*.mjpeg=01;35:*.gif=01;35:*.bmp=01;35:*.pbm=01;35:*.pgm=01;35:*.ppm=01;35:*.tga=01;35:*.xbm=01;35:*.xpm=01;35:*.tif=01;35:*.tiff=01;35:*.png=01;35:*.svg=01;35:*.svgz=01;35:*.mng=01;35:*.pcx=01;35:*.mov=01;35:*.mpg=01;35:*.mpeg=01;35:*.m2v=01;35:*.mkv=01;35:*.webm=01;35:*.webp=01;35:*.ogm=01;35:*.mp4=01;35:*.m4v=01;35:*.mp4v=01;35:*.vob=01;35:*.qt=01;35:*.nuv=01;35:*.wmv=01;35:*.asf=01;35:*.rm=01;35:*.rmvb=01;35:*.flc=01;35:*.avi=01;35:*.fli=01;35:*.flv=01;35:*.gl=01;35:*.dl=01;35:*.xcf=01;35:*.xwd=01;35:*.yuv=01;35:*.cgm=01;35:*.emf=01;35:*.ogv=01;35:*.ogx=01;35:*.aac=00;36:*.au=00;36:*.flac=00;36:*.m4a=00;36:*.mid=00;36:*.midi=00;36:*.mka=00;36:*.mp3=00;36:*.mpc=00;36:*.ogg=00;36:*.ra=00;36:*.wav=00;36:*.oga=00;36:*.opus=00;36:*.spx=00;36:*.xspf=00;36:'), ('VSCODE_GIT_IPC_HANDLE', '/run/user/1000/vscode-git-167d3a068c.sock'), ('TERM_PROGRAM', 'vscode'), ('AMENT_PREFIX_PATH', '/home/joon/automotive_software_final/install/simulator:/home/joon/automotive_software_final/install/mission_manager:/home/joon/automotive_software_final/install/evaluation:/home/joon/automotive_software_final/install/autonomous_driving:/home/joon/automotive_software_final/install/ad_msgs:/opt/ros/humble'), ('SHELL', '/bin/bash'), ('LESSCLOSE', '/usr/bin/lesspipe %s %s'), ('VSCODE_GIT_ASKPASS_EXTRA_ARGS', ''), ('PWD', '/home/joon/automotive_software_final/build/simulator'), ('ENABLE_IDE_INTEGRATION', 'true'), ('XDG_DATA_DIRS', '/usr/local/share:/usr/share:/var/lib/snapd/desktop'), ('PYTHONPATH', '/home/joon/automotive_software_final/install/ad_msgs/local/lib/python3.10/dist-packages:/opt/ros/humble/lib/python3.10/site-packages:/opt/ros/humble/local/lib/python3.10/dist-packages'), ('COLCON', '1'), ('WSL2_GUI_APPS_ENABLED', '1'), ('HOSTTYPE', 'x86_64'), ('CMAKE_PREFIX_PATH', '/home/joon/automotive_software_final/install/ad_msgs:/home/joon/automotive_software_final/install/simulator:/home/joon/automotive_software_final/install/mission_manager:/home/joon/automotive_software_final/install/evaluation:/home/joon/automotive_software_final/install/autonomous_driving:/opt/ros/humble'), ('WSLENV', 'VSCODE_WSL_EXT_LOCATION/up')]), 'shell': False}
[0.507981] (mission_manager) StdoutLine: {'line': b'-- Install configuration: ""\n'}
[0.508665] (mission_manager) StdoutLine: {'line': b'-- Execute custom install script\n'}
[0.509202] (mission_manager) StdoutLine: {'line': b'-- Up-to-date symlink: /home/joon/automotive_software_final/install/mission_manager/lib/mission_manager/mission_manager\n'}
[0.509803] (mission_manager) StdoutLine: {'line': b'-- Up-to-date symlink: /home/joon/automotive_software_final/install/mission_manager/share/mission_manager/launch/mission_manager.launch.xml\n'}
[0.509980] (mission_manager) StdoutLine: {'line': b'-- Up-to-date symlink: /home/joon/automotive_software_final/install/mission_manager/share/mission_manager/launch/mission_manager.launch.xml:Zone.Identifier\n'}
[0.510346] (mission_manager) StdoutLine: {'line': b'-- Up-to-date symlink: /home/joon/automotive_software_final/install/mission_manager/share/ament_index/resource_index/package_run_dependencies/mission_manager\n'}
[0.510419] (mission_manager) StdoutLine: {'line': b'-- Up-to-date symlink: /home/joon/automotive_software_final/install/mission_manager/share/ament_index/resource_index/parent_prefix_path/mission_manager\n'}
[0.510451] (mission_manager) StdoutLine: {'line': b'-- Up-to-date symlink: /home/joon/automotive_software_final/install/mission_manager/share/mission_manager/environment/ament_prefix_path.sh\n'}
[0.510479] (mission_manager) StdoutLine: {'line': b'-- Up-to-date symlink: /home/joon/automotive_software_final/install/mission_manager/share/mission_manager/environment/ament_prefix_path.dsv\n'}
[0.510503] (mission_manager) StdoutLine: {'line': b'-- Up-to-date symlink: /home/joon/automotive_software_final/install/mission_manager/share/mission_manager/environment/path.sh\n'}
[0.510529] (mission_manager) StdoutLine: {'line': b'-- Up-to-date symlink: /home/joon/automotive_software_final/install/mission_manager/share/mission_manager/environment/path.dsv\n'}
[0.510554] (mission_manager) StdoutLine: {'line': b'-- Up-to-date symlink: /home/joon/automotive_software_final/install/mission_manager/share/mission_manager/local_setup.bash\n'}
[0.510578] (mission_manager) StdoutLine: {'line': b'-- Up-to-date symlink: /home/joon/automotive_software_final/install/mission_manager/share/mission_manager/local_setup.sh\n'}
[0.510603] (mission_manager) StdoutLine: {'line': b'-- Up-to-date symlink: /home/joon/automotive_software_final/install/mission_manager/share/mission_manager/local_setup.zsh\n'}
[0.510636] (mission_manager) StdoutLine: {'line': b'-- Up-to-date symlink: /home/joon/automotive_software_final/install/mission_manager/share/mission_manager/local_setup.dsv\n'}
[0.510660] (mission_manager) StdoutLine: {'line': b'-- Symlinking: /home/joon/automotive_software_final/install/mission_manager/share/mission_manager/package.dsv\n'}
[0.511039] (evaluation) StdoutLine: {'line': b'-- Up-to-date symlink: /home/joon/automotive_software_final/install/evaluation/share/ament_index/resource_index/packages/evaluation\n'}
[0.511469] (evaluation) StdoutLine: {'line': b'-- Up-to-date symlink: /home/joon/automotive_software_final/install/evaluation/share/evaluation/cmake/evaluationConfig.cmake\n'}
[0.511664] (evaluation) StdoutLine: {'line': b'-- Up-to-date symlink: /home/joon/automotive_software_final/install/evaluation/share/evaluation/cmake/evaluationConfig-version.cmake\n'}
[0.511736] (evaluation) StdoutLine: {'line': b'-- Up-to-date symlink: /home/joon/automotive_software_final/install/evaluation/share/evaluation/package.xml\n'}
[0.512113] (simulator) StdoutLine: {'line': b'-- Install configuration: ""\n'}
[0.512568] (simulator) StdoutLine: {'line': b'-- Execute custom install script\n'}
[0.513313] (simulator) StdoutLine: {'line': b'-- Up-to-date symlink: /home/joon/automotive_software_final/install/simulator/lib/simulator/vehicle\n'}
[0.514126] (simulator) StdoutLine: {'line': b'-- Up-to-date symlink: /home/joon/automotive_software_final/install/simulator/lib/simulator/lane_detection\n'}
[0.514318] (simulator) StdoutLine: {'line': b'-- Up-to-date symlink: /home/joon/automotive_software_final/install/simulator/lib/simulator/display\n'}
[0.514478] (simulator) StdoutLine: {'line': b'-- Up-to-date symlink: /home/joon/automotive_software_final/install/simulator/share/simulator/launch/simulation.launch.xml\n'}
[0.514883] (simulator) StdoutLine: {'line': b'-- Up-to-date symlink: /home/joon/automotive_software_final/install/simulator/share/simulator/launch/simulation.launch.xml:Zone.Identifier\n'}
[0.516547] (simulator) StdoutLine: {'line': b'-- Up-to-date symlink: /home/joon/automotive_software_final/install/simulator/share/ament_index/resource_index/package_run_dependencies/simulator\n'}
[0.516911] (simulator) StdoutLine: {'line': b'-- Up-to-date symlink: /home/joon/automotive_software_final/install/simulator/share/ament_index/resource_index/parent_prefix_path/simulator\n'}
[0.517182] (simulator) StdoutLine: {'line': b'-- Up-to-date symlink: /home/joon/automotive_software_final/install/simulator/share/simulator/environment/ament_prefix_path.sh\n'}
[0.519092] (simulator) StdoutLine: {'line': b'-- Up-to-date symlink: /home/joon/automotive_software_final/install/simulator/share/simulator/environment/ament_prefix_path.dsv\n'}
[0.519350] (simulator) StdoutLine: {'line': b'-- Up-to-date symlink: /home/joon/automotive_software_final/install/simulator/share/simulator/environment/path.sh\n'}
[0.519572] (simulator) StdoutLine: {'line': b'-- Up-to-date symlink: /home/joon/automotive_software_final/install/simulator/share/simulator/environment/path.dsv\n'}
[0.519792] (simulator) StdoutLine: {'line': b'-- Up-to-date symlink: /home/joon/automotive_software_final/install/simulator/share/simulator/local_setup.bash\n'}
[0.520015] (simulator) StdoutLine: {'line': b'-- Up-to-date symlink: /home/joon/automotive_software_final/install/simulator/share/simulator/local_setup.sh\n'}
[0.520250] (evaluation) CommandEnded: {'returncode': 0}
[0.520808] (mission_manager) StdoutLine: {'line': b'-- Up-to-date symlink: /home/joon/automotive_software_final/install/mission_manager/share/ament_index/resource_index/packages/mission_manager\n'}
[0.520939] (mission_manager) StdoutLine: {'line': b'-- Up-to-date symlink: /home/joon/automotive_software_final/install/mission_manager/share/mission_manager/cmake/mission_managerConfig.cmake\n'}
[0.520998] (mission_manager) StdoutLine: {'line': b'-- Up-to-date symlink: /home/joon/automotive_software_final/install/mission_manager/share/mission_manager/cmake/mission_managerConfig-version.cmake\n'}
[0.521429] (mission_manager) StdoutLine: {'line': b'-- Up-to-date symlink: /home/joon/automotive_software_final/install/mission_manager/share/mission_manager/package.xml\n'}
[0.521974] (simulator) StdoutLine: {'line': b'-- Up-to-date symlink: /home/joon/automotive_software_final/install/simulator/share/simulator/local_setup.zsh\n'}
[0.522364] (simulator) StdoutLine: {'line': b'-- Up-to-date symlink: /home/joon/automotive_software_final/install/simulator/share/simulator/local_setup.dsv\n'}
[0.522454] (simulator) StdoutLine: {'line': b'-- Symlinking: /home/joon/automotive_software_final/install/simulator/share/simulator/package.dsv\n'}
[0.526758] (simulator) StdoutLine: {'line': b'-- Up-to-date symlink: /home/joon/automotive_software_final/install/simulator/share/ament_index/resource_index/packages/simulator\n'}
[0.526971] (simulator) StdoutLine: {'line': b'-- Up-to-date symlink: /home/joon/automotive_software_final/install/simulator/share/simulator/cmake/simulatorConfig.cmake\n'}
[0.527047] (simulator) StdoutLine: {'line': b'-- Up-to-date symlink: /home/joon/automotive_software_final/install/simulator/share/simulator/cmake/simulatorConfig-version.cmake\n'}
[0.527586] (simulator) StdoutLine: {'line': b'-- Up-to-date symlink: /home/joon/automotive_software_final/install/simulator/share/simulator/package.xml\n'}
[0.535940] (evaluation) JobEnded: {'identifier': 'evaluation', 'rc': 0}
[0.538032] (mission_manager) CommandEnded: {'returncode': 0}
[0.548577] (mission_manager) JobEnded: {'identifier': 'mission_manager', 'rc': 0}
[0.549354] (simulator) CommandEnded: {'returncode': 0}
[0.560799] (simulator) JobEnded: {'identifier': 'simulator', 'rc': 0}
[0.602401] (-) TimerEvent: {}
[0.702805] (-) TimerEvent: {}
[0.803156] (-) TimerEvent: {}
[0.903520] (-) TimerEvent: {}
[1.003904] (-) TimerEvent: {}
[1.104237] (-) TimerEvent: {}
[1.204628] (-) TimerEvent: {}
[1.304986] (-) TimerEvent: {}
[1.405359] (-) TimerEvent: {}
[1.505893] (-) TimerEvent: {}
[1.606262] (-) TimerEvent: {}
[1.706591] (-) TimerEvent: {}
[1.806974] (-) TimerEvent: {}
[1.907398] (-) TimerEvent: {}
[2.007756] (-) TimerEvent: {}
[2.108209] (-) TimerEvent: {}
[2.208551] (-) TimerEvent: {}
[2.308938] (-) TimerEvent: {}
[2.409302] (-) TimerEvent: {}
[2.509623] (-) TimerEvent: {}
[2.609964] (-) TimerEvent: {}
[2.710378] (-) TimerEvent: {}
[2.810755] (-) TimerEvent: {}
[2.911244] (-) TimerEvent: {}
[3.011663] (-) TimerEvent: {}
[3.112108] (-) TimerEvent: {}
[3.212600] (-) TimerEvent: {}
[3.313014] (-) TimerEvent: {}
[3.413496] (-) TimerEvent: {}
[3.513915] (-) TimerEvent: {}
[3.614280] (-) TimerEvent: {}
[3.714730] (-) TimerEvent: {}
[3.815067] (-) TimerEvent: {}
[3.915480] (-) TimerEvent: {}
[4.015825] (-) TimerEvent: {}
[4.116326] (-) TimerEvent: {}
[4.216758] (-) TimerEvent: {}
[4.219366] (autonomous_driving) StdoutLine: {'line': b'[ 66%] \x1b[32m\x1b[1mLinking CXX executable autonomous_driving\x1b[0m\n'}
[4.316923] (-) TimerEvent: {}
[4.417396] (-) TimerEvent: {}
[4.517734] (-) TimerEvent: {}
[4.618193] (-) TimerEvent: {}
[4.718555] (-) TimerEvent: {}
[4.818950] (-) TimerEvent: {}
[4.919444] (-) TimerEvent: {}
[5.019857] (-) TimerEvent: {}
[5.120255] (-) TimerEvent: {}
[5.220610] (-) TimerEvent: {}
[5.320983] (-) TimerEvent: {}
[5.351305] (autonomous_driving) StdoutLine: {'line': b'[100%] Built target autonomous_driving\n'}
[5.359673] (autonomous_driving) CommandEnded: {'returncode': 0}
[5.360304] (autonomous_driving) JobProgress: {'identifier': 'autonomous_driving', 'progress': 'install'}
[5.361051] (autonomous_driving) Command: {'cmd': ['/usr/bin/cmake', '--install', '/home/joon/automotive_software_final/build/autonomous_driving'], 'cwd': '/home/joon/automotive_software_final/build/autonomous_driving', 'env': OrderedDict([('PYTHON_BASIC_REPL', '1'), ('LESSOPEN', '| /usr/bin/lesspipe %s'), ('USER', 'joon'), ('GIT_ASKPASS', '/home/joon/.vscode-server/bin/bf9252a2fb45be6893dd8870c0bf37e2e1766d61/extensions/git/dist/askpass.sh'), ('SHLVL', '1'), ('LD_LIBRARY_PATH', '/home/joon/automotive_software_final/install/ad_msgs/lib:/usr/lib/x86_64-linux-gnu/gazebo-11/plugins:/opt/ros/humble/opt/rviz_ogre_vendor/lib:/opt/ros/humble/lib/x86_64-linux-gnu:/opt/ros/humble/lib'), ('HOME', '/home/joon'), ('TERM_PROGRAM_VERSION', '1.106.3'), ('VSCODE_IPC_HOOK_CLI', '/run/user/1000/vscode-ipc-6b0baac3-5733-45f7-8cf4-686e9cd27a4c.sock'), ('ROS_PYTHON_VERSION', '3'), ('VSCODE_GIT_ASKPASS_MAIN', '/home/joon/.vscode-server/bin/bf9252a2fb45be6893dd8870c0bf37e2e1766d61/extensions/git/dist/askpass-main.js'), ('VSCODE_GIT_ASKPASS_NODE', '/home/joon/.vscode-server/bin/bf9252a2fb45be6893dd8870c0bf37e2e1766d61/node'), ('PYDEVD_DISABLE_FILE_VALIDATION', '1'), ('BUNDLED_DEBUGPY_PATH', '/home/joon/.vscode-server/extensions/ms-python.debugpy-2025.16.0-linux-x64/bundled/libs/debugpy'), ('VSCODE_PYTHON_AUTOACTIVATE_GUARD', '1'), ('DBUS_SESSION_BUS_ADDRESS', 'unix:path=/run/user/1000/bus'), ('COLORTERM', 'truecolor'), ('WSL_DISTRO_NAME', 'Ubuntu-22.04'), ('WAYLAND_DISPLAY', 'wayland-0'), ('COLCON_PREFIX_PATH', '/home/joon/automotive_software_final/install'), ('ROS_DISTRO', 'humble'), ('LOGNAME', 'joon'), ('NAME', 'Joon'), ('WSL_INTEROP', '/run/WSL/509_interop'), ('PULSE_SERVER', 'unix:/mnt/wslg/PulseServer'), ('_', '/usr/bin/colcon'), ('ROS_VERSION', '2'), ('CLAUDE_CODE_SSE_PORT', '14056'), ('TERM', 'xterm-256color'), ('ROS_LOCALHOST_ONLY', '0'), ('PATH', '/opt/ros/humble/bin:/usr/bin:/usr/bin:/home/joon/.vscode-server/data/User/globalStorage/github.copilot-chat/debugCommand:/home/joon/.vscode-server/data/User/globalStorage/github.copilot-chat/copilotCli:/home/joon/.vscode-server/bin/bf9252a2fb45be6893dd8870c0bf37e2e1766d61/bin/remote-cli:/home/joon/.local/bin:/usr/bin:/usr/bin:/usr/local/sbin:/usr/local/bin:/usr/sbin:/usr/bin:/sbin:/bin:/usr/games:/usr/local/games:/usr/lib/wsl/lib:/mnt/c/WINDOWS/system32:/mnt/c/WINDOWS:/mnt/c/WINDOWS/System32/Wbem:/mnt/c/WINDOWS/System32/WindowsPowerShell/v1.0/:/mnt/c/WINDOWS/System32/OpenSSH/:/mnt/c/Program Files/MATLAB/R2024b/bin:/mnt/c/Program Files/nodejs/:/mnt/c/Program Files/Git/cmd:/mnt/c/Users/ksyj0/AppData/Local/Programs/Python/Python312/Scripts/:/mnt/c/Users/ksyj0/AppData/Local/Programs/Python/Python312/:/mnt/c/Users/ksyj0/AppData/Local/Programs/Python/Launcher/:/mnt/c/Users/ksyj0/AppData/Local/Microsoft/WindowsApps:/mnt/c/Users/ksyj0/AppData/Local/Programs/Microsoft VS Code/bin:/mnt/c/Users/ksyj0/AppData/Roaming/npm:/mnt/c/Users/ksyj0/AppData/Local/SOOP:/mnt/c/Users/ksyj0/AppData/Local/Programs/Kiro/bin:/snap/bin:/home/joon/.vscode-server/extensions/ms-python.debugpy-2025.16.0-linux-x64/bundled/scripts/noConfigScripts'), ('XDG_RUNTIME_DIR', '/run/user/1000/'), ('DISPLAY', ':0'), ('VSCODE_DEBUGPY_ADAPTER_ENDPOINTS', '/home/joon/.vscode-server/extensions/ms-python.debugpy-2025.16.0-linux-x64/.noConfigDebugAdapterEndpoints/endpoint-5f6b0efddf9f6982.txt'), ('LANG', 'en_US.UTF-8'), ('PYTHONSTARTUP', '/home/joon/.vscode-server/data/User/workspaceStorage/6032d0949a26c1de4974618490f207f6-1/ms-python.python/pythonrc.py'), ('LS_COLORS', 'rs=0:di=01;34:ln=01;36:mh=00:pi=40;33:so=01;35:do=01;35:bd=40;33;01:cd=40;33;01:or=40;31;01:mi=00:su=37;41:sg=30;43:ca=30;41:tw=30;42:ow=34;42:st=37;44:ex=01;32:*.tar=01;31:*.tgz=01;31:*.arc=01;31:*.arj=01;31:*.taz=01;31:*.lha=01;31:*.lz4=01;31:*.lzh=01;31:*.lzma=01;31:*.tlz=01;31:*.txz=01;31:*.tzo=01;31:*.t7z=01;31:*.zip=01;31:*.z=01;31:*.dz=01;31:*.gz=01;31:*.lrz=01;31:*.lz=01;31:*.lzo=01;31:*.xz=01;31:*.zst=01;31:*.tzst=01;31:*.bz2=01;31:*.bz=01;31:*.tbz=01;31:*.tbz2=01;31:*.tz=01;31:*.deb=01;31:*.rpm=01;31:*.jar=01;31:*.war=01;31:*.ear=01;31:*.sar=01;31:*.rar=01;31:*.alz=01;31:*.ace=01;31:*.zoo=01;31:*.cpio=01;31:*.7z=01;31:*.rz=01;31:*.cab=01;31:*.wim=01;31:*.swm=01;31:*.dwm=01;31:*.esd=01;31:*.jpg=01;35:*.jpeg=01;35:*.mjpg=01;35:*.mjpeg=01;35:*.gif=01;35:*.bmp=01;35:*.pbm=01;35:*.pgm=01;35:*.ppm=01;35:*.tga=01;35:*.xbm=01;35:*.xpm=01;35:*.tif=01;35:*.tiff=01;35:*.png=01;35:*.svg=01;35:*.svgz=01;35:*.mng=01;35:*.pcx=01;35:*.mov=01;35:*.mpg=01;35:*.mpeg=01;35:*.m2v=01;35:*.mkv=01;35:*.webm=01;35:*.webp=01;35:*.ogm=01;35:*.mp4=01;35:*.m4v=01;35:*.mp4v=01;35:*.vob=01;35:*.qt=01;35:*.nuv=01;35:*.wmv=01;35:*.asf=01;35:*.rm=01;35:*.rmvb=01;35:*.flc=01;35:*.avi=01;35:*.fli=01;35:*.flv=01;35:*.gl=01;35:*.dl=01;35:*.xcf=01;35:*.xwd=01;35:*.yuv=01;35:*.cgm=01;35:*.emf=01;35:*.ogv=01;35:*.ogx=01;35:*.aac=00;36:*.au=00;36:*.flac=00;36:*.m4a=00;36:*.mid=00;36:*.midi=00;36:*.mka=00;36:*.mp3=00;36:*.mpc=00;36:*.ogg=00;36:*.ra=00;36:*.wav=00;36:*.oga=00;36:*.opus=00;36:*.spx=00;36:*.xspf=00;36:'), ('VSCODE_GIT_IPC_HANDLE', '/run/user/1000/vscode-git-167d3a068c.sock'), ('TERM_PROGRAM', 'vscode'), ('AMENT_PREFIX_PATH', '/home/joon/automotive_software_final/install/simulator:/home/joon/automotive_software_final/install/mission_manager:/home/joon/automotive_software_final/install/evaluation:/home/joon/automotive_software_final/install/autonomous_driving:/home/joon/automotive_software_final/install/ad_msgs:/opt/ros/humble'), ('SHELL', '/bin/bash'), ('LESSCLOSE', '/usr/bin/lesspipe %s %s'), ('VSCODE_GIT_ASKPASS_EXTRA_ARGS', ''), ('PWD', '/home/joon/automotive_software_final/build/autonomous_driving'), ('ENABLE_IDE_INTEGRATION', 'true'), ('XDG_DATA_DIRS', '/usr/local/share:/usr/share:/var/lib/snapd/desktop'), ('PYTHONPATH', '/home/joon/automotive_software_final/install/ad_msgs/local/lib/python3.10/dist-packages:/opt/ros/humble/lib/python3.10/site-packages:/opt/ros/humble/local/lib/python3.10/dist-packages'), ('COLCON', '1'), ('WSL2_GUI_APPS_ENABLED', '1'), ('HOSTTYPE', 'x86_64'), ('CMAKE_PREFIX_PATH', '/home/joon/automotive_software_final/install/ad_msgs:/home/joon/automotive_software_final/install/simulator:/home/joon/automotive_software_final/install/mission_manager:/home/joon/automotive_software_final/install/evaluation:/home/joon/automotive_software_final/install/autonomous_driving:/opt/ros/humble'), ('WSLENV', 'VSCODE_WSL_EXT_LOCATION/up')]), 'shell': False}
[5.366568] (autonomous_driving) StdoutLine: {'line': b'-- Install configuration: ""\n'}
[5.366921] (autonomous_driving) StdoutLine: {'line': b'-- Execute custom install script\n'}
[5.367110] (autonomous_driving) StdoutLine: {'line': b'-- Up-to-date symlink: /home/joon/automotive_software_final/install/autonomous_driving/lib/autonomous_driving/autonomous_driving\n'}
[5.367339] (autonomous_driving) StdoutLine: {'line': b'-- Up-to-date symlink: /home/joon/automotive_software_final/install/autonomous_driving/share/autonomous_driving/launch/autonomous_driving.launch.xml\n'}
[5.367450] (autonomous_driving) StdoutLine: {'line': b'-- Up-to-date symlink: /home/joon/automotive_software_final/install/autonomous_driving/share/autonomous_driving/launch/autonomous_driving.launch.xml:Zone.Identifier\n'}
[5.367616] (autonomous_driving) StdoutLine: {'line': b'-- Up-to-date symlink: /home/joon/automotive_software_final/install/autonomous_driving/share/autonomous_driving/launch/manual_driving.launch.xml\n'}
[5.367879] (autonomous_driving) StdoutLine: {'line': b'-- Up-to-date symlink: /home/joon/automotive_software_final/install/autonomous_driving/share/autonomous_driving/launch/manual_driving.launch.xml:Zone.Identifier\n'}
[5.368007] (autonomous_driving) StdoutLine: {'line': b'-- Up-to-date symlink: /home/joon/automotive_software_final/install/autonomous_driving/lib/autonomous_driving/simultaneous_inputs.py\n'}
[5.368175] (autonomous_driving) StdoutLine: {'line': b'-- Up-to-date symlink: /home/joon/automotive_software_final/install/autonomous_driving/share/ament_index/resource_index/package_run_dependencies/autonomous_driving\n'}
[5.368313] (autonomous_driving) StdoutLine: {'line': b'-- Up-to-date symlink: /home/joon/automotive_software_final/install/autonomous_driving/share/ament_index/resource_index/parent_prefix_path/autonomous_driving\n'}
[5.368349] (autonomous_driving) StdoutLine: {'line': b'-- Up-to-date symlink: /home/joon/automotive_software_final/install/autonomous_driving/share/autonomous_driving/environment/ament_prefix_path.sh\n'}
[5.368376] (autonomous_driving) StdoutLine: {'line': b'-- Up-to-date symlink: /home/joon/automotive_software_final/install/autonomous_driving/share/autonomous_driving/environment/ament_prefix_path.dsv\n'}
[5.368401] (autonomous_driving) StdoutLine: {'line': b'-- Up-to-date symlink: /home/joon/automotive_software_final/install/autonomous_driving/share/autonomous_driving/environment/path.sh\n'}
[5.368458] (autonomous_driving) StdoutLine: {'line': b'-- Up-to-date symlink: /home/joon/automotive_software_final/install/autonomous_driving/share/autonomous_driving/environment/path.dsv\n'}
[5.368597] (autonomous_driving) StdoutLine: {'line': b'-- Up-to-date symlink: /home/joon/automotive_software_final/install/autonomous_driving/share/autonomous_driving/local_setup.bash\n'}
[5.368636] (autonomous_driving) StdoutLine: {'line': b'-- Up-to-date symlink: /home/joon/automotive_software_final/install/autonomous_driving/share/autonomous_driving/local_setup.sh\n'}
[5.368745] (autonomous_driving) StdoutLine: {'line': b'-- Up-to-date symlink: /home/joon/automotive_software_final/install/autonomous_driving/share/autonomous_driving/local_setup.zsh\n'}
[5.368854] (autonomous_driving) StdoutLine: {'line': b'-- Up-to-date symlink: /home/joon/automotive_software_final/install/autonomous_driving/share/autonomous_driving/local_setup.dsv\n'}
[5.368890] (autonomous_driving) StdoutLine: {'line': b'-- Symlinking: /home/joon/automotive_software_final/install/autonomous_driving/share/autonomous_driving/package.dsv\n'}
[5.375749] (autonomous_driving) StdoutLine: {'line': b'-- Up-to-date symlink: /home/joon/automotive_software_final/install/autonomous_driving/share/ament_index/resource_index/packages/autonomous_driving\n'}
[5.375909] (autonomous_driving) StdoutLine: {'line': b'-- Up-to-date symlink: /home/joon/automotive_software_final/install/autonomous_driving/share/autonomous_driving/cmake/autonomous_drivingConfig.cmake\n'}
[5.376007] (autonomous_driving) StdoutLine: {'line': b'-- Up-to-date symlink: /home/joon/automotive_software_final/install/autonomous_driving/share/autonomous_driving/cmake/autonomous_drivingConfig-version.cmake\n'}
[5.376279] (autonomous_driving) StdoutLine: {'line': b'-- Up-to-date symlink: /home/joon/automotive_software_final/install/autonomous_driving/share/autonomous_driving/package.xml\n'}
[5.377515] (autonomous_driving) CommandEnded: {'returncode': 0}
[5.385819] (autonomous_driving) JobEnded: {'identifier': 'autonomous_driving', 'rc': 0}
[5.387033] (-) EventReactorShutdown: {}
