[0.000000] (-) TimerEvent: {}
[0.000245] (ad_msgs) JobQueued: {'identifier': 'ad_msgs', 'dependencies': OrderedDict()}
[0.000297] (autonomous_driving) JobQueued: {'identifier': 'autonomous_driving', 'dependencies': OrderedDict([('ad_msgs', '/home/joon/mission_hard/mission_hard/install/ad_msgs')])}
[0.000332] (evaluation) JobQueued: {'identifier': 'evaluation', 'dependencies': OrderedDict([('ad_msgs', '/home/joon/mission_hard/mission_hard/install/ad_msgs')])}
[0.000345] (mission_manager) JobQueued: {'identifier': 'mission_manager', 'dependencies': OrderedDict([('ad_msgs', '/home/joon/mission_hard/mission_hard/install/ad_msgs')])}
[0.000356] (simulator) JobQueued: {'identifier': 'simulator', 'dependencies': OrderedDict([('ad_msgs', '/home/joon/mission_hard/mission_hard/install/ad_msgs')])}
[0.000386] (ad_msgs) JobStarted: {'identifier': 'ad_msgs'}
[0.007058] (ad_msgs) JobProgress: {'identifier': 'ad_msgs', 'progress': 'cmake'}
[0.007642] (ad_msgs) JobProgress: {'identifier': 'ad_msgs', 'progress': 'build'}
[0.008500] (ad_msgs) Command: {'cmd': ['/usr/bin/cmake', '--build', '/home/joon/mission_hard/mission_hard/build/ad_msgs', '--', '-j16', '-l16'], 'cwd': '/home/joon/mission_hard/mission_hard/build/ad_msgs', 'env': OrderedDict([('PYTHON_BASIC_REPL', '1'), ('LESSOPEN', '| /usr/bin/lesspipe %s'), ('USER', 'joon'), ('GIT_ASKPASS', '/home/joon/.vscode-server/bin/bf9252a2fb45be6893dd8870c0bf37e2e1766d61/extensions/git/dist/askpass.sh'), ('SHLVL', '1'), ('LD_LIBRARY_PATH', '/home/joon/mission_hard/mission_hard/install/ad_msgs/lib:/home/joon/automotive_software_final/install/ad_msgs/lib:/usr/lib/x86_64-linux-gnu/gazebo-11/plugins:/opt/ros/humble/opt/rviz_ogre_vendor/lib:/opt/ros/humble/lib/x86_64-linux-gnu:/opt/ros/humble/lib'), ('MOTD_SHOWN', 'update-motd'), ('HOME', '/home/joon'), ('OLDPWD', '/home/joon/mission_hard'), ('TERM_PROGRAM_VERSION', '1.106.3'), ('VSCODE_IPC_HOOK_CLI', '/run/user/1000/vscode-ipc-720ca6f3-2537-4b04-b3dc-21832d244e7e.sock'), ('ROS_PYTHON_VERSION', '3'), ('VSCODE_GIT_ASKPASS_MAIN', '/home/joon/.vscode-server/bin/bf9252a2fb45be6893dd8870c0bf37e2e1766d61/extensions/git/dist/askpass-main.js'), ('VSCODE_GIT_ASKPASS_NODE', '/home/joon/.vscode-server/bin/bf9252a2fb45be6893dd8870c0bf37e2e1766d61/node'), ('PYDEVD_DISABLE_FILE_VALIDATION', '1'), ('BUNDLED_DEBUGPY_PATH', '/home/joon/.vscode-server/extensions/ms-python.debugpy-2025.16.0-linux-x64/bundled/libs/debugpy'), ('VSCODE_PYTHON_AUTOACTIVATE_GUARD', '1'), ('DBUS_SESSION_BUS_ADDRESS', 'unix:path=/run/user/1000/bus'), ('COLORTERM', 'truecolor'), ('WSL_DISTRO_NAME', 'Ubuntu-22.04'), ('WAYLAND_DISPLAY', 'wayland-0'), ('COLCON_PREFIX_PATH', '/home/joon/mission_hard/mission_hard/install:/home/joon/automotive_software_final/install'), ('ROS_DISTRO', 'humble'), ('LOGNAME', 'joon'), ('NAME', 'Joon'), ('WSL_INTEROP', '/run/WSL/523_interop'), ('PULSE_SERVER', 'unix:/mnt/wslg/PulseServer'), ('_', '/usr/bin/colcon'), ('ROS_VERSION', '2'), ('CLAUDE_CODE_SSE_PORT', '20257'), ('TERM', 'xterm-256color'), ('ROS_LOCALHOST_ONLY', '0'), ('PATH', '/opt/ros/humble/bin:/usr/bin:/usr/bin:/home/joon/.vscode-server/data/User/globalStorage/github.copilot-chat/debugCommand:/home/joon/.vscode-server/data/User/globalStorage/github.copilot-chat/copilotCli:/home/joon/.vscode-server/bin/bf9252a2fb45be6893dd8870c0bf37e2e1766d61/bin/remote-cli:/home/joon/.local/bin:/usr/bin:/usr/bin:/usr/local/sbin:/usr/local/bin:/usr/sbin:/usr/bin:/sbin:/bin:/usr/games:/usr/local/games:/usr/lib/wsl/lib:/mnt/c/WINDOWS/system32:/mnt/c/WINDOWS:/mnt/c/WINDOWS/System32/Wbem:/mnt/c/WINDOWS/System32/WindowsPowerShell/v1.0/:/mnt/c/WINDOWS/System32/OpenSSH/:/mnt/c/Program Files/MATLAB/R2024b/bin:/mnt/c/Program Files/nodejs/:/mnt/c/Program Files/Git/cmd:/mnt/c/Users/ksyj0/AppData/Local/Programs/Python/Python312/Scripts/:/mnt/c/Users/ksyj0/AppData/Local/Programs/Python/Python312/:/mnt/c/Users/ksyj0/AppData/Local/Programs/Python/Launcher/:/mnt/c/Users/ksyj0/AppData/Local/Microsoft/WindowsApps:/mnt/c/Users/ksyj0/AppData/Local/Programs/Microsoft VS Code/bin:/mnt/c/Users/ksyj0/AppData/Roaming/npm:/mnt/c/Users/ksyj0/AppData/Local/SOOP:/mnt/c/Users/ksyj0/AppData/Local/Programs/Kiro/bin:/snap/bin:/home/joon/.vscode-server/extensions/ms-python.debugpy-2025.16.0-linux-x64/bundled/scripts/noConfigScripts'), ('XDG_RUNTIME_DIR', '/run/user/1000/'), ('DISPLAY', ':0'), ('VSCODE_DEBUGPY_ADAPTER_ENDPOINTS', '/home/joon/.vscode-server/extensions/ms-python.debugpy-2025.16.0-linux-x64/.noConfigDebugAdapterEndpoints/endpoint-5f6b0efddf9f6982.txt'), ('LANG', 'en_US.UTF-8'), ('PYTHONSTARTUP', '/home/joon/.vscode-server/data/User/workspaceStorage/6032d0949a26c1de4974618490f207f6-1/ms-python.python/pythonrc.py'), ('LS_COLORS', 'rs=0:di=01;34:ln=01;36:mh=00:pi=40;33:so=01;35:do=01;35:bd=40;33;01:cd=40;33;01:or=40;31;01:mi=00:su=37;41:sg=30;43:ca=30;41:tw=30;42:ow=34;42:st=37;44:ex=01;32:*.tar=01;31:*.tgz=01;31:*.arc=01;31:*.arj=01;31:*.taz=01;31:*.lha=01;31:*.lz4=01;31:*.lzh=01;31:*.lzma=01;31:*.tlz=01;31:*.txz=01;31:*.tzo=01;31:*.t7z=01;31:*.zip=01;31:*.z=01;31:*.dz=01;31:*.gz=01;31:*.lrz=01;31:*.lz=01;31:*.lzo=01;31:*.xz=01;31:*.zst=01;31:*.tzst=01;31:*.bz2=01;31:*.bz=01;31:*.tbz=01;31:*.tbz2=01;31:*.tz=01;31:*.deb=01;31:*.rpm=01;31:*.jar=01;31:*.war=01;31:*.ear=01;31:*.sar=01;31:*.rar=01;31:*.alz=01;31:*.ace=01;31:*.zoo=01;31:*.cpio=01;31:*.7z=01;31:*.rz=01;31:*.cab=01;31:*.wim=01;31:*.swm=01;31:*.dwm=01;31:*.esd=01;31:*.jpg=01;35:*.jpeg=01;35:*.mjpg=01;35:*.mjpeg=01;35:*.gif=01;35:*.bmp=01;35:*.pbm=01;35:*.pgm=01;35:*.ppm=01;35:*.tga=01;35:*.xbm=01;35:*.xpm=01;35:*.tif=01;35:*.tiff=01;35:*.png=01;35:*.svg=01;35:*.svgz=01;35:*.mng=01;35:*.pcx=01;35:*.mov=01;35:*.mpg=01;35:*.mpeg=01;35:*.m2v=01;35:*.mkv=01;35:*.webm=01;35:*.webp=01;35:*.ogm=01;35:*.mp4=01;35:*.m4v=01;35:*.mp4v=01;35:*.vob=01;35:*.qt=01;35:*.nuv=01;35:*.wmv=01;35:*.asf=01;35:*.rm=01;35:*.rmvb=01;35:*.flc=01;35:*.avi=01;35:*.fli=01;35:*.flv=01;35:*.gl=01;35:*.dl=01;35:*.xcf=01;35:*.xwd=01;35:*.yuv=01;35:*.cgm=01;35:*.emf=01;35:*.ogv=01;35:*.ogx=01;35:*.aac=00;36:*.au=00;36:*.flac=00;36:*.m4a=00;36:*.mid=00;36:*.midi=00;36:*.mka=00;36:*.mp3=00;36:*.mpc=00;36:*.ogg=00;36:*.ra=00;36:*.wav=00;36:*.oga=00;36:*.opus=00;36:*.spx=00;36:*.xspf=00;36:'), ('VSCODE_GIT_IPC_HANDLE', '/run/user/1000/vscode-git-167d3a068c.sock'), ('TERM_PROGRAM', 'vscode'), ('AMENT_PREFIX_PATH', '/home/joon/mission_hard/mission_hard/install/simulator:/home/joon/mission_hard/mission_hard/install/mission_manager:/home/joon/mission_hard/mission_hard/install/evaluation:/home/joon/mission_hard/mission_hard/install/autonomous_driving:/home/joon/mission_hard/mission_hard/install/ad_msgs:/home/joon/automotive_software_final/install/simulator:/home/joon/automotive_software_final/install/mission_manager:/home/joon/automotive_software_final/install/evaluation:/home/joon/automotive_software_final/install/autonomous_driving:/home/joon/automotive_software_final/install/ad_msgs:/opt/ros/humble'), ('SHELL', '/bin/bash'), ('LESSCLOSE', '/usr/bin/lesspipe %s %s'), ('VSCODE_GIT_ASKPASS_EXTRA_ARGS', ''), ('PWD', '/home/joon/mission_hard/mission_hard/build/ad_msgs'), ('ENABLE_IDE_INTEGRATION', 'true'), ('XDG_DATA_DIRS', '/usr/local/share:/usr/share:/var/lib/snapd/desktop'), ('PYTHONPATH', '/home/joon/mission_hard/mission_hard/install/ad_msgs/local/lib/python3.10/dist-packages:/home/joon/automotive_software_final/install/ad_msgs/local/lib/python3.10/dist-packages:/opt/ros/humble/lib/python3.10/site-packages:/opt/ros/humble/local/lib/python3.10/dist-packages'), ('COLCON', '1'), ('WSL2_GUI_APPS_ENABLED', '1'), ('HOSTTYPE', 'x86_64'), ('CMAKE_PREFIX_PATH', '/home/joon/mission_hard/mission_hard/install/simulator:/home/joon/mission_hard/mission_hard/install/mission_manager:/home/joon/mission_hard/mission_hard/install/evaluation:/home/joon/mission_hard/mission_hard/install/autonomous_driving:/home/joon/mission_hard/mission_hard/install/ad_msgs:/home/joon/automotive_software_final/install/simulator:/home/joon/automotive_software_final/install/mission_manager:/home/joon/automotive_software_final/install/evaluation:/home/joon/automotive_software_final/install/autonomous_driving:/home/joon/automotive_software_final/install/ad_msgs:/opt/ros/humble'), ('WSLENV', 'VSCODE_WSL_EXT_LOCATION/up')]), 'shell': False}
[0.056139] (ad_msgs) StdoutLine: {'line': b'[  0%] Built target ad_msgs__cpp\n'}
[0.060251] (ad_msgs) StdoutLine: {'line': b'[ 12%] Built target ad_msgs__rosidl_generator_c\n'}
[0.064717] (ad_msgs) StdoutLine: {'line': b'[ 12%] Built target ament_cmake_python_symlink_ad_msgs\n'}
[0.092504] (ad_msgs) StdoutLine: {'line': b'[ 24%] Built target ad_msgs__rosidl_typesupport_cpp\n'}
[0.099254] (-) TimerEvent: {}
[0.103374] (ad_msgs) StdoutLine: {'line': b'[ 50%] Built target ad_msgs__rosidl_typesupport_fastrtps_c\n'}
[0.105418] (ad_msgs) StdoutLine: {'line': b'[ 68%] Built target ad_msgs__rosidl_typesupport_introspection_c\n'}
[0.108701] (ad_msgs) StdoutLine: {'line': b'[ 68%] Built target ad_msgs__rosidl_typesupport_fastrtps_cpp\n'}
[0.108907] (ad_msgs) StdoutLine: {'line': b'[ 78%] Built target ad_msgs__rosidl_typesupport_introspection_cpp\n'}
[0.109343] (ad_msgs) StdoutLine: {'line': b'[ 82%] Built target ad_msgs__rosidl_typesupport_c\n'}
[0.136464] (ad_msgs) StdoutLine: {'line': b'[ 82%] Built target ad_msgs\n'}
[0.160841] (ad_msgs) StdoutLine: {'line': b'[ 83%] Built target ad_msgs__py\n'}
[0.187343] (ad_msgs) StdoutLine: {'line': b'[ 94%] Built target ad_msgs__rosidl_generator_py\n'}
[0.199437] (-) TimerEvent: {}
[0.209198] (ad_msgs) StdoutLine: {'line': b'[ 98%] Built target ad_msgs__rosidl_typesupport_fastrtps_c__pyext\n'}
[0.209398] (ad_msgs) StdoutLine: {'line': b'[ 98%] Built target ad_msgs__rosidl_typesupport_introspection_c__pyext\n'}
[0.210730] (ad_msgs) StdoutLine: {'line': b'[100%] Built target ad_msgs__rosidl_typesupport_c__pyext\n'}
[0.285499] (ad_msgs) StdoutLine: {'line': b'running egg_info\n'}
[0.285896] (ad_msgs) StdoutLine: {'line': b'writing ad_msgs.egg-info/PKG-INFO\n'}
[0.286230] (ad_msgs) StdoutLine: {'line': b'writing dependency_links to ad_msgs.egg-info/dependency_links.txt\n'}
[0.286291] (ad_msgs) StdoutLine: {'line': b'writing top-level names to ad_msgs.egg-info/top_level.txt\n'}
[0.287815] (ad_msgs) StdoutLine: {'line': b"reading manifest file 'ad_msgs.egg-info/SOURCES.txt'\n"}
[0.288161] (ad_msgs) StdoutLine: {'line': b"writing manifest file 'ad_msgs.egg-info/SOURCES.txt'\n"}
[0.299711] (-) TimerEvent: {}
[0.305869] (ad_msgs) StdoutLine: {'line': b'[100%] Built target ament_cmake_python_build_ad_msgs_egg\n'}
[0.315299] (ad_msgs) CommandEnded: {'returncode': 0}
[0.315917] (ad_msgs) JobProgress: {'identifier': 'ad_msgs', 'progress': 'install'}
[0.323238] (ad_msgs) Command: {'cmd': ['/usr/bin/cmake', '--install', '/home/joon/mission_hard/mission_hard/build/ad_msgs'], 'cwd': '/home/joon/mission_hard/mission_hard/build/ad_msgs', 'env': OrderedDict([('PYTHON_BASIC_REPL', '1'), ('LESSOPEN', '| /usr/bin/lesspipe %s'), ('USER', 'joon'), ('GIT_ASKPASS', '/home/joon/.vscode-server/bin/bf9252a2fb45be6893dd8870c0bf37e2e1766d61/extensions/git/dist/askpass.sh'), ('SHLVL', '1'), ('LD_LIBRARY_PATH', '/home/joon/mission_hard/mission_hard/install/ad_msgs/lib:/home/joon/automotive_software_final/install/ad_msgs/lib:/usr/lib/x86_64-linux-gnu/gazebo-11/plugins:/opt/ros/humble/opt/rviz_ogre_vendor/lib:/opt/ros/humble/lib/x86_64-linux-gnu:/opt/ros/humble/lib'), ('MOTD_SHOWN', 'update-motd'), ('HOME', '/home/joon'), ('OLDPWD', '/home/joon/mission_hard'), ('TERM_PROGRAM_VERSION', '1.106.3'), ('VSCODE_IPC_HOOK_CLI', '/run/user/1000/vscode-ipc-720ca6f3-2537-4b04-b3dc-21832d244e7e.sock'), ('ROS_PYTHON_VERSION', '3'), ('VSCODE_GIT_ASKPASS_MAIN', '/home/joon/.vscode-server/bin/bf9252a2fb45be6893dd8870c0bf37e2e1766d61/extensions/git/dist/askpass-main.js'), ('VSCODE_GIT_ASKPASS_NODE', '/home/joon/.vscode-server/bin/bf9252a2fb45be6893dd8870c0bf37e2e1766d61/node'), ('PYDEVD_DISABLE_FILE_VALIDATION', '1'), ('BUNDLED_DEBUGPY_PATH', '/home/joon/.vscode-server/extensions/ms-python.debugpy-2025.16.0-linux-x64/bundled/libs/debugpy'), ('VSCODE_PYTHON_AUTOACTIVATE_GUARD', '1'), ('DBUS_SESSION_BUS_ADDRESS', 'unix:path=/run/user/1000/bus'), ('COLORTERM', 'truecolor'), ('WSL_DISTRO_NAME', 'Ubuntu-22.04'), ('WAYLAND_DISPLAY', 'wayland-0'), ('COLCON_PREFIX_PATH', '/home/joon/mission_hard/mission_hard/install:/home/joon/automotive_software_final/install'), ('ROS_DISTRO', 'humble'), ('LOGNAME', 'joon'), ('NAME', 'Joon'), ('WSL_INTEROP', '/run/WSL/523_interop'), ('PULSE_SERVER', 'unix:/mnt/wslg/PulseServer'), ('_', '/usr/bin/colcon'), ('ROS_VERSION', '2'), ('CLAUDE_CODE_SSE_PORT', '20257'), ('TERM', 'xterm-256color'), ('ROS_LOCALHOST_ONLY', '0'), ('PATH', '/opt/ros/humble/bin:/usr/bin:/usr/bin:/home/joon/.vscode-server/data/User/globalStorage/github.copilot-chat/debugCommand:/home/joon/.vscode-server/data/User/globalStorage/github.copilot-chat/copilotCli:/home/joon/.vscode-server/bin/bf9252a2fb45be6893dd8870c0bf37e2e1766d61/bin/remote-cli:/home/joon/.local/bin:/usr/bin:/usr/bin:/usr/local/sbin:/usr/local/bin:/usr/sbin:/usr/bin:/sbin:/bin:/usr/games:/usr/local/games:/usr/lib/wsl/lib:/mnt/c/WINDOWS/system32:/mnt/c/WINDOWS:/mnt/c/WINDOWS/System32/Wbem:/mnt/c/WINDOWS/System32/WindowsPowerShell/v1.0/:/mnt/c/WINDOWS/System32/OpenSSH/:/mnt/c/Program Files/MATLAB/R2024b/bin:/mnt/c/Program Files/nodejs/:/mnt/c/Program Files/Git/cmd:/mnt/c/Users/ksyj0/AppData/Local/Programs/Python/Python312/Scripts/:/mnt/c/Users/ksyj0/AppData/Local/Programs/Python/Python312/:/mnt/c/Users/ksyj0/AppData/Local/Programs/Python/Launcher/:/mnt/c/Users/ksyj0/AppData/Local/Microsoft/WindowsApps:/mnt/c/Users/ksyj0/AppData/Local/Programs/Microsoft VS Code/bin:/mnt/c/Users/ksyj0/AppData/Roaming/npm:/mnt/c/Users/ksyj0/AppData/Local/SOOP:/mnt/c/Users/ksyj0/AppData/Local/Programs/Kiro/bin:/snap/bin:/home/joon/.vscode-server/extensions/ms-python.debugpy-2025.16.0-linux-x64/bundled/scripts/noConfigScripts'), ('XDG_RUNTIME_DIR', '/run/user/1000/'), ('DISPLAY', ':0'), ('VSCODE_DEBUGPY_ADAPTER_ENDPOINTS', '/home/joon/.vscode-server/extensions/ms-python.debugpy-2025.16.0-linux-x64/.noConfigDebugAdapterEndpoints/endpoint-5f6b0efddf9f6982.txt'), ('LANG', 'en_US.UTF-8'), ('PYTHONSTARTUP', '/home/joon/.vscode-server/data/User/workspaceStorage/6032d0949a26c1de4974618490f207f6-1/ms-python.python/pythonrc.py'), ('LS_COLORS', 'rs=0:di=01;34:ln=01;36:mh=00:pi=40;33:so=01;35:do=01;35:bd=40;33;01:cd=40;33;01:or=40;31;01:mi=00:su=37;41:sg=30;43:ca=30;41:tw=30;42:ow=34;42:st=37;44:ex=01;32:*.tar=01;31:*.tgz=01;31:*.arc=01;31:*.arj=01;31:*.taz=01;31:*.lha=01;31:*.lz4=01;31:*.lzh=01;31:*.lzma=01;31:*.tlz=01;31:*.txz=01;31:*.tzo=01;31:*.t7z=01;31:*.zip=01;31:*.z=01;31:*.dz=01;31:*.gz=01;31:*.lrz=01;31:*.lz=01;31:*.lzo=01;31:*.xz=01;31:*.zst=01;31:*.tzst=01;31:*.bz2=01;31:*.bz=01;31:*.tbz=01;31:*.tbz2=01;31:*.tz=01;31:*.deb=01;31:*.rpm=01;31:*.jar=01;31:*.war=01;31:*.ear=01;31:*.sar=01;31:*.rar=01;31:*.alz=01;31:*.ace=01;31:*.zoo=01;31:*.cpio=01;31:*.7z=01;31:*.rz=01;31:*.cab=01;31:*.wim=01;31:*.swm=01;31:*.dwm=01;31:*.esd=01;31:*.jpg=01;35:*.jpeg=01;35:*.mjpg=01;35:*.mjpeg=01;35:*.gif=01;35:*.bmp=01;35:*.pbm=01;35:*.pgm=01;35:*.ppm=01;35:*.tga=01;35:*.xbm=01;35:*.xpm=01;35:*.tif=01;35:*.tiff=01;35:*.png=01;35:*.svg=01;35:*.svgz=01;35:*.mng=01;35:*.pcx=01;35:*.mov=01;35:*.mpg=01;35:*.mpeg=01;35:*.m2v=01;35:*.mkv=01;35:*.webm=01;35:*.webp=01;35:*.ogm=01;35:*.mp4=01;35:*.m4v=01;35:*.mp4v=01;35:*.vob=01;35:*.qt=01;35:*.nuv=01;35:*.wmv=01;35:*.asf=01;35:*.rm=01;35:*.rmvb=01;35:*.flc=01;35:*.avi=01;35:*.fli=01;35:*.flv=01;35:*.gl=01;35:*.dl=01;35:*.xcf=01;35:*.xwd=01;35:*.yuv=01;35:*.cgm=01;35:*.emf=01;35:*.ogv=01;35:*.ogx=01;35:*.aac=00;36:*.au=00;36:*.flac=00;36:*.m4a=00;36:*.mid=00;36:*.midi=00;36:*.mka=00;36:*.mp3=00;36:*.mpc=00;36:*.ogg=00;36:*.ra=00;36:*.wav=00;36:*.oga=00;36:*.opus=00;36:*.spx=00;36:*.xspf=00;36:'), ('VSCODE_GIT_IPC_HANDLE', '/run/user/1000/vscode-git-167d3a068c.sock'), ('TERM_PROGRAM', 'vscode'), ('AMENT_PREFIX_PATH', '/home/joon/mission_hard/mission_hard/install/simulator:/home/joon/mission_hard/mission_hard/install/mission_manager:/home/joon/mission_hard/mission_hard/install/evaluation:/home/joon/mission_hard/mission_hard/install/autonomous_driving:/home/joon/mission_hard/mission_hard/install/ad_msgs:/home/joon/automotive_software_final/install/simulator:/home/joon/automotive_software_final/install/mission_manager:/home/joon/automotive_software_final/install/evaluation:/home/joon/automotive_software_final/install/autonomous_driving:/home/joon/automotive_software_final/install/ad_msgs:/opt/ros/humble'), ('SHELL', '/bin/bash'), ('LESSCLOSE', '/usr/bin/lesspipe %s %s'), ('VSCODE_GIT_ASKPASS_EXTRA_ARGS', ''), ('PWD', '/home/joon/mission_hard/mission_hard/build/ad_msgs'), ('ENABLE_IDE_INTEGRATION', 'true'), ('XDG_DATA_DIRS', '/usr/local/share:/usr/share:/var/lib/snapd/desktop'), ('PYTHONPATH', '/home/joon/mission_hard/mission_hard/install/ad_msgs/local/lib/python3.10/dist-packages:/home/joon/automotive_software_final/install/ad_msgs/local/lib/python3.10/dist-packages:/opt/ros/humble/lib/python3.10/site-packages:/opt/ros/humble/local/lib/python3.10/dist-packages'), ('COLCON', '1'), ('WSL2_GUI_APPS_ENABLED', '1'), ('HOSTTYPE', 'x86_64'), ('CMAKE_PREFIX_PATH', '/home/joon/mission_hard/mission_hard/install/simulator:/home/joon/mission_hard/mission_hard/install/mission_manager:/home/joon/mission_hard/mission_hard/install/evaluation:/home/joon/mission_hard/mission_hard/install/autonomous_driving:/home/joon/mission_hard/mission_hard/install/ad_msgs:/home/joon/automotive_software_final/install/simulator:/home/joon/automotive_software_final/install/mission_manager:/home/joon/automotive_software_final/install/evaluation:/home/joon/automotive_software_final/install/autonomous_driving:/home/joon/automotive_software_final/install/ad_msgs:/opt/ros/humble'), ('WSLENV', 'VSCODE_WSL_EXT_LOCATION/up')]), 'shell': False}
[0.328677] (ad_msgs) StdoutLine: {'line': b'-- Install configuration: ""\n'}
[0.329028] (ad_msgs) StdoutLine: {'line': b'-- Execute custom install script\n'}
[0.329195] (ad_msgs) StdoutLine: {'line': b'-- Up-to-date symlink: /home/joon/mission_hard/mission_hard/install/ad_msgs/share/ament_index/resource_index/rosidl_interfaces/ad_msgs\n'}
[0.329724] (ad_msgs) StdoutLine: {'line': b'-- Up-to-date symlink: /home/joon/mission_hard/mission_hard/install/ad_msgs/include/ad_msgs/ad_msgs/msg/detail/lane_point_data__functions.h\n'}
[0.329925] (ad_msgs) StdoutLine: {'line': b'-- Up-to-date symlink: /home/joon/mission_hard/mission_hard/install/ad_msgs/include/ad_msgs/ad_msgs/msg/detail/lane_point_data__struct.h\n'}
[0.330130] (ad_msgs) StdoutLine: {'line': b'-- Up-to-date symlink: /home/joon/mission_hard/mission_hard/install/ad_msgs/include/ad_msgs/ad_msgs/msg/detail/lane_point_data__type_support.h\n'}
[0.330205] (ad_msgs) StdoutLine: {'line': b'-- Up-to-date symlink: /home/joon/mission_hard/mission_hard/install/ad_msgs/include/ad_msgs/ad_msgs/msg/detail/lane_point_data_array__functions.h\n'}
[0.330410] (ad_msgs) StdoutLine: {'line': b'-- Up-to-date symlink: /home/joon/mission_hard/mission_hard/install/ad_msgs/include/ad_msgs/ad_msgs/msg/detail/lane_point_data_array__struct.h\n'}
[0.330463] (ad_msgs) StdoutLine: {'line': b'-- Up-to-date symlink: /home/joon/mission_hard/mission_hard/install/ad_msgs/include/ad_msgs/ad_msgs/msg/detail/lane_point_data_array__type_support.h\n'}
[0.330538] (ad_msgs) StdoutLine: {'line': b'-- Up-to-date symlink: /home/joon/mission_hard/mission_hard/install/ad_msgs/include/ad_msgs/ad_msgs/msg/detail/mission__functions.h\n'}
[0.330620] (ad_msgs) StdoutLine: {'line': b'-- Up-to-date symlink: /home/joon/mission_hard/mission_hard/install/ad_msgs/include/ad_msgs/ad_msgs/msg/detail/mission__struct.h\n'}
[0.330681] (ad_msgs) StdoutLine: {'line': b'-- Up-to-date symlink: /home/joon/mission_hard/mission_hard/install/ad_msgs/include/ad_msgs/ad_msgs/msg/detail/mission__type_support.h\n'}
[0.330804] (ad_msgs) StdoutLine: {'line': b'-- Up-to-date symlink: /home/joon/mission_hard/mission_hard/install/ad_msgs/include/ad_msgs/ad_msgs/msg/detail/mission_display__functions.h\n'}
[0.330866] (ad_msgs) StdoutLine: {'line': b'-- Up-to-date symlink: /home/joon/mission_hard/mission_hard/install/ad_msgs/include/ad_msgs/ad_msgs/msg/detail/mission_display__struct.h\n'}
[0.331089] (ad_msgs) StdoutLine: {'line': b'-- Up-to-date symlink: /home/joon/mission_hard/mission_hard/install/ad_msgs/include/ad_msgs/ad_msgs/msg/detail/mission_display__type_support.h\n'}
[0.331270] (ad_msgs) StdoutLine: {'line': b'-- Up-to-date symlink: /home/joon/mission_hard/mission_hard/install/ad_msgs/include/ad_msgs/ad_msgs/msg/detail/mission_object__functions.h\n'}
[0.331319] (ad_msgs) StdoutLine: {'line': b'-- Up-to-date symlink: /home/joon/mission_hard/mission_hard/install/ad_msgs/include/ad_msgs/ad_msgs/msg/detail/mission_object__struct.h\n'}
[0.331404] (ad_msgs) StdoutLine: {'line': b'-- Up-to-date symlink: /home/joon/mission_hard/mission_hard/install/ad_msgs/include/ad_msgs/ad_msgs/msg/detail/mission_object__type_support.h\n'}
[0.331486] (ad_msgs) StdoutLine: {'line': b'-- Up-to-date symlink: /home/joon/mission_hard/mission_hard/install/ad_msgs/include/ad_msgs/ad_msgs/msg/detail/mission_region__functions.h\n'}
[0.331547] (ad_msgs) StdoutLine: {'line': b'-- Up-to-date symlink: /home/joon/mission_hard/mission_hard/install/ad_msgs/include/ad_msgs/ad_msgs/msg/detail/mission_region__struct.h\n'}
[0.331609] (ad_msgs) StdoutLine: {'line': b'-- Up-to-date symlink: /home/joon/mission_hard/mission_hard/install/ad_msgs/include/ad_msgs/ad_msgs/msg/detail/mission_region__type_support.h\n'}
[0.331692] (ad_msgs) StdoutLine: {'line': b'-- Up-to-date symlink: /home/joon/mission_hard/mission_hard/install/ad_msgs/include/ad_msgs/ad_msgs/msg/detail/polyfit_lane_data__functions.h\n'}
[0.331772] (ad_msgs) StdoutLine: {'line': b'-- Up-to-date symlink: /home/joon/mission_hard/mission_hard/install/ad_msgs/include/ad_msgs/ad_msgs/msg/detail/polyfit_lane_data__struct.h\n'}
[0.331858] (ad_msgs) StdoutLine: {'line': b'-- Up-to-date symlink: /home/joon/mission_hard/mission_hard/install/ad_msgs/include/ad_msgs/ad_msgs/msg/detail/polyfit_lane_data__type_support.h\n'}
[0.331938] (ad_msgs) StdoutLine: {'line': b'-- Up-to-date symlink: /home/joon/mission_hard/mission_hard/install/ad_msgs/include/ad_msgs/ad_msgs/msg/detail/polyfit_lane_data_array__functions.h\n'}
[0.331979] (ad_msgs) StdoutLine: {'line': b'-- Up-to-date symlink: /home/joon/mission_hard/mission_hard/install/ad_msgs/include/ad_msgs/ad_msgs/msg/detail/polyfit_lane_data_array__struct.h\n'}
[0.332133] (ad_msgs) StdoutLine: {'line': b'-- Up-to-date symlink: /home/joon/mission_hard/mission_hard/install/ad_msgs/include/ad_msgs/ad_msgs/msg/detail/polyfit_lane_data_array__type_support.h\n'}
[0.332173] (ad_msgs) StdoutLine: {'line': b'-- Up-to-date symlink: /home/joon/mission_hard/mission_hard/install/ad_msgs/include/ad_msgs/ad_msgs/msg/detail/vehicle_command__functions.h\n'}
[0.332200] (ad_msgs) StdoutLine: {'line': b'-- Up-to-date symlink: /home/joon/mission_hard/mission_hard/install/ad_msgs/include/ad_msgs/ad_msgs/msg/detail/vehicle_command__struct.h\n'}
[0.332362] (ad_msgs) StdoutLine: {'line': b'-- Up-to-date symlink: /home/joon/mission_hard/mission_hard/install/ad_msgs/include/ad_msgs/ad_msgs/msg/detail/vehicle_command__type_support.h\n'}
[0.332405] (ad_msgs) StdoutLine: {'line': b'-- Up-to-date symlink: /home/joon/mission_hard/mission_hard/install/ad_msgs/include/ad_msgs/ad_msgs/msg/detail/vehicle_state__functions.h\n'}
[0.332489] (ad_msgs) StdoutLine: {'line': b'-- Up-to-date symlink: /home/joon/mission_hard/mission_hard/install/ad_msgs/include/ad_msgs/ad_msgs/msg/detail/vehicle_state__struct.h\n'}
[0.332537] (ad_msgs) StdoutLine: {'line': b'-- Up-to-date symlink: /home/joon/mission_hard/mission_hard/install/ad_msgs/include/ad_msgs/ad_msgs/msg/detail/vehicle_state__type_support.h\n'}
[0.332589] (ad_msgs) StdoutLine: {'line': b'-- Up-to-date symlink: /home/joon/mission_hard/mission_hard/install/ad_msgs/include/ad_msgs/ad_msgs/msg/lane_point_data.h\n'}
[0.332740] (ad_msgs) StdoutLine: {'line': b'-- Up-to-date symlink: /home/joon/mission_hard/mission_hard/install/ad_msgs/include/ad_msgs/ad_msgs/msg/lane_point_data_array.h\n'}
[0.332837] (ad_msgs) StdoutLine: {'line': b'-- Up-to-date symlink: /home/joon/mission_hard/mission_hard/install/ad_msgs/include/ad_msgs/ad_msgs/msg/mission.h\n'}
[0.332878] (ad_msgs) StdoutLine: {'line': b'-- Up-to-date symlink: /home/joon/mission_hard/mission_hard/install/ad_msgs/include/ad_msgs/ad_msgs/msg/mission_display.h\n'}
[0.332963] (ad_msgs) StdoutLine: {'line': b'-- Up-to-date symlink: /home/joon/mission_hard/mission_hard/install/ad_msgs/include/ad_msgs/ad_msgs/msg/mission_object.h\n'}
[0.333066] (ad_msgs) StdoutLine: {'line': b'-- Up-to-date symlink: /home/joon/mission_hard/mission_hard/install/ad_msgs/include/ad_msgs/ad_msgs/msg/mission_region.h\n'}
[0.333095] (ad_msgs) StdoutLine: {'line': b'-- Up-to-date symlink: /home/joon/mission_hard/mission_hard/install/ad_msgs/include/ad_msgs/ad_msgs/msg/polyfit_lane_data.h\n'}
[0.333122] (ad_msgs) StdoutLine: {'line': b'-- Up-to-date symlink: /home/joon/mission_hard/mission_hard/install/ad_msgs/include/ad_msgs/ad_msgs/msg/polyfit_lane_data_array.h\n'}
[0.333293] (ad_msgs) StdoutLine: {'line': b'-- Up-to-date symlink: /home/joon/mission_hard/mission_hard/install/ad_msgs/include/ad_msgs/ad_msgs/msg/rosidl_generator_c__visibility_control.h\n'}
[0.333382] (ad_msgs) StdoutLine: {'line': b'-- Up-to-date symlink: /home/joon/mission_hard/mission_hard/install/ad_msgs/include/ad_msgs/ad_msgs/msg/vehicle_command.h\n'}
[0.333466] (ad_msgs) StdoutLine: {'line': b'-- Up-to-date symlink: /home/joon/mission_hard/mission_hard/install/ad_msgs/include/ad_msgs/ad_msgs/msg/vehicle_state.h\n'}
[0.333550] (ad_msgs) StdoutLine: {'line': b'-- Up-to-date symlink: /home/joon/mission_hard/mission_hard/install/ad_msgs/share/ad_msgs/environment/library_path.sh\n'}
[0.333617] (ad_msgs) StdoutLine: {'line': b'-- Up-to-date symlink: /home/joon/mission_hard/mission_hard/install/ad_msgs/share/ad_msgs/environment/library_path.dsv\n'}
[0.333801] (ad_msgs) StdoutLine: {'line': b'-- Up-to-date symlink: /home/joon/mission_hard/mission_hard/install/ad_msgs/include/ad_msgs/ad_msgs/msg/detail/lane_point_data__rosidl_typesupport_fastrtps_c.h\n'}
[0.333883] (ad_msgs) StdoutLine: {'line': b'-- Up-to-date symlink: /home/joon/mission_hard/mission_hard/install/ad_msgs/include/ad_msgs/ad_msgs/msg/detail/lane_point_data_array__rosidl_typesupport_fastrtps_c.h\n'}
[0.334025] (ad_msgs) StdoutLine: {'line': b'-- Up-to-date symlink: /home/joon/mission_hard/mission_hard/install/ad_msgs/include/ad_msgs/ad_msgs/msg/detail/mission__rosidl_typesupport_fastrtps_c.h\n'}
[0.334076] (ad_msgs) StdoutLine: {'line': b'-- Up-to-date symlink: /home/joon/mission_hard/mission_hard/install/ad_msgs/include/ad_msgs/ad_msgs/msg/detail/mission_display__rosidl_typesupport_fastrtps_c.h\n'}
[0.334285] (ad_msgs) StdoutLine: {'line': b'-- Up-to-date symlink: /home/joon/mission_hard/mission_hard/install/ad_msgs/include/ad_msgs/ad_msgs/msg/detail/mission_object__rosidl_typesupport_fastrtps_c.h\n'}
[0.334364] (ad_msgs) StdoutLine: {'line': b'-- Up-to-date symlink: /home/joon/mission_hard/mission_hard/install/ad_msgs/include/ad_msgs/ad_msgs/msg/detail/mission_region__rosidl_typesupport_fastrtps_c.h\n'}
[0.334431] (ad_msgs) StdoutLine: {'line': b'-- Up-to-date symlink: /home/joon/mission_hard/mission_hard/install/ad_msgs/include/ad_msgs/ad_msgs/msg/detail/polyfit_lane_data__rosidl_typesupport_fastrtps_c.h\n'}
[0.334560] (ad_msgs) StdoutLine: {'line': b'-- Up-to-date symlink: /home/joon/mission_hard/mission_hard/install/ad_msgs/include/ad_msgs/ad_msgs/msg/detail/polyfit_lane_data_array__rosidl_typesupport_fastrtps_c.h\n'}
[0.334633] (ad_msgs) StdoutLine: {'line': b'-- Up-to-date symlink: /home/joon/mission_hard/mission_hard/install/ad_msgs/include/ad_msgs/ad_msgs/msg/detail/vehicle_command__rosidl_typesupport_fastrtps_c.h\n'}
[0.334757] (ad_msgs) StdoutLine: {'line': b'-- Up-to-date symlink: /home/joon/mission_hard/mission_hard/install/ad_msgs/include/ad_msgs/ad_msgs/msg/detail/vehicle_state__rosidl_typesupport_fastrtps_c.h\n'}
[0.334792] (ad_msgs) StdoutLine: {'line': b'-- Up-to-date symlink: /home/joon/mission_hard/mission_hard/install/ad_msgs/include/ad_msgs/ad_msgs/msg/rosidl_typesupport_fastrtps_c__visibility_control.h\n'}
[0.334822] (ad_msgs) StdoutLine: {'line': b'-- Up-to-date symlink: /home/joon/mission_hard/mission_hard/install/ad_msgs/include/ad_msgs/ad_msgs/msg/detail/lane_point_data__rosidl_typesupport_introspection_c.h\n'}
[0.334848] (ad_msgs) StdoutLine: {'line': b'-- Up-to-date symlink: /home/joon/mission_hard/mission_hard/install/ad_msgs/include/ad_msgs/ad_msgs/msg/detail/lane_point_data_array__rosidl_typesupport_introspection_c.h\n'}
[0.335008] (ad_msgs) StdoutLine: {'line': b'-- Up-to-date symlink: /home/joon/mission_hard/mission_hard/install/ad_msgs/include/ad_msgs/ad_msgs/msg/detail/mission__rosidl_typesupport_introspection_c.h\n'}
[0.335083] (ad_msgs) StdoutLine: {'line': b'-- Up-to-date symlink: /home/joon/mission_hard/mission_hard/install/ad_msgs/include/ad_msgs/ad_msgs/msg/detail/mission_display__rosidl_typesupport_introspection_c.h\n'}
[0.335281] (ad_msgs) StdoutLine: {'line': b'-- Up-to-date symlink: /home/joon/mission_hard/mission_hard/install/ad_msgs/include/ad_msgs/ad_msgs/msg/detail/mission_object__rosidl_typesupport_introspection_c.h\n'}
[0.335424] (ad_msgs) StdoutLine: {'line': b'-- Up-to-date symlink: /home/joon/mission_hard/mission_hard/install/ad_msgs/include/ad_msgs/ad_msgs/msg/detail/mission_region__rosidl_typesupport_introspection_c.h\n'}
[0.335503] (ad_msgs) StdoutLine: {'line': b'-- Up-to-date symlink: /home/joon/mission_hard/mission_hard/install/ad_msgs/include/ad_msgs/ad_msgs/msg/detail/polyfit_lane_data__rosidl_typesupport_introspection_c.h\n'}
[0.335637] (ad_msgs) StdoutLine: {'line': b'-- Up-to-date symlink: /home/joon/mission_hard/mission_hard/install/ad_msgs/include/ad_msgs/ad_msgs/msg/detail/polyfit_lane_data_array__rosidl_typesupport_introspection_c.h\n'}
[0.335688] (ad_msgs) StdoutLine: {'line': b'-- Up-to-date symlink: /home/joon/mission_hard/mission_hard/install/ad_msgs/include/ad_msgs/ad_msgs/msg/detail/vehicle_command__rosidl_typesupport_introspection_c.h\n'}
[0.335716] (ad_msgs) StdoutLine: {'line': b'-- Up-to-date symlink: /home/joon/mission_hard/mission_hard/install/ad_msgs/include/ad_msgs/ad_msgs/msg/detail/vehicle_state__rosidl_typesupport_introspection_c.h\n'}
[0.335743] (ad_msgs) StdoutLine: {'line': b'-- Up-to-date symlink: /home/joon/mission_hard/mission_hard/install/ad_msgs/include/ad_msgs/ad_msgs/msg/rosidl_typesupport_introspection_c__visibility_control.h\n'}
[0.336062] (ad_msgs) StdoutLine: {'line': b'-- Up-to-date symlink: /home/joon/mission_hard/mission_hard/install/ad_msgs/include/ad_msgs/ad_msgs/msg/detail/lane_point_data__builder.hpp\n'}
[0.336219] (ad_msgs) StdoutLine: {'line': b'-- Up-to-date symlink: /home/joon/mission_hard/mission_hard/install/ad_msgs/include/ad_msgs/ad_msgs/msg/detail/lane_point_data__struct.hpp\n'}
[0.336396] (ad_msgs) StdoutLine: {'line': b'-- Up-to-date symlink: /home/joon/mission_hard/mission_hard/install/ad_msgs/include/ad_msgs/ad_msgs/msg/detail/lane_point_data__traits.hpp\n'}
[0.336522] (ad_msgs) StdoutLine: {'line': b'-- Up-to-date symlink: /home/joon/mission_hard/mission_hard/install/ad_msgs/include/ad_msgs/ad_msgs/msg/detail/lane_point_data__type_support.hpp\n'}
[0.336670] (ad_msgs) StdoutLine: {'line': b'-- Up-to-date symlink: /home/joon/mission_hard/mission_hard/install/ad_msgs/include/ad_msgs/ad_msgs/msg/detail/lane_point_data_array__builder.hpp\n'}
[0.336749] (ad_msgs) StdoutLine: {'line': b'-- Up-to-date symlink: /home/joon/mission_hard/mission_hard/install/ad_msgs/include/ad_msgs/ad_msgs/msg/detail/lane_point_data_array__struct.hpp\n'}
[0.336815] (ad_msgs) StdoutLine: {'line': b'-- Up-to-date symlink: /home/joon/mission_hard/mission_hard/install/ad_msgs/include/ad_msgs/ad_msgs/msg/detail/lane_point_data_array__traits.hpp\n'}
[0.337020] (ad_msgs) StdoutLine: {'line': b'-- Up-to-date symlink: /home/joon/mission_hard/mission_hard/install/ad_msgs/include/ad_msgs/ad_msgs/msg/detail/lane_point_data_array__type_support.hpp\n'}
[0.337280] (ad_msgs) StdoutLine: {'line': b'-- Up-to-date symlink: /home/joon/mission_hard/mission_hard/install/ad_msgs/include/ad_msgs/ad_msgs/msg/detail/mission__builder.hpp\n'}
[0.337407] (ad_msgs) StdoutLine: {'line': b'-- Up-to-date symlink: /home/joon/mission_hard/mission_hard/install/ad_msgs/include/ad_msgs/ad_msgs/msg/detail/mission__struct.hpp\n'}
[0.337613] (ad_msgs) StdoutLine: {'line': b'-- Up-to-date symlink: /home/joon/mission_hard/mission_hard/install/ad_msgs/include/ad_msgs/ad_msgs/msg/detail/mission__traits.hpp\n'}
[0.337762] (ad_msgs) StdoutLine: {'line': b'-- Up-to-date symlink: /home/joon/mission_hard/mission_hard/install/ad_msgs/include/ad_msgs/ad_msgs/msg/detail/mission__type_support.hpp\n'}
[0.338030] (ad_msgs) StdoutLine: {'line': b'-- Up-to-date symlink: /home/joon/mission_hard/mission_hard/install/ad_msgs/include/ad_msgs/ad_msgs/msg/detail/mission_display__builder.hpp\n'}
[0.338127] (ad_msgs) StdoutLine: {'line': b'-- Up-to-date symlink: /home/joon/mission_hard/mission_hard/install/ad_msgs/include/ad_msgs/ad_msgs/msg/detail/mission_display__struct.hpp\n'}
[0.338205] (ad_msgs) StdoutLine: {'line': b'-- Up-to-date symlink: /home/joon/mission_hard/mission_hard/install/ad_msgs/include/ad_msgs/ad_msgs/msg/detail/mission_display__traits.hpp\n'}
[0.338357] (ad_msgs) StdoutLine: {'line': b'-- Up-to-date symlink: /home/joon/mission_hard/mission_hard/install/ad_msgs/include/ad_msgs/ad_msgs/msg/detail/mission_display__type_support.hpp\n'}
[0.338427] (ad_msgs) StdoutLine: {'line': b'-- Up-to-date symlink: /home/joon/mission_hard/mission_hard/install/ad_msgs/include/ad_msgs/ad_msgs/msg/detail/mission_object__builder.hpp\n'}
[0.338481] (ad_msgs) StdoutLine: {'line': b'-- Up-to-date symlink: /home/joon/mission_hard/mission_hard/install/ad_msgs/include/ad_msgs/ad_msgs/msg/detail/mission_object__struct.hpp\n'}
[0.338530] (ad_msgs) StdoutLine: {'line': b'-- Up-to-date symlink: /home/joon/mission_hard/mission_hard/install/ad_msgs/include/ad_msgs/ad_msgs/msg/detail/mission_object__traits.hpp\n'}
[0.338721] (ad_msgs) StdoutLine: {'line': b'-- Up-to-date symlink: /home/joon/mission_hard/mission_hard/install/ad_msgs/include/ad_msgs/ad_msgs/msg/detail/mission_object__type_support.hpp\n'}
[0.338775] (ad_msgs) StdoutLine: {'line': b'-- Up-to-date symlink: /home/joon/mission_hard/mission_hard/install/ad_msgs/include/ad_msgs/ad_msgs/msg/detail/mission_region__builder.hpp\n'}
[0.338830] (ad_msgs) StdoutLine: {'line': b'-- Up-to-date symlink: /home/joon/mission_hard/mission_hard/install/ad_msgs/include/ad_msgs/ad_msgs/msg/detail/mission_region__struct.hpp\n'}
[0.339005] (ad_msgs) StdoutLine: {'line': b'-- Up-to-date symlink: /home/joon/mission_hard/mission_hard/install/ad_msgs/include/ad_msgs/ad_msgs/msg/detail/mission_region__traits.hpp\n'}
[0.339141] (ad_msgs) StdoutLine: {'line': b'-- Up-to-date symlink: /home/joon/mission_hard/mission_hard/install/ad_msgs/include/ad_msgs/ad_msgs/msg/detail/mission_region__type_support.hpp\n'}
[0.339194] (ad_msgs) StdoutLine: {'line': b'-- Up-to-date symlink: /home/joon/mission_hard/mission_hard/install/ad_msgs/include/ad_msgs/ad_msgs/msg/detail/polyfit_lane_data__builder.hpp\n'}
[0.339242] (ad_msgs) StdoutLine: {'line': b'-- Up-to-date symlink: /home/joon/mission_hard/mission_hard/install/ad_msgs/include/ad_msgs/ad_msgs/msg/detail/polyfit_lane_data__struct.hpp\n'}
[0.339316] (ad_msgs) StdoutLine: {'line': b'-- Up-to-date symlink: /home/joon/mission_hard/mission_hard/install/ad_msgs/include/ad_msgs/ad_msgs/msg/detail/polyfit_lane_data__traits.hpp\n'}
[0.339380] (ad_msgs) StdoutLine: {'line': b'-- Up-to-date symlink: /home/joon/mission_hard/mission_hard/install/ad_msgs/include/ad_msgs/ad_msgs/msg/detail/polyfit_lane_data__type_support.hpp\n'}
[0.339561] (ad_msgs) StdoutLine: {'line': b'-- Up-to-date symlink: /home/joon/mission_hard/mission_hard/install/ad_msgs/include/ad_msgs/ad_msgs/msg/detail/polyfit_lane_data_array__builder.hpp\n'}
[0.339610] (ad_msgs) StdoutLine: {'line': b'-- Up-to-date symlink: /home/joon/mission_hard/mission_hard/install/ad_msgs/include/ad_msgs/ad_msgs/msg/detail/polyfit_lane_data_array__struct.hpp\n'}
[0.339637] (ad_msgs) StdoutLine: {'line': b'-- Up-to-date symlink: /home/joon/mission_hard/mission_hard/install/ad_msgs/include/ad_msgs/ad_msgs/msg/detail/polyfit_lane_data_array__traits.hpp\n'}
[0.339664] (ad_msgs) StdoutLine: {'line': b'-- Up-to-date symlink: /home/joon/mission_hard/mission_hard/install/ad_msgs/include/ad_msgs/ad_msgs/msg/detail/polyfit_lane_data_array__type_support.hpp\n'}
[0.339689] (ad_msgs) StdoutLine: {'line': b'-- Up-to-date symlink: /home/joon/mission_hard/mission_hard/install/ad_msgs/include/ad_msgs/ad_msgs/msg/detail/vehicle_command__builder.hpp\n'}
[0.339718] (ad_msgs) StdoutLine: {'line': b'-- Up-to-date symlink: /home/joon/mission_hard/mission_hard/install/ad_msgs/include/ad_msgs/ad_msgs/msg/detail/vehicle_command__struct.hpp\n'}
[0.339742] (ad_msgs) StdoutLine: {'line': b'-- Up-to-date symlink: /home/joon/mission_hard/mission_hard/install/ad_msgs/include/ad_msgs/ad_msgs/msg/detail/vehicle_command__traits.hpp\n'}
[0.339925] (ad_msgs) StdoutLine: {'line': b'-- Up-to-date symlink: /home/joon/mission_hard/mission_hard/install/ad_msgs/include/ad_msgs/ad_msgs/msg/detail/vehicle_command__type_support.hpp\n'}
[0.340148] (ad_msgs) StdoutLine: {'line': b'-- Up-to-date symlink: /home/joon/mission_hard/mission_hard/install/ad_msgs/include/ad_msgs/ad_msgs/msg/detail/vehicle_state__builder.hpp\n'}
[0.340184] (ad_msgs) StdoutLine: {'line': b'-- Up-to-date symlink: /home/joon/mission_hard/mission_hard/install/ad_msgs/include/ad_msgs/ad_msgs/msg/detail/vehicle_state__struct.hpp\n'}
[0.340210] (ad_msgs) StdoutLine: {'line': b'-- Up-to-date symlink: /home/joon/mission_hard/mission_hard/install/ad_msgs/include/ad_msgs/ad_msgs/msg/detail/vehicle_state__traits.hpp\n'}
[0.340235] (ad_msgs) StdoutLine: {'line': b'-- Up-to-date symlink: /home/joon/mission_hard/mission_hard/install/ad_msgs/include/ad_msgs/ad_msgs/msg/detail/vehicle_state__type_support.hpp\n'}
[0.340284] (ad_msgs) StdoutLine: {'line': b'-- Up-to-date symlink: /home/joon/mission_hard/mission_hard/install/ad_msgs/include/ad_msgs/ad_msgs/msg/lane_point_data.hpp\n'}
[0.340341] (ad_msgs) StdoutLine: {'line': b'-- Up-to-date symlink: /home/joon/mission_hard/mission_hard/install/ad_msgs/include/ad_msgs/ad_msgs/msg/lane_point_data_array.hpp\n'}
[0.340371] (ad_msgs) StdoutLine: {'line': b'-- Up-to-date symlink: /home/joon/mission_hard/mission_hard/install/ad_msgs/include/ad_msgs/ad_msgs/msg/mission.hpp\n'}
[0.340542] (ad_msgs) StdoutLine: {'line': b'-- Up-to-date symlink: /home/joon/mission_hard/mission_hard/install/ad_msgs/include/ad_msgs/ad_msgs/msg/mission_display.hpp\n'}
[0.340791] (ad_msgs) StdoutLine: {'line': b'-- Up-to-date symlink: /home/joon/mission_hard/mission_hard/install/ad_msgs/include/ad_msgs/ad_msgs/msg/mission_object.hpp\n'}
[0.340843] (ad_msgs) StdoutLine: {'line': b'-- Up-to-date symlink: /home/joon/mission_hard/mission_hard/install/ad_msgs/include/ad_msgs/ad_msgs/msg/mission_region.hpp\n'}
[0.340872] (ad_msgs) StdoutLine: {'line': b'-- Up-to-date symlink: /home/joon/mission_hard/mission_hard/install/ad_msgs/include/ad_msgs/ad_msgs/msg/polyfit_lane_data.hpp\n'}
[0.340931] (ad_msgs) StdoutLine: {'line': b'-- Up-to-date symlink: /home/joon/mission_hard/mission_hard/install/ad_msgs/include/ad_msgs/ad_msgs/msg/polyfit_lane_data_array.hpp\n'}
[0.341075] (ad_msgs) StdoutLine: {'line': b'-- Up-to-date symlink: /home/joon/mission_hard/mission_hard/install/ad_msgs/include/ad_msgs/ad_msgs/msg/rosidl_generator_cpp__visibility_control.hpp\n'}
[0.341124] (ad_msgs) StdoutLine: {'line': b'-- Up-to-date symlink: /home/joon/mission_hard/mission_hard/install/ad_msgs/include/ad_msgs/ad_msgs/msg/vehicle_command.hpp\n'}
[0.341191] (ad_msgs) StdoutLine: {'line': b'-- Up-to-date symlink: /home/joon/mission_hard/mission_hard/install/ad_msgs/include/ad_msgs/ad_msgs/msg/vehicle_state.hpp\n'}
[0.341373] (ad_msgs) StdoutLine: {'line': b'-- Up-to-date symlink: /home/joon/mission_hard/mission_hard/install/ad_msgs/include/ad_msgs/ad_msgs/msg/detail/lane_point_data__rosidl_typesupport_fastrtps_cpp.hpp\n'}
[0.341830] (ad_msgs) StdoutLine: {'line': b'-- Up-to-date symlink: /home/joon/mission_hard/mission_hard/install/ad_msgs/include/ad_msgs/ad_msgs/msg/detail/lane_point_data_array__rosidl_typesupport_fastrtps_cpp.hpp\n'}
[0.341921] (ad_msgs) StdoutLine: {'line': b'-- Up-to-date symlink: /home/joon/mission_hard/mission_hard/install/ad_msgs/include/ad_msgs/ad_msgs/msg/detail/mission__rosidl_typesupport_fastrtps_cpp.hpp\n'}
[0.342048] (ad_msgs) StdoutLine: {'line': b'-- Up-to-date symlink: /home/joon/mission_hard/mission_hard/install/ad_msgs/include/ad_msgs/ad_msgs/msg/detail/mission_display__rosidl_typesupport_fastrtps_cpp.hpp\n'}
[0.342094] (ad_msgs) StdoutLine: {'line': b'-- Up-to-date symlink: /home/joon/mission_hard/mission_hard/install/ad_msgs/include/ad_msgs/ad_msgs/msg/detail/mission_object__rosidl_typesupport_fastrtps_cpp.hpp\n'}
[0.342127] (ad_msgs) StdoutLine: {'line': b'-- Up-to-date symlink: /home/joon/mission_hard/mission_hard/install/ad_msgs/include/ad_msgs/ad_msgs/msg/detail/mission_region__rosidl_typesupport_fastrtps_cpp.hpp\n'}
[0.342320] (ad_msgs) StdoutLine: {'line': b'-- Up-to-date symlink: /home/joon/mission_hard/mission_hard/install/ad_msgs/include/ad_msgs/ad_msgs/msg/detail/polyfit_lane_data__rosidl_typesupport_fastrtps_cpp.hpp\n'}
[0.342454] (ad_msgs) StdoutLine: {'line': b'-- Up-to-date symlink: /home/joon/mission_hard/mission_hard/install/ad_msgs/include/ad_msgs/ad_msgs/msg/detail/polyfit_lane_data_array__rosidl_typesupport_fastrtps_cpp.hpp\n'}
[0.342569] (ad_msgs) StdoutLine: {'line': b'-- Up-to-date symlink: /home/joon/mission_hard/mission_hard/install/ad_msgs/include/ad_msgs/ad_msgs/msg/detail/vehicle_command__rosidl_typesupport_fastrtps_cpp.hpp\n'}
[0.342607] (ad_msgs) StdoutLine: {'line': b'-- Up-to-date symlink: /home/joon/mission_hard/mission_hard/install/ad_msgs/include/ad_msgs/ad_msgs/msg/detail/vehicle_state__rosidl_typesupport_fastrtps_cpp.hpp\n'}
[0.342728] (ad_msgs) StdoutLine: {'line': b'-- Up-to-date symlink: /home/joon/mission_hard/mission_hard/install/ad_msgs/include/ad_msgs/ad_msgs/msg/rosidl_typesupport_fastrtps_cpp__visibility_control.h\n'}
[0.342773] (ad_msgs) StdoutLine: {'line': b'-- Up-to-date symlink: /home/joon/mission_hard/mission_hard/install/ad_msgs/include/ad_msgs/ad_msgs/msg/detail/lane_point_data__rosidl_typesupport_introspection_cpp.hpp\n'}
[0.343169] (ad_msgs) StdoutLine: {'line': b'-- Up-to-date symlink: /home/joon/mission_hard/mission_hard/install/ad_msgs/include/ad_msgs/ad_msgs/msg/detail/lane_point_data_array__rosidl_typesupport_introspection_cpp.hpp\n'}
[0.343259] (ad_msgs) StdoutLine: {'line': b'-- Up-to-date symlink: /home/joon/mission_hard/mission_hard/install/ad_msgs/include/ad_msgs/ad_msgs/msg/detail/mission__rosidl_typesupport_introspection_cpp.hpp\n'}
[0.343429] (ad_msgs) StdoutLine: {'line': b'-- Up-to-date symlink: /home/joon/mission_hard/mission_hard/install/ad_msgs/include/ad_msgs/ad_msgs/msg/detail/mission_display__rosidl_typesupport_introspection_cpp.hpp\n'}
[0.343609] (ad_msgs) StdoutLine: {'line': b'-- Up-to-date symlink: /home/joon/mission_hard/mission_hard/install/ad_msgs/include/ad_msgs/ad_msgs/msg/detail/mission_object__rosidl_typesupport_introspection_cpp.hpp\n'}
[0.343677] (ad_msgs) StdoutLine: {'line': b'-- Up-to-date symlink: /home/joon/mission_hard/mission_hard/install/ad_msgs/include/ad_msgs/ad_msgs/msg/detail/mission_region__rosidl_typesupport_introspection_cpp.hpp\n'}
[0.343712] (ad_msgs) StdoutLine: {'line': b'-- Up-to-date symlink: /home/joon/mission_hard/mission_hard/install/ad_msgs/include/ad_msgs/ad_msgs/msg/detail/polyfit_lane_data__rosidl_typesupport_introspection_cpp.hpp\n'}
[0.343737] (ad_msgs) StdoutLine: {'line': b'-- Up-to-date symlink: /home/joon/mission_hard/mission_hard/install/ad_msgs/include/ad_msgs/ad_msgs/msg/detail/polyfit_lane_data_array__rosidl_typesupport_introspection_cpp.hpp\n'}
[0.343763] (ad_msgs) StdoutLine: {'line': b'-- Up-to-date symlink: /home/joon/mission_hard/mission_hard/install/ad_msgs/include/ad_msgs/ad_msgs/msg/detail/vehicle_command__rosidl_typesupport_introspection_cpp.hpp\n'}
[0.343792] (ad_msgs) StdoutLine: {'line': b'-- Up-to-date symlink: /home/joon/mission_hard/mission_hard/install/ad_msgs/include/ad_msgs/ad_msgs/msg/detail/vehicle_state__rosidl_typesupport_introspection_cpp.hpp\n'}
[0.343816] (ad_msgs) StdoutLine: {'line': b'-- Up-to-date symlink: /home/joon/mission_hard/mission_hard/install/ad_msgs/share/ad_msgs/environment/pythonpath.sh\n'}
[0.343840] (ad_msgs) StdoutLine: {'line': b'-- Up-to-date symlink: /home/joon/mission_hard/mission_hard/install/ad_msgs/share/ad_msgs/environment/pythonpath.dsv\n'}
[0.344077] (ad_msgs) StdoutLine: {'line': b'-- Up-to-date symlink: /home/joon/mission_hard/mission_hard/install/ad_msgs/local/lib/python3.10/dist-packages/ad_msgs-0.0.0-py3.10.egg-info/PKG-INFO\n'}
[0.344209] (ad_msgs) StdoutLine: {'line': b'-- Up-to-date symlink: /home/joon/mission_hard/mission_hard/install/ad_msgs/local/lib/python3.10/dist-packages/ad_msgs-0.0.0-py3.10.egg-info/SOURCES.txt\n'}
[0.344286] (ad_msgs) StdoutLine: {'line': b'-- Up-to-date symlink: /home/joon/mission_hard/mission_hard/install/ad_msgs/local/lib/python3.10/dist-packages/ad_msgs-0.0.0-py3.10.egg-info/dependency_links.txt\n'}
[0.344359] (ad_msgs) StdoutLine: {'line': b'-- Up-to-date symlink: /home/joon/mission_hard/mission_hard/install/ad_msgs/local/lib/python3.10/dist-packages/ad_msgs-0.0.0-py3.10.egg-info/top_level.txt\n'}
[0.344629] (ad_msgs) StdoutLine: {'line': b'-- Up-to-date symlink: /home/joon/mission_hard/mission_hard/install/ad_msgs/local/lib/python3.10/dist-packages/ad_msgs/__init__.py\n'}
[0.344692] (ad_msgs) StdoutLine: {'line': b'-- Up-to-date symlink: /home/joon/mission_hard/mission_hard/install/ad_msgs/local/lib/python3.10/dist-packages/ad_msgs/_ad_msgs_s.ep.rosidl_typesupport_c.c\n'}
[0.344731] (ad_msgs) StdoutLine: {'line': b'-- Up-to-date symlink: /home/joon/mission_hard/mission_hard/install/ad_msgs/local/lib/python3.10/dist-packages/ad_msgs/_ad_msgs_s.ep.rosidl_typesupport_fastrtps_c.c\n'}
[0.345054] (ad_msgs) StdoutLine: {'line': b'-- Up-to-date symlink: /home/joon/mission_hard/mission_hard/install/ad_msgs/local/lib/python3.10/dist-packages/ad_msgs/_ad_msgs_s.ep.rosidl_typesupport_introspection_c.c\n'}
[0.345341] (ad_msgs) StdoutLine: {'line': b'-- Up-to-date symlink: /home/joon/mission_hard/mission_hard/install/ad_msgs/local/lib/python3.10/dist-packages/ad_msgs/ad_msgs_s__rosidl_typesupport_c.cpython-310-x86_64-linux-gnu.so\n'}
[0.345386] (ad_msgs) StdoutLine: {'line': b'-- Up-to-date symlink: /home/joon/mission_hard/mission_hard/install/ad_msgs/local/lib/python3.10/dist-packages/ad_msgs/ad_msgs_s__rosidl_typesupport_fastrtps_c.cpython-310-x86_64-linux-gnu.so\n'}
[0.345434] (ad_msgs) StdoutLine: {'line': b'-- Up-to-date symlink: /home/joon/mission_hard/mission_hard/install/ad_msgs/local/lib/python3.10/dist-packages/ad_msgs/ad_msgs_s__rosidl_typesupport_introspection_c.cpython-310-x86_64-linux-gnu.so\n'}
[0.345496] (ad_msgs) StdoutLine: {'line': b'-- Up-to-date symlink: /home/joon/mission_hard/mission_hard/install/ad_msgs/local/lib/python3.10/dist-packages/ad_msgs/libad_msgs__rosidl_generator_py.so\n'}
[0.345557] (ad_msgs) StdoutLine: {'line': b'-- Up-to-date symlink: /home/joon/mission_hard/mission_hard/install/ad_msgs/local/lib/python3.10/dist-packages/ad_msgs/msg/__init__.py\n'}
[0.345622] (ad_msgs) StdoutLine: {'line': b'-- Up-to-date symlink: /home/joon/mission_hard/mission_hard/install/ad_msgs/local/lib/python3.10/dist-packages/ad_msgs/msg/_lane_point_data.py\n'}
[0.346165] (ad_msgs) StdoutLine: {'line': b'-- Up-to-date symlink: /home/joon/mission_hard/mission_hard/install/ad_msgs/local/lib/python3.10/dist-packages/ad_msgs/msg/_lane_point_data_array.py\n'}
[0.346478] (ad_msgs) StdoutLine: {'line': b'-- Up-to-date symlink: /home/joon/mission_hard/mission_hard/install/ad_msgs/local/lib/python3.10/dist-packages/ad_msgs/msg/_lane_point_data_array_s.c\n'}
[0.346554] (ad_msgs) StdoutLine: {'line': b'-- Up-to-date symlink: /home/joon/mission_hard/mission_hard/install/ad_msgs/local/lib/python3.10/dist-packages/ad_msgs/msg/_lane_point_data_s.c\n'}
[0.346791] (ad_msgs) StdoutLine: {'line': b'-- Up-to-date symlink: /home/joon/mission_hard/mission_hard/install/ad_msgs/local/lib/python3.10/dist-packages/ad_msgs/msg/_mission.py\n'}
[0.346985] (ad_msgs) StdoutLine: {'line': b'-- Up-to-date symlink: /home/joon/mission_hard/mission_hard/install/ad_msgs/local/lib/python3.10/dist-packages/ad_msgs/msg/_mission_display.py\n'}
[0.347028] (ad_msgs) StdoutLine: {'line': b'-- Up-to-date symlink: /home/joon/mission_hard/mission_hard/install/ad_msgs/local/lib/python3.10/dist-packages/ad_msgs/msg/_mission_display_s.c\n'}
[0.347073] (ad_msgs) StdoutLine: {'line': b'-- Up-to-date symlink: /home/joon/mission_hard/mission_hard/install/ad_msgs/local/lib/python3.10/dist-packages/ad_msgs/msg/_mission_object.py\n'}
[0.347110] (ad_msgs) StdoutLine: {'line': b'-- Up-to-date symlink: /home/joon/mission_hard/mission_hard/install/ad_msgs/local/lib/python3.10/dist-packages/ad_msgs/msg/_mission_object_s.c\n'}
[0.347143] (ad_msgs) StdoutLine: {'line': b'-- Up-to-date symlink: /home/joon/mission_hard/mission_hard/install/ad_msgs/local/lib/python3.10/dist-packages/ad_msgs/msg/_mission_region.py\n'}
[0.347175] (ad_msgs) StdoutLine: {'line': b'-- Up-to-date symlink: /home/joon/mission_hard/mission_hard/install/ad_msgs/local/lib/python3.10/dist-packages/ad_msgs/msg/_mission_region_s.c\n'}
[0.347206] (ad_msgs) StdoutLine: {'line': b'-- Up-to-date symlink: /home/joon/mission_hard/mission_hard/install/ad_msgs/local/lib/python3.10/dist-packages/ad_msgs/msg/_mission_s.c\n'}
[0.347245] (ad_msgs) StdoutLine: {'line': b'-- Up-to-date symlink: /home/joon/mission_hard/mission_hard/install/ad_msgs/local/lib/python3.10/dist-packages/ad_msgs/msg/_polyfit_lane_data.py\n'}
[0.347418] (ad_msgs) StdoutLine: {'line': b'-- Up-to-date symlink: /home/joon/mission_hard/mission_hard/install/ad_msgs/local/lib/python3.10/dist-packages/ad_msgs/msg/_polyfit_lane_data_array.py\n'}
[0.347496] (ad_msgs) StdoutLine: {'line': b'-- Up-to-date symlink: /home/joon/mission_hard/mission_hard/install/ad_msgs/local/lib/python3.10/dist-packages/ad_msgs/msg/_polyfit_lane_data_array_s.c\n'}
[0.347563] (ad_msgs) StdoutLine: {'line': b'-- Up-to-date symlink: /home/joon/mission_hard/mission_hard/install/ad_msgs/local/lib/python3.10/dist-packages/ad_msgs/msg/_polyfit_lane_data_s.c\n'}
[0.347647] (ad_msgs) StdoutLine: {'line': b'-- Up-to-date symlink: /home/joon/mission_hard/mission_hard/install/ad_msgs/local/lib/python3.10/dist-packages/ad_msgs/msg/_vehicle_command.py\n'}
[0.347735] (ad_msgs) StdoutLine: {'line': b'-- Up-to-date symlink: /home/joon/mission_hard/mission_hard/install/ad_msgs/local/lib/python3.10/dist-packages/ad_msgs/msg/_vehicle_command_s.c\n'}
[0.347809] (ad_msgs) StdoutLine: {'line': b'-- Up-to-date symlink: /home/joon/mission_hard/mission_hard/install/ad_msgs/local/lib/python3.10/dist-packages/ad_msgs/msg/_vehicle_state.py\n'}
[0.348022] (ad_msgs) StdoutLine: {'line': b'-- Up-to-date symlink: /home/joon/mission_hard/mission_hard/install/ad_msgs/local/lib/python3.10/dist-packages/ad_msgs/msg/_vehicle_state_s.c\n'}
[0.348100] (ad_msgs) StdoutLine: {'line': b'-- Up-to-date symlink: /home/joon/mission_hard/mission_hard/install/ad_msgs/local/lib/python3.10/dist-packages/ad_msgs/ad_msgs_s__rosidl_typesupport_fastrtps_c.cpython-310-x86_64-linux-gnu.so\n'}
[0.348182] (ad_msgs) StdoutLine: {'line': b'-- Up-to-date symlink: /home/joon/mission_hard/mission_hard/install/ad_msgs/local/lib/python3.10/dist-packages/ad_msgs/ad_msgs_s__rosidl_typesupport_introspection_c.cpython-310-x86_64-linux-gnu.so\n'}
[0.348330] (ad_msgs) StdoutLine: {'line': b'-- Up-to-date symlink: /home/joon/mission_hard/mission_hard/install/ad_msgs/local/lib/python3.10/dist-packages/ad_msgs/ad_msgs_s__rosidl_typesupport_c.cpython-310-x86_64-linux-gnu.so\n'}
[0.348504] (ad_msgs) StdoutLine: {'line': b'-- Up-to-date symlink: /home/joon/mission_hard/mission_hard/install/ad_msgs/share/ad_msgs/msg/VehicleState.idl\n'}
[0.348681] (ad_msgs) StdoutLine: {'line': b'-- Up-to-date symlink: /home/joon/mission_hard/mission_hard/install/ad_msgs/share/ad_msgs/msg/VehicleCommand.idl\n'}
[0.348764] (ad_msgs) StdoutLine: {'line': b'-- Up-to-date symlink: /home/joon/mission_hard/mission_hard/install/ad_msgs/share/ad_msgs/msg/Mission.idl\n'}
[0.348810] (ad_msgs) StdoutLine: {'line': b'-- Up-to-date symlink: /home/joon/mission_hard/mission_hard/install/ad_msgs/share/ad_msgs/msg/MissionObject.idl\n'}
[0.348876] (ad_msgs) StdoutLine: {'line': b'-- Up-to-date symlink: /home/joon/mission_hard/mission_hard/install/ad_msgs/share/ad_msgs/msg/MissionRegion.idl\n'}
[0.349044] (ad_msgs) StdoutLine: {'line': b'-- Up-to-date symlink: /home/joon/mission_hard/mission_hard/install/ad_msgs/share/ad_msgs/msg/MissionDisplay.idl\n'}
[0.349133] (ad_msgs) StdoutLine: {'line': b'-- Up-to-date symlink: /home/joon/mission_hard/mission_hard/install/ad_msgs/share/ad_msgs/msg/PolyfitLaneData.idl\n'}
[0.349275] (ad_msgs) StdoutLine: {'line': b'-- Up-to-date symlink: /home/joon/mission_hard/mission_hard/install/ad_msgs/share/ad_msgs/msg/LanePointData.idl\n'}
[0.349344] (ad_msgs) StdoutLine: {'line': b'-- Up-to-date symlink: /home/joon/mission_hard/mission_hard/install/ad_msgs/share/ad_msgs/msg/LanePointDataArray.idl\n'}
[0.349500] (ad_msgs) StdoutLine: {'line': b'-- Up-to-date symlink: /home/joon/mission_hard/mission_hard/install/ad_msgs/share/ad_msgs/msg/PolyfitLaneDataArray.idl\n'}
[0.349940] (ad_msgs) StdoutLine: {'line': b'-- Up-to-date symlink: /home/joon/mission_hard/mission_hard/install/ad_msgs/share/ad_msgs/msg/VehicleState.msg\n'}
[0.350360] (ad_msgs) StdoutLine: {'line': b'-- Up-to-date symlink: /home/joon/mission_hard/mission_hard/install/ad_msgs/share/ad_msgs/msg/VehicleCommand.msg\n'}
[0.350549] (ad_msgs) StdoutLine: {'line': b'-- Up-to-date symlink: /home/joon/mission_hard/mission_hard/install/ad_msgs/share/ad_msgs/msg/Mission.msg\n'}
[0.350762] (ad_msgs) StdoutLine: {'line': b'-- Up-to-date symlink: /home/joon/mission_hard/mission_hard/install/ad_msgs/share/ad_msgs/msg/MissionObject.msg\n'}
[0.350814] (ad_msgs) StdoutLine: {'line': b'-- Up-to-date symlink: /home/joon/mission_hard/mission_hard/install/ad_msgs/share/ad_msgs/msg/MissionRegion.msg\n'}
[0.351067] (ad_msgs) StdoutLine: {'line': b'-- Up-to-date symlink: /home/joon/mission_hard/mission_hard/install/ad_msgs/share/ad_msgs/msg/MissionDisplay.msg\n'}
[0.351119] (ad_msgs) StdoutLine: {'line': b'-- Up-to-date symlink: /home/joon/mission_hard/mission_hard/install/ad_msgs/share/ad_msgs/msg/PolyfitLaneData.msg\n'}
[0.351303] (ad_msgs) StdoutLine: {'line': b'-- Up-to-date symlink: /home/joon/mission_hard/mission_hard/install/ad_msgs/share/ad_msgs/msg/LanePointData.msg\n'}
[0.351367] (ad_msgs) StdoutLine: {'line': b'-- Up-to-date symlink: /home/joon/mission_hard/mission_hard/install/ad_msgs/share/ad_msgs/msg/LanePointDataArray.msg\n'}
[0.351421] (ad_msgs) StdoutLine: {'line': b'-- Up-to-date symlink: /home/joon/mission_hard/mission_hard/install/ad_msgs/share/ad_msgs/msg/PolyfitLaneDataArray.msg\n'}
[0.351586] (ad_msgs) StdoutLine: {'line': b'-- Up-to-date symlink: /home/joon/mission_hard/mission_hard/install/ad_msgs/share/ament_index/resource_index/package_run_dependencies/ad_msgs\n'}
[0.351635] (ad_msgs) StdoutLine: {'line': b'-- Up-to-date symlink: /home/joon/mission_hard/mission_hard/install/ad_msgs/share/ament_index/resource_index/parent_prefix_path/ad_msgs\n'}
[0.351665] (ad_msgs) StdoutLine: {'line': b'-- Up-to-date symlink: /home/joon/mission_hard/mission_hard/install/ad_msgs/share/ad_msgs/environment/ament_prefix_path.sh\n'}
[0.351692] (ad_msgs) StdoutLine: {'line': b'-- Up-to-date symlink: /home/joon/mission_hard/mission_hard/install/ad_msgs/share/ad_msgs/environment/ament_prefix_path.dsv\n'}
[0.351718] (ad_msgs) StdoutLine: {'line': b'-- Up-to-date symlink: /home/joon/mission_hard/mission_hard/install/ad_msgs/share/ad_msgs/environment/path.sh\n'}
[0.351743] (ad_msgs) StdoutLine: {'line': b'-- Up-to-date symlink: /home/joon/mission_hard/mission_hard/install/ad_msgs/share/ad_msgs/environment/path.dsv\n'}
[0.351768] (ad_msgs) StdoutLine: {'line': b'-- Up-to-date symlink: /home/joon/mission_hard/mission_hard/install/ad_msgs/share/ad_msgs/local_setup.bash\n'}
[0.351803] (ad_msgs) StdoutLine: {'line': b'-- Up-to-date symlink: /home/joon/mission_hard/mission_hard/install/ad_msgs/share/ad_msgs/local_setup.sh\n'}
[0.351831] (ad_msgs) StdoutLine: {'line': b'-- Up-to-date symlink: /home/joon/mission_hard/mission_hard/install/ad_msgs/share/ad_msgs/local_setup.zsh\n'}
[0.351858] (ad_msgs) StdoutLine: {'line': b'-- Up-to-date symlink: /home/joon/mission_hard/mission_hard/install/ad_msgs/share/ad_msgs/local_setup.dsv\n'}
[0.351886] (ad_msgs) StdoutLine: {'line': b'-- Symlinking: /home/joon/mission_hard/mission_hard/install/ad_msgs/share/ad_msgs/package.dsv\n'}
[0.359678] (ad_msgs) StdoutLine: {'line': b'-- Up-to-date symlink: /home/joon/mission_hard/mission_hard/install/ad_msgs/share/ament_index/resource_index/packages/ad_msgs\n'}
[0.359972] (ad_msgs) StdoutLine: {'line': b'-- Up-to-date symlink: /home/joon/mission_hard/mission_hard/install/ad_msgs/share/ad_msgs/cmake/rosidl_cmake-extras.cmake\n'}
[0.360079] (ad_msgs) StdoutLine: {'line': b'-- Up-to-date symlink: /home/joon/mission_hard/mission_hard/install/ad_msgs/share/ad_msgs/cmake/ament_cmake_export_dependencies-extras.cmake\n'}
[0.360168] (ad_msgs) StdoutLine: {'line': b'-- Up-to-date symlink: /home/joon/mission_hard/mission_hard/install/ad_msgs/share/ad_msgs/cmake/ament_cmake_export_include_directories-extras.cmake\n'}
[0.360296] (ad_msgs) StdoutLine: {'line': b'-- Up-to-date symlink: /home/joon/mission_hard/mission_hard/install/ad_msgs/share/ad_msgs/cmake/ament_cmake_export_libraries-extras.cmake\n'}
[0.360372] (ad_msgs) StdoutLine: {'line': b'-- Up-to-date symlink: /home/joon/mission_hard/mission_hard/install/ad_msgs/share/ad_msgs/cmake/ament_cmake_export_targets-extras.cmake\n'}
[0.360500] (ad_msgs) StdoutLine: {'line': b'-- Up-to-date symlink: /home/joon/mission_hard/mission_hard/install/ad_msgs/share/ad_msgs/cmake/rosidl_cmake_export_typesupport_targets-extras.cmake\n'}
[0.360550] (ad_msgs) StdoutLine: {'line': b'-- Up-to-date symlink: /home/joon/mission_hard/mission_hard/install/ad_msgs/share/ad_msgs/cmake/rosidl_cmake_export_typesupport_libraries-extras.cmake\n'}
[0.360579] (ad_msgs) StdoutLine: {'line': b'-- Up-to-date symlink: /home/joon/mission_hard/mission_hard/install/ad_msgs/share/ad_msgs/cmake/ad_msgsConfig.cmake\n'}
[0.360605] (ad_msgs) StdoutLine: {'line': b'-- Up-to-date symlink: /home/joon/mission_hard/mission_hard/install/ad_msgs/share/ad_msgs/cmake/ad_msgsConfig-version.cmake\n'}
[0.360632] (ad_msgs) StdoutLine: {'line': b'-- Up-to-date symlink: /home/joon/mission_hard/mission_hard/install/ad_msgs/share/ad_msgs/package.xml\n'}
[0.360762] (ad_msgs) StdoutLine: {'line': b'-- Up-to-date: /home/joon/mission_hard/mission_hard/install/ad_msgs/lib/libad_msgs__rosidl_generator_c.so\n'}
[0.360872] (ad_msgs) StdoutLine: {'line': b'-- Up-to-date: /home/joon/mission_hard/mission_hard/install/ad_msgs/lib/libad_msgs__rosidl_typesupport_fastrtps_c.so\n'}
[0.360993] (ad_msgs) StdoutLine: {'line': b'-- Up-to-date: /home/joon/mission_hard/mission_hard/install/ad_msgs/lib/libad_msgs__rosidl_typesupport_introspection_c.so\n'}
[0.361114] (ad_msgs) StdoutLine: {'line': b'-- Up-to-date: /home/joon/mission_hard/mission_hard/install/ad_msgs/lib/libad_msgs__rosidl_typesupport_c.so\n'}
[0.361232] (ad_msgs) StdoutLine: {'line': b'-- Up-to-date: /home/joon/mission_hard/mission_hard/install/ad_msgs/lib/libad_msgs__rosidl_typesupport_fastrtps_cpp.so\n'}
[0.361360] (ad_msgs) StdoutLine: {'line': b'-- Up-to-date: /home/joon/mission_hard/mission_hard/install/ad_msgs/lib/libad_msgs__rosidl_typesupport_introspection_cpp.so\n'}
[0.361481] (ad_msgs) StdoutLine: {'line': b'-- Up-to-date: /home/joon/mission_hard/mission_hard/install/ad_msgs/lib/libad_msgs__rosidl_typesupport_cpp.so\n'}
[0.386074] (ad_msgs) StdoutLine: {'line': b"Listing '/home/joon/mission_hard/mission_hard/install/ad_msgs/local/lib/python3.10/dist-packages/ad_msgs'...\n"}
[0.386362] (ad_msgs) StdoutLine: {'line': b"Listing '/home/joon/mission_hard/mission_hard/install/ad_msgs/local/lib/python3.10/dist-packages/ad_msgs/msg'...\n"}
[0.389644] (ad_msgs) StdoutLine: {'line': b'-- Up-to-date: /home/joon/mission_hard/mission_hard/install/ad_msgs/lib/libad_msgs__rosidl_generator_py.so\n'}
[0.390051] (ad_msgs) StdoutLine: {'line': b'-- Up-to-date: /home/joon/mission_hard/mission_hard/install/ad_msgs/share/ad_msgs/cmake/export_ad_msgs__rosidl_generator_cExport.cmake\n'}
[0.390107] (ad_msgs) StdoutLine: {'line': b'-- Up-to-date: /home/joon/mission_hard/mission_hard/install/ad_msgs/share/ad_msgs/cmake/export_ad_msgs__rosidl_generator_cExport-noconfig.cmake\n'}
[0.390138] (ad_msgs) StdoutLine: {'line': b'-- Up-to-date: /home/joon/mission_hard/mission_hard/install/ad_msgs/share/ad_msgs/cmake/export_ad_msgs__rosidl_typesupport_fastrtps_cExport.cmake\n'}
[0.390172] (ad_msgs) StdoutLine: {'line': b'-- Up-to-date: /home/joon/mission_hard/mission_hard/install/ad_msgs/share/ad_msgs/cmake/export_ad_msgs__rosidl_typesupport_fastrtps_cExport-noconfig.cmake\n'}
[0.391687] (ad_msgs) StdoutLine: {'line': b'-- Up-to-date: /home/joon/mission_hard/mission_hard/install/ad_msgs/share/ad_msgs/cmake/ad_msgs__rosidl_typesupport_introspection_cExport.cmake\n'}
[0.391885] (ad_msgs) StdoutLine: {'line': b'-- Up-to-date: /home/joon/mission_hard/mission_hard/install/ad_msgs/share/ad_msgs/cmake/ad_msgs__rosidl_typesupport_introspection_cExport-noconfig.cmake\n'}
[0.392060] (ad_msgs) StdoutLine: {'line': b'-- Up-to-date: /home/joon/mission_hard/mission_hard/install/ad_msgs/share/ad_msgs/cmake/ad_msgs__rosidl_typesupport_cExport.cmake\n'}
[0.392153] (ad_msgs) StdoutLine: {'line': b'-- Up-to-date: /home/joon/mission_hard/mission_hard/install/ad_msgs/share/ad_msgs/cmake/ad_msgs__rosidl_typesupport_cExport-noconfig.cmake\n'}
[0.392206] (ad_msgs) StdoutLine: {'line': b'-- Up-to-date: /home/joon/mission_hard/mission_hard/install/ad_msgs/share/ad_msgs/cmake/export_ad_msgs__rosidl_generator_cppExport.cmake\n'}
[0.392474] (ad_msgs) StdoutLine: {'line': b'-- Up-to-date: /home/joon/mission_hard/mission_hard/install/ad_msgs/share/ad_msgs/cmake/export_ad_msgs__rosidl_typesupport_fastrtps_cppExport.cmake\n'}
[0.392621] (ad_msgs) StdoutLine: {'line': b'-- Up-to-date: /home/joon/mission_hard/mission_hard/install/ad_msgs/share/ad_msgs/cmake/export_ad_msgs__rosidl_typesupport_fastrtps_cppExport-noconfig.cmake\n'}
[0.392757] (ad_msgs) StdoutLine: {'line': b'-- Up-to-date: /home/joon/mission_hard/mission_hard/install/ad_msgs/share/ad_msgs/cmake/ad_msgs__rosidl_typesupport_introspection_cppExport.cmake\n'}
[0.392804] (ad_msgs) StdoutLine: {'line': b'-- Up-to-date: /home/joon/mission_hard/mission_hard/install/ad_msgs/share/ad_msgs/cmake/ad_msgs__rosidl_typesupport_introspection_cppExport-noconfig.cmake\n'}
[0.392833] (ad_msgs) StdoutLine: {'line': b'-- Up-to-date: /home/joon/mission_hard/mission_hard/install/ad_msgs/share/ad_msgs/cmake/ad_msgs__rosidl_typesupport_cppExport.cmake\n'}
[0.392864] (ad_msgs) StdoutLine: {'line': b'-- Up-to-date: /home/joon/mission_hard/mission_hard/install/ad_msgs/share/ad_msgs/cmake/ad_msgs__rosidl_typesupport_cppExport-noconfig.cmake\n'}
[0.392889] (ad_msgs) StdoutLine: {'line': b'-- Up-to-date: /home/joon/mission_hard/mission_hard/install/ad_msgs/share/ad_msgs/cmake/export_ad_msgs__rosidl_generator_pyExport.cmake\n'}
[0.392914] (ad_msgs) StdoutLine: {'line': b'-- Up-to-date: /home/joon/mission_hard/mission_hard/install/ad_msgs/share/ad_msgs/cmake/export_ad_msgs__rosidl_generator_pyExport-noconfig.cmake\n'}
[0.394353] (ad_msgs) CommandEnded: {'returncode': 0}
[0.400113] (-) TimerEvent: {}
[0.412962] (ad_msgs) JobEnded: {'identifier': 'ad_msgs', 'rc': 0}
[0.414396] (autonomous_driving) JobStarted: {'identifier': 'autonomous_driving'}
[0.417475] (evaluation) JobStarted: {'identifier': 'evaluation'}
[0.422042] (mission_manager) JobStarted: {'identifier': 'mission_manager'}
[0.426450] (simulator) JobStarted: {'identifier': 'simulator'}
[0.475088] (evaluation) JobProgress: {'identifier': 'evaluation', 'progress': 'cmake'}
[0.476194] (evaluation) JobProgress: {'identifier': 'evaluation', 'progress': 'build'}
[0.476332] (evaluation) Command: {'cmd': ['/usr/bin/cmake', '--build', '/home/joon/mission_hard/mission_hard/build/evaluation', '--', '-j16', '-l16'], 'cwd': '/home/joon/mission_hard/mission_hard/build/evaluation', 'env': OrderedDict([('PYTHON_BASIC_REPL', '1'), ('LESSOPEN', '| /usr/bin/lesspipe %s'), ('USER', 'joon'), ('GIT_ASKPASS', '/home/joon/.vscode-server/bin/bf9252a2fb45be6893dd8870c0bf37e2e1766d61/extensions/git/dist/askpass.sh'), ('SHLVL', '1'), ('LD_LIBRARY_PATH', '/home/joon/mission_hard/mission_hard/install/ad_msgs/lib:/home/joon/automotive_software_final/install/ad_msgs/lib:/usr/lib/x86_64-linux-gnu/gazebo-11/plugins:/opt/ros/humble/opt/rviz_ogre_vendor/lib:/opt/ros/humble/lib/x86_64-linux-gnu:/opt/ros/humble/lib'), ('MOTD_SHOWN', 'update-motd'), ('HOME', '/home/joon'), ('OLDPWD', '/home/joon/mission_hard'), ('TERM_PROGRAM_VERSION', '1.106.3'), ('VSCODE_IPC_HOOK_CLI', '/run/user/1000/vscode-ipc-720ca6f3-2537-4b04-b3dc-21832d244e7e.sock'), ('ROS_PYTHON_VERSION', '3'), ('VSCODE_GIT_ASKPASS_MAIN', '/home/joon/.vscode-server/bin/bf9252a2fb45be6893dd8870c0bf37e2e1766d61/extensions/git/dist/askpass-main.js'), ('VSCODE_GIT_ASKPASS_NODE', '/home/joon/.vscode-server/bin/bf9252a2fb45be6893dd8870c0bf37e2e1766d61/node'), ('PYDEVD_DISABLE_FILE_VALIDATION', '1'), ('BUNDLED_DEBUGPY_PATH', '/home/joon/.vscode-server/extensions/ms-python.debugpy-2025.16.0-linux-x64/bundled/libs/debugpy'), ('VSCODE_PYTHON_AUTOACTIVATE_GUARD', '1'), ('DBUS_SESSION_BUS_ADDRESS', 'unix:path=/run/user/1000/bus'), ('COLORTERM', 'truecolor'), ('WSL_DISTRO_NAME', 'Ubuntu-22.04'), ('WAYLAND_DISPLAY', 'wayland-0'), ('COLCON_PREFIX_PATH', '/home/joon/mission_hard/mission_hard/install:/home/joon/automotive_software_final/install'), ('ROS_DISTRO', 'humble'), ('LOGNAME', 'joon'), ('NAME', 'Joon'), ('WSL_INTEROP', '/run/WSL/523_interop'), ('PULSE_SERVER', 'unix:/mnt/wslg/PulseServer'), ('_', '/usr/bin/colcon'), ('ROS_VERSION', '2'), ('CLAUDE_CODE_SSE_PORT', '20257'), ('TERM', 'xterm-256color'), ('ROS_LOCALHOST_ONLY', '0'), ('PATH', '/opt/ros/humble/bin:/usr/bin:/usr/bin:/home/joon/.vscode-server/data/User/globalStorage/github.copilot-chat/debugCommand:/home/joon/.vscode-server/data/User/globalStorage/github.copilot-chat/copilotCli:/home/joon/.vscode-server/bin/bf9252a2fb45be6893dd8870c0bf37e2e1766d61/bin/remote-cli:/home/joon/.local/bin:/usr/bin:/usr/bin:/usr/local/sbin:/usr/local/bin:/usr/sbin:/usr/bin:/sbin:/bin:/usr/games:/usr/local/games:/usr/lib/wsl/lib:/mnt/c/WINDOWS/system32:/mnt/c/WINDOWS:/mnt/c/WINDOWS/System32/Wbem:/mnt/c/WINDOWS/System32/WindowsPowerShell/v1.0/:/mnt/c/WINDOWS/System32/OpenSSH/:/mnt/c/Program Files/MATLAB/R2024b/bin:/mnt/c/Program Files/nodejs/:/mnt/c/Program Files/Git/cmd:/mnt/c/Users/ksyj0/AppData/Local/Programs/Python/Python312/Scripts/:/mnt/c/Users/ksyj0/AppData/Local/Programs/Python/Python312/:/mnt/c/Users/ksyj0/AppData/Local/Programs/Python/Launcher/:/mnt/c/Users/ksyj0/AppData/Local/Microsoft/WindowsApps:/mnt/c/Users/ksyj0/AppData/Local/Programs/Microsoft VS Code/bin:/mnt/c/Users/ksyj0/AppData/Roaming/npm:/mnt/c/Users/ksyj0/AppData/Local/SOOP:/mnt/c/Users/ksyj0/AppData/Local/Programs/Kiro/bin:/snap/bin:/home/joon/.vscode-server/extensions/ms-python.debugpy-2025.16.0-linux-x64/bundled/scripts/noConfigScripts'), ('XDG_RUNTIME_DIR', '/run/user/1000/'), ('DISPLAY', ':0'), ('VSCODE_DEBUGPY_ADAPTER_ENDPOINTS', '/home/joon/.vscode-server/extensions/ms-python.debugpy-2025.16.0-linux-x64/.noConfigDebugAdapterEndpoints/endpoint-5f6b0efddf9f6982.txt'), ('LANG', 'en_US.UTF-8'), ('PYTHONSTARTUP', '/home/joon/.vscode-server/data/User/workspaceStorage/6032d0949a26c1de4974618490f207f6-1/ms-python.python/pythonrc.py'), ('LS_COLORS', 'rs=0:di=01;34:ln=01;36:mh=00:pi=40;33:so=01;35:do=01;35:bd=40;33;01:cd=40;33;01:or=40;31;01:mi=00:su=37;41:sg=30;43:ca=30;41:tw=30;42:ow=34;42:st=37;44:ex=01;32:*.tar=01;31:*.tgz=01;31:*.arc=01;31:*.arj=01;31:*.taz=01;31:*.lha=01;31:*.lz4=01;31:*.lzh=01;31:*.lzma=01;31:*.tlz=01;31:*.txz=01;31:*.tzo=01;31:*.t7z=01;31:*.zip=01;31:*.z=01;31:*.dz=01;31:*.gz=01;31:*.lrz=01;31:*.lz=01;31:*.lzo=01;31:*.xz=01;31:*.zst=01;31:*.tzst=01;31:*.bz2=01;31:*.bz=01;31:*.tbz=01;31:*.tbz2=01;31:*.tz=01;31:*.deb=01;31:*.rpm=01;31:*.jar=01;31:*.war=01;31:*.ear=01;31:*.sar=01;31:*.rar=01;31:*.alz=01;31:*.ace=01;31:*.zoo=01;31:*.cpio=01;31:*.7z=01;31:*.rz=01;31:*.cab=01;31:*.wim=01;31:*.swm=01;31:*.dwm=01;31:*.esd=01;31:*.jpg=01;35:*.jpeg=01;35:*.mjpg=01;35:*.mjpeg=01;35:*.gif=01;35:*.bmp=01;35:*.pbm=01;35:*.pgm=01;35:*.ppm=01;35:*.tga=01;35:*.xbm=01;35:*.xpm=01;35:*.tif=01;35:*.tiff=01;35:*.png=01;35:*.svg=01;35:*.svgz=01;35:*.mng=01;35:*.pcx=01;35:*.mov=01;35:*.mpg=01;35:*.mpeg=01;35:*.m2v=01;35:*.mkv=01;35:*.webm=01;35:*.webp=01;35:*.ogm=01;35:*.mp4=01;35:*.m4v=01;35:*.mp4v=01;35:*.vob=01;35:*.qt=01;35:*.nuv=01;35:*.wmv=01;35:*.asf=01;35:*.rm=01;35:*.rmvb=01;35:*.flc=01;35:*.avi=01;35:*.fli=01;35:*.flv=01;35:*.gl=01;35:*.dl=01;35:*.xcf=01;35:*.xwd=01;35:*.yuv=01;35:*.cgm=01;35:*.emf=01;35:*.ogv=01;35:*.ogx=01;35:*.aac=00;36:*.au=00;36:*.flac=00;36:*.m4a=00;36:*.mid=00;36:*.midi=00;36:*.mka=00;36:*.mp3=00;36:*.mpc=00;36:*.ogg=00;36:*.ra=00;36:*.wav=00;36:*.oga=00;36:*.opus=00;36:*.spx=00;36:*.xspf=00;36:'), ('VSCODE_GIT_IPC_HANDLE', '/run/user/1000/vscode-git-167d3a068c.sock'), ('TERM_PROGRAM', 'vscode'), ('AMENT_PREFIX_PATH', '/home/joon/mission_hard/mission_hard/install/simulator:/home/joon/mission_hard/mission_hard/install/mission_manager:/home/joon/mission_hard/mission_hard/install/evaluation:/home/joon/mission_hard/mission_hard/install/autonomous_driving:/home/joon/mission_hard/mission_hard/install/ad_msgs:/home/joon/automotive_software_final/install/simulator:/home/joon/automotive_software_final/install/mission_manager:/home/joon/automotive_software_final/install/evaluation:/home/joon/automotive_software_final/install/autonomous_driving:/home/joon/automotive_software_final/install/ad_msgs:/opt/ros/humble'), ('SHELL', '/bin/bash'), ('LESSCLOSE', '/usr/bin/lesspipe %s %s'), ('VSCODE_GIT_ASKPASS_EXTRA_ARGS', ''), ('PWD', '/home/joon/mission_hard/mission_hard/build/evaluation'), ('ENABLE_IDE_INTEGRATION', 'true'), ('XDG_DATA_DIRS', '/usr/local/share:/usr/share:/var/lib/snapd/desktop'), ('PYTHONPATH', '/home/joon/mission_hard/mission_hard/install/ad_msgs/local/lib/python3.10/dist-packages:/home/joon/automotive_software_final/install/ad_msgs/local/lib/python3.10/dist-packages:/opt/ros/humble/lib/python3.10/site-packages:/opt/ros/humble/local/lib/python3.10/dist-packages'), ('COLCON', '1'), ('WSL2_GUI_APPS_ENABLED', '1'), ('HOSTTYPE', 'x86_64'), ('CMAKE_PREFIX_PATH', '/home/joon/mission_hard/mission_hard/install/ad_msgs:/home/joon/mission_hard/mission_hard/install/simulator:/home/joon/mission_hard/mission_hard/install/mission_manager:/home/joon/mission_hard/mission_hard/install/evaluation:/home/joon/mission_hard/mission_hard/install/autonomous_driving:/home/joon/automotive_software_final/install/simulator:/home/joon/automotive_software_final/install/mission_manager:/home/joon/automotive_software_final/install/evaluation:/home/joon/automotive_software_final/install/autonomous_driving:/home/joon/automotive_software_final/install/ad_msgs:/opt/ros/humble'), ('WSLENV', 'VSCODE_WSL_EXT_LOCATION/up')]), 'shell': False}
[0.478605] (autonomous_driving) JobProgress: {'identifier': 'autonomous_driving', 'progress': 'cmake'}
[0.480276] (autonomous_driving) JobProgress: {'identifier': 'autonomous_driving', 'progress': 'build'}
[0.480348] (autonomous_driving) Command: {'cmd': ['/usr/bin/cmake', '--build', '/home/joon/mission_hard/mission_hard/build/autonomous_driving', '--', '-j16', '-l16'], 'cwd': '/home/joon/mission_hard/mission_hard/build/autonomous_driving', 'env': OrderedDict([('PYTHON_BASIC_REPL', '1'), ('LESSOPEN', '| /usr/bin/lesspipe %s'), ('USER', 'joon'), ('GIT_ASKPASS', '/home/joon/.vscode-server/bin/bf9252a2fb45be6893dd8870c0bf37e2e1766d61/extensions/git/dist/askpass.sh'), ('SHLVL', '1'), ('LD_LIBRARY_PATH', '/home/joon/mission_hard/mission_hard/install/ad_msgs/lib:/home/joon/automotive_software_final/install/ad_msgs/lib:/usr/lib/x86_64-linux-gnu/gazebo-11/plugins:/opt/ros/humble/opt/rviz_ogre_vendor/lib:/opt/ros/humble/lib/x86_64-linux-gnu:/opt/ros/humble/lib'), ('MOTD_SHOWN', 'update-motd'), ('HOME', '/home/joon'), ('OLDPWD', '/home/joon/mission_hard'), ('TERM_PROGRAM_VERSION', '1.106.3'), ('VSCODE_IPC_HOOK_CLI', '/run/user/1000/vscode-ipc-720ca6f3-2537-4b04-b3dc-21832d244e7e.sock'), ('ROS_PYTHON_VERSION', '3'), ('VSCODE_GIT_ASKPASS_MAIN', '/home/joon/.vscode-server/bin/bf9252a2fb45be6893dd8870c0bf37e2e1766d61/extensions/git/dist/askpass-main.js'), ('VSCODE_GIT_ASKPASS_NODE', '/home/joon/.vscode-server/bin/bf9252a2fb45be6893dd8870c0bf37e2e1766d61/node'), ('PYDEVD_DISABLE_FILE_VALIDATION', '1'), ('BUNDLED_DEBUGPY_PATH', '/home/joon/.vscode-server/extensions/ms-python.debugpy-2025.16.0-linux-x64/bundled/libs/debugpy'), ('VSCODE_PYTHON_AUTOACTIVATE_GUARD', '1'), ('DBUS_SESSION_BUS_ADDRESS', 'unix:path=/run/user/1000/bus'), ('COLORTERM', 'truecolor'), ('WSL_DISTRO_NAME', 'Ubuntu-22.04'), ('WAYLAND_DISPLAY', 'wayland-0'), ('COLCON_PREFIX_PATH', '/home/joon/mission_hard/mission_hard/install:/home/joon/automotive_software_final/install'), ('ROS_DISTRO', 'humble'), ('LOGNAME', 'joon'), ('NAME', 'Joon'), ('WSL_INTEROP', '/run/WSL/523_interop'), ('PULSE_SERVER', 'unix:/mnt/wslg/PulseServer'), ('_', '/usr/bin/colcon'), ('ROS_VERSION', '2'), ('CLAUDE_CODE_SSE_PORT', '20257'), ('TERM', 'xterm-256color'), ('ROS_LOCALHOST_ONLY', '0'), ('PATH', '/opt/ros/humble/bin:/usr/bin:/usr/bin:/home/joon/.vscode-server/data/User/globalStorage/github.copilot-chat/debugCommand:/home/joon/.vscode-server/data/User/globalStorage/github.copilot-chat/copilotCli:/home/joon/.vscode-server/bin/bf9252a2fb45be6893dd8870c0bf37e2e1766d61/bin/remote-cli:/home/joon/.local/bin:/usr/bin:/usr/bin:/usr/local/sbin:/usr/local/bin:/usr/sbin:/usr/bin:/sbin:/bin:/usr/games:/usr/local/games:/usr/lib/wsl/lib:/mnt/c/WINDOWS/system32:/mnt/c/WINDOWS:/mnt/c/WINDOWS/System32/Wbem:/mnt/c/WINDOWS/System32/WindowsPowerShell/v1.0/:/mnt/c/WINDOWS/System32/OpenSSH/:/mnt/c/Program Files/MATLAB/R2024b/bin:/mnt/c/Program Files/nodejs/:/mnt/c/Program Files/Git/cmd:/mnt/c/Users/ksyj0/AppData/Local/Programs/Python/Python312/Scripts/:/mnt/c/Users/ksyj0/AppData/Local/Programs/Python/Python312/:/mnt/c/Users/ksyj0/AppData/Local/Programs/Python/Launcher/:/mnt/c/Users/ksyj0/AppData/Local/Microsoft/WindowsApps:/mnt/c/Users/ksyj0/AppData/Local/Programs/Microsoft VS Code/bin:/mnt/c/Users/ksyj0/AppData/Roaming/npm:/mnt/c/Users/ksyj0/AppData/Local/SOOP:/mnt/c/Users/ksyj0/AppData/Local/Programs/Kiro/bin:/snap/bin:/home/joon/.vscode-server/extensions/ms-python.debugpy-2025.16.0-linux-x64/bundled/scripts/noConfigScripts'), ('XDG_RUNTIME_DIR', '/run/user/1000/'), ('DISPLAY', ':0'), ('VSCODE_DEBUGPY_ADAPTER_ENDPOINTS', '/home/joon/.vscode-server/extensions/ms-python.debugpy-2025.16.0-linux-x64/.noConfigDebugAdapterEndpoints/endpoint-5f6b0efddf9f6982.txt'), ('LANG', 'en_US.UTF-8'), ('PYTHONSTARTUP', '/home/joon/.vscode-server/data/User/workspaceStorage/6032d0949a26c1de4974618490f207f6-1/ms-python.python/pythonrc.py'), ('LS_COLORS', 'rs=0:di=01;34:ln=01;36:mh=00:pi=40;33:so=01;35:do=01;35:bd=40;33;01:cd=40;33;01:or=40;31;01:mi=00:su=37;41:sg=30;43:ca=30;41:tw=30;42:ow=34;42:st=37;44:ex=01;32:*.tar=01;31:*.tgz=01;31:*.arc=01;31:*.arj=01;31:*.taz=01;31:*.lha=01;31:*.lz4=01;31:*.lzh=01;31:*.lzma=01;31:*.tlz=01;31:*.txz=01;31:*.tzo=01;31:*.t7z=01;31:*.zip=01;31:*.z=01;31:*.dz=01;31:*.gz=01;31:*.lrz=01;31:*.lz=01;31:*.lzo=01;31:*.xz=01;31:*.zst=01;31:*.tzst=01;31:*.bz2=01;31:*.bz=01;31:*.tbz=01;31:*.tbz2=01;31:*.tz=01;31:*.deb=01;31:*.rpm=01;31:*.jar=01;31:*.war=01;31:*.ear=01;31:*.sar=01;31:*.rar=01;31:*.alz=01;31:*.ace=01;31:*.zoo=01;31:*.cpio=01;31:*.7z=01;31:*.rz=01;31:*.cab=01;31:*.wim=01;31:*.swm=01;31:*.dwm=01;31:*.esd=01;31:*.jpg=01;35:*.jpeg=01;35:*.mjpg=01;35:*.mjpeg=01;35:*.gif=01;35:*.bmp=01;35:*.pbm=01;35:*.pgm=01;35:*.ppm=01;35:*.tga=01;35:*.xbm=01;35:*.xpm=01;35:*.tif=01;35:*.tiff=01;35:*.png=01;35:*.svg=01;35:*.svgz=01;35:*.mng=01;35:*.pcx=01;35:*.mov=01;35:*.mpg=01;35:*.mpeg=01;35:*.m2v=01;35:*.mkv=01;35:*.webm=01;35:*.webp=01;35:*.ogm=01;35:*.mp4=01;35:*.m4v=01;35:*.mp4v=01;35:*.vob=01;35:*.qt=01;35:*.nuv=01;35:*.wmv=01;35:*.asf=01;35:*.rm=01;35:*.rmvb=01;35:*.flc=01;35:*.avi=01;35:*.fli=01;35:*.flv=01;35:*.gl=01;35:*.dl=01;35:*.xcf=01;35:*.xwd=01;35:*.yuv=01;35:*.cgm=01;35:*.emf=01;35:*.ogv=01;35:*.ogx=01;35:*.aac=00;36:*.au=00;36:*.flac=00;36:*.m4a=00;36:*.mid=00;36:*.midi=00;36:*.mka=00;36:*.mp3=00;36:*.mpc=00;36:*.ogg=00;36:*.ra=00;36:*.wav=00;36:*.oga=00;36:*.opus=00;36:*.spx=00;36:*.xspf=00;36:'), ('VSCODE_GIT_IPC_HANDLE', '/run/user/1000/vscode-git-167d3a068c.sock'), ('TERM_PROGRAM', 'vscode'), ('AMENT_PREFIX_PATH', '/home/joon/mission_hard/mission_hard/install/simulator:/home/joon/mission_hard/mission_hard/install/mission_manager:/home/joon/mission_hard/mission_hard/install/evaluation:/home/joon/mission_hard/mission_hard/install/autonomous_driving:/home/joon/mission_hard/mission_hard/install/ad_msgs:/home/joon/automotive_software_final/install/simulator:/home/joon/automotive_software_final/install/mission_manager:/home/joon/automotive_software_final/install/evaluation:/home/joon/automotive_software_final/install/autonomous_driving:/home/joon/automotive_software_final/install/ad_msgs:/opt/ros/humble'), ('SHELL', '/bin/bash'), ('LESSCLOSE', '/usr/bin/lesspipe %s %s'), ('VSCODE_GIT_ASKPASS_EXTRA_ARGS', ''), ('PWD', '/home/joon/mission_hard/mission_hard/build/autonomous_driving'), ('ENABLE_IDE_INTEGRATION', 'true'), ('XDG_DATA_DIRS', '/usr/local/share:/usr/share:/var/lib/snapd/desktop'), ('PYTHONPATH', '/home/joon/mission_hard/mission_hard/install/ad_msgs/local/lib/python3.10/dist-packages:/home/joon/automotive_software_final/install/ad_msgs/local/lib/python3.10/dist-packages:/opt/ros/humble/lib/python3.10/site-packages:/opt/ros/humble/local/lib/python3.10/dist-packages'), ('COLCON', '1'), ('WSL2_GUI_APPS_ENABLED', '1'), ('HOSTTYPE', 'x86_64'), ('CMAKE_PREFIX_PATH', '/home/joon/mission_hard/mission_hard/install/ad_msgs:/home/joon/mission_hard/mission_hard/install/simulator:/home/joon/mission_hard/mission_hard/install/mission_manager:/home/joon/mission_hard/mission_hard/install/evaluation:/home/joon/mission_hard/mission_hard/install/autonomous_driving:/home/joon/automotive_software_final/install/simulator:/home/joon/automotive_software_final/install/mission_manager:/home/joon/automotive_software_final/install/evaluation:/home/joon/automotive_software_final/install/autonomous_driving:/home/joon/automotive_software_final/install/ad_msgs:/opt/ros/humble'), ('WSLENV', 'VSCODE_WSL_EXT_LOCATION/up')]), 'shell': False}
[0.493514] (mission_manager) JobProgress: {'identifier': 'mission_manager', 'progress': 'cmake'}
[0.494281] (mission_manager) JobProgress: {'identifier': 'mission_manager', 'progress': 'build'}
[0.494595] (mission_manager) Command: {'cmd': ['/usr/bin/cmake', '--build', '/home/joon/mission_hard/mission_hard/build/mission_manager', '--', '-j16', '-l16'], 'cwd': '/home/joon/mission_hard/mission_hard/build/mission_manager', 'env': OrderedDict([('PYTHON_BASIC_REPL', '1'), ('LESSOPEN', '| /usr/bin/lesspipe %s'), ('USER', 'joon'), ('GIT_ASKPASS', '/home/joon/.vscode-server/bin/bf9252a2fb45be6893dd8870c0bf37e2e1766d61/extensions/git/dist/askpass.sh'), ('SHLVL', '1'), ('LD_LIBRARY_PATH', '/home/joon/mission_hard/mission_hard/install/ad_msgs/lib:/home/joon/automotive_software_final/install/ad_msgs/lib:/usr/lib/x86_64-linux-gnu/gazebo-11/plugins:/opt/ros/humble/opt/rviz_ogre_vendor/lib:/opt/ros/humble/lib/x86_64-linux-gnu:/opt/ros/humble/lib'), ('MOTD_SHOWN', 'update-motd'), ('HOME', '/home/joon'), ('OLDPWD', '/home/joon/mission_hard'), ('TERM_PROGRAM_VERSION', '1.106.3'), ('VSCODE_IPC_HOOK_CLI', '/run/user/1000/vscode-ipc-720ca6f3-2537-4b04-b3dc-21832d244e7e.sock'), ('ROS_PYTHON_VERSION', '3'), ('VSCODE_GIT_ASKPASS_MAIN', '/home/joon/.vscode-server/bin/bf9252a2fb45be6893dd8870c0bf37e2e1766d61/extensions/git/dist/askpass-main.js'), ('VSCODE_GIT_ASKPASS_NODE', '/home/joon/.vscode-server/bin/bf9252a2fb45be6893dd8870c0bf37e2e1766d61/node'), ('PYDEVD_DISABLE_FILE_VALIDATION', '1'), ('BUNDLED_DEBUGPY_PATH', '/home/joon/.vscode-server/extensions/ms-python.debugpy-2025.16.0-linux-x64/bundled/libs/debugpy'), ('VSCODE_PYTHON_AUTOACTIVATE_GUARD', '1'), ('DBUS_SESSION_BUS_ADDRESS', 'unix:path=/run/user/1000/bus'), ('COLORTERM', 'truecolor'), ('WSL_DISTRO_NAME', 'Ubuntu-22.04'), ('WAYLAND_DISPLAY', 'wayland-0'), ('COLCON_PREFIX_PATH', '/home/joon/mission_hard/mission_hard/install:/home/joon/automotive_software_final/install'), ('ROS_DISTRO', 'humble'), ('LOGNAME', 'joon'), ('NAME', 'Joon'), ('WSL_INTEROP', '/run/WSL/523_interop'), ('PULSE_SERVER', 'unix:/mnt/wslg/PulseServer'), ('_', '/usr/bin/colcon'), ('ROS_VERSION', '2'), ('CLAUDE_CODE_SSE_PORT', '20257'), ('TERM', 'xterm-256color'), ('ROS_LOCALHOST_ONLY', '0'), ('PATH', '/opt/ros/humble/bin:/usr/bin:/usr/bin:/home/joon/.vscode-server/data/User/globalStorage/github.copilot-chat/debugCommand:/home/joon/.vscode-server/data/User/globalStorage/github.copilot-chat/copilotCli:/home/joon/.vscode-server/bin/bf9252a2fb45be6893dd8870c0bf37e2e1766d61/bin/remote-cli:/home/joon/.local/bin:/usr/bin:/usr/bin:/usr/local/sbin:/usr/local/bin:/usr/sbin:/usr/bin:/sbin:/bin:/usr/games:/usr/local/games:/usr/lib/wsl/lib:/mnt/c/WINDOWS/system32:/mnt/c/WINDOWS:/mnt/c/WINDOWS/System32/Wbem:/mnt/c/WINDOWS/System32/WindowsPowerShell/v1.0/:/mnt/c/WINDOWS/System32/OpenSSH/:/mnt/c/Program Files/MATLAB/R2024b/bin:/mnt/c/Program Files/nodejs/:/mnt/c/Program Files/Git/cmd:/mnt/c/Users/ksyj0/AppData/Local/Programs/Python/Python312/Scripts/:/mnt/c/Users/ksyj0/AppData/Local/Programs/Python/Python312/:/mnt/c/Users/ksyj0/AppData/Local/Programs/Python/Launcher/:/mnt/c/Users/ksyj0/AppData/Local/Microsoft/WindowsApps:/mnt/c/Users/ksyj0/AppData/Local/Programs/Microsoft VS Code/bin:/mnt/c/Users/ksyj0/AppData/Roaming/npm:/mnt/c/Users/ksyj0/AppData/Local/SOOP:/mnt/c/Users/ksyj0/AppData/Local/Programs/Kiro/bin:/snap/bin:/home/joon/.vscode-server/extensions/ms-python.debugpy-2025.16.0-linux-x64/bundled/scripts/noConfigScripts'), ('XDG_RUNTIME_DIR', '/run/user/1000/'), ('DISPLAY', ':0'), ('VSCODE_DEBUGPY_ADAPTER_ENDPOINTS', '/home/joon/.vscode-server/extensions/ms-python.debugpy-2025.16.0-linux-x64/.noConfigDebugAdapterEndpoints/endpoint-5f6b0efddf9f6982.txt'), ('LANG', 'en_US.UTF-8'), ('PYTHONSTARTUP', '/home/joon/.vscode-server/data/User/workspaceStorage/6032d0949a26c1de4974618490f207f6-1/ms-python.python/pythonrc.py'), ('LS_COLORS', 'rs=0:di=01;34:ln=01;36:mh=00:pi=40;33:so=01;35:do=01;35:bd=40;33;01:cd=40;33;01:or=40;31;01:mi=00:su=37;41:sg=30;43:ca=30;41:tw=30;42:ow=34;42:st=37;44:ex=01;32:*.tar=01;31:*.tgz=01;31:*.arc=01;31:*.arj=01;31:*.taz=01;31:*.lha=01;31:*.lz4=01;31:*.lzh=01;31:*.lzma=01;31:*.tlz=01;31:*.txz=01;31:*.tzo=01;31:*.t7z=01;31:*.zip=01;31:*.z=01;31:*.dz=01;31:*.gz=01;31:*.lrz=01;31:*.lz=01;31:*.lzo=01;31:*.xz=01;31:*.zst=01;31:*.tzst=01;31:*.bz2=01;31:*.bz=01;31:*.tbz=01;31:*.tbz2=01;31:*.tz=01;31:*.deb=01;31:*.rpm=01;31:*.jar=01;31:*.war=01;31:*.ear=01;31:*.sar=01;31:*.rar=01;31:*.alz=01;31:*.ace=01;31:*.zoo=01;31:*.cpio=01;31:*.7z=01;31:*.rz=01;31:*.cab=01;31:*.wim=01;31:*.swm=01;31:*.dwm=01;31:*.esd=01;31:*.jpg=01;35:*.jpeg=01;35:*.mjpg=01;35:*.mjpeg=01;35:*.gif=01;35:*.bmp=01;35:*.pbm=01;35:*.pgm=01;35:*.ppm=01;35:*.tga=01;35:*.xbm=01;35:*.xpm=01;35:*.tif=01;35:*.tiff=01;35:*.png=01;35:*.svg=01;35:*.svgz=01;35:*.mng=01;35:*.pcx=01;35:*.mov=01;35:*.mpg=01;35:*.mpeg=01;35:*.m2v=01;35:*.mkv=01;35:*.webm=01;35:*.webp=01;35:*.ogm=01;35:*.mp4=01;35:*.m4v=01;35:*.mp4v=01;35:*.vob=01;35:*.qt=01;35:*.nuv=01;35:*.wmv=01;35:*.asf=01;35:*.rm=01;35:*.rmvb=01;35:*.flc=01;35:*.avi=01;35:*.fli=01;35:*.flv=01;35:*.gl=01;35:*.dl=01;35:*.xcf=01;35:*.xwd=01;35:*.yuv=01;35:*.cgm=01;35:*.emf=01;35:*.ogv=01;35:*.ogx=01;35:*.aac=00;36:*.au=00;36:*.flac=00;36:*.m4a=00;36:*.mid=00;36:*.midi=00;36:*.mka=00;36:*.mp3=00;36:*.mpc=00;36:*.ogg=00;36:*.ra=00;36:*.wav=00;36:*.oga=00;36:*.opus=00;36:*.spx=00;36:*.xspf=00;36:'), ('VSCODE_GIT_IPC_HANDLE', '/run/user/1000/vscode-git-167d3a068c.sock'), ('TERM_PROGRAM', 'vscode'), ('AMENT_PREFIX_PATH', '/home/joon/mission_hard/mission_hard/install/simulator:/home/joon/mission_hard/mission_hard/install/mission_manager:/home/joon/mission_hard/mission_hard/install/evaluation:/home/joon/mission_hard/mission_hard/install/autonomous_driving:/home/joon/mission_hard/mission_hard/install/ad_msgs:/home/joon/automotive_software_final/install/simulator:/home/joon/automotive_software_final/install/mission_manager:/home/joon/automotive_software_final/install/evaluation:/home/joon/automotive_software_final/install/autonomous_driving:/home/joon/automotive_software_final/install/ad_msgs:/opt/ros/humble'), ('SHELL', '/bin/bash'), ('LESSCLOSE', '/usr/bin/lesspipe %s %s'), ('VSCODE_GIT_ASKPASS_EXTRA_ARGS', ''), ('PWD', '/home/joon/mission_hard/mission_hard/build/mission_manager'), ('ENABLE_IDE_INTEGRATION', 'true'), ('XDG_DATA_DIRS', '/usr/local/share:/usr/share:/var/lib/snapd/desktop'), ('PYTHONPATH', '/home/joon/mission_hard/mission_hard/install/ad_msgs/local/lib/python3.10/dist-packages:/home/joon/automotive_software_final/install/ad_msgs/local/lib/python3.10/dist-packages:/opt/ros/humble/lib/python3.10/site-packages:/opt/ros/humble/local/lib/python3.10/dist-packages'), ('COLCON', '1'), ('WSL2_GUI_APPS_ENABLED', '1'), ('HOSTTYPE', 'x86_64'), ('CMAKE_PREFIX_PATH', '/home/joon/mission_hard/mission_hard/install/ad_msgs:/home/joon/mission_hard/mission_hard/install/simulator:/home/joon/mission_hard/mission_hard/install/mission_manager:/home/joon/mission_hard/mission_hard/install/evaluation:/home/joon/mission_hard/mission_hard/install/autonomous_driving:/home/joon/automotive_software_final/install/simulator:/home/joon/automotive_software_final/install/mission_manager:/home/joon/automotive_software_final/install/evaluation:/home/joon/automotive_software_final/install/autonomous_driving:/home/joon/automotive_software_final/install/ad_msgs:/opt/ros/humble'), ('WSLENV', 'VSCODE_WSL_EXT_LOCATION/up')]), 'shell': False}
[0.499888] (simulator) JobProgress: {'identifier': 'simulator', 'progress': 'cmake'}
[0.500110] (-) TimerEvent: {}
[0.502205] (simulator) Command: {'cmd': ['/usr/bin/cmake', '/home/joon/mission_hard/mission_hard/src/app/simulator', '-DAMENT_CMAKE_SYMLINK_INSTALL=1', '-DCMAKE_INSTALL_PREFIX=/home/joon/mission_hard/mission_hard/install/simulator'], 'cwd': '/home/joon/mission_hard/mission_hard/build/simulator', 'env': OrderedDict([('PYTHON_BASIC_REPL', '1'), ('LESSOPEN', '| /usr/bin/lesspipe %s'), ('USER', 'joon'), ('GIT_ASKPASS', '/home/joon/.vscode-server/bin/bf9252a2fb45be6893dd8870c0bf37e2e1766d61/extensions/git/dist/askpass.sh'), ('SHLVL', '1'), ('LD_LIBRARY_PATH', '/home/joon/mission_hard/mission_hard/install/ad_msgs/lib:/home/joon/automotive_software_final/install/ad_msgs/lib:/usr/lib/x86_64-linux-gnu/gazebo-11/plugins:/opt/ros/humble/opt/rviz_ogre_vendor/lib:/opt/ros/humble/lib/x86_64-linux-gnu:/opt/ros/humble/lib'), ('MOTD_SHOWN', 'update-motd'), ('HOME', '/home/joon'), ('OLDPWD', '/home/joon/mission_hard'), ('TERM_PROGRAM_VERSION', '1.106.3'), ('VSCODE_IPC_HOOK_CLI', '/run/user/1000/vscode-ipc-720ca6f3-2537-4b04-b3dc-21832d244e7e.sock'), ('ROS_PYTHON_VERSION', '3'), ('VSCODE_GIT_ASKPASS_MAIN', '/home/joon/.vscode-server/bin/bf9252a2fb45be6893dd8870c0bf37e2e1766d61/extensions/git/dist/askpass-main.js'), ('VSCODE_GIT_ASKPASS_NODE', '/home/joon/.vscode-server/bin/bf9252a2fb45be6893dd8870c0bf37e2e1766d61/node'), ('PYDEVD_DISABLE_FILE_VALIDATION', '1'), ('BUNDLED_DEBUGPY_PATH', '/home/joon/.vscode-server/extensions/ms-python.debugpy-2025.16.0-linux-x64/bundled/libs/debugpy'), ('VSCODE_PYTHON_AUTOACTIVATE_GUARD', '1'), ('DBUS_SESSION_BUS_ADDRESS', 'unix:path=/run/user/1000/bus'), ('COLORTERM', 'truecolor'), ('WSL_DISTRO_NAME', 'Ubuntu-22.04'), ('WAYLAND_DISPLAY', 'wayland-0'), ('COLCON_PREFIX_PATH', '/home/joon/mission_hard/mission_hard/install:/home/joon/automotive_software_final/install'), ('ROS_DISTRO', 'humble'), ('LOGNAME', 'joon'), ('NAME', 'Joon'), ('WSL_INTEROP', '/run/WSL/523_interop'), ('PULSE_SERVER', 'unix:/mnt/wslg/PulseServer'), ('_', '/usr/bin/colcon'), ('ROS_VERSION', '2'), ('CLAUDE_CODE_SSE_PORT', '20257'), ('TERM', 'xterm-256color'), ('ROS_LOCALHOST_ONLY', '0'), ('PATH', '/opt/ros/humble/bin:/usr/bin:/usr/bin:/home/joon/.vscode-server/data/User/globalStorage/github.copilot-chat/debugCommand:/home/joon/.vscode-server/data/User/globalStorage/github.copilot-chat/copilotCli:/home/joon/.vscode-server/bin/bf9252a2fb45be6893dd8870c0bf37e2e1766d61/bin/remote-cli:/home/joon/.local/bin:/usr/bin:/usr/bin:/usr/local/sbin:/usr/local/bin:/usr/sbin:/usr/bin:/sbin:/bin:/usr/games:/usr/local/games:/usr/lib/wsl/lib:/mnt/c/WINDOWS/system32:/mnt/c/WINDOWS:/mnt/c/WINDOWS/System32/Wbem:/mnt/c/WINDOWS/System32/WindowsPowerShell/v1.0/:/mnt/c/WINDOWS/System32/OpenSSH/:/mnt/c/Program Files/MATLAB/R2024b/bin:/mnt/c/Program Files/nodejs/:/mnt/c/Program Files/Git/cmd:/mnt/c/Users/ksyj0/AppData/Local/Programs/Python/Python312/Scripts/:/mnt/c/Users/ksyj0/AppData/Local/Programs/Python/Python312/:/mnt/c/Users/ksyj0/AppData/Local/Programs/Python/Launcher/:/mnt/c/Users/ksyj0/AppData/Local/Microsoft/WindowsApps:/mnt/c/Users/ksyj0/AppData/Local/Programs/Microsoft VS Code/bin:/mnt/c/Users/ksyj0/AppData/Roaming/npm:/mnt/c/Users/ksyj0/AppData/Local/SOOP:/mnt/c/Users/ksyj0/AppData/Local/Programs/Kiro/bin:/snap/bin:/home/joon/.vscode-server/extensions/ms-python.debugpy-2025.16.0-linux-x64/bundled/scripts/noConfigScripts'), ('XDG_RUNTIME_DIR', '/run/user/1000/'), ('DISPLAY', ':0'), ('VSCODE_DEBUGPY_ADAPTER_ENDPOINTS', '/home/joon/.vscode-server/extensions/ms-python.debugpy-2025.16.0-linux-x64/.noConfigDebugAdapterEndpoints/endpoint-5f6b0efddf9f6982.txt'), ('LANG', 'en_US.UTF-8'), ('PYTHONSTARTUP', '/home/joon/.vscode-server/data/User/workspaceStorage/6032d0949a26c1de4974618490f207f6-1/ms-python.python/pythonrc.py'), ('LS_COLORS', 'rs=0:di=01;34:ln=01;36:mh=00:pi=40;33:so=01;35:do=01;35:bd=40;33;01:cd=40;33;01:or=40;31;01:mi=00:su=37;41:sg=30;43:ca=30;41:tw=30;42:ow=34;42:st=37;44:ex=01;32:*.tar=01;31:*.tgz=01;31:*.arc=01;31:*.arj=01;31:*.taz=01;31:*.lha=01;31:*.lz4=01;31:*.lzh=01;31:*.lzma=01;31:*.tlz=01;31:*.txz=01;31:*.tzo=01;31:*.t7z=01;31:*.zip=01;31:*.z=01;31:*.dz=01;31:*.gz=01;31:*.lrz=01;31:*.lz=01;31:*.lzo=01;31:*.xz=01;31:*.zst=01;31:*.tzst=01;31:*.bz2=01;31:*.bz=01;31:*.tbz=01;31:*.tbz2=01;31:*.tz=01;31:*.deb=01;31:*.rpm=01;31:*.jar=01;31:*.war=01;31:*.ear=01;31:*.sar=01;31:*.rar=01;31:*.alz=01;31:*.ace=01;31:*.zoo=01;31:*.cpio=01;31:*.7z=01;31:*.rz=01;31:*.cab=01;31:*.wim=01;31:*.swm=01;31:*.dwm=01;31:*.esd=01;31:*.jpg=01;35:*.jpeg=01;35:*.mjpg=01;35:*.mjpeg=01;35:*.gif=01;35:*.bmp=01;35:*.pbm=01;35:*.pgm=01;35:*.ppm=01;35:*.tga=01;35:*.xbm=01;35:*.xpm=01;35:*.tif=01;35:*.tiff=01;35:*.png=01;35:*.svg=01;35:*.svgz=01;35:*.mng=01;35:*.pcx=01;35:*.mov=01;35:*.mpg=01;35:*.mpeg=01;35:*.m2v=01;35:*.mkv=01;35:*.webm=01;35:*.webp=01;35:*.ogm=01;35:*.mp4=01;35:*.m4v=01;35:*.mp4v=01;35:*.vob=01;35:*.qt=01;35:*.nuv=01;35:*.wmv=01;35:*.asf=01;35:*.rm=01;35:*.rmvb=01;35:*.flc=01;35:*.avi=01;35:*.fli=01;35:*.flv=01;35:*.gl=01;35:*.dl=01;35:*.xcf=01;35:*.xwd=01;35:*.yuv=01;35:*.cgm=01;35:*.emf=01;35:*.ogv=01;35:*.ogx=01;35:*.aac=00;36:*.au=00;36:*.flac=00;36:*.m4a=00;36:*.mid=00;36:*.midi=00;36:*.mka=00;36:*.mp3=00;36:*.mpc=00;36:*.ogg=00;36:*.ra=00;36:*.wav=00;36:*.oga=00;36:*.opus=00;36:*.spx=00;36:*.xspf=00;36:'), ('VSCODE_GIT_IPC_HANDLE', '/run/user/1000/vscode-git-167d3a068c.sock'), ('TERM_PROGRAM', 'vscode'), ('AMENT_PREFIX_PATH', '/home/joon/mission_hard/mission_hard/install/simulator:/home/joon/mission_hard/mission_hard/install/mission_manager:/home/joon/mission_hard/mission_hard/install/evaluation:/home/joon/mission_hard/mission_hard/install/autonomous_driving:/home/joon/mission_hard/mission_hard/install/ad_msgs:/home/joon/automotive_software_final/install/simulator:/home/joon/automotive_software_final/install/mission_manager:/home/joon/automotive_software_final/install/evaluation:/home/joon/automotive_software_final/install/autonomous_driving:/home/joon/automotive_software_final/install/ad_msgs:/opt/ros/humble'), ('SHELL', '/bin/bash'), ('LESSCLOSE', '/usr/bin/lesspipe %s %s'), ('VSCODE_GIT_ASKPASS_EXTRA_ARGS', ''), ('PWD', '/home/joon/mission_hard/mission_hard/build/simulator'), ('ENABLE_IDE_INTEGRATION', 'true'), ('XDG_DATA_DIRS', '/usr/local/share:/usr/share:/var/lib/snapd/desktop'), ('PYTHONPATH', '/home/joon/mission_hard/mission_hard/install/ad_msgs/local/lib/python3.10/dist-packages:/home/joon/automotive_software_final/install/ad_msgs/local/lib/python3.10/dist-packages:/opt/ros/humble/lib/python3.10/site-packages:/opt/ros/humble/local/lib/python3.10/dist-packages'), ('COLCON', '1'), ('WSL2_GUI_APPS_ENABLED', '1'), ('HOSTTYPE', 'x86_64'), ('CMAKE_PREFIX_PATH', '/home/joon/mission_hard/mission_hard/install/ad_msgs:/home/joon/mission_hard/mission_hard/install/simulator:/home/joon/mission_hard/mission_hard/install/mission_manager:/home/joon/mission_hard/mission_hard/install/evaluation:/home/joon/mission_hard/mission_hard/install/autonomous_driving:/home/joon/automotive_software_final/install/simulator:/home/joon/automotive_software_final/install/mission_manager:/home/joon/automotive_software_final/install/evaluation:/home/joon/automotive_software_final/install/autonomous_driving:/home/joon/automotive_software_final/install/ad_msgs:/opt/ros/humble'), ('WSLENV', 'VSCODE_WSL_EXT_LOCATION/up')]), 'shell': False}
[0.515214] (simulator) StdoutLine: {'line': b'-- Found ament_cmake: 1.3.12 (/opt/ros/humble/share/ament_cmake/cmake)\n'}
[0.530968] (evaluation) StdoutLine: {'line': b'[100%] Built target evaluation\n'}
[0.532712] (autonomous_driving) StdoutLine: {'line': b'[100%] Built target lane_processor_node\n'}
[0.541441] (evaluation) CommandEnded: {'returncode': 0}
[0.542812] (evaluation) JobProgress: {'identifier': 'evaluation', 'progress': 'install'}
[0.544490] (evaluation) Command: {'cmd': ['/usr/bin/cmake', '--install', '/home/joon/mission_hard/mission_hard/build/evaluation'], 'cwd': '/home/joon/mission_hard/mission_hard/build/evaluation', 'env': OrderedDict([('PYTHON_BASIC_REPL', '1'), ('LESSOPEN', '| /usr/bin/lesspipe %s'), ('USER', 'joon'), ('GIT_ASKPASS', '/home/joon/.vscode-server/bin/bf9252a2fb45be6893dd8870c0bf37e2e1766d61/extensions/git/dist/askpass.sh'), ('SHLVL', '1'), ('LD_LIBRARY_PATH', '/home/joon/mission_hard/mission_hard/install/ad_msgs/lib:/home/joon/automotive_software_final/install/ad_msgs/lib:/usr/lib/x86_64-linux-gnu/gazebo-11/plugins:/opt/ros/humble/opt/rviz_ogre_vendor/lib:/opt/ros/humble/lib/x86_64-linux-gnu:/opt/ros/humble/lib'), ('MOTD_SHOWN', 'update-motd'), ('HOME', '/home/joon'), ('OLDPWD', '/home/joon/mission_hard'), ('TERM_PROGRAM_VERSION', '1.106.3'), ('VSCODE_IPC_HOOK_CLI', '/run/user/1000/vscode-ipc-720ca6f3-2537-4b04-b3dc-21832d244e7e.sock'), ('ROS_PYTHON_VERSION', '3'), ('VSCODE_GIT_ASKPASS_MAIN', '/home/joon/.vscode-server/bin/bf9252a2fb45be6893dd8870c0bf37e2e1766d61/extensions/git/dist/askpass-main.js'), ('VSCODE_GIT_ASKPASS_NODE', '/home/joon/.vscode-server/bin/bf9252a2fb45be6893dd8870c0bf37e2e1766d61/node'), ('PYDEVD_DISABLE_FILE_VALIDATION', '1'), ('BUNDLED_DEBUGPY_PATH', '/home/joon/.vscode-server/extensions/ms-python.debugpy-2025.16.0-linux-x64/bundled/libs/debugpy'), ('VSCODE_PYTHON_AUTOACTIVATE_GUARD', '1'), ('DBUS_SESSION_BUS_ADDRESS', 'unix:path=/run/user/1000/bus'), ('COLORTERM', 'truecolor'), ('WSL_DISTRO_NAME', 'Ubuntu-22.04'), ('WAYLAND_DISPLAY', 'wayland-0'), ('COLCON_PREFIX_PATH', '/home/joon/mission_hard/mission_hard/install:/home/joon/automotive_software_final/install'), ('ROS_DISTRO', 'humble'), ('LOGNAME', 'joon'), ('NAME', 'Joon'), ('WSL_INTEROP', '/run/WSL/523_interop'), ('PULSE_SERVER', 'unix:/mnt/wslg/PulseServer'), ('_', '/usr/bin/colcon'), ('ROS_VERSION', '2'), ('CLAUDE_CODE_SSE_PORT', '20257'), ('TERM', 'xterm-256color'), ('ROS_LOCALHOST_ONLY', '0'), ('PATH', '/opt/ros/humble/bin:/usr/bin:/usr/bin:/home/joon/.vscode-server/data/User/globalStorage/github.copilot-chat/debugCommand:/home/joon/.vscode-server/data/User/globalStorage/github.copilot-chat/copilotCli:/home/joon/.vscode-server/bin/bf9252a2fb45be6893dd8870c0bf37e2e1766d61/bin/remote-cli:/home/joon/.local/bin:/usr/bin:/usr/bin:/usr/local/sbin:/usr/local/bin:/usr/sbin:/usr/bin:/sbin:/bin:/usr/games:/usr/local/games:/usr/lib/wsl/lib:/mnt/c/WINDOWS/system32:/mnt/c/WINDOWS:/mnt/c/WINDOWS/System32/Wbem:/mnt/c/WINDOWS/System32/WindowsPowerShell/v1.0/:/mnt/c/WINDOWS/System32/OpenSSH/:/mnt/c/Program Files/MATLAB/R2024b/bin:/mnt/c/Program Files/nodejs/:/mnt/c/Program Files/Git/cmd:/mnt/c/Users/ksyj0/AppData/Local/Programs/Python/Python312/Scripts/:/mnt/c/Users/ksyj0/AppData/Local/Programs/Python/Python312/:/mnt/c/Users/ksyj0/AppData/Local/Programs/Python/Launcher/:/mnt/c/Users/ksyj0/AppData/Local/Microsoft/WindowsApps:/mnt/c/Users/ksyj0/AppData/Local/Programs/Microsoft VS Code/bin:/mnt/c/Users/ksyj0/AppData/Roaming/npm:/mnt/c/Users/ksyj0/AppData/Local/SOOP:/mnt/c/Users/ksyj0/AppData/Local/Programs/Kiro/bin:/snap/bin:/home/joon/.vscode-server/extensions/ms-python.debugpy-2025.16.0-linux-x64/bundled/scripts/noConfigScripts'), ('XDG_RUNTIME_DIR', '/run/user/1000/'), ('DISPLAY', ':0'), ('VSCODE_DEBUGPY_ADAPTER_ENDPOINTS', '/home/joon/.vscode-server/extensions/ms-python.debugpy-2025.16.0-linux-x64/.noConfigDebugAdapterEndpoints/endpoint-5f6b0efddf9f6982.txt'), ('LANG', 'en_US.UTF-8'), ('PYTHONSTARTUP', '/home/joon/.vscode-server/data/User/workspaceStorage/6032d0949a26c1de4974618490f207f6-1/ms-python.python/pythonrc.py'), ('LS_COLORS', 'rs=0:di=01;34:ln=01;36:mh=00:pi=40;33:so=01;35:do=01;35:bd=40;33;01:cd=40;33;01:or=40;31;01:mi=00:su=37;41:sg=30;43:ca=30;41:tw=30;42:ow=34;42:st=37;44:ex=01;32:*.tar=01;31:*.tgz=01;31:*.arc=01;31:*.arj=01;31:*.taz=01;31:*.lha=01;31:*.lz4=01;31:*.lzh=01;31:*.lzma=01;31:*.tlz=01;31:*.txz=01;31:*.tzo=01;31:*.t7z=01;31:*.zip=01;31:*.z=01;31:*.dz=01;31:*.gz=01;31:*.lrz=01;31:*.lz=01;31:*.lzo=01;31:*.xz=01;31:*.zst=01;31:*.tzst=01;31:*.bz2=01;31:*.bz=01;31:*.tbz=01;31:*.tbz2=01;31:*.tz=01;31:*.deb=01;31:*.rpm=01;31:*.jar=01;31:*.war=01;31:*.ear=01;31:*.sar=01;31:*.rar=01;31:*.alz=01;31:*.ace=01;31:*.zoo=01;31:*.cpio=01;31:*.7z=01;31:*.rz=01;31:*.cab=01;31:*.wim=01;31:*.swm=01;31:*.dwm=01;31:*.esd=01;31:*.jpg=01;35:*.jpeg=01;35:*.mjpg=01;35:*.mjpeg=01;35:*.gif=01;35:*.bmp=01;35:*.pbm=01;35:*.pgm=01;35:*.ppm=01;35:*.tga=01;35:*.xbm=01;35:*.xpm=01;35:*.tif=01;35:*.tiff=01;35:*.png=01;35:*.svg=01;35:*.svgz=01;35:*.mng=01;35:*.pcx=01;35:*.mov=01;35:*.mpg=01;35:*.mpeg=01;35:*.m2v=01;35:*.mkv=01;35:*.webm=01;35:*.webp=01;35:*.ogm=01;35:*.mp4=01;35:*.m4v=01;35:*.mp4v=01;35:*.vob=01;35:*.qt=01;35:*.nuv=01;35:*.wmv=01;35:*.asf=01;35:*.rm=01;35:*.rmvb=01;35:*.flc=01;35:*.avi=01;35:*.fli=01;35:*.flv=01;35:*.gl=01;35:*.dl=01;35:*.xcf=01;35:*.xwd=01;35:*.yuv=01;35:*.cgm=01;35:*.emf=01;35:*.ogv=01;35:*.ogx=01;35:*.aac=00;36:*.au=00;36:*.flac=00;36:*.m4a=00;36:*.mid=00;36:*.midi=00;36:*.mka=00;36:*.mp3=00;36:*.mpc=00;36:*.ogg=00;36:*.ra=00;36:*.wav=00;36:*.oga=00;36:*.opus=00;36:*.spx=00;36:*.xspf=00;36:'), ('VSCODE_GIT_IPC_HANDLE', '/run/user/1000/vscode-git-167d3a068c.sock'), ('TERM_PROGRAM', 'vscode'), ('AMENT_PREFIX_PATH', '/home/joon/mission_hard/mission_hard/install/simulator:/home/joon/mission_hard/mission_hard/install/mission_manager:/home/joon/mission_hard/mission_hard/install/evaluation:/home/joon/mission_hard/mission_hard/install/autonomous_driving:/home/joon/mission_hard/mission_hard/install/ad_msgs:/home/joon/automotive_software_final/install/simulator:/home/joon/automotive_software_final/install/mission_manager:/home/joon/automotive_software_final/install/evaluation:/home/joon/automotive_software_final/install/autonomous_driving:/home/joon/automotive_software_final/install/ad_msgs:/opt/ros/humble'), ('SHELL', '/bin/bash'), ('LESSCLOSE', '/usr/bin/lesspipe %s %s'), ('VSCODE_GIT_ASKPASS_EXTRA_ARGS', ''), ('PWD', '/home/joon/mission_hard/mission_hard/build/evaluation'), ('ENABLE_IDE_INTEGRATION', 'true'), ('XDG_DATA_DIRS', '/usr/local/share:/usr/share:/var/lib/snapd/desktop'), ('PYTHONPATH', '/home/joon/mission_hard/mission_hard/install/ad_msgs/local/lib/python3.10/dist-packages:/home/joon/automotive_software_final/install/ad_msgs/local/lib/python3.10/dist-packages:/opt/ros/humble/lib/python3.10/site-packages:/opt/ros/humble/local/lib/python3.10/dist-packages'), ('COLCON', '1'), ('WSL2_GUI_APPS_ENABLED', '1'), ('HOSTTYPE', 'x86_64'), ('CMAKE_PREFIX_PATH', '/home/joon/mission_hard/mission_hard/install/ad_msgs:/home/joon/mission_hard/mission_hard/install/simulator:/home/joon/mission_hard/mission_hard/install/mission_manager:/home/joon/mission_hard/mission_hard/install/evaluation:/home/joon/mission_hard/mission_hard/install/autonomous_driving:/home/joon/automotive_software_final/install/simulator:/home/joon/automotive_software_final/install/mission_manager:/home/joon/automotive_software_final/install/evaluation:/home/joon/automotive_software_final/install/autonomous_driving:/home/joon/automotive_software_final/install/ad_msgs:/opt/ros/humble'), ('WSLENV', 'VSCODE_WSL_EXT_LOCATION/up')]), 'shell': False}
[0.547238] (autonomous_driving) CommandEnded: {'returncode': 0}
[0.550470] (autonomous_driving) JobProgress: {'identifier': 'autonomous_driving', 'progress': 'install'}
[0.550641] (autonomous_driving) Command: {'cmd': ['/usr/bin/cmake', '--install', '/home/joon/mission_hard/mission_hard/build/autonomous_driving'], 'cwd': '/home/joon/mission_hard/mission_hard/build/autonomous_driving', 'env': OrderedDict([('PYTHON_BASIC_REPL', '1'), ('LESSOPEN', '| /usr/bin/lesspipe %s'), ('USER', 'joon'), ('GIT_ASKPASS', '/home/joon/.vscode-server/bin/bf9252a2fb45be6893dd8870c0bf37e2e1766d61/extensions/git/dist/askpass.sh'), ('SHLVL', '1'), ('LD_LIBRARY_PATH', '/home/joon/mission_hard/mission_hard/install/ad_msgs/lib:/home/joon/automotive_software_final/install/ad_msgs/lib:/usr/lib/x86_64-linux-gnu/gazebo-11/plugins:/opt/ros/humble/opt/rviz_ogre_vendor/lib:/opt/ros/humble/lib/x86_64-linux-gnu:/opt/ros/humble/lib'), ('MOTD_SHOWN', 'update-motd'), ('HOME', '/home/joon'), ('OLDPWD', '/home/joon/mission_hard'), ('TERM_PROGRAM_VERSION', '1.106.3'), ('VSCODE_IPC_HOOK_CLI', '/run/user/1000/vscode-ipc-720ca6f3-2537-4b04-b3dc-21832d244e7e.sock'), ('ROS_PYTHON_VERSION', '3'), ('VSCODE_GIT_ASKPASS_MAIN', '/home/joon/.vscode-server/bin/bf9252a2fb45be6893dd8870c0bf37e2e1766d61/extensions/git/dist/askpass-main.js'), ('VSCODE_GIT_ASKPASS_NODE', '/home/joon/.vscode-server/bin/bf9252a2fb45be6893dd8870c0bf37e2e1766d61/node'), ('PYDEVD_DISABLE_FILE_VALIDATION', '1'), ('BUNDLED_DEBUGPY_PATH', '/home/joon/.vscode-server/extensions/ms-python.debugpy-2025.16.0-linux-x64/bundled/libs/debugpy'), ('VSCODE_PYTHON_AUTOACTIVATE_GUARD', '1'), ('DBUS_SESSION_BUS_ADDRESS', 'unix:path=/run/user/1000/bus'), ('COLORTERM', 'truecolor'), ('WSL_DISTRO_NAME', 'Ubuntu-22.04'), ('WAYLAND_DISPLAY', 'wayland-0'), ('COLCON_PREFIX_PATH', '/home/joon/mission_hard/mission_hard/install:/home/joon/automotive_software_final/install'), ('ROS_DISTRO', 'humble'), ('LOGNAME', 'joon'), ('NAME', 'Joon'), ('WSL_INTEROP', '/run/WSL/523_interop'), ('PULSE_SERVER', 'unix:/mnt/wslg/PulseServer'), ('_', '/usr/bin/colcon'), ('ROS_VERSION', '2'), ('CLAUDE_CODE_SSE_PORT', '20257'), ('TERM', 'xterm-256color'), ('ROS_LOCALHOST_ONLY', '0'), ('PATH', '/opt/ros/humble/bin:/usr/bin:/usr/bin:/home/joon/.vscode-server/data/User/globalStorage/github.copilot-chat/debugCommand:/home/joon/.vscode-server/data/User/globalStorage/github.copilot-chat/copilotCli:/home/joon/.vscode-server/bin/bf9252a2fb45be6893dd8870c0bf37e2e1766d61/bin/remote-cli:/home/joon/.local/bin:/usr/bin:/usr/bin:/usr/local/sbin:/usr/local/bin:/usr/sbin:/usr/bin:/sbin:/bin:/usr/games:/usr/local/games:/usr/lib/wsl/lib:/mnt/c/WINDOWS/system32:/mnt/c/WINDOWS:/mnt/c/WINDOWS/System32/Wbem:/mnt/c/WINDOWS/System32/WindowsPowerShell/v1.0/:/mnt/c/WINDOWS/System32/OpenSSH/:/mnt/c/Program Files/MATLAB/R2024b/bin:/mnt/c/Program Files/nodejs/:/mnt/c/Program Files/Git/cmd:/mnt/c/Users/ksyj0/AppData/Local/Programs/Python/Python312/Scripts/:/mnt/c/Users/ksyj0/AppData/Local/Programs/Python/Python312/:/mnt/c/Users/ksyj0/AppData/Local/Programs/Python/Launcher/:/mnt/c/Users/ksyj0/AppData/Local/Microsoft/WindowsApps:/mnt/c/Users/ksyj0/AppData/Local/Programs/Microsoft VS Code/bin:/mnt/c/Users/ksyj0/AppData/Roaming/npm:/mnt/c/Users/ksyj0/AppData/Local/SOOP:/mnt/c/Users/ksyj0/AppData/Local/Programs/Kiro/bin:/snap/bin:/home/joon/.vscode-server/extensions/ms-python.debugpy-2025.16.0-linux-x64/bundled/scripts/noConfigScripts'), ('XDG_RUNTIME_DIR', '/run/user/1000/'), ('DISPLAY', ':0'), ('VSCODE_DEBUGPY_ADAPTER_ENDPOINTS', '/home/joon/.vscode-server/extensions/ms-python.debugpy-2025.16.0-linux-x64/.noConfigDebugAdapterEndpoints/endpoint-5f6b0efddf9f6982.txt'), ('LANG', 'en_US.UTF-8'), ('PYTHONSTARTUP', '/home/joon/.vscode-server/data/User/workspaceStorage/6032d0949a26c1de4974618490f207f6-1/ms-python.python/pythonrc.py'), ('LS_COLORS', 'rs=0:di=01;34:ln=01;36:mh=00:pi=40;33:so=01;35:do=01;35:bd=40;33;01:cd=40;33;01:or=40;31;01:mi=00:su=37;41:sg=30;43:ca=30;41:tw=30;42:ow=34;42:st=37;44:ex=01;32:*.tar=01;31:*.tgz=01;31:*.arc=01;31:*.arj=01;31:*.taz=01;31:*.lha=01;31:*.lz4=01;31:*.lzh=01;31:*.lzma=01;31:*.tlz=01;31:*.txz=01;31:*.tzo=01;31:*.t7z=01;31:*.zip=01;31:*.z=01;31:*.dz=01;31:*.gz=01;31:*.lrz=01;31:*.lz=01;31:*.lzo=01;31:*.xz=01;31:*.zst=01;31:*.tzst=01;31:*.bz2=01;31:*.bz=01;31:*.tbz=01;31:*.tbz2=01;31:*.tz=01;31:*.deb=01;31:*.rpm=01;31:*.jar=01;31:*.war=01;31:*.ear=01;31:*.sar=01;31:*.rar=01;31:*.alz=01;31:*.ace=01;31:*.zoo=01;31:*.cpio=01;31:*.7z=01;31:*.rz=01;31:*.cab=01;31:*.wim=01;31:*.swm=01;31:*.dwm=01;31:*.esd=01;31:*.jpg=01;35:*.jpeg=01;35:*.mjpg=01;35:*.mjpeg=01;35:*.gif=01;35:*.bmp=01;35:*.pbm=01;35:*.pgm=01;35:*.ppm=01;35:*.tga=01;35:*.xbm=01;35:*.xpm=01;35:*.tif=01;35:*.tiff=01;35:*.png=01;35:*.svg=01;35:*.svgz=01;35:*.mng=01;35:*.pcx=01;35:*.mov=01;35:*.mpg=01;35:*.mpeg=01;35:*.m2v=01;35:*.mkv=01;35:*.webm=01;35:*.webp=01;35:*.ogm=01;35:*.mp4=01;35:*.m4v=01;35:*.mp4v=01;35:*.vob=01;35:*.qt=01;35:*.nuv=01;35:*.wmv=01;35:*.asf=01;35:*.rm=01;35:*.rmvb=01;35:*.flc=01;35:*.avi=01;35:*.fli=01;35:*.flv=01;35:*.gl=01;35:*.dl=01;35:*.xcf=01;35:*.xwd=01;35:*.yuv=01;35:*.cgm=01;35:*.emf=01;35:*.ogv=01;35:*.ogx=01;35:*.aac=00;36:*.au=00;36:*.flac=00;36:*.m4a=00;36:*.mid=00;36:*.midi=00;36:*.mka=00;36:*.mp3=00;36:*.mpc=00;36:*.ogg=00;36:*.ra=00;36:*.wav=00;36:*.oga=00;36:*.opus=00;36:*.spx=00;36:*.xspf=00;36:'), ('VSCODE_GIT_IPC_HANDLE', '/run/user/1000/vscode-git-167d3a068c.sock'), ('TERM_PROGRAM', 'vscode'), ('AMENT_PREFIX_PATH', '/home/joon/mission_hard/mission_hard/install/simulator:/home/joon/mission_hard/mission_hard/install/mission_manager:/home/joon/mission_hard/mission_hard/install/evaluation:/home/joon/mission_hard/mission_hard/install/autonomous_driving:/home/joon/mission_hard/mission_hard/install/ad_msgs:/home/joon/automotive_software_final/install/simulator:/home/joon/automotive_software_final/install/mission_manager:/home/joon/automotive_software_final/install/evaluation:/home/joon/automotive_software_final/install/autonomous_driving:/home/joon/automotive_software_final/install/ad_msgs:/opt/ros/humble'), ('SHELL', '/bin/bash'), ('LESSCLOSE', '/usr/bin/lesspipe %s %s'), ('VSCODE_GIT_ASKPASS_EXTRA_ARGS', ''), ('PWD', '/home/joon/mission_hard/mission_hard/build/autonomous_driving'), ('ENABLE_IDE_INTEGRATION', 'true'), ('XDG_DATA_DIRS', '/usr/local/share:/usr/share:/var/lib/snapd/desktop'), ('PYTHONPATH', '/home/joon/mission_hard/mission_hard/install/ad_msgs/local/lib/python3.10/dist-packages:/home/joon/automotive_software_final/install/ad_msgs/local/lib/python3.10/dist-packages:/opt/ros/humble/lib/python3.10/site-packages:/opt/ros/humble/local/lib/python3.10/dist-packages'), ('COLCON', '1'), ('WSL2_GUI_APPS_ENABLED', '1'), ('HOSTTYPE', 'x86_64'), ('CMAKE_PREFIX_PATH', '/home/joon/mission_hard/mission_hard/install/ad_msgs:/home/joon/mission_hard/mission_hard/install/simulator:/home/joon/mission_hard/mission_hard/install/mission_manager:/home/joon/mission_hard/mission_hard/install/evaluation:/home/joon/mission_hard/mission_hard/install/autonomous_driving:/home/joon/automotive_software_final/install/simulator:/home/joon/automotive_software_final/install/mission_manager:/home/joon/automotive_software_final/install/evaluation:/home/joon/automotive_software_final/install/autonomous_driving:/home/joon/automotive_software_final/install/ad_msgs:/opt/ros/humble'), ('WSLENV', 'VSCODE_WSL_EXT_LOCATION/up')]), 'shell': False}
[0.552881] (evaluation) StdoutLine: {'line': b'-- Install configuration: ""\n'}
[0.553087] (mission_manager) StdoutLine: {'line': b'[100%] Built target mission_manager\n'}
[0.553280] (evaluation) StdoutLine: {'line': b'-- Execute custom install script\n'}
[0.553495] (evaluation) StdoutLine: {'line': b'-- Up-to-date symlink: /home/joon/mission_hard/mission_hard/install/evaluation/lib/evaluation/evaluation\n'}
[0.553843] (evaluation) StdoutLine: {'line': b'-- Up-to-date symlink: /home/joon/mission_hard/mission_hard/install/evaluation/share/evaluation/launch/evaluation.launch.xml\n'}
[0.554343] (evaluation) StdoutLine: {'line': b'-- Up-to-date symlink: /home/joon/mission_hard/mission_hard/install/evaluation/share/evaluation/launch/evaluation.launch.xml:Zone.Identifier\n'}
[0.554582] (evaluation) StdoutLine: {'line': b'-- Up-to-date symlink: /home/joon/mission_hard/mission_hard/install/evaluation/share/ament_index/resource_index/package_run_dependencies/evaluation\n'}
[0.554821] (evaluation) StdoutLine: {'line': b'-- Up-to-date symlink: /home/joon/mission_hard/mission_hard/install/evaluation/share/ament_index/resource_index/parent_prefix_path/evaluation\n'}
[0.555024] (evaluation) StdoutLine: {'line': b'-- Up-to-date symlink: /home/joon/mission_hard/mission_hard/install/evaluation/share/evaluation/environment/ament_prefix_path.sh\n'}
[0.555097] (evaluation) StdoutLine: {'line': b'-- Up-to-date symlink: /home/joon/mission_hard/mission_hard/install/evaluation/share/evaluation/environment/ament_prefix_path.dsv\n'}
[0.555195] (evaluation) StdoutLine: {'line': b'-- Up-to-date symlink: /home/joon/mission_hard/mission_hard/install/evaluation/share/evaluation/environment/path.sh\n'}
[0.555392] (evaluation) StdoutLine: {'line': b'-- Up-to-date symlink: /home/joon/mission_hard/mission_hard/install/evaluation/share/evaluation/environment/path.dsv\n'}
[0.555632] (evaluation) StdoutLine: {'line': b'-- Up-to-date symlink: /home/joon/mission_hard/mission_hard/install/evaluation/share/evaluation/local_setup.bash\n'}
[0.556073] (evaluation) StdoutLine: {'line': b'-- Up-to-date symlink: /home/joon/mission_hard/mission_hard/install/evaluation/share/evaluation/local_setup.sh\n'}
[0.556336] (evaluation) StdoutLine: {'line': b'-- Up-to-date symlink: /home/joon/mission_hard/mission_hard/install/evaluation/share/evaluation/local_setup.zsh\n'}
[0.556438] (evaluation) StdoutLine: {'line': b'-- Up-to-date symlink: /home/joon/mission_hard/mission_hard/install/evaluation/share/evaluation/local_setup.dsv\n'}
[0.556617] (evaluation) StdoutLine: {'line': b'-- Symlinking: /home/joon/mission_hard/mission_hard/install/evaluation/share/evaluation/package.dsv\n'}
[0.558317] (autonomous_driving) StdoutLine: {'line': b'-- Install configuration: ""\n'}
[0.559020] (autonomous_driving) StdoutLine: {'line': b'-- Execute custom install script\n'}
[0.559715] (autonomous_driving) StdoutLine: {'line': b'-- Up-to-date symlink: /home/joon/mission_hard/mission_hard/install/autonomous_driving/lib/autonomous_driving/lane_processor_node\n'}
[0.560427] (autonomous_driving) StdoutLine: {'line': b'-- Up-to-date symlink: /home/joon/mission_hard/mission_hard/install/autonomous_driving/share/autonomous_driving/launch/autonomous_driving.launch.xml\n'}
[0.560835] (autonomous_driving) StdoutLine: {'line': b'-- Up-to-date symlink: /home/joon/mission_hard/mission_hard/install/autonomous_driving/share/autonomous_driving/launch/autonomous_driving.launch.xml:Zone.Identifier\n'}
[0.561119] (autonomous_driving) StdoutLine: {'line': b'-- Up-to-date symlink: /home/joon/mission_hard/mission_hard/install/autonomous_driving/share/autonomous_driving/launch/autonomous_driving.launch.xml:Zone.Identifier:Zone.Identifier\n'}
[0.561606] (autonomous_driving) StdoutLine: {'line': b'-- Up-to-date symlink: /home/joon/mission_hard/mission_hard/install/autonomous_driving/share/autonomous_driving/launch/manual_driving.launch.xml\n'}
[0.561892] (autonomous_driving) StdoutLine: {'line': b'-- Up-to-date symlink: /home/joon/mission_hard/mission_hard/install/autonomous_driving/share/autonomous_driving/launch/manual_driving.launch.xml:Zone.Identifier\n'}
[0.562029] (autonomous_driving) StdoutLine: {'line': b'-- Up-to-date symlink: /home/joon/mission_hard/mission_hard/install/autonomous_driving/share/autonomous_driving/launch/manual_driving.launch.xml:Zone.Identifier:Zone.Identifier\n'}
[0.562445] (autonomous_driving) StdoutLine: {'line': b'-- Up-to-date symlink: /home/joon/mission_hard/mission_hard/install/autonomous_driving/lib/autonomous_driving/simultaneous_inputs.py\n'}
[0.562813] (autonomous_driving) StdoutLine: {'line': b'-- Up-to-date symlink: /home/joon/mission_hard/mission_hard/install/autonomous_driving/share/ament_index/resource_index/package_run_dependencies/autonomous_driving\n'}
[0.562952] (autonomous_driving) StdoutLine: {'line': b'-- Up-to-date symlink: /home/joon/mission_hard/mission_hard/install/autonomous_driving/share/ament_index/resource_index/parent_prefix_path/autonomous_driving\n'}
[0.563156] (autonomous_driving) StdoutLine: {'line': b'-- Up-to-date symlink: /home/joon/mission_hard/mission_hard/install/autonomous_driving/share/autonomous_driving/environment/ament_prefix_path.sh\n'}
[0.563638] (autonomous_driving) StdoutLine: {'line': b'-- Up-to-date symlink: /home/joon/mission_hard/mission_hard/install/autonomous_driving/share/autonomous_driving/environment/ament_prefix_path.dsv\n'}
[0.564004] (autonomous_driving) StdoutLine: {'line': b'-- Up-to-date symlink: /home/joon/mission_hard/mission_hard/install/autonomous_driving/share/autonomous_driving/environment/path.sh\n'}
[0.564291] (autonomous_driving) StdoutLine: {'line': b'-- Up-to-date symlink: /home/joon/mission_hard/mission_hard/install/autonomous_driving/share/autonomous_driving/environment/path.dsv\n'}
[0.564834] (autonomous_driving) StdoutLine: {'line': b'-- Up-to-date symlink: /home/joon/mission_hard/mission_hard/install/autonomous_driving/share/autonomous_driving/local_setup.bash\n'}
[0.565109] (autonomous_driving) StdoutLine: {'line': b'-- Up-to-date symlink: /home/joon/mission_hard/mission_hard/install/autonomous_driving/share/autonomous_driving/local_setup.sh\n'}
[0.566020] (autonomous_driving) StdoutLine: {'line': b'-- Up-to-date symlink: /home/joon/mission_hard/mission_hard/install/autonomous_driving/share/autonomous_driving/local_setup.zsh\n'}
[0.566823] (autonomous_driving) StdoutLine: {'line': b'-- Up-to-date symlink: /home/joon/mission_hard/mission_hard/install/autonomous_driving/share/autonomous_driving/local_setup.dsv\n'}
[0.567433] (autonomous_driving) StdoutLine: {'line': b'-- Symlinking: /home/joon/mission_hard/mission_hard/install/autonomous_driving/share/autonomous_driving/package.dsv\n'}
[0.568637] (mission_manager) CommandEnded: {'returncode': 0}
[0.569715] (evaluation) StdoutLine: {'line': b'-- Up-to-date symlink: /home/joon/mission_hard/mission_hard/install/evaluation/share/ament_index/resource_index/packages/evaluation\n'}
[0.569951] (evaluation) StdoutLine: {'line': b'-- Up-to-date symlink: /home/joon/mission_hard/mission_hard/install/evaluation/share/evaluation/cmake/evaluationConfig.cmake\n'}
[0.570279] (evaluation) StdoutLine: {'line': b'-- Up-to-date symlink: /home/joon/mission_hard/mission_hard/install/evaluation/share/evaluation/cmake/evaluationConfig-version.cmake\n'}
[0.570694] (evaluation) StdoutLine: {'line': b'-- Up-to-date symlink: /home/joon/mission_hard/mission_hard/install/evaluation/share/evaluation/package.xml\n'}
[0.571657] (mission_manager) JobProgress: {'identifier': 'mission_manager', 'progress': 'install'}
[0.572240] (mission_manager) Command: {'cmd': ['/usr/bin/cmake', '--install', '/home/joon/mission_hard/mission_hard/build/mission_manager'], 'cwd': '/home/joon/mission_hard/mission_hard/build/mission_manager', 'env': OrderedDict([('PYTHON_BASIC_REPL', '1'), ('LESSOPEN', '| /usr/bin/lesspipe %s'), ('USER', 'joon'), ('GIT_ASKPASS', '/home/joon/.vscode-server/bin/bf9252a2fb45be6893dd8870c0bf37e2e1766d61/extensions/git/dist/askpass.sh'), ('SHLVL', '1'), ('LD_LIBRARY_PATH', '/home/joon/mission_hard/mission_hard/install/ad_msgs/lib:/home/joon/automotive_software_final/install/ad_msgs/lib:/usr/lib/x86_64-linux-gnu/gazebo-11/plugins:/opt/ros/humble/opt/rviz_ogre_vendor/lib:/opt/ros/humble/lib/x86_64-linux-gnu:/opt/ros/humble/lib'), ('MOTD_SHOWN', 'update-motd'), ('HOME', '/home/joon'), ('OLDPWD', '/home/joon/mission_hard'), ('TERM_PROGRAM_VERSION', '1.106.3'), ('VSCODE_IPC_HOOK_CLI', '/run/user/1000/vscode-ipc-720ca6f3-2537-4b04-b3dc-21832d244e7e.sock'), ('ROS_PYTHON_VERSION', '3'), ('VSCODE_GIT_ASKPASS_MAIN', '/home/joon/.vscode-server/bin/bf9252a2fb45be6893dd8870c0bf37e2e1766d61/extensions/git/dist/askpass-main.js'), ('VSCODE_GIT_ASKPASS_NODE', '/home/joon/.vscode-server/bin/bf9252a2fb45be6893dd8870c0bf37e2e1766d61/node'), ('PYDEVD_DISABLE_FILE_VALIDATION', '1'), ('BUNDLED_DEBUGPY_PATH', '/home/joon/.vscode-server/extensions/ms-python.debugpy-2025.16.0-linux-x64/bundled/libs/debugpy'), ('VSCODE_PYTHON_AUTOACTIVATE_GUARD', '1'), ('DBUS_SESSION_BUS_ADDRESS', 'unix:path=/run/user/1000/bus'), ('COLORTERM', 'truecolor'), ('WSL_DISTRO_NAME', 'Ubuntu-22.04'), ('WAYLAND_DISPLAY', 'wayland-0'), ('COLCON_PREFIX_PATH', '/home/joon/mission_hard/mission_hard/install:/home/joon/automotive_software_final/install'), ('ROS_DISTRO', 'humble'), ('LOGNAME', 'joon'), ('NAME', 'Joon'), ('WSL_INTEROP', '/run/WSL/523_interop'), ('PULSE_SERVER', 'unix:/mnt/wslg/PulseServer'), ('_', '/usr/bin/colcon'), ('ROS_VERSION', '2'), ('CLAUDE_CODE_SSE_PORT', '20257'), ('TERM', 'xterm-256color'), ('ROS_LOCALHOST_ONLY', '0'), ('PATH', '/opt/ros/humble/bin:/usr/bin:/usr/bin:/home/joon/.vscode-server/data/User/globalStorage/github.copilot-chat/debugCommand:/home/joon/.vscode-server/data/User/globalStorage/github.copilot-chat/copilotCli:/home/joon/.vscode-server/bin/bf9252a2fb45be6893dd8870c0bf37e2e1766d61/bin/remote-cli:/home/joon/.local/bin:/usr/bin:/usr/bin:/usr/local/sbin:/usr/local/bin:/usr/sbin:/usr/bin:/sbin:/bin:/usr/games:/usr/local/games:/usr/lib/wsl/lib:/mnt/c/WINDOWS/system32:/mnt/c/WINDOWS:/mnt/c/WINDOWS/System32/Wbem:/mnt/c/WINDOWS/System32/WindowsPowerShell/v1.0/:/mnt/c/WINDOWS/System32/OpenSSH/:/mnt/c/Program Files/MATLAB/R2024b/bin:/mnt/c/Program Files/nodejs/:/mnt/c/Program Files/Git/cmd:/mnt/c/Users/ksyj0/AppData/Local/Programs/Python/Python312/Scripts/:/mnt/c/Users/ksyj0/AppData/Local/Programs/Python/Python312/:/mnt/c/Users/ksyj0/AppData/Local/Programs/Python/Launcher/:/mnt/c/Users/ksyj0/AppData/Local/Microsoft/WindowsApps:/mnt/c/Users/ksyj0/AppData/Local/Programs/Microsoft VS Code/bin:/mnt/c/Users/ksyj0/AppData/Roaming/npm:/mnt/c/Users/ksyj0/AppData/Local/SOOP:/mnt/c/Users/ksyj0/AppData/Local/Programs/Kiro/bin:/snap/bin:/home/joon/.vscode-server/extensions/ms-python.debugpy-2025.16.0-linux-x64/bundled/scripts/noConfigScripts'), ('XDG_RUNTIME_DIR', '/run/user/1000/'), ('DISPLAY', ':0'), ('VSCODE_DEBUGPY_ADAPTER_ENDPOINTS', '/home/joon/.vscode-server/extensions/ms-python.debugpy-2025.16.0-linux-x64/.noConfigDebugAdapterEndpoints/endpoint-5f6b0efddf9f6982.txt'), ('LANG', 'en_US.UTF-8'), ('PYTHONSTARTUP', '/home/joon/.vscode-server/data/User/workspaceStorage/6032d0949a26c1de4974618490f207f6-1/ms-python.python/pythonrc.py'), ('LS_COLORS', 'rs=0:di=01;34:ln=01;36:mh=00:pi=40;33:so=01;35:do=01;35:bd=40;33;01:cd=40;33;01:or=40;31;01:mi=00:su=37;41:sg=30;43:ca=30;41:tw=30;42:ow=34;42:st=37;44:ex=01;32:*.tar=01;31:*.tgz=01;31:*.arc=01;31:*.arj=01;31:*.taz=01;31:*.lha=01;31:*.lz4=01;31:*.lzh=01;31:*.lzma=01;31:*.tlz=01;31:*.txz=01;31:*.tzo=01;31:*.t7z=01;31:*.zip=01;31:*.z=01;31:*.dz=01;31:*.gz=01;31:*.lrz=01;31:*.lz=01;31:*.lzo=01;31:*.xz=01;31:*.zst=01;31:*.tzst=01;31:*.bz2=01;31:*.bz=01;31:*.tbz=01;31:*.tbz2=01;31:*.tz=01;31:*.deb=01;31:*.rpm=01;31:*.jar=01;31:*.war=01;31:*.ear=01;31:*.sar=01;31:*.rar=01;31:*.alz=01;31:*.ace=01;31:*.zoo=01;31:*.cpio=01;31:*.7z=01;31:*.rz=01;31:*.cab=01;31:*.wim=01;31:*.swm=01;31:*.dwm=01;31:*.esd=01;31:*.jpg=01;35:*.jpeg=01;35:*.mjpg=01;35:*.mjpeg=01;35:*.gif=01;35:*.bmp=01;35:*.pbm=01;35:*.pgm=01;35:*.ppm=01;35:*.tga=01;35:*.xbm=01;35:*.xpm=01;35:*.tif=01;35:*.tiff=01;35:*.png=01;35:*.svg=01;35:*.svgz=01;35:*.mng=01;35:*.pcx=01;35:*.mov=01;35:*.mpg=01;35:*.mpeg=01;35:*.m2v=01;35:*.mkv=01;35:*.webm=01;35:*.webp=01;35:*.ogm=01;35:*.mp4=01;35:*.m4v=01;35:*.mp4v=01;35:*.vob=01;35:*.qt=01;35:*.nuv=01;35:*.wmv=01;35:*.asf=01;35:*.rm=01;35:*.rmvb=01;35:*.flc=01;35:*.avi=01;35:*.fli=01;35:*.flv=01;35:*.gl=01;35:*.dl=01;35:*.xcf=01;35:*.xwd=01;35:*.yuv=01;35:*.cgm=01;35:*.emf=01;35:*.ogv=01;35:*.ogx=01;35:*.aac=00;36:*.au=00;36:*.flac=00;36:*.m4a=00;36:*.mid=00;36:*.midi=00;36:*.mka=00;36:*.mp3=00;36:*.mpc=00;36:*.ogg=00;36:*.ra=00;36:*.wav=00;36:*.oga=00;36:*.opus=00;36:*.spx=00;36:*.xspf=00;36:'), ('VSCODE_GIT_IPC_HANDLE', '/run/user/1000/vscode-git-167d3a068c.sock'), ('TERM_PROGRAM', 'vscode'), ('AMENT_PREFIX_PATH', '/home/joon/mission_hard/mission_hard/install/simulator:/home/joon/mission_hard/mission_hard/install/mission_manager:/home/joon/mission_hard/mission_hard/install/evaluation:/home/joon/mission_hard/mission_hard/install/autonomous_driving:/home/joon/mission_hard/mission_hard/install/ad_msgs:/home/joon/automotive_software_final/install/simulator:/home/joon/automotive_software_final/install/mission_manager:/home/joon/automotive_software_final/install/evaluation:/home/joon/automotive_software_final/install/autonomous_driving:/home/joon/automotive_software_final/install/ad_msgs:/opt/ros/humble'), ('SHELL', '/bin/bash'), ('LESSCLOSE', '/usr/bin/lesspipe %s %s'), ('VSCODE_GIT_ASKPASS_EXTRA_ARGS', ''), ('PWD', '/home/joon/mission_hard/mission_hard/build/mission_manager'), ('ENABLE_IDE_INTEGRATION', 'true'), ('XDG_DATA_DIRS', '/usr/local/share:/usr/share:/var/lib/snapd/desktop'), ('PYTHONPATH', '/home/joon/mission_hard/mission_hard/install/ad_msgs/local/lib/python3.10/dist-packages:/home/joon/automotive_software_final/install/ad_msgs/local/lib/python3.10/dist-packages:/opt/ros/humble/lib/python3.10/site-packages:/opt/ros/humble/local/lib/python3.10/dist-packages'), ('COLCON', '1'), ('WSL2_GUI_APPS_ENABLED', '1'), ('HOSTTYPE', 'x86_64'), ('CMAKE_PREFIX_PATH', '/home/joon/mission_hard/mission_hard/install/ad_msgs:/home/joon/mission_hard/mission_hard/install/simulator:/home/joon/mission_hard/mission_hard/install/mission_manager:/home/joon/mission_hard/mission_hard/install/evaluation:/home/joon/mission_hard/mission_hard/install/autonomous_driving:/home/joon/automotive_software_final/install/simulator:/home/joon/automotive_software_final/install/mission_manager:/home/joon/automotive_software_final/install/evaluation:/home/joon/automotive_software_final/install/autonomous_driving:/home/joon/automotive_software_final/install/ad_msgs:/opt/ros/humble'), ('WSLENV', 'VSCODE_WSL_EXT_LOCATION/up')]), 'shell': False}
[0.575247] (evaluation) CommandEnded: {'returncode': 0}
[0.576311] (autonomous_driving) StdoutLine: {'line': b'-- Up-to-date symlink: /home/joon/mission_hard/mission_hard/install/autonomous_driving/share/ament_index/resource_index/packages/autonomous_driving\n'}
[0.576957] (autonomous_driving) StdoutLine: {'line': b'-- Up-to-date symlink: /home/joon/mission_hard/mission_hard/install/autonomous_driving/share/autonomous_driving/cmake/autonomous_drivingConfig.cmake\n'}
[0.577232] (autonomous_driving) StdoutLine: {'line': b'-- Up-to-date symlink: /home/joon/mission_hard/mission_hard/install/autonomous_driving/share/autonomous_driving/cmake/autonomous_drivingConfig-version.cmake\n'}
[0.577317] (autonomous_driving) StdoutLine: {'line': b'-- Up-to-date symlink: /home/joon/mission_hard/mission_hard/install/autonomous_driving/share/autonomous_driving/package.xml\n'}
[0.578947] (mission_manager) StdoutLine: {'line': b'-- Install configuration: ""\n'}
[0.579443] (mission_manager) StdoutLine: {'line': b'-- Execute custom install script\n'}
[0.580687] (mission_manager) StdoutLine: {'line': b'-- Up-to-date symlink: /home/joon/mission_hard/mission_hard/install/mission_manager/lib/mission_manager/mission_manager\n'}
[0.580854] (mission_manager) StdoutLine: {'line': b'-- Up-to-date symlink: /home/joon/mission_hard/mission_hard/install/mission_manager/share/mission_manager/launch/mission_manager.launch.xml\n'}
[0.581020] (mission_manager) StdoutLine: {'line': b'-- Up-to-date symlink: /home/joon/mission_hard/mission_hard/install/mission_manager/share/mission_manager/launch/mission_manager.launch.xml:Zone.Identifier\n'}
[0.581234] (mission_manager) StdoutLine: {'line': b'-- Up-to-date symlink: /home/joon/mission_hard/mission_hard/install/mission_manager/share/ament_index/resource_index/package_run_dependencies/mission_manager\n'}
[0.581531] (mission_manager) StdoutLine: {'line': b'-- Up-to-date symlink: /home/joon/mission_hard/mission_hard/install/mission_manager/share/ament_index/resource_index/parent_prefix_path/mission_manager\n'}
[0.581621] (mission_manager) StdoutLine: {'line': b'-- Up-to-date symlink: /home/joon/mission_hard/mission_hard/install/mission_manager/share/mission_manager/environment/ament_prefix_path.sh\n'}
[0.581726] (mission_manager) StdoutLine: {'line': b'-- Up-to-date symlink: /home/joon/mission_hard/mission_hard/install/mission_manager/share/mission_manager/environment/ament_prefix_path.dsv\n'}
[0.581763] (mission_manager) StdoutLine: {'line': b'-- Up-to-date symlink: /home/joon/mission_hard/mission_hard/install/mission_manager/share/mission_manager/environment/path.sh\n'}
[0.581823] (mission_manager) StdoutLine: {'line': b'-- Up-to-date symlink: /home/joon/mission_hard/mission_hard/install/mission_manager/share/mission_manager/environment/path.dsv\n'}
[0.581911] (mission_manager) StdoutLine: {'line': b'-- Up-to-date symlink: /home/joon/mission_hard/mission_hard/install/mission_manager/share/mission_manager/local_setup.bash\n'}
[0.581984] (mission_manager) StdoutLine: {'line': b'-- Up-to-date symlink: /home/joon/mission_hard/mission_hard/install/mission_manager/share/mission_manager/local_setup.sh\n'}
[0.582233] (mission_manager) StdoutLine: {'line': b'-- Up-to-date symlink: /home/joon/mission_hard/mission_hard/install/mission_manager/share/mission_manager/local_setup.zsh\n'}
[0.582404] (mission_manager) StdoutLine: {'line': b'-- Up-to-date symlink: /home/joon/mission_hard/mission_hard/install/mission_manager/share/mission_manager/local_setup.dsv\n'}
[0.582528] (mission_manager) StdoutLine: {'line': b'-- Symlinking: /home/joon/mission_hard/mission_hard/install/mission_manager/share/mission_manager/package.dsv\n'}
[0.590272] (mission_manager) StdoutLine: {'line': b'-- Up-to-date symlink: /home/joon/mission_hard/mission_hard/install/mission_manager/share/ament_index/resource_index/packages/mission_manager\n'}
[0.591008] (mission_manager) StdoutLine: {'line': b'-- Up-to-date symlink: /home/joon/mission_hard/mission_hard/install/mission_manager/share/mission_manager/cmake/mission_managerConfig.cmake\n'}
[0.591117] (mission_manager) StdoutLine: {'line': b'-- Up-to-date symlink: /home/joon/mission_hard/mission_hard/install/mission_manager/share/mission_manager/cmake/mission_managerConfig-version.cmake\n'}
[0.591209] (mission_manager) StdoutLine: {'line': b'-- Up-to-date symlink: /home/joon/mission_hard/mission_hard/install/mission_manager/share/mission_manager/package.xml\n'}
[0.593540] (evaluation) JobEnded: {'identifier': 'evaluation', 'rc': 0}
[0.595604] (autonomous_driving) CommandEnded: {'returncode': 0}
[0.600293] (-) TimerEvent: {}
[0.607501] (autonomous_driving) JobEnded: {'identifier': 'autonomous_driving', 'rc': 0}
[0.608815] (mission_manager) CommandEnded: {'returncode': 0}
[0.626863] (mission_manager) JobEnded: {'identifier': 'mission_manager', 'rc': 0}
[0.639676] (simulator) StdoutLine: {'line': b'-- Override CMake install command with custom implementation using symlinks instead of copying resources\n'}
[0.645075] (simulator) StdoutLine: {'line': b'-- Found rclcpp: 16.0.15 (/opt/ros/humble/share/rclcpp/cmake)\n'}
[0.700445] (-) TimerEvent: {}
[0.800844] (-) TimerEvent: {}
[0.816149] (simulator) StdoutLine: {'line': b'-- Found rosidl_generator_c: 3.1.7 (/opt/ros/humble/share/rosidl_generator_c/cmake)\n'}
[0.818019] (simulator) StdoutLine: {'line': b'-- Found rosidl_adapter: 3.1.7 (/opt/ros/humble/share/rosidl_adapter/cmake)\n'}
[0.824403] (simulator) StdoutLine: {'line': b'-- Found rosidl_generator_cpp: 3.1.7 (/opt/ros/humble/share/rosidl_generator_cpp/cmake)\n'}
[0.832094] (simulator) StdoutLine: {'line': b'-- Using all available rosidl_typesupport_c: rosidl_typesupport_fastrtps_c;rosidl_typesupport_introspection_c\n'}
[0.842471] (simulator) StdoutLine: {'line': b'-- Using all available rosidl_typesupport_cpp: rosidl_typesupport_fastrtps_cpp;rosidl_typesupport_introspection_cpp\n'}
[0.866969] (simulator) StdoutLine: {'line': b'-- Found rmw_implementation_cmake: 6.1.2 (/opt/ros/humble/share/rmw_implementation_cmake/cmake)\n'}
[0.868233] (simulator) StdoutLine: {'line': b'-- Found rmw_fastrtps_cpp: 6.2.8 (/opt/ros/humble/share/rmw_fastrtps_cpp/cmake)\n'}
[0.901011] (-) TimerEvent: {}
[1.001452] (-) TimerEvent: {}
[1.102005] (-) TimerEvent: {}
[1.202499] (-) TimerEvent: {}
[1.302889] (-) TimerEvent: {}
[1.403317] (-) TimerEvent: {}
[1.503746] (-) TimerEvent: {}
[1.604185] (-) TimerEvent: {}
[1.704596] (-) TimerEvent: {}
[1.804977] (-) TimerEvent: {}
[1.905433] (-) TimerEvent: {}
[2.005861] (-) TimerEvent: {}
[2.106236] (-) TimerEvent: {}
[2.206681] (-) TimerEvent: {}
[2.307382] (-) TimerEvent: {}
[2.407867] (-) TimerEvent: {}
[2.508299] (-) TimerEvent: {}
[2.608781] (-) TimerEvent: {}
[2.709211] (-) TimerEvent: {}
[2.809598] (-) TimerEvent: {}
[2.910086] (-) TimerEvent: {}
[3.010661] (-) TimerEvent: {}
[3.111094] (-) TimerEvent: {}
[3.211493] (-) TimerEvent: {}
[3.311868] (-) TimerEvent: {}
[3.412276] (-) TimerEvent: {}
[3.512707] (-) TimerEvent: {}
[3.613176] (-) TimerEvent: {}
[3.713624] (-) TimerEvent: {}
[3.814612] (-) TimerEvent: {}
[3.915331] (-) TimerEvent: {}
[4.016016] (-) TimerEvent: {}
[4.116501] (-) TimerEvent: {}
[4.217183] (-) TimerEvent: {}
[4.317656] (-) TimerEvent: {}
[4.418274] (-) TimerEvent: {}
[4.518912] (-) TimerEvent: {}
[4.619448] (-) TimerEvent: {}
[4.719910] (-) TimerEvent: {}
[4.820363] (-) TimerEvent: {}
[4.920723] (-) TimerEvent: {}
[5.021092] (-) TimerEvent: {}
[5.121545] (-) TimerEvent: {}
[5.221943] (-) TimerEvent: {}
[5.322357] (-) TimerEvent: {}
[5.422846] (-) TimerEvent: {}
[5.523215] (-) TimerEvent: {}
[5.623642] (-) TimerEvent: {}
[5.724037] (-) TimerEvent: {}
[5.824544] (-) TimerEvent: {}
[5.925310] (-) TimerEvent: {}
[6.025888] (-) TimerEvent: {}
[6.126342] (-) TimerEvent: {}
[6.226789] (-) TimerEvent: {}
[6.327240] (-) TimerEvent: {}
[6.427668] (-) TimerEvent: {}
[6.528257] (-) TimerEvent: {}
[6.628882] (-) TimerEvent: {}
[6.729430] (-) TimerEvent: {}
[6.829944] (-) TimerEvent: {}
[6.930423] (-) TimerEvent: {}
[7.030806] (-) TimerEvent: {}
[7.131303] (-) TimerEvent: {}
[7.231688] (-) TimerEvent: {}
[7.332144] (-) TimerEvent: {}
[7.432665] (-) TimerEvent: {}
[7.533155] (-) TimerEvent: {}
[7.633606] (-) TimerEvent: {}
[7.734144] (-) TimerEvent: {}
[7.834531] (-) TimerEvent: {}
[7.935005] (-) TimerEvent: {}
[8.035443] (-) TimerEvent: {}
[8.135841] (-) TimerEvent: {}
[8.236342] (-) TimerEvent: {}
[8.336988] (-) TimerEvent: {}
[8.437531] (-) TimerEvent: {}
[8.537992] (-) TimerEvent: {}
[8.638476] (-) TimerEvent: {}
[8.739157] (-) TimerEvent: {}
[8.839764] (-) TimerEvent: {}
[8.940259] (-) TimerEvent: {}
[9.040813] (-) TimerEvent: {}
[9.141270] (-) TimerEvent: {}
[9.241702] (-) TimerEvent: {}
[9.342159] (-) TimerEvent: {}
[9.442549] (-) TimerEvent: {}
[9.542919] (-) TimerEvent: {}
[9.625412] (simulator) StdoutLine: {'line': b"-- Using RMW implementation 'rmw_fastrtps_cpp' as default\n"}
[9.643143] (-) TimerEvent: {}
[9.667733] (simulator) StdoutLine: {'line': b'-- Found visualization_msgs: 4.9.0 (/opt/ros/humble/share/visualization_msgs/cmake)\n'}
[9.701664] (simulator) StdoutLine: {'line': b'-- Found ad_msgs: 0.0.0 (/home/joon/mission_hard/mission_hard/install/ad_msgs/share/ad_msgs/cmake)\n'}
[9.726296] (simulator) StdoutLine: {'line': b'-- Found tf2: 0.25.16 (/opt/ros/humble/share/tf2/cmake)\n'}
[9.728706] (simulator) StdoutLine: {'line': b'-- Found tf2_ros: 0.25.16 (/opt/ros/humble/share/tf2_ros/cmake)\n'}
[9.743333] (-) TimerEvent: {}
[9.843760] (-) TimerEvent: {}
[9.861908] (simulator) StdoutLine: {'line': b'-- Configuring done\n'}
[9.877737] (simulator) StdoutLine: {'line': b'-- Generating done\n'}
[9.883898] (simulator) StdoutLine: {'line': b'-- Build files have been written to: /home/joon/mission_hard/mission_hard/build/simulator\n'}
[9.891399] (simulator) CommandEnded: {'returncode': 0}
[9.892593] (simulator) JobProgress: {'identifier': 'simulator', 'progress': 'build'}
[9.892801] (simulator) Command: {'cmd': ['/usr/bin/cmake', '--build', '/home/joon/mission_hard/mission_hard/build/simulator', '--', '-j16', '-l16'], 'cwd': '/home/joon/mission_hard/mission_hard/build/simulator', 'env': OrderedDict([('PYTHON_BASIC_REPL', '1'), ('LESSOPEN', '| /usr/bin/lesspipe %s'), ('USER', 'joon'), ('GIT_ASKPASS', '/home/joon/.vscode-server/bin/bf9252a2fb45be6893dd8870c0bf37e2e1766d61/extensions/git/dist/askpass.sh'), ('SHLVL', '1'), ('LD_LIBRARY_PATH', '/home/joon/mission_hard/mission_hard/install/ad_msgs/lib:/home/joon/automotive_software_final/install/ad_msgs/lib:/usr/lib/x86_64-linux-gnu/gazebo-11/plugins:/opt/ros/humble/opt/rviz_ogre_vendor/lib:/opt/ros/humble/lib/x86_64-linux-gnu:/opt/ros/humble/lib'), ('MOTD_SHOWN', 'update-motd'), ('HOME', '/home/joon'), ('OLDPWD', '/home/joon/mission_hard'), ('TERM_PROGRAM_VERSION', '1.106.3'), ('VSCODE_IPC_HOOK_CLI', '/run/user/1000/vscode-ipc-720ca6f3-2537-4b04-b3dc-21832d244e7e.sock'), ('ROS_PYTHON_VERSION', '3'), ('VSCODE_GIT_ASKPASS_MAIN', '/home/joon/.vscode-server/bin/bf9252a2fb45be6893dd8870c0bf37e2e1766d61/extensions/git/dist/askpass-main.js'), ('VSCODE_GIT_ASKPASS_NODE', '/home/joon/.vscode-server/bin/bf9252a2fb45be6893dd8870c0bf37e2e1766d61/node'), ('PYDEVD_DISABLE_FILE_VALIDATION', '1'), ('BUNDLED_DEBUGPY_PATH', '/home/joon/.vscode-server/extensions/ms-python.debugpy-2025.16.0-linux-x64/bundled/libs/debugpy'), ('VSCODE_PYTHON_AUTOACTIVATE_GUARD', '1'), ('DBUS_SESSION_BUS_ADDRESS', 'unix:path=/run/user/1000/bus'), ('COLORTERM', 'truecolor'), ('WSL_DISTRO_NAME', 'Ubuntu-22.04'), ('WAYLAND_DISPLAY', 'wayland-0'), ('COLCON_PREFIX_PATH', '/home/joon/mission_hard/mission_hard/install:/home/joon/automotive_software_final/install'), ('ROS_DISTRO', 'humble'), ('LOGNAME', 'joon'), ('NAME', 'Joon'), ('WSL_INTEROP', '/run/WSL/523_interop'), ('PULSE_SERVER', 'unix:/mnt/wslg/PulseServer'), ('_', '/usr/bin/colcon'), ('ROS_VERSION', '2'), ('CLAUDE_CODE_SSE_PORT', '20257'), ('TERM', 'xterm-256color'), ('ROS_LOCALHOST_ONLY', '0'), ('PATH', '/opt/ros/humble/bin:/usr/bin:/usr/bin:/home/joon/.vscode-server/data/User/globalStorage/github.copilot-chat/debugCommand:/home/joon/.vscode-server/data/User/globalStorage/github.copilot-chat/copilotCli:/home/joon/.vscode-server/bin/bf9252a2fb45be6893dd8870c0bf37e2e1766d61/bin/remote-cli:/home/joon/.local/bin:/usr/bin:/usr/bin:/usr/local/sbin:/usr/local/bin:/usr/sbin:/usr/bin:/sbin:/bin:/usr/games:/usr/local/games:/usr/lib/wsl/lib:/mnt/c/WINDOWS/system32:/mnt/c/WINDOWS:/mnt/c/WINDOWS/System32/Wbem:/mnt/c/WINDOWS/System32/WindowsPowerShell/v1.0/:/mnt/c/WINDOWS/System32/OpenSSH/:/mnt/c/Program Files/MATLAB/R2024b/bin:/mnt/c/Program Files/nodejs/:/mnt/c/Program Files/Git/cmd:/mnt/c/Users/ksyj0/AppData/Local/Programs/Python/Python312/Scripts/:/mnt/c/Users/ksyj0/AppData/Local/Programs/Python/Python312/:/mnt/c/Users/ksyj0/AppData/Local/Programs/Python/Launcher/:/mnt/c/Users/ksyj0/AppData/Local/Microsoft/WindowsApps:/mnt/c/Users/ksyj0/AppData/Local/Programs/Microsoft VS Code/bin:/mnt/c/Users/ksyj0/AppData/Roaming/npm:/mnt/c/Users/ksyj0/AppData/Local/SOOP:/mnt/c/Users/ksyj0/AppData/Local/Programs/Kiro/bin:/snap/bin:/home/joon/.vscode-server/extensions/ms-python.debugpy-2025.16.0-linux-x64/bundled/scripts/noConfigScripts'), ('XDG_RUNTIME_DIR', '/run/user/1000/'), ('DISPLAY', ':0'), ('VSCODE_DEBUGPY_ADAPTER_ENDPOINTS', '/home/joon/.vscode-server/extensions/ms-python.debugpy-2025.16.0-linux-x64/.noConfigDebugAdapterEndpoints/endpoint-5f6b0efddf9f6982.txt'), ('LANG', 'en_US.UTF-8'), ('PYTHONSTARTUP', '/home/joon/.vscode-server/data/User/workspaceStorage/6032d0949a26c1de4974618490f207f6-1/ms-python.python/pythonrc.py'), ('LS_COLORS', 'rs=0:di=01;34:ln=01;36:mh=00:pi=40;33:so=01;35:do=01;35:bd=40;33;01:cd=40;33;01:or=40;31;01:mi=00:su=37;41:sg=30;43:ca=30;41:tw=30;42:ow=34;42:st=37;44:ex=01;32:*.tar=01;31:*.tgz=01;31:*.arc=01;31:*.arj=01;31:*.taz=01;31:*.lha=01;31:*.lz4=01;31:*.lzh=01;31:*.lzma=01;31:*.tlz=01;31:*.txz=01;31:*.tzo=01;31:*.t7z=01;31:*.zip=01;31:*.z=01;31:*.dz=01;31:*.gz=01;31:*.lrz=01;31:*.lz=01;31:*.lzo=01;31:*.xz=01;31:*.zst=01;31:*.tzst=01;31:*.bz2=01;31:*.bz=01;31:*.tbz=01;31:*.tbz2=01;31:*.tz=01;31:*.deb=01;31:*.rpm=01;31:*.jar=01;31:*.war=01;31:*.ear=01;31:*.sar=01;31:*.rar=01;31:*.alz=01;31:*.ace=01;31:*.zoo=01;31:*.cpio=01;31:*.7z=01;31:*.rz=01;31:*.cab=01;31:*.wim=01;31:*.swm=01;31:*.dwm=01;31:*.esd=01;31:*.jpg=01;35:*.jpeg=01;35:*.mjpg=01;35:*.mjpeg=01;35:*.gif=01;35:*.bmp=01;35:*.pbm=01;35:*.pgm=01;35:*.ppm=01;35:*.tga=01;35:*.xbm=01;35:*.xpm=01;35:*.tif=01;35:*.tiff=01;35:*.png=01;35:*.svg=01;35:*.svgz=01;35:*.mng=01;35:*.pcx=01;35:*.mov=01;35:*.mpg=01;35:*.mpeg=01;35:*.m2v=01;35:*.mkv=01;35:*.webm=01;35:*.webp=01;35:*.ogm=01;35:*.mp4=01;35:*.m4v=01;35:*.mp4v=01;35:*.vob=01;35:*.qt=01;35:*.nuv=01;35:*.wmv=01;35:*.asf=01;35:*.rm=01;35:*.rmvb=01;35:*.flc=01;35:*.avi=01;35:*.fli=01;35:*.flv=01;35:*.gl=01;35:*.dl=01;35:*.xcf=01;35:*.xwd=01;35:*.yuv=01;35:*.cgm=01;35:*.emf=01;35:*.ogv=01;35:*.ogx=01;35:*.aac=00;36:*.au=00;36:*.flac=00;36:*.m4a=00;36:*.mid=00;36:*.midi=00;36:*.mka=00;36:*.mp3=00;36:*.mpc=00;36:*.ogg=00;36:*.ra=00;36:*.wav=00;36:*.oga=00;36:*.opus=00;36:*.spx=00;36:*.xspf=00;36:'), ('VSCODE_GIT_IPC_HANDLE', '/run/user/1000/vscode-git-167d3a068c.sock'), ('TERM_PROGRAM', 'vscode'), ('AMENT_PREFIX_PATH', '/home/joon/mission_hard/mission_hard/install/simulator:/home/joon/mission_hard/mission_hard/install/mission_manager:/home/joon/mission_hard/mission_hard/install/evaluation:/home/joon/mission_hard/mission_hard/install/autonomous_driving:/home/joon/mission_hard/mission_hard/install/ad_msgs:/home/joon/automotive_software_final/install/simulator:/home/joon/automotive_software_final/install/mission_manager:/home/joon/automotive_software_final/install/evaluation:/home/joon/automotive_software_final/install/autonomous_driving:/home/joon/automotive_software_final/install/ad_msgs:/opt/ros/humble'), ('SHELL', '/bin/bash'), ('LESSCLOSE', '/usr/bin/lesspipe %s %s'), ('VSCODE_GIT_ASKPASS_EXTRA_ARGS', ''), ('PWD', '/home/joon/mission_hard/mission_hard/build/simulator'), ('ENABLE_IDE_INTEGRATION', 'true'), ('XDG_DATA_DIRS', '/usr/local/share:/usr/share:/var/lib/snapd/desktop'), ('PYTHONPATH', '/home/joon/mission_hard/mission_hard/install/ad_msgs/local/lib/python3.10/dist-packages:/home/joon/automotive_software_final/install/ad_msgs/local/lib/python3.10/dist-packages:/opt/ros/humble/lib/python3.10/site-packages:/opt/ros/humble/local/lib/python3.10/dist-packages'), ('COLCON', '1'), ('WSL2_GUI_APPS_ENABLED', '1'), ('HOSTTYPE', 'x86_64'), ('CMAKE_PREFIX_PATH', '/home/joon/mission_hard/mission_hard/install/ad_msgs:/home/joon/mission_hard/mission_hard/install/simulator:/home/joon/mission_hard/mission_hard/install/mission_manager:/home/joon/mission_hard/mission_hard/install/evaluation:/home/joon/mission_hard/mission_hard/install/autonomous_driving:/home/joon/automotive_software_final/install/simulator:/home/joon/automotive_software_final/install/mission_manager:/home/joon/automotive_software_final/install/evaluation:/home/joon/automotive_software_final/install/autonomous_driving:/home/joon/automotive_software_final/install/ad_msgs:/opt/ros/humble'), ('WSLENV', 'VSCODE_WSL_EXT_LOCATION/up')]), 'shell': False}
[9.922047] (simulator) StdoutLine: {'line': b'\x1b[35m\x1b[1mConsolidate compiler generated dependencies of target vehicle\x1b[0m\n'}
[9.922368] (simulator) StdoutLine: {'line': b'\x1b[35m\x1b[1mConsolidate compiler generated dependencies of target display\x1b[0m\n'}
[9.922642] (simulator) StdoutLine: {'line': b'\x1b[35m\x1b[1mConsolidate compiler generated dependencies of target lane_detection\x1b[0m\n'}
[9.936861] (simulator) StdoutLine: {'line': b'[ 28%] Built target display\n'}
[9.937248] (simulator) StdoutLine: {'line': b'[ 57%] Built target vehicle\n'}
[9.940732] (simulator) StdoutLine: {'line': b'[100%] Built target lane_detection\n'}
[9.943924] (-) TimerEvent: {}
[9.951216] (simulator) CommandEnded: {'returncode': 0}
[9.952011] (simulator) JobProgress: {'identifier': 'simulator', 'progress': 'install'}
[9.952320] (simulator) Command: {'cmd': ['/usr/bin/cmake', '--install', '/home/joon/mission_hard/mission_hard/build/simulator'], 'cwd': '/home/joon/mission_hard/mission_hard/build/simulator', 'env': OrderedDict([('PYTHON_BASIC_REPL', '1'), ('LESSOPEN', '| /usr/bin/lesspipe %s'), ('USER', 'joon'), ('GIT_ASKPASS', '/home/joon/.vscode-server/bin/bf9252a2fb45be6893dd8870c0bf37e2e1766d61/extensions/git/dist/askpass.sh'), ('SHLVL', '1'), ('LD_LIBRARY_PATH', '/home/joon/mission_hard/mission_hard/install/ad_msgs/lib:/home/joon/automotive_software_final/install/ad_msgs/lib:/usr/lib/x86_64-linux-gnu/gazebo-11/plugins:/opt/ros/humble/opt/rviz_ogre_vendor/lib:/opt/ros/humble/lib/x86_64-linux-gnu:/opt/ros/humble/lib'), ('MOTD_SHOWN', 'update-motd'), ('HOME', '/home/joon'), ('OLDPWD', '/home/joon/mission_hard'), ('TERM_PROGRAM_VERSION', '1.106.3'), ('VSCODE_IPC_HOOK_CLI', '/run/user/1000/vscode-ipc-720ca6f3-2537-4b04-b3dc-21832d244e7e.sock'), ('ROS_PYTHON_VERSION', '3'), ('VSCODE_GIT_ASKPASS_MAIN', '/home/joon/.vscode-server/bin/bf9252a2fb45be6893dd8870c0bf37e2e1766d61/extensions/git/dist/askpass-main.js'), ('VSCODE_GIT_ASKPASS_NODE', '/home/joon/.vscode-server/bin/bf9252a2fb45be6893dd8870c0bf37e2e1766d61/node'), ('PYDEVD_DISABLE_FILE_VALIDATION', '1'), ('BUNDLED_DEBUGPY_PATH', '/home/joon/.vscode-server/extensions/ms-python.debugpy-2025.16.0-linux-x64/bundled/libs/debugpy'), ('VSCODE_PYTHON_AUTOACTIVATE_GUARD', '1'), ('DBUS_SESSION_BUS_ADDRESS', 'unix:path=/run/user/1000/bus'), ('COLORTERM', 'truecolor'), ('WSL_DISTRO_NAME', 'Ubuntu-22.04'), ('WAYLAND_DISPLAY', 'wayland-0'), ('COLCON_PREFIX_PATH', '/home/joon/mission_hard/mission_hard/install:/home/joon/automotive_software_final/install'), ('ROS_DISTRO', 'humble'), ('LOGNAME', 'joon'), ('NAME', 'Joon'), ('WSL_INTEROP', '/run/WSL/523_interop'), ('PULSE_SERVER', 'unix:/mnt/wslg/PulseServer'), ('_', '/usr/bin/colcon'), ('ROS_VERSION', '2'), ('CLAUDE_CODE_SSE_PORT', '20257'), ('TERM', 'xterm-256color'), ('ROS_LOCALHOST_ONLY', '0'), ('PATH', '/opt/ros/humble/bin:/usr/bin:/usr/bin:/home/joon/.vscode-server/data/User/globalStorage/github.copilot-chat/debugCommand:/home/joon/.vscode-server/data/User/globalStorage/github.copilot-chat/copilotCli:/home/joon/.vscode-server/bin/bf9252a2fb45be6893dd8870c0bf37e2e1766d61/bin/remote-cli:/home/joon/.local/bin:/usr/bin:/usr/bin:/usr/local/sbin:/usr/local/bin:/usr/sbin:/usr/bin:/sbin:/bin:/usr/games:/usr/local/games:/usr/lib/wsl/lib:/mnt/c/WINDOWS/system32:/mnt/c/WINDOWS:/mnt/c/WINDOWS/System32/Wbem:/mnt/c/WINDOWS/System32/WindowsPowerShell/v1.0/:/mnt/c/WINDOWS/System32/OpenSSH/:/mnt/c/Program Files/MATLAB/R2024b/bin:/mnt/c/Program Files/nodejs/:/mnt/c/Program Files/Git/cmd:/mnt/c/Users/ksyj0/AppData/Local/Programs/Python/Python312/Scripts/:/mnt/c/Users/ksyj0/AppData/Local/Programs/Python/Python312/:/mnt/c/Users/ksyj0/AppData/Local/Programs/Python/Launcher/:/mnt/c/Users/ksyj0/AppData/Local/Microsoft/WindowsApps:/mnt/c/Users/ksyj0/AppData/Local/Programs/Microsoft VS Code/bin:/mnt/c/Users/ksyj0/AppData/Roaming/npm:/mnt/c/Users/ksyj0/AppData/Local/SOOP:/mnt/c/Users/ksyj0/AppData/Local/Programs/Kiro/bin:/snap/bin:/home/joon/.vscode-server/extensions/ms-python.debugpy-2025.16.0-linux-x64/bundled/scripts/noConfigScripts'), ('XDG_RUNTIME_DIR', '/run/user/1000/'), ('DISPLAY', ':0'), ('VSCODE_DEBUGPY_ADAPTER_ENDPOINTS', '/home/joon/.vscode-server/extensions/ms-python.debugpy-2025.16.0-linux-x64/.noConfigDebugAdapterEndpoints/endpoint-5f6b0efddf9f6982.txt'), ('LANG', 'en_US.UTF-8'), ('PYTHONSTARTUP', '/home/joon/.vscode-server/data/User/workspaceStorage/6032d0949a26c1de4974618490f207f6-1/ms-python.python/pythonrc.py'), ('LS_COLORS', 'rs=0:di=01;34:ln=01;36:mh=00:pi=40;33:so=01;35:do=01;35:bd=40;33;01:cd=40;33;01:or=40;31;01:mi=00:su=37;41:sg=30;43:ca=30;41:tw=30;42:ow=34;42:st=37;44:ex=01;32:*.tar=01;31:*.tgz=01;31:*.arc=01;31:*.arj=01;31:*.taz=01;31:*.lha=01;31:*.lz4=01;31:*.lzh=01;31:*.lzma=01;31:*.tlz=01;31:*.txz=01;31:*.tzo=01;31:*.t7z=01;31:*.zip=01;31:*.z=01;31:*.dz=01;31:*.gz=01;31:*.lrz=01;31:*.lz=01;31:*.lzo=01;31:*.xz=01;31:*.zst=01;31:*.tzst=01;31:*.bz2=01;31:*.bz=01;31:*.tbz=01;31:*.tbz2=01;31:*.tz=01;31:*.deb=01;31:*.rpm=01;31:*.jar=01;31:*.war=01;31:*.ear=01;31:*.sar=01;31:*.rar=01;31:*.alz=01;31:*.ace=01;31:*.zoo=01;31:*.cpio=01;31:*.7z=01;31:*.rz=01;31:*.cab=01;31:*.wim=01;31:*.swm=01;31:*.dwm=01;31:*.esd=01;31:*.jpg=01;35:*.jpeg=01;35:*.mjpg=01;35:*.mjpeg=01;35:*.gif=01;35:*.bmp=01;35:*.pbm=01;35:*.pgm=01;35:*.ppm=01;35:*.tga=01;35:*.xbm=01;35:*.xpm=01;35:*.tif=01;35:*.tiff=01;35:*.png=01;35:*.svg=01;35:*.svgz=01;35:*.mng=01;35:*.pcx=01;35:*.mov=01;35:*.mpg=01;35:*.mpeg=01;35:*.m2v=01;35:*.mkv=01;35:*.webm=01;35:*.webp=01;35:*.ogm=01;35:*.mp4=01;35:*.m4v=01;35:*.mp4v=01;35:*.vob=01;35:*.qt=01;35:*.nuv=01;35:*.wmv=01;35:*.asf=01;35:*.rm=01;35:*.rmvb=01;35:*.flc=01;35:*.avi=01;35:*.fli=01;35:*.flv=01;35:*.gl=01;35:*.dl=01;35:*.xcf=01;35:*.xwd=01;35:*.yuv=01;35:*.cgm=01;35:*.emf=01;35:*.ogv=01;35:*.ogx=01;35:*.aac=00;36:*.au=00;36:*.flac=00;36:*.m4a=00;36:*.mid=00;36:*.midi=00;36:*.mka=00;36:*.mp3=00;36:*.mpc=00;36:*.ogg=00;36:*.ra=00;36:*.wav=00;36:*.oga=00;36:*.opus=00;36:*.spx=00;36:*.xspf=00;36:'), ('VSCODE_GIT_IPC_HANDLE', '/run/user/1000/vscode-git-167d3a068c.sock'), ('TERM_PROGRAM', 'vscode'), ('AMENT_PREFIX_PATH', '/home/joon/mission_hard/mission_hard/install/simulator:/home/joon/mission_hard/mission_hard/install/mission_manager:/home/joon/mission_hard/mission_hard/install/evaluation:/home/joon/mission_hard/mission_hard/install/autonomous_driving:/home/joon/mission_hard/mission_hard/install/ad_msgs:/home/joon/automotive_software_final/install/simulator:/home/joon/automotive_software_final/install/mission_manager:/home/joon/automotive_software_final/install/evaluation:/home/joon/automotive_software_final/install/autonomous_driving:/home/joon/automotive_software_final/install/ad_msgs:/opt/ros/humble'), ('SHELL', '/bin/bash'), ('LESSCLOSE', '/usr/bin/lesspipe %s %s'), ('VSCODE_GIT_ASKPASS_EXTRA_ARGS', ''), ('PWD', '/home/joon/mission_hard/mission_hard/build/simulator'), ('ENABLE_IDE_INTEGRATION', 'true'), ('XDG_DATA_DIRS', '/usr/local/share:/usr/share:/var/lib/snapd/desktop'), ('PYTHONPATH', '/home/joon/mission_hard/mission_hard/install/ad_msgs/local/lib/python3.10/dist-packages:/home/joon/automotive_software_final/install/ad_msgs/local/lib/python3.10/dist-packages:/opt/ros/humble/lib/python3.10/site-packages:/opt/ros/humble/local/lib/python3.10/dist-packages'), ('COLCON', '1'), ('WSL2_GUI_APPS_ENABLED', '1'), ('HOSTTYPE', 'x86_64'), ('CMAKE_PREFIX_PATH', '/home/joon/mission_hard/mission_hard/install/ad_msgs:/home/joon/mission_hard/mission_hard/install/simulator:/home/joon/mission_hard/mission_hard/install/mission_manager:/home/joon/mission_hard/mission_hard/install/evaluation:/home/joon/mission_hard/mission_hard/install/autonomous_driving:/home/joon/automotive_software_final/install/simulator:/home/joon/automotive_software_final/install/mission_manager:/home/joon/automotive_software_final/install/evaluation:/home/joon/automotive_software_final/install/autonomous_driving:/home/joon/automotive_software_final/install/ad_msgs:/opt/ros/humble'), ('WSLENV', 'VSCODE_WSL_EXT_LOCATION/up')]), 'shell': False}
[9.959181] (simulator) StdoutLine: {'line': b'-- Install configuration: ""\n'}
[9.959549] (simulator) StdoutLine: {'line': b'-- Execute custom install script\n'}
[9.959866] (simulator) StdoutLine: {'line': b'-- Up-to-date symlink: /home/joon/mission_hard/mission_hard/install/simulator/lib/simulator/vehicle\n'}
[9.960031] (simulator) StdoutLine: {'line': b'-- Up-to-date symlink: /home/joon/mission_hard/mission_hard/install/simulator/lib/simulator/lane_detection\n'}
[9.960260] (simulator) StdoutLine: {'line': b'-- Up-to-date symlink: /home/joon/mission_hard/mission_hard/install/simulator/lib/simulator/display\n'}
[9.960571] (simulator) StdoutLine: {'line': b'-- Up-to-date symlink: /home/joon/mission_hard/mission_hard/install/simulator/share/simulator/launch/simulation.launch.xml\n'}
[9.961010] (simulator) StdoutLine: {'line': b'-- Up-to-date symlink: /home/joon/mission_hard/mission_hard/install/simulator/share/simulator/launch/simulation.launch.xml:Zone.Identifier\n'}
[9.961235] (simulator) StdoutLine: {'line': b'-- Up-to-date symlink: /home/joon/mission_hard/mission_hard/install/simulator/share/ament_index/resource_index/package_run_dependencies/simulator\n'}
[9.961451] (simulator) StdoutLine: {'line': b'-- Up-to-date symlink: /home/joon/mission_hard/mission_hard/install/simulator/share/ament_index/resource_index/parent_prefix_path/simulator\n'}
[9.961868] (simulator) StdoutLine: {'line': b'-- Up-to-date symlink: /home/joon/mission_hard/mission_hard/install/simulator/share/simulator/environment/ament_prefix_path.sh\n'}
[9.962377] (simulator) StdoutLine: {'line': b'-- Up-to-date symlink: /home/joon/mission_hard/mission_hard/install/simulator/share/simulator/environment/ament_prefix_path.dsv\n'}
[9.962515] (simulator) StdoutLine: {'line': b'-- Up-to-date symlink: /home/joon/mission_hard/mission_hard/install/simulator/share/simulator/environment/path.sh\n'}
[9.962611] (simulator) StdoutLine: {'line': b'-- Up-to-date symlink: /home/joon/mission_hard/mission_hard/install/simulator/share/simulator/environment/path.dsv\n'}
[9.962700] (simulator) StdoutLine: {'line': b'-- Up-to-date symlink: /home/joon/mission_hard/mission_hard/install/simulator/share/simulator/local_setup.bash\n'}
[9.962795] (simulator) StdoutLine: {'line': b'-- Up-to-date symlink: /home/joon/mission_hard/mission_hard/install/simulator/share/simulator/local_setup.sh\n'}
[9.962827] (simulator) StdoutLine: {'line': b'-- Up-to-date symlink: /home/joon/mission_hard/mission_hard/install/simulator/share/simulator/local_setup.zsh\n'}
[9.962941] (simulator) StdoutLine: {'line': b'-- Up-to-date symlink: /home/joon/mission_hard/mission_hard/install/simulator/share/simulator/local_setup.dsv\n'}
[9.963073] (simulator) StdoutLine: {'line': b'-- Symlinking: /home/joon/mission_hard/mission_hard/install/simulator/share/simulator/package.dsv\n'}
[9.970950] (simulator) StdoutLine: {'line': b'-- Up-to-date symlink: /home/joon/mission_hard/mission_hard/install/simulator/share/ament_index/resource_index/packages/simulator\n'}
[9.971341] (simulator) StdoutLine: {'line': b'-- Up-to-date symlink: /home/joon/mission_hard/mission_hard/install/simulator/share/simulator/cmake/simulatorConfig.cmake\n'}
[9.971397] (simulator) StdoutLine: {'line': b'-- Up-to-date symlink: /home/joon/mission_hard/mission_hard/install/simulator/share/simulator/cmake/simulatorConfig-version.cmake\n'}
[9.971431] (simulator) StdoutLine: {'line': b'-- Up-to-date symlink: /home/joon/mission_hard/mission_hard/install/simulator/share/simulator/package.xml\n'}
[9.973054] (simulator) CommandEnded: {'returncode': 0}
[9.992053] (simulator) JobEnded: {'identifier': 'simulator', 'rc': 0}
[9.993432] (-) EventReactorShutdown: {}
