[0.000000] (-) TimerEvent: {}
[0.000375] (ad_msgs) JobQueued: {'identifier': 'ad_msgs', 'dependencies': OrderedDict()}
[0.000432] (autonomous_driving) JobQueued: {'identifier': 'autonomous_driving', 'dependencies': OrderedDict([('ad_msgs', '/home/joon/automotive_software_final/install/ad_msgs')])}
[0.000467] (evaluation) JobQueued: {'identifier': 'evaluation', 'dependencies': OrderedDict([('ad_msgs', '/home/joon/automotive_software_final/install/ad_msgs')])}
[0.000497] (mission_manager) JobQueued: {'identifier': 'mission_manager', 'dependencies': OrderedDict([('ad_msgs', '/home/joon/automotive_software_final/install/ad_msgs')])}
[0.000527] (simulator) JobQueued: {'identifier': 'simulator', 'dependencies': OrderedDict([('ad_msgs', '/home/joon/automotive_software_final/install/ad_msgs')])}
[0.000839] (ad_msgs) JobStarted: {'identifier': 'ad_msgs'}
[0.008306] (ad_msgs) JobProgress: {'identifier': 'ad_msgs', 'progress': 'cmake'}
[0.009305] (ad_msgs) JobProgress: {'identifier': 'ad_msgs', 'progress': 'build'}
[0.009948] (ad_msgs) Command: {'cmd': ['/usr/bin/cmake', '--build', '/home/joon/automotive_software_final/build/ad_msgs', '--', '-j16', '-l16'], 'cwd': '/home/joon/automotive_software_final/build/ad_msgs', 'env': OrderedDict([('PYTHON_BASIC_REPL', '1'), ('LESSOPEN', '| /usr/bin/lesspipe %s'), ('USER', 'joon'), ('GIT_ASKPASS', '/home/joon/.vscode-server/bin/bf9252a2fb45be6893dd8870c0bf37e2e1766d61/extensions/git/dist/askpass.sh'), ('SHLVL', '1'), ('LD_LIBRARY_PATH', '/home/joon/automotive_software_final/install/ad_msgs/lib:/usr/lib/x86_64-linux-gnu/gazebo-11/plugins:/opt/ros/humble/opt/rviz_ogre_vendor/lib:/opt/ros/humble/lib/x86_64-linux-gnu:/opt/ros/humble/lib'), ('HOME', '/home/joon'), ('TERM_PROGRAM_VERSION', '1.106.3'), ('VSCODE_IPC_HOOK_CLI', '/run/user/1000/vscode-ipc-6b0baac3-5733-45f7-8cf4-686e9cd27a4c.sock'), ('ROS_PYTHON_VERSION', '3'), ('VSCODE_GIT_ASKPASS_MAIN', '/home/joon/.vscode-server/bin/bf9252a2fb45be6893dd8870c0bf37e2e1766d61/extensions/git/dist/askpass-main.js'), ('VSCODE_GIT_ASKPASS_NODE', '/home/joon/.vscode-server/bin/bf9252a2fb45be6893dd8870c0bf37e2e1766d61/node'), ('PYDEVD_DISABLE_FILE_VALIDATION', '1'), ('BUNDLED_DEBUGPY_PATH', '/home/joon/.vscode-server/extensions/ms-python.debugpy-2025.16.0-linux-x64/bundled/libs/debugpy'), ('VSCODE_PYTHON_AUTOACTIVATE_GUARD', '1'), ('DBUS_SESSION_BUS_ADDRESS', 'unix:path=/run/user/1000/bus'), ('COLORTERM', 'truecolor'), ('WSL_DISTRO_NAME', 'Ubuntu-22.04'), ('WAYLAND_DISPLAY', 'wayland-0'), ('COLCON_PREFIX_PATH', '/home/joon/automotive_software_final/install'), ('ROS_DISTRO', 'humble'), ('LOGNAME', 'joon'), ('NAME', 'Joon'), ('WSL_INTEROP', '/run/WSL/509_interop'), ('PULSE_SERVER', 'unix:/mnt/wslg/PulseServer'), ('_', '/usr/bin/colcon'), ('ROS_VERSION', '2'), ('CLAUDE_CODE_SSE_PORT', '14056'), ('TERM', 'xterm-256color'), ('ROS_LOCALHOST_ONLY', '0'), ('PATH', '/opt/ros/humble/bin:/usr/bin:/usr/bin:/home/joon/.vscode-server/data/User/globalStorage/github.copilot-chat/debugCommand:/home/joon/.vscode-server/data/User/globalStorage/github.copilot-chat/copilotCli:/home/joon/.vscode-server/bin/bf9252a2fb45be6893dd8870c0bf37e2e1766d61/bin/remote-cli:/home/joon/.local/bin:/usr/bin:/usr/bin:/usr/local/sbin:/usr/local/bin:/usr/sbin:/usr/bin:/sbin:/bin:/usr/games:/usr/local/games:/usr/lib/wsl/lib:/mnt/c/WINDOWS/system32:/mnt/c/WINDOWS:/mnt/c/WINDOWS/System32/Wbem:/mnt/c/WINDOWS/System32/WindowsPowerShell/v1.0/:/mnt/c/WINDOWS/System32/OpenSSH/:/mnt/c/Program Files/MATLAB/R2024b/bin:/mnt/c/Program Files/nodejs/:/mnt/c/Program Files/Git/cmd:/mnt/c/Users/ksyj0/AppData/Local/Programs/Python/Python312/Scripts/:/mnt/c/Users/ksyj0/AppData/Local/Programs/Python/Python312/:/mnt/c/Users/ksyj0/AppData/Local/Programs/Python/Launcher/:/mnt/c/Users/ksyj0/AppData/Local/Microsoft/WindowsApps:/mnt/c/Users/ksyj0/AppData/Local/Programs/Microsoft VS Code/bin:/mnt/c/Users/ksyj0/AppData/Roaming/npm:/mnt/c/Users/ksyj0/AppData/Local/SOOP:/mnt/c/Users/ksyj0/AppData/Local/Programs/Kiro/bin:/snap/bin:/home/joon/.vscode-server/extensions/ms-python.debugpy-2025.16.0-linux-x64/bundled/scripts/noConfigScripts'), ('XDG_RUNTIME_DIR', '/run/user/1000/'), ('DISPLAY', ':0'), ('VSCODE_DEBUGPY_ADAPTER_ENDPOINTS', '/home/joon/.vscode-server/extensions/ms-python.debugpy-2025.16.0-linux-x64/.noConfigDebugAdapterEndpoints/endpoint-5f6b0efddf9f6982.txt'), ('LANG', 'en_US.UTF-8'), ('PYTHONSTARTUP', '/home/joon/.vscode-server/data/User/workspaceStorage/6032d0949a26c1de4974618490f207f6-1/ms-python.python/pythonrc.py'), ('LS_COLORS', 'rs=0:di=01;34:ln=01;36:mh=00:pi=40;33:so=01;35:do=01;35:bd=40;33;01:cd=40;33;01:or=40;31;01:mi=00:su=37;41:sg=30;43:ca=30;41:tw=30;42:ow=34;42:st=37;44:ex=01;32:*.tar=01;31:*.tgz=01;31:*.arc=01;31:*.arj=01;31:*.taz=01;31:*.lha=01;31:*.lz4=01;31:*.lzh=01;31:*.lzma=01;31:*.tlz=01;31:*.txz=01;31:*.tzo=01;31:*.t7z=01;31:*.zip=01;31:*.z=01;31:*.dz=01;31:*.gz=01;31:*.lrz=01;31:*.lz=01;31:*.lzo=01;31:*.xz=01;31:*.zst=01;31:*.tzst=01;31:*.bz2=01;31:*.bz=01;31:*.tbz=01;31:*.tbz2=01;31:*.tz=01;31:*.deb=01;31:*.rpm=01;31:*.jar=01;31:*.war=01;31:*.ear=01;31:*.sar=01;31:*.rar=01;31:*.alz=01;31:*.ace=01;31:*.zoo=01;31:*.cpio=01;31:*.7z=01;31:*.rz=01;31:*.cab=01;31:*.wim=01;31:*.swm=01;31:*.dwm=01;31:*.esd=01;31:*.jpg=01;35:*.jpeg=01;35:*.mjpg=01;35:*.mjpeg=01;35:*.gif=01;35:*.bmp=01;35:*.pbm=01;35:*.pgm=01;35:*.ppm=01;35:*.tga=01;35:*.xbm=01;35:*.xpm=01;35:*.tif=01;35:*.tiff=01;35:*.png=01;35:*.svg=01;35:*.svgz=01;35:*.mng=01;35:*.pcx=01;35:*.mov=01;35:*.mpg=01;35:*.mpeg=01;35:*.m2v=01;35:*.mkv=01;35:*.webm=01;35:*.webp=01;35:*.ogm=01;35:*.mp4=01;35:*.m4v=01;35:*.mp4v=01;35:*.vob=01;35:*.qt=01;35:*.nuv=01;35:*.wmv=01;35:*.asf=01;35:*.rm=01;35:*.rmvb=01;35:*.flc=01;35:*.avi=01;35:*.fli=01;35:*.flv=01;35:*.gl=01;35:*.dl=01;35:*.xcf=01;35:*.xwd=01;35:*.yuv=01;35:*.cgm=01;35:*.emf=01;35:*.ogv=01;35:*.ogx=01;35:*.aac=00;36:*.au=00;36:*.flac=00;36:*.m4a=00;36:*.mid=00;36:*.midi=00;36:*.mka=00;36:*.mp3=00;36:*.mpc=00;36:*.ogg=00;36:*.ra=00;36:*.wav=00;36:*.oga=00;36:*.opus=00;36:*.spx=00;36:*.xspf=00;36:'), ('VSCODE_GIT_IPC_HANDLE', '/run/user/1000/vscode-git-167d3a068c.sock'), ('TERM_PROGRAM', 'vscode'), ('AMENT_PREFIX_PATH', '/home/joon/automotive_software_final/install/simulator:/home/joon/automotive_software_final/install/mission_manager:/home/joon/automotive_software_final/install/evaluation:/home/joon/automotive_software_final/install/autonomous_driving:/home/joon/automotive_software_final/install/ad_msgs:/opt/ros/humble'), ('SHELL', '/bin/bash'), ('LESSCLOSE', '/usr/bin/lesspipe %s %s'), ('VSCODE_GIT_ASKPASS_EXTRA_ARGS', ''), ('PWD', '/home/joon/automotive_software_final/build/ad_msgs'), ('ENABLE_IDE_INTEGRATION', 'true'), ('XDG_DATA_DIRS', '/usr/local/share:/usr/share:/var/lib/snapd/desktop'), ('PYTHONPATH', '/home/joon/automotive_software_final/install/ad_msgs/local/lib/python3.10/dist-packages:/opt/ros/humble/lib/python3.10/site-packages:/opt/ros/humble/local/lib/python3.10/dist-packages'), ('COLCON', '1'), ('WSL2_GUI_APPS_ENABLED', '1'), ('HOSTTYPE', 'x86_64'), ('CMAKE_PREFIX_PATH', '/home/joon/automotive_software_final/install/simulator:/home/joon/automotive_software_final/install/mission_manager:/home/joon/automotive_software_final/install/evaluation:/home/joon/automotive_software_final/install/autonomous_driving:/home/joon/automotive_software_final/install/ad_msgs:/opt/ros/humble'), ('WSLENV', 'VSCODE_WSL_EXT_LOCATION/up')]), 'shell': False}
[0.058817] (ad_msgs) StdoutLine: {'line': b'[ 12%] Built target ad_msgs__cpp\n'}
[0.059094] (ad_msgs) StdoutLine: {'line': b'[ 12%] Built target ad_msgs__rosidl_generator_c\n'}
[0.079647] (ad_msgs) StdoutLine: {'line': b'[ 12%] Built target ament_cmake_python_symlink_ad_msgs\n'}
[0.087304] (ad_msgs) StdoutLine: {'line': b'[ 28%] Built target ad_msgs__rosidl_typesupport_cpp\n'}
[0.087473] (ad_msgs) StdoutLine: {'line': b'[ 45%] Built target ad_msgs__rosidl_typesupport_introspection_c\n'}
[0.087518] (ad_msgs) StdoutLine: {'line': b'[ 47%] Built target ad_msgs__rosidl_typesupport_c\n'}
[0.087551] (ad_msgs) StdoutLine: {'line': b'[ 58%] Built target ad_msgs__rosidl_typesupport_fastrtps_cpp\n'}
[0.097661] (ad_msgs) StdoutLine: {'line': b'[ 70%] Built target ad_msgs__rosidl_typesupport_fastrtps_c\n'}
[0.099735] (-) TimerEvent: {}
[0.110193] (ad_msgs) StdoutLine: {'line': b'[ 82%] Built target ad_msgs__rosidl_typesupport_introspection_cpp\n'}
[0.129047] (ad_msgs) StdoutLine: {'line': b'[ 82%] Built target ad_msgs\n'}
[0.152455] (ad_msgs) StdoutLine: {'line': b'[ 83%] Built target ad_msgs__py\n'}
[0.176399] (ad_msgs) StdoutLine: {'line': b'[ 94%] Built target ad_msgs__rosidl_generator_py\n'}
[0.196036] (ad_msgs) StdoutLine: {'line': b'[ 96%] Built target ad_msgs__rosidl_typesupport_c__pyext\n'}
[0.196456] (ad_msgs) StdoutLine: {'line': b'[ 98%] Built target ad_msgs__rosidl_typesupport_fastrtps_c__pyext\n'}
[0.197133] (ad_msgs) StdoutLine: {'line': b'[100%] Built target ad_msgs__rosidl_typesupport_introspection_c__pyext\n'}
[0.199893] (-) TimerEvent: {}
[0.283498] (ad_msgs) StdoutLine: {'line': b'running egg_info\n'}
[0.283972] (ad_msgs) StdoutLine: {'line': b'writing ad_msgs.egg-info/PKG-INFO\n'}
[0.284277] (ad_msgs) StdoutLine: {'line': b'writing dependency_links to ad_msgs.egg-info/dependency_links.txt\n'}
[0.284497] (ad_msgs) StdoutLine: {'line': b'writing top-level names to ad_msgs.egg-info/top_level.txt\n'}
[0.286031] (ad_msgs) StdoutLine: {'line': b"reading manifest file 'ad_msgs.egg-info/SOURCES.txt'\n"}
[0.286457] (ad_msgs) StdoutLine: {'line': b"writing manifest file 'ad_msgs.egg-info/SOURCES.txt'\n"}
[0.300019] (-) TimerEvent: {}
[0.306416] (ad_msgs) StdoutLine: {'line': b'[100%] Built target ament_cmake_python_build_ad_msgs_egg\n'}
[0.315199] (ad_msgs) CommandEnded: {'returncode': 0}
[0.316374] (ad_msgs) JobProgress: {'identifier': 'ad_msgs', 'progress': 'install'}
[0.323509] (ad_msgs) Command: {'cmd': ['/usr/bin/cmake', '--install', '/home/joon/automotive_software_final/build/ad_msgs'], 'cwd': '/home/joon/automotive_software_final/build/ad_msgs', 'env': OrderedDict([('PYTHON_BASIC_REPL', '1'), ('LESSOPEN', '| /usr/bin/lesspipe %s'), ('USER', 'joon'), ('GIT_ASKPASS', '/home/joon/.vscode-server/bin/bf9252a2fb45be6893dd8870c0bf37e2e1766d61/extensions/git/dist/askpass.sh'), ('SHLVL', '1'), ('LD_LIBRARY_PATH', '/home/joon/automotive_software_final/install/ad_msgs/lib:/usr/lib/x86_64-linux-gnu/gazebo-11/plugins:/opt/ros/humble/opt/rviz_ogre_vendor/lib:/opt/ros/humble/lib/x86_64-linux-gnu:/opt/ros/humble/lib'), ('HOME', '/home/joon'), ('TERM_PROGRAM_VERSION', '1.106.3'), ('VSCODE_IPC_HOOK_CLI', '/run/user/1000/vscode-ipc-6b0baac3-5733-45f7-8cf4-686e9cd27a4c.sock'), ('ROS_PYTHON_VERSION', '3'), ('VSCODE_GIT_ASKPASS_MAIN', '/home/joon/.vscode-server/bin/bf9252a2fb45be6893dd8870c0bf37e2e1766d61/extensions/git/dist/askpass-main.js'), ('VSCODE_GIT_ASKPASS_NODE', '/home/joon/.vscode-server/bin/bf9252a2fb45be6893dd8870c0bf37e2e1766d61/node'), ('PYDEVD_DISABLE_FILE_VALIDATION', '1'), ('BUNDLED_DEBUGPY_PATH', '/home/joon/.vscode-server/extensions/ms-python.debugpy-2025.16.0-linux-x64/bundled/libs/debugpy'), ('VSCODE_PYTHON_AUTOACTIVATE_GUARD', '1'), ('DBUS_SESSION_BUS_ADDRESS', 'unix:path=/run/user/1000/bus'), ('COLORTERM', 'truecolor'), ('WSL_DISTRO_NAME', 'Ubuntu-22.04'), ('WAYLAND_DISPLAY', 'wayland-0'), ('COLCON_PREFIX_PATH', '/home/joon/automotive_software_final/install'), ('ROS_DISTRO', 'humble'), ('LOGNAME', 'joon'), ('NAME', 'Joon'), ('WSL_INTEROP', '/run/WSL/509_interop'), ('PULSE_SERVER', 'unix:/mnt/wslg/PulseServer'), ('_', '/usr/bin/colcon'), ('ROS_VERSION', '2'), ('CLAUDE_CODE_SSE_PORT', '14056'), ('TERM', 'xterm-256color'), ('ROS_LOCALHOST_ONLY', '0'), ('PATH', '/opt/ros/humble/bin:/usr/bin:/usr/bin:/home/joon/.vscode-server/data/User/globalStorage/github.copilot-chat/debugCommand:/home/joon/.vscode-server/data/User/globalStorage/github.copilot-chat/copilotCli:/home/joon/.vscode-server/bin/bf9252a2fb45be6893dd8870c0bf37e2e1766d61/bin/remote-cli:/home/joon/.local/bin:/usr/bin:/usr/bin:/usr/local/sbin:/usr/local/bin:/usr/sbin:/usr/bin:/sbin:/bin:/usr/games:/usr/local/games:/usr/lib/wsl/lib:/mnt/c/WINDOWS/system32:/mnt/c/WINDOWS:/mnt/c/WINDOWS/System32/Wbem:/mnt/c/WINDOWS/System32/WindowsPowerShell/v1.0/:/mnt/c/WINDOWS/System32/OpenSSH/:/mnt/c/Program Files/MATLAB/R2024b/bin:/mnt/c/Program Files/nodejs/:/mnt/c/Program Files/Git/cmd:/mnt/c/Users/ksyj0/AppData/Local/Programs/Python/Python312/Scripts/:/mnt/c/Users/ksyj0/AppData/Local/Programs/Python/Python312/:/mnt/c/Users/ksyj0/AppData/Local/Programs/Python/Launcher/:/mnt/c/Users/ksyj0/AppData/Local/Microsoft/WindowsApps:/mnt/c/Users/ksyj0/AppData/Local/Programs/Microsoft VS Code/bin:/mnt/c/Users/ksyj0/AppData/Roaming/npm:/mnt/c/Users/ksyj0/AppData/Local/SOOP:/mnt/c/Users/ksyj0/AppData/Local/Programs/Kiro/bin:/snap/bin:/home/joon/.vscode-server/extensions/ms-python.debugpy-2025.16.0-linux-x64/bundled/scripts/noConfigScripts'), ('XDG_RUNTIME_DIR', '/run/user/1000/'), ('DISPLAY', ':0'), ('VSCODE_DEBUGPY_ADAPTER_ENDPOINTS', '/home/joon/.vscode-server/extensions/ms-python.debugpy-2025.16.0-linux-x64/.noConfigDebugAdapterEndpoints/endpoint-5f6b0efddf9f6982.txt'), ('LANG', 'en_US.UTF-8'), ('PYTHONSTARTUP', '/home/joon/.vscode-server/data/User/workspaceStorage/6032d0949a26c1de4974618490f207f6-1/ms-python.python/pythonrc.py'), ('LS_COLORS', 'rs=0:di=01;34:ln=01;36:mh=00:pi=40;33:so=01;35:do=01;35:bd=40;33;01:cd=40;33;01:or=40;31;01:mi=00:su=37;41:sg=30;43:ca=30;41:tw=30;42:ow=34;42:st=37;44:ex=01;32:*.tar=01;31:*.tgz=01;31:*.arc=01;31:*.arj=01;31:*.taz=01;31:*.lha=01;31:*.lz4=01;31:*.lzh=01;31:*.lzma=01;31:*.tlz=01;31:*.txz=01;31:*.tzo=01;31:*.t7z=01;31:*.zip=01;31:*.z=01;31:*.dz=01;31:*.gz=01;31:*.lrz=01;31:*.lz=01;31:*.lzo=01;31:*.xz=01;31:*.zst=01;31:*.tzst=01;31:*.bz2=01;31:*.bz=01;31:*.tbz=01;31:*.tbz2=01;31:*.tz=01;31:*.deb=01;31:*.rpm=01;31:*.jar=01;31:*.war=01;31:*.ear=01;31:*.sar=01;31:*.rar=01;31:*.alz=01;31:*.ace=01;31:*.zoo=01;31:*.cpio=01;31:*.7z=01;31:*.rz=01;31:*.cab=01;31:*.wim=01;31:*.swm=01;31:*.dwm=01;31:*.esd=01;31:*.jpg=01;35:*.jpeg=01;35:*.mjpg=01;35:*.mjpeg=01;35:*.gif=01;35:*.bmp=01;35:*.pbm=01;35:*.pgm=01;35:*.ppm=01;35:*.tga=01;35:*.xbm=01;35:*.xpm=01;35:*.tif=01;35:*.tiff=01;35:*.png=01;35:*.svg=01;35:*.svgz=01;35:*.mng=01;35:*.pcx=01;35:*.mov=01;35:*.mpg=01;35:*.mpeg=01;35:*.m2v=01;35:*.mkv=01;35:*.webm=01;35:*.webp=01;35:*.ogm=01;35:*.mp4=01;35:*.m4v=01;35:*.mp4v=01;35:*.vob=01;35:*.qt=01;35:*.nuv=01;35:*.wmv=01;35:*.asf=01;35:*.rm=01;35:*.rmvb=01;35:*.flc=01;35:*.avi=01;35:*.fli=01;35:*.flv=01;35:*.gl=01;35:*.dl=01;35:*.xcf=01;35:*.xwd=01;35:*.yuv=01;35:*.cgm=01;35:*.emf=01;35:*.ogv=01;35:*.ogx=01;35:*.aac=00;36:*.au=00;36:*.flac=00;36:*.m4a=00;36:*.mid=00;36:*.midi=00;36:*.mka=00;36:*.mp3=00;36:*.mpc=00;36:*.ogg=00;36:*.ra=00;36:*.wav=00;36:*.oga=00;36:*.opus=00;36:*.spx=00;36:*.xspf=00;36:'), ('VSCODE_GIT_IPC_HANDLE', '/run/user/1000/vscode-git-167d3a068c.sock'), ('TERM_PROGRAM', 'vscode'), ('AMENT_PREFIX_PATH', '/home/joon/automotive_software_final/install/simulator:/home/joon/automotive_software_final/install/mission_manager:/home/joon/automotive_software_final/install/evaluation:/home/joon/automotive_software_final/install/autonomous_driving:/home/joon/automotive_software_final/install/ad_msgs:/opt/ros/humble'), ('SHELL', '/bin/bash'), ('LESSCLOSE', '/usr/bin/lesspipe %s %s'), ('VSCODE_GIT_ASKPASS_EXTRA_ARGS', ''), ('PWD', '/home/joon/automotive_software_final/build/ad_msgs'), ('ENABLE_IDE_INTEGRATION', 'true'), ('XDG_DATA_DIRS', '/usr/local/share:/usr/share:/var/lib/snapd/desktop'), ('PYTHONPATH', '/home/joon/automotive_software_final/install/ad_msgs/local/lib/python3.10/dist-packages:/opt/ros/humble/lib/python3.10/site-packages:/opt/ros/humble/local/lib/python3.10/dist-packages'), ('COLCON', '1'), ('WSL2_GUI_APPS_ENABLED', '1'), ('HOSTTYPE', 'x86_64'), ('CMAKE_PREFIX_PATH', '/home/joon/automotive_software_final/install/simulator:/home/joon/automotive_software_final/install/mission_manager:/home/joon/automotive_software_final/install/evaluation:/home/joon/automotive_software_final/install/autonomous_driving:/home/joon/automotive_software_final/install/ad_msgs:/opt/ros/humble'), ('WSLENV', 'VSCODE_WSL_EXT_LOCATION/up')]), 'shell': False}
[0.328875] (ad_msgs) StdoutLine: {'line': b'-- Install configuration: ""\n'}
[0.329323] (ad_msgs) StdoutLine: {'line': b'-- Execute custom install script\n'}
[0.329537] (ad_msgs) StdoutLine: {'line': b'-- Up-to-date symlink: /home/joon/automotive_software_final/install/ad_msgs/share/ament_index/resource_index/rosidl_interfaces/ad_msgs\n'}
[0.329921] (ad_msgs) StdoutLine: {'line': b'-- Up-to-date symlink: /home/joon/automotive_software_final/install/ad_msgs/include/ad_msgs/ad_msgs/msg/detail/lane_point_data__functions.h\n'}
[0.330104] (ad_msgs) StdoutLine: {'line': b'-- Up-to-date symlink: /home/joon/automotive_software_final/install/ad_msgs/include/ad_msgs/ad_msgs/msg/detail/lane_point_data__struct.h\n'}
[0.330234] (ad_msgs) StdoutLine: {'line': b'-- Up-to-date symlink: /home/joon/automotive_software_final/install/ad_msgs/include/ad_msgs/ad_msgs/msg/detail/lane_point_data__type_support.h\n'}
[0.330424] (ad_msgs) StdoutLine: {'line': b'-- Up-to-date symlink: /home/joon/automotive_software_final/install/ad_msgs/include/ad_msgs/ad_msgs/msg/detail/lane_point_data_array__functions.h\n'}
[0.330468] (ad_msgs) StdoutLine: {'line': b'-- Up-to-date symlink: /home/joon/automotive_software_final/install/ad_msgs/include/ad_msgs/ad_msgs/msg/detail/lane_point_data_array__struct.h\n'}
[0.330519] (ad_msgs) StdoutLine: {'line': b'-- Up-to-date symlink: /home/joon/automotive_software_final/install/ad_msgs/include/ad_msgs/ad_msgs/msg/detail/lane_point_data_array__type_support.h\n'}
[0.330569] (ad_msgs) StdoutLine: {'line': b'-- Up-to-date symlink: /home/joon/automotive_software_final/install/ad_msgs/include/ad_msgs/ad_msgs/msg/detail/mission__functions.h\n'}
[0.330732] (ad_msgs) StdoutLine: {'line': b'-- Up-to-date symlink: /home/joon/automotive_software_final/install/ad_msgs/include/ad_msgs/ad_msgs/msg/detail/mission__struct.h\n'}
[0.330768] (ad_msgs) StdoutLine: {'line': b'-- Up-to-date symlink: /home/joon/automotive_software_final/install/ad_msgs/include/ad_msgs/ad_msgs/msg/detail/mission__type_support.h\n'}
[0.330838] (ad_msgs) StdoutLine: {'line': b'-- Up-to-date symlink: /home/joon/automotive_software_final/install/ad_msgs/include/ad_msgs/ad_msgs/msg/detail/mission_display__functions.h\n'}
[0.331123] (ad_msgs) StdoutLine: {'line': b'-- Up-to-date symlink: /home/joon/automotive_software_final/install/ad_msgs/include/ad_msgs/ad_msgs/msg/detail/mission_display__struct.h\n'}
[0.331198] (ad_msgs) StdoutLine: {'line': b'-- Up-to-date symlink: /home/joon/automotive_software_final/install/ad_msgs/include/ad_msgs/ad_msgs/msg/detail/mission_display__type_support.h\n'}
[0.331231] (ad_msgs) StdoutLine: {'line': b'-- Up-to-date symlink: /home/joon/automotive_software_final/install/ad_msgs/include/ad_msgs/ad_msgs/msg/detail/mission_object__functions.h\n'}
[0.331480] (ad_msgs) StdoutLine: {'line': b'-- Up-to-date symlink: /home/joon/automotive_software_final/install/ad_msgs/include/ad_msgs/ad_msgs/msg/detail/mission_object__struct.h\n'}
[0.331723] (ad_msgs) StdoutLine: {'line': b'-- Up-to-date symlink: /home/joon/automotive_software_final/install/ad_msgs/include/ad_msgs/ad_msgs/msg/detail/mission_object__type_support.h\n'}
[0.331827] (ad_msgs) StdoutLine: {'line': b'-- Up-to-date symlink: /home/joon/automotive_software_final/install/ad_msgs/include/ad_msgs/ad_msgs/msg/detail/mission_region__functions.h\n'}
[0.331913] (ad_msgs) StdoutLine: {'line': b'-- Up-to-date symlink: /home/joon/automotive_software_final/install/ad_msgs/include/ad_msgs/ad_msgs/msg/detail/mission_region__struct.h\n'}
[0.332099] (ad_msgs) StdoutLine: {'line': b'-- Up-to-date symlink: /home/joon/automotive_software_final/install/ad_msgs/include/ad_msgs/ad_msgs/msg/detail/mission_region__type_support.h\n'}
[0.332176] (ad_msgs) StdoutLine: {'line': b'-- Up-to-date symlink: /home/joon/automotive_software_final/install/ad_msgs/include/ad_msgs/ad_msgs/msg/detail/polyfit_lane_data__functions.h\n'}
[0.332228] (ad_msgs) StdoutLine: {'line': b'-- Up-to-date symlink: /home/joon/automotive_software_final/install/ad_msgs/include/ad_msgs/ad_msgs/msg/detail/polyfit_lane_data__struct.h\n'}
[0.332287] (ad_msgs) StdoutLine: {'line': b'-- Up-to-date symlink: /home/joon/automotive_software_final/install/ad_msgs/include/ad_msgs/ad_msgs/msg/detail/polyfit_lane_data__type_support.h\n'}
[0.332335] (ad_msgs) StdoutLine: {'line': b'-- Up-to-date symlink: /home/joon/automotive_software_final/install/ad_msgs/include/ad_msgs/ad_msgs/msg/detail/polyfit_lane_data_array__functions.h\n'}
[0.332471] (ad_msgs) StdoutLine: {'line': b'-- Up-to-date symlink: /home/joon/automotive_software_final/install/ad_msgs/include/ad_msgs/ad_msgs/msg/detail/polyfit_lane_data_array__struct.h\n'}
[0.332510] (ad_msgs) StdoutLine: {'line': b'-- Up-to-date symlink: /home/joon/automotive_software_final/install/ad_msgs/include/ad_msgs/ad_msgs/msg/detail/polyfit_lane_data_array__type_support.h\n'}
[0.332538] (ad_msgs) StdoutLine: {'line': b'-- Up-to-date symlink: /home/joon/automotive_software_final/install/ad_msgs/include/ad_msgs/ad_msgs/msg/detail/vehicle_command__functions.h\n'}
[0.332563] (ad_msgs) StdoutLine: {'line': b'-- Up-to-date symlink: /home/joon/automotive_software_final/install/ad_msgs/include/ad_msgs/ad_msgs/msg/detail/vehicle_command__struct.h\n'}
[0.332589] (ad_msgs) StdoutLine: {'line': b'-- Up-to-date symlink: /home/joon/automotive_software_final/install/ad_msgs/include/ad_msgs/ad_msgs/msg/detail/vehicle_command__type_support.h\n'}
[0.332619] (ad_msgs) StdoutLine: {'line': b'-- Up-to-date symlink: /home/joon/automotive_software_final/install/ad_msgs/include/ad_msgs/ad_msgs/msg/detail/vehicle_state__functions.h\n'}
[0.332702] (ad_msgs) StdoutLine: {'line': b'-- Up-to-date symlink: /home/joon/automotive_software_final/install/ad_msgs/include/ad_msgs/ad_msgs/msg/detail/vehicle_state__struct.h\n'}
[0.332782] (ad_msgs) StdoutLine: {'line': b'-- Up-to-date symlink: /home/joon/automotive_software_final/install/ad_msgs/include/ad_msgs/ad_msgs/msg/detail/vehicle_state__type_support.h\n'}
[0.332896] (ad_msgs) StdoutLine: {'line': b'-- Up-to-date symlink: /home/joon/automotive_software_final/install/ad_msgs/include/ad_msgs/ad_msgs/msg/lane_point_data.h\n'}
[0.332980] (ad_msgs) StdoutLine: {'line': b'-- Up-to-date symlink: /home/joon/automotive_software_final/install/ad_msgs/include/ad_msgs/ad_msgs/msg/lane_point_data_array.h\n'}
[0.333139] (ad_msgs) StdoutLine: {'line': b'-- Up-to-date symlink: /home/joon/automotive_software_final/install/ad_msgs/include/ad_msgs/ad_msgs/msg/mission.h\n'}
[0.333179] (ad_msgs) StdoutLine: {'line': b'-- Up-to-date symlink: /home/joon/automotive_software_final/install/ad_msgs/include/ad_msgs/ad_msgs/msg/mission_display.h\n'}
[0.333208] (ad_msgs) StdoutLine: {'line': b'-- Up-to-date symlink: /home/joon/automotive_software_final/install/ad_msgs/include/ad_msgs/ad_msgs/msg/mission_object.h\n'}
[0.333260] (ad_msgs) StdoutLine: {'line': b'-- Up-to-date symlink: /home/joon/automotive_software_final/install/ad_msgs/include/ad_msgs/ad_msgs/msg/mission_region.h\n'}
[0.333291] (ad_msgs) StdoutLine: {'line': b'-- Up-to-date symlink: /home/joon/automotive_software_final/install/ad_msgs/include/ad_msgs/ad_msgs/msg/polyfit_lane_data.h\n'}
[0.333323] (ad_msgs) StdoutLine: {'line': b'-- Up-to-date symlink: /home/joon/automotive_software_final/install/ad_msgs/include/ad_msgs/ad_msgs/msg/polyfit_lane_data_array.h\n'}
[0.333391] (ad_msgs) StdoutLine: {'line': b'-- Up-to-date symlink: /home/joon/automotive_software_final/install/ad_msgs/include/ad_msgs/ad_msgs/msg/rosidl_generator_c__visibility_control.h\n'}
[0.333442] (ad_msgs) StdoutLine: {'line': b'-- Up-to-date symlink: /home/joon/automotive_software_final/install/ad_msgs/include/ad_msgs/ad_msgs/msg/vehicle_command.h\n'}
[0.333627] (ad_msgs) StdoutLine: {'line': b'-- Up-to-date symlink: /home/joon/automotive_software_final/install/ad_msgs/include/ad_msgs/ad_msgs/msg/vehicle_state.h\n'}
[0.333778] (ad_msgs) StdoutLine: {'line': b'-- Up-to-date symlink: /home/joon/automotive_software_final/install/ad_msgs/share/ad_msgs/environment/library_path.sh\n'}
[0.333868] (ad_msgs) StdoutLine: {'line': b'-- Up-to-date symlink: /home/joon/automotive_software_final/install/ad_msgs/share/ad_msgs/environment/library_path.dsv\n'}
[0.334026] (ad_msgs) StdoutLine: {'line': b'-- Up-to-date symlink: /home/joon/automotive_software_final/install/ad_msgs/include/ad_msgs/ad_msgs/msg/detail/lane_point_data__rosidl_typesupport_fastrtps_c.h\n'}
[0.334125] (ad_msgs) StdoutLine: {'line': b'-- Up-to-date symlink: /home/joon/automotive_software_final/install/ad_msgs/include/ad_msgs/ad_msgs/msg/detail/lane_point_data_array__rosidl_typesupport_fastrtps_c.h\n'}
[0.334515] (ad_msgs) StdoutLine: {'line': b'-- Up-to-date symlink: /home/joon/automotive_software_final/install/ad_msgs/include/ad_msgs/ad_msgs/msg/detail/mission__rosidl_typesupport_fastrtps_c.h\n'}
[0.334903] (ad_msgs) StdoutLine: {'line': b'-- Up-to-date symlink: /home/joon/automotive_software_final/install/ad_msgs/include/ad_msgs/ad_msgs/msg/detail/mission_display__rosidl_typesupport_fastrtps_c.h\n'}
[0.335055] (ad_msgs) StdoutLine: {'line': b'-- Up-to-date symlink: /home/joon/automotive_software_final/install/ad_msgs/include/ad_msgs/ad_msgs/msg/detail/mission_object__rosidl_typesupport_fastrtps_c.h\n'}
[0.335194] (ad_msgs) StdoutLine: {'line': b'-- Up-to-date symlink: /home/joon/automotive_software_final/install/ad_msgs/include/ad_msgs/ad_msgs/msg/detail/mission_region__rosidl_typesupport_fastrtps_c.h\n'}
[0.335302] (ad_msgs) StdoutLine: {'line': b'-- Up-to-date symlink: /home/joon/automotive_software_final/install/ad_msgs/include/ad_msgs/ad_msgs/msg/detail/polyfit_lane_data__rosidl_typesupport_fastrtps_c.h\n'}
[0.335495] (ad_msgs) StdoutLine: {'line': b'-- Up-to-date symlink: /home/joon/automotive_software_final/install/ad_msgs/include/ad_msgs/ad_msgs/msg/detail/polyfit_lane_data_array__rosidl_typesupport_fastrtps_c.h\n'}
[0.335578] (ad_msgs) StdoutLine: {'line': b'-- Up-to-date symlink: /home/joon/automotive_software_final/install/ad_msgs/include/ad_msgs/ad_msgs/msg/detail/vehicle_command__rosidl_typesupport_fastrtps_c.h\n'}
[0.335678] (ad_msgs) StdoutLine: {'line': b'-- Up-to-date symlink: /home/joon/automotive_software_final/install/ad_msgs/include/ad_msgs/ad_msgs/msg/detail/vehicle_state__rosidl_typesupport_fastrtps_c.h\n'}
[0.335864] (ad_msgs) StdoutLine: {'line': b'-- Up-to-date symlink: /home/joon/automotive_software_final/install/ad_msgs/include/ad_msgs/ad_msgs/msg/rosidl_typesupport_fastrtps_c__visibility_control.h\n'}
[0.336060] (ad_msgs) StdoutLine: {'line': b'-- Up-to-date symlink: /home/joon/automotive_software_final/install/ad_msgs/include/ad_msgs/ad_msgs/msg/detail/lane_point_data__rosidl_typesupport_introspection_c.h\n'}
[0.336382] (ad_msgs) StdoutLine: {'line': b'-- Up-to-date symlink: /home/joon/automotive_software_final/install/ad_msgs/include/ad_msgs/ad_msgs/msg/detail/lane_point_data_array__rosidl_typesupport_introspection_c.h\n'}
[0.336487] (ad_msgs) StdoutLine: {'line': b'-- Up-to-date symlink: /home/joon/automotive_software_final/install/ad_msgs/include/ad_msgs/ad_msgs/msg/detail/mission__rosidl_typesupport_introspection_c.h\n'}
[0.336563] (ad_msgs) StdoutLine: {'line': b'-- Up-to-date symlink: /home/joon/automotive_software_final/install/ad_msgs/include/ad_msgs/ad_msgs/msg/detail/mission_display__rosidl_typesupport_introspection_c.h\n'}
[0.336634] (ad_msgs) StdoutLine: {'line': b'-- Up-to-date symlink: /home/joon/automotive_software_final/install/ad_msgs/include/ad_msgs/ad_msgs/msg/detail/mission_object__rosidl_typesupport_introspection_c.h\n'}
[0.336703] (ad_msgs) StdoutLine: {'line': b'-- Up-to-date symlink: /home/joon/automotive_software_final/install/ad_msgs/include/ad_msgs/ad_msgs/msg/detail/mission_region__rosidl_typesupport_introspection_c.h\n'}
[0.336770] (ad_msgs) StdoutLine: {'line': b'-- Up-to-date symlink: /home/joon/automotive_software_final/install/ad_msgs/include/ad_msgs/ad_msgs/msg/detail/polyfit_lane_data__rosidl_typesupport_introspection_c.h\n'}
[0.336835] (ad_msgs) StdoutLine: {'line': b'-- Up-to-date symlink: /home/joon/automotive_software_final/install/ad_msgs/include/ad_msgs/ad_msgs/msg/detail/polyfit_lane_data_array__rosidl_typesupport_introspection_c.h\n'}
[0.336896] (ad_msgs) StdoutLine: {'line': b'-- Up-to-date symlink: /home/joon/automotive_software_final/install/ad_msgs/include/ad_msgs/ad_msgs/msg/detail/vehicle_command__rosidl_typesupport_introspection_c.h\n'}
[0.336956] (ad_msgs) StdoutLine: {'line': b'-- Up-to-date symlink: /home/joon/automotive_software_final/install/ad_msgs/include/ad_msgs/ad_msgs/msg/detail/vehicle_state__rosidl_typesupport_introspection_c.h\n'}
[0.337027] (ad_msgs) StdoutLine: {'line': b'-- Up-to-date symlink: /home/joon/automotive_software_final/install/ad_msgs/include/ad_msgs/ad_msgs/msg/rosidl_typesupport_introspection_c__visibility_control.h\n'}
[0.337522] (ad_msgs) StdoutLine: {'line': b'-- Up-to-date symlink: /home/joon/automotive_software_final/install/ad_msgs/include/ad_msgs/ad_msgs/msg/detail/lane_point_data__builder.hpp\n'}
[0.338235] (ad_msgs) StdoutLine: {'line': b'-- Up-to-date symlink: /home/joon/automotive_software_final/install/ad_msgs/include/ad_msgs/ad_msgs/msg/detail/lane_point_data__struct.hpp\n'}
[0.338367] (ad_msgs) StdoutLine: {'line': b'-- Up-to-date symlink: /home/joon/automotive_software_final/install/ad_msgs/include/ad_msgs/ad_msgs/msg/detail/lane_point_data__traits.hpp\n'}
[0.338432] (ad_msgs) StdoutLine: {'line': b'-- Up-to-date symlink: /home/joon/automotive_software_final/install/ad_msgs/include/ad_msgs/ad_msgs/msg/detail/lane_point_data__type_support.hpp\n'}
[0.338552] (ad_msgs) StdoutLine: {'line': b'-- Up-to-date symlink: /home/joon/automotive_software_final/install/ad_msgs/include/ad_msgs/ad_msgs/msg/detail/lane_point_data_array__builder.hpp\n'}
[0.339862] (ad_msgs) StdoutLine: {'line': b'-- Up-to-date symlink: /home/joon/automotive_software_final/install/ad_msgs/include/ad_msgs/ad_msgs/msg/detail/lane_point_data_array__struct.hpp\n'}
[0.340156] (ad_msgs) StdoutLine: {'line': b'-- Up-to-date symlink: /home/joon/automotive_software_final/install/ad_msgs/include/ad_msgs/ad_msgs/msg/detail/lane_point_data_array__traits.hpp\n'}
[0.340399] (ad_msgs) StdoutLine: {'line': b'-- Up-to-date symlink: /home/joon/automotive_software_final/install/ad_msgs/include/ad_msgs/ad_msgs/msg/detail/lane_point_data_array__type_support.hpp\n'}
[0.340702] (ad_msgs) StdoutLine: {'line': b'-- Up-to-date symlink: /home/joon/automotive_software_final/install/ad_msgs/include/ad_msgs/ad_msgs/msg/detail/mission__builder.hpp\n'}
[0.341012] (ad_msgs) StdoutLine: {'line': b'-- Up-to-date symlink: /home/joon/automotive_software_final/install/ad_msgs/include/ad_msgs/ad_msgs/msg/detail/mission__struct.hpp\n'}
[0.341135] (ad_msgs) StdoutLine: {'line': b'-- Up-to-date symlink: /home/joon/automotive_software_final/install/ad_msgs/include/ad_msgs/ad_msgs/msg/detail/mission__traits.hpp\n'}
[0.341361] (ad_msgs) StdoutLine: {'line': b'-- Up-to-date symlink: /home/joon/automotive_software_final/install/ad_msgs/include/ad_msgs/ad_msgs/msg/detail/mission__type_support.hpp\n'}
[0.341626] (ad_msgs) StdoutLine: {'line': b'-- Up-to-date symlink: /home/joon/automotive_software_final/install/ad_msgs/include/ad_msgs/ad_msgs/msg/detail/mission_display__builder.hpp\n'}
[0.341829] (ad_msgs) StdoutLine: {'line': b'-- Up-to-date symlink: /home/joon/automotive_software_final/install/ad_msgs/include/ad_msgs/ad_msgs/msg/detail/mission_display__struct.hpp\n'}
[0.342457] (ad_msgs) StdoutLine: {'line': b'-- Up-to-date symlink: /home/joon/automotive_software_final/install/ad_msgs/include/ad_msgs/ad_msgs/msg/detail/mission_display__traits.hpp\n'}
[0.342840] (ad_msgs) StdoutLine: {'line': b'-- Up-to-date symlink: /home/joon/automotive_software_final/install/ad_msgs/include/ad_msgs/ad_msgs/msg/detail/mission_display__type_support.hpp\n'}
[0.342919] (ad_msgs) StdoutLine: {'line': b'-- Up-to-date symlink: /home/joon/automotive_software_final/install/ad_msgs/include/ad_msgs/ad_msgs/msg/detail/mission_object__builder.hpp\n'}
[0.342984] (ad_msgs) StdoutLine: {'line': b'-- Up-to-date symlink: /home/joon/automotive_software_final/install/ad_msgs/include/ad_msgs/ad_msgs/msg/detail/mission_object__struct.hpp\n'}
[0.343034] (ad_msgs) StdoutLine: {'line': b'-- Up-to-date symlink: /home/joon/automotive_software_final/install/ad_msgs/include/ad_msgs/ad_msgs/msg/detail/mission_object__traits.hpp\n'}
[0.343082] (ad_msgs) StdoutLine: {'line': b'-- Up-to-date symlink: /home/joon/automotive_software_final/install/ad_msgs/include/ad_msgs/ad_msgs/msg/detail/mission_object__type_support.hpp\n'}
[0.343155] (ad_msgs) StdoutLine: {'line': b'-- Up-to-date symlink: /home/joon/automotive_software_final/install/ad_msgs/include/ad_msgs/ad_msgs/msg/detail/mission_region__builder.hpp\n'}
[0.343534] (ad_msgs) StdoutLine: {'line': b'-- Up-to-date symlink: /home/joon/automotive_software_final/install/ad_msgs/include/ad_msgs/ad_msgs/msg/detail/mission_region__struct.hpp\n'}
[0.344002] (ad_msgs) StdoutLine: {'line': b'-- Up-to-date symlink: /home/joon/automotive_software_final/install/ad_msgs/include/ad_msgs/ad_msgs/msg/detail/mission_region__traits.hpp\n'}
[0.344251] (ad_msgs) StdoutLine: {'line': b'-- Up-to-date symlink: /home/joon/automotive_software_final/install/ad_msgs/include/ad_msgs/ad_msgs/msg/detail/mission_region__type_support.hpp\n'}
[0.344331] (ad_msgs) StdoutLine: {'line': b'-- Up-to-date symlink: /home/joon/automotive_software_final/install/ad_msgs/include/ad_msgs/ad_msgs/msg/detail/polyfit_lane_data__builder.hpp\n'}
[0.344386] (ad_msgs) StdoutLine: {'line': b'-- Up-to-date symlink: /home/joon/automotive_software_final/install/ad_msgs/include/ad_msgs/ad_msgs/msg/detail/polyfit_lane_data__struct.hpp\n'}
[0.344443] (ad_msgs) StdoutLine: {'line': b'-- Up-to-date symlink: /home/joon/automotive_software_final/install/ad_msgs/include/ad_msgs/ad_msgs/msg/detail/polyfit_lane_data__traits.hpp\n'}
[0.344557] (ad_msgs) StdoutLine: {'line': b'-- Up-to-date symlink: /home/joon/automotive_software_final/install/ad_msgs/include/ad_msgs/ad_msgs/msg/detail/polyfit_lane_data__type_support.hpp\n'}
[0.344627] (ad_msgs) StdoutLine: {'line': b'-- Up-to-date symlink: /home/joon/automotive_software_final/install/ad_msgs/include/ad_msgs/ad_msgs/msg/detail/polyfit_lane_data_array__builder.hpp\n'}
[0.344743] (ad_msgs) StdoutLine: {'line': b'-- Up-to-date symlink: /home/joon/automotive_software_final/install/ad_msgs/include/ad_msgs/ad_msgs/msg/detail/polyfit_lane_data_array__struct.hpp\n'}
[0.344806] (ad_msgs) StdoutLine: {'line': b'-- Up-to-date symlink: /home/joon/automotive_software_final/install/ad_msgs/include/ad_msgs/ad_msgs/msg/detail/polyfit_lane_data_array__traits.hpp\n'}
[0.344871] (ad_msgs) StdoutLine: {'line': b'-- Up-to-date symlink: /home/joon/automotive_software_final/install/ad_msgs/include/ad_msgs/ad_msgs/msg/detail/polyfit_lane_data_array__type_support.hpp\n'}
[0.344937] (ad_msgs) StdoutLine: {'line': b'-- Up-to-date symlink: /home/joon/automotive_software_final/install/ad_msgs/include/ad_msgs/ad_msgs/msg/detail/vehicle_command__builder.hpp\n'}
[0.344999] (ad_msgs) StdoutLine: {'line': b'-- Up-to-date symlink: /home/joon/automotive_software_final/install/ad_msgs/include/ad_msgs/ad_msgs/msg/detail/vehicle_command__struct.hpp\n'}
[0.345054] (ad_msgs) StdoutLine: {'line': b'-- Up-to-date symlink: /home/joon/automotive_software_final/install/ad_msgs/include/ad_msgs/ad_msgs/msg/detail/vehicle_command__traits.hpp\n'}
[0.345171] (ad_msgs) StdoutLine: {'line': b'-- Up-to-date symlink: /home/joon/automotive_software_final/install/ad_msgs/include/ad_msgs/ad_msgs/msg/detail/vehicle_command__type_support.hpp\n'}
[0.345236] (ad_msgs) StdoutLine: {'line': b'-- Up-to-date symlink: /home/joon/automotive_software_final/install/ad_msgs/include/ad_msgs/ad_msgs/msg/detail/vehicle_state__builder.hpp\n'}
[0.345348] (ad_msgs) StdoutLine: {'line': b'-- Up-to-date symlink: /home/joon/automotive_software_final/install/ad_msgs/include/ad_msgs/ad_msgs/msg/detail/vehicle_state__struct.hpp\n'}
[0.345403] (ad_msgs) StdoutLine: {'line': b'-- Up-to-date symlink: /home/joon/automotive_software_final/install/ad_msgs/include/ad_msgs/ad_msgs/msg/detail/vehicle_state__traits.hpp\n'}
[0.345513] (ad_msgs) StdoutLine: {'line': b'-- Up-to-date symlink: /home/joon/automotive_software_final/install/ad_msgs/include/ad_msgs/ad_msgs/msg/detail/vehicle_state__type_support.hpp\n'}
[0.345576] (ad_msgs) StdoutLine: {'line': b'-- Up-to-date symlink: /home/joon/automotive_software_final/install/ad_msgs/include/ad_msgs/ad_msgs/msg/lane_point_data.hpp\n'}
[0.345644] (ad_msgs) StdoutLine: {'line': b'-- Up-to-date symlink: /home/joon/automotive_software_final/install/ad_msgs/include/ad_msgs/ad_msgs/msg/lane_point_data_array.hpp\n'}
[0.345757] (ad_msgs) StdoutLine: {'line': b'-- Up-to-date symlink: /home/joon/automotive_software_final/install/ad_msgs/include/ad_msgs/ad_msgs/msg/mission.hpp\n'}
[0.345830] (ad_msgs) StdoutLine: {'line': b'-- Up-to-date symlink: /home/joon/automotive_software_final/install/ad_msgs/include/ad_msgs/ad_msgs/msg/mission_display.hpp\n'}
[0.345890] (ad_msgs) StdoutLine: {'line': b'-- Up-to-date symlink: /home/joon/automotive_software_final/install/ad_msgs/include/ad_msgs/ad_msgs/msg/mission_object.hpp\n'}
[0.345988] (ad_msgs) StdoutLine: {'line': b'-- Up-to-date symlink: /home/joon/automotive_software_final/install/ad_msgs/include/ad_msgs/ad_msgs/msg/mission_region.hpp\n'}
[0.346061] (ad_msgs) StdoutLine: {'line': b'-- Up-to-date symlink: /home/joon/automotive_software_final/install/ad_msgs/include/ad_msgs/ad_msgs/msg/polyfit_lane_data.hpp\n'}
[0.346118] (ad_msgs) StdoutLine: {'line': b'-- Up-to-date symlink: /home/joon/automotive_software_final/install/ad_msgs/include/ad_msgs/ad_msgs/msg/polyfit_lane_data_array.hpp\n'}
[0.346182] (ad_msgs) StdoutLine: {'line': b'-- Up-to-date symlink: /home/joon/automotive_software_final/install/ad_msgs/include/ad_msgs/ad_msgs/msg/rosidl_generator_cpp__visibility_control.hpp\n'}
[0.346238] (ad_msgs) StdoutLine: {'line': b'-- Up-to-date symlink: /home/joon/automotive_software_final/install/ad_msgs/include/ad_msgs/ad_msgs/msg/vehicle_command.hpp\n'}
[0.346290] (ad_msgs) StdoutLine: {'line': b'-- Up-to-date symlink: /home/joon/automotive_software_final/install/ad_msgs/include/ad_msgs/ad_msgs/msg/vehicle_state.hpp\n'}
[0.346385] (ad_msgs) StdoutLine: {'line': b'-- Up-to-date symlink: /home/joon/automotive_software_final/install/ad_msgs/include/ad_msgs/ad_msgs/msg/detail/lane_point_data__rosidl_typesupport_fastrtps_cpp.hpp\n'}
[0.346453] (ad_msgs) StdoutLine: {'line': b'-- Up-to-date symlink: /home/joon/automotive_software_final/install/ad_msgs/include/ad_msgs/ad_msgs/msg/detail/lane_point_data_array__rosidl_typesupport_fastrtps_cpp.hpp\n'}
[0.346563] (ad_msgs) StdoutLine: {'line': b'-- Up-to-date symlink: /home/joon/automotive_software_final/install/ad_msgs/include/ad_msgs/ad_msgs/msg/detail/mission__rosidl_typesupport_fastrtps_cpp.hpp\n'}
[0.346638] (ad_msgs) StdoutLine: {'line': b'-- Up-to-date symlink: /home/joon/automotive_software_final/install/ad_msgs/include/ad_msgs/ad_msgs/msg/detail/mission_display__rosidl_typesupport_fastrtps_cpp.hpp\n'}
[0.346750] (ad_msgs) StdoutLine: {'line': b'-- Up-to-date symlink: /home/joon/automotive_software_final/install/ad_msgs/include/ad_msgs/ad_msgs/msg/detail/mission_object__rosidl_typesupport_fastrtps_cpp.hpp\n'}
[0.346807] (ad_msgs) StdoutLine: {'line': b'-- Up-to-date symlink: /home/joon/automotive_software_final/install/ad_msgs/include/ad_msgs/ad_msgs/msg/detail/mission_region__rosidl_typesupport_fastrtps_cpp.hpp\n'}
[0.346864] (ad_msgs) StdoutLine: {'line': b'-- Up-to-date symlink: /home/joon/automotive_software_final/install/ad_msgs/include/ad_msgs/ad_msgs/msg/detail/polyfit_lane_data__rosidl_typesupport_fastrtps_cpp.hpp\n'}
[0.346926] (ad_msgs) StdoutLine: {'line': b'-- Up-to-date symlink: /home/joon/automotive_software_final/install/ad_msgs/include/ad_msgs/ad_msgs/msg/detail/polyfit_lane_data_array__rosidl_typesupport_fastrtps_cpp.hpp\n'}
[0.346990] (ad_msgs) StdoutLine: {'line': b'-- Up-to-date symlink: /home/joon/automotive_software_final/install/ad_msgs/include/ad_msgs/ad_msgs/msg/detail/vehicle_command__rosidl_typesupport_fastrtps_cpp.hpp\n'}
[0.347100] (ad_msgs) StdoutLine: {'line': b'-- Up-to-date symlink: /home/joon/automotive_software_final/install/ad_msgs/include/ad_msgs/ad_msgs/msg/detail/vehicle_state__rosidl_typesupport_fastrtps_cpp.hpp\n'}
[0.347298] (ad_msgs) StdoutLine: {'line': b'-- Up-to-date symlink: /home/joon/automotive_software_final/install/ad_msgs/include/ad_msgs/ad_msgs/msg/rosidl_typesupport_fastrtps_cpp__visibility_control.h\n'}
[0.347501] (ad_msgs) StdoutLine: {'line': b'-- Up-to-date symlink: /home/joon/automotive_software_final/install/ad_msgs/include/ad_msgs/ad_msgs/msg/detail/lane_point_data__rosidl_typesupport_introspection_cpp.hpp\n'}
[0.347580] (ad_msgs) StdoutLine: {'line': b'-- Up-to-date symlink: /home/joon/automotive_software_final/install/ad_msgs/include/ad_msgs/ad_msgs/msg/detail/lane_point_data_array__rosidl_typesupport_introspection_cpp.hpp\n'}
[0.347646] (ad_msgs) StdoutLine: {'line': b'-- Up-to-date symlink: /home/joon/automotive_software_final/install/ad_msgs/include/ad_msgs/ad_msgs/msg/detail/mission__rosidl_typesupport_introspection_cpp.hpp\n'}
[0.347714] (ad_msgs) StdoutLine: {'line': b'-- Up-to-date symlink: /home/joon/automotive_software_final/install/ad_msgs/include/ad_msgs/ad_msgs/msg/detail/mission_display__rosidl_typesupport_introspection_cpp.hpp\n'}
[0.347777] (ad_msgs) StdoutLine: {'line': b'-- Up-to-date symlink: /home/joon/automotive_software_final/install/ad_msgs/include/ad_msgs/ad_msgs/msg/detail/mission_object__rosidl_typesupport_introspection_cpp.hpp\n'}
[0.347842] (ad_msgs) StdoutLine: {'line': b'-- Up-to-date symlink: /home/joon/automotive_software_final/install/ad_msgs/include/ad_msgs/ad_msgs/msg/detail/mission_region__rosidl_typesupport_introspection_cpp.hpp\n'}
[0.347960] (ad_msgs) StdoutLine: {'line': b'-- Up-to-date symlink: /home/joon/automotive_software_final/install/ad_msgs/include/ad_msgs/ad_msgs/msg/detail/polyfit_lane_data__rosidl_typesupport_introspection_cpp.hpp\n'}
[0.348025] (ad_msgs) StdoutLine: {'line': b'-- Up-to-date symlink: /home/joon/automotive_software_final/install/ad_msgs/include/ad_msgs/ad_msgs/msg/detail/polyfit_lane_data_array__rosidl_typesupport_introspection_cpp.hpp\n'}
[0.348132] (ad_msgs) StdoutLine: {'line': b'-- Up-to-date symlink: /home/joon/automotive_software_final/install/ad_msgs/include/ad_msgs/ad_msgs/msg/detail/vehicle_command__rosidl_typesupport_introspection_cpp.hpp\n'}
[0.348259] (ad_msgs) StdoutLine: {'line': b'-- Up-to-date symlink: /home/joon/automotive_software_final/install/ad_msgs/include/ad_msgs/ad_msgs/msg/detail/vehicle_state__rosidl_typesupport_introspection_cpp.hpp\n'}
[0.348353] (ad_msgs) StdoutLine: {'line': b'-- Up-to-date symlink: /home/joon/automotive_software_final/install/ad_msgs/share/ad_msgs/environment/pythonpath.sh\n'}
[0.348427] (ad_msgs) StdoutLine: {'line': b'-- Up-to-date symlink: /home/joon/automotive_software_final/install/ad_msgs/share/ad_msgs/environment/pythonpath.dsv\n'}
[0.348660] (ad_msgs) StdoutLine: {'line': b'-- Up-to-date symlink: /home/joon/automotive_software_final/install/ad_msgs/local/lib/python3.10/dist-packages/ad_msgs-0.0.0-py3.10.egg-info/PKG-INFO\n'}
[0.348846] (ad_msgs) StdoutLine: {'line': b'-- Up-to-date symlink: /home/joon/automotive_software_final/install/ad_msgs/local/lib/python3.10/dist-packages/ad_msgs-0.0.0-py3.10.egg-info/SOURCES.txt\n'}
[0.348916] (ad_msgs) StdoutLine: {'line': b'-- Up-to-date symlink: /home/joon/automotive_software_final/install/ad_msgs/local/lib/python3.10/dist-packages/ad_msgs-0.0.0-py3.10.egg-info/dependency_links.txt\n'}
[0.349036] (ad_msgs) StdoutLine: {'line': b'-- Up-to-date symlink: /home/joon/automotive_software_final/install/ad_msgs/local/lib/python3.10/dist-packages/ad_msgs-0.0.0-py3.10.egg-info/top_level.txt\n'}
[0.349177] (ad_msgs) StdoutLine: {'line': b'-- Up-to-date symlink: /home/joon/automotive_software_final/install/ad_msgs/local/lib/python3.10/dist-packages/ad_msgs/__init__.py\n'}
[0.349346] (ad_msgs) StdoutLine: {'line': b'-- Up-to-date symlink: /home/joon/automotive_software_final/install/ad_msgs/local/lib/python3.10/dist-packages/ad_msgs/_ad_msgs_s.ep.rosidl_typesupport_c.c\n'}
[0.349547] (ad_msgs) StdoutLine: {'line': b'-- Up-to-date symlink: /home/joon/automotive_software_final/install/ad_msgs/local/lib/python3.10/dist-packages/ad_msgs/_ad_msgs_s.ep.rosidl_typesupport_fastrtps_c.c\n'}
[0.349679] (ad_msgs) StdoutLine: {'line': b'-- Up-to-date symlink: /home/joon/automotive_software_final/install/ad_msgs/local/lib/python3.10/dist-packages/ad_msgs/_ad_msgs_s.ep.rosidl_typesupport_introspection_c.c\n'}
[0.349736] (ad_msgs) StdoutLine: {'line': b'-- Up-to-date symlink: /home/joon/automotive_software_final/install/ad_msgs/local/lib/python3.10/dist-packages/ad_msgs/ad_msgs_s__rosidl_typesupport_c.cpython-310-x86_64-linux-gnu.so\n'}
[0.349807] (ad_msgs) StdoutLine: {'line': b'-- Up-to-date symlink: /home/joon/automotive_software_final/install/ad_msgs/local/lib/python3.10/dist-packages/ad_msgs/ad_msgs_s__rosidl_typesupport_fastrtps_c.cpython-310-x86_64-linux-gnu.so\n'}
[0.349872] (ad_msgs) StdoutLine: {'line': b'-- Up-to-date symlink: /home/joon/automotive_software_final/install/ad_msgs/local/lib/python3.10/dist-packages/ad_msgs/ad_msgs_s__rosidl_typesupport_introspection_c.cpython-310-x86_64-linux-gnu.so\n'}
[0.350092] (ad_msgs) StdoutLine: {'line': b'-- Up-to-date symlink: /home/joon/automotive_software_final/install/ad_msgs/local/lib/python3.10/dist-packages/ad_msgs/libad_msgs__rosidl_generator_py.so\n'}
[0.350131] (ad_msgs) StdoutLine: {'line': b'-- Up-to-date symlink: /home/joon/automotive_software_final/install/ad_msgs/local/lib/python3.10/dist-packages/ad_msgs/msg/__init__.py\n'}
[0.350161] (ad_msgs) StdoutLine: {'line': b'-- Up-to-date symlink: /home/joon/automotive_software_final/install/ad_msgs/local/lib/python3.10/dist-packages/ad_msgs/msg/_lane_point_data.py\n'}
[0.350194] (ad_msgs) StdoutLine: {'line': b'-- Up-to-date symlink: /home/joon/automotive_software_final/install/ad_msgs/local/lib/python3.10/dist-packages/ad_msgs/msg/_lane_point_data_array.py\n'}
[0.350298] (ad_msgs) StdoutLine: {'line': b'-- Up-to-date symlink: /home/joon/automotive_software_final/install/ad_msgs/local/lib/python3.10/dist-packages/ad_msgs/msg/_lane_point_data_array_s.c\n'}
[0.350360] (ad_msgs) StdoutLine: {'line': b'-- Up-to-date symlink: /home/joon/automotive_software_final/install/ad_msgs/local/lib/python3.10/dist-packages/ad_msgs/msg/_lane_point_data_s.c\n'}
[0.350453] (ad_msgs) StdoutLine: {'line': b'-- Up-to-date symlink: /home/joon/automotive_software_final/install/ad_msgs/local/lib/python3.10/dist-packages/ad_msgs/msg/_mission.py\n'}
[0.350517] (ad_msgs) StdoutLine: {'line': b'-- Up-to-date symlink: /home/joon/automotive_software_final/install/ad_msgs/local/lib/python3.10/dist-packages/ad_msgs/msg/_mission_display.py\n'}
[0.350579] (ad_msgs) StdoutLine: {'line': b'-- Up-to-date symlink: /home/joon/automotive_software_final/install/ad_msgs/local/lib/python3.10/dist-packages/ad_msgs/msg/_mission_display_s.c\n'}
[0.350734] (ad_msgs) StdoutLine: {'line': b'-- Up-to-date symlink: /home/joon/automotive_software_final/install/ad_msgs/local/lib/python3.10/dist-packages/ad_msgs/msg/_mission_object.py\n'}
[0.350809] (ad_msgs) StdoutLine: {'line': b'-- Up-to-date symlink: /home/joon/automotive_software_final/install/ad_msgs/local/lib/python3.10/dist-packages/ad_msgs/msg/_mission_object_s.c\n'}
[0.350871] (ad_msgs) StdoutLine: {'line': b'-- Up-to-date symlink: /home/joon/automotive_software_final/install/ad_msgs/local/lib/python3.10/dist-packages/ad_msgs/msg/_mission_region.py\n'}
[0.350962] (ad_msgs) StdoutLine: {'line': b'-- Up-to-date symlink: /home/joon/automotive_software_final/install/ad_msgs/local/lib/python3.10/dist-packages/ad_msgs/msg/_mission_region_s.c\n'}
[0.351020] (ad_msgs) StdoutLine: {'line': b'-- Up-to-date symlink: /home/joon/automotive_software_final/install/ad_msgs/local/lib/python3.10/dist-packages/ad_msgs/msg/_mission_s.c\n'}
[0.351048] (ad_msgs) StdoutLine: {'line': b'-- Up-to-date symlink: /home/joon/automotive_software_final/install/ad_msgs/local/lib/python3.10/dist-packages/ad_msgs/msg/_polyfit_lane_data.py\n'}
[0.351075] (ad_msgs) StdoutLine: {'line': b'-- Up-to-date symlink: /home/joon/automotive_software_final/install/ad_msgs/local/lib/python3.10/dist-packages/ad_msgs/msg/_polyfit_lane_data_array.py\n'}
[0.351099] (ad_msgs) StdoutLine: {'line': b'-- Up-to-date symlink: /home/joon/automotive_software_final/install/ad_msgs/local/lib/python3.10/dist-packages/ad_msgs/msg/_polyfit_lane_data_array_s.c\n'}
[0.351170] (ad_msgs) StdoutLine: {'line': b'-- Up-to-date symlink: /home/joon/automotive_software_final/install/ad_msgs/local/lib/python3.10/dist-packages/ad_msgs/msg/_polyfit_lane_data_s.c\n'}
[0.351215] (ad_msgs) StdoutLine: {'line': b'-- Up-to-date symlink: /home/joon/automotive_software_final/install/ad_msgs/local/lib/python3.10/dist-packages/ad_msgs/msg/_vehicle_command.py\n'}
[0.351243] (ad_msgs) StdoutLine: {'line': b'-- Up-to-date symlink: /home/joon/automotive_software_final/install/ad_msgs/local/lib/python3.10/dist-packages/ad_msgs/msg/_vehicle_command_s.c\n'}
[0.351312] (ad_msgs) StdoutLine: {'line': b'-- Up-to-date symlink: /home/joon/automotive_software_final/install/ad_msgs/local/lib/python3.10/dist-packages/ad_msgs/msg/_vehicle_state.py\n'}
[0.351356] (ad_msgs) StdoutLine: {'line': b'-- Up-to-date symlink: /home/joon/automotive_software_final/install/ad_msgs/local/lib/python3.10/dist-packages/ad_msgs/msg/_vehicle_state_s.c\n'}
[0.351392] (ad_msgs) StdoutLine: {'line': b'-- Up-to-date symlink: /home/joon/automotive_software_final/install/ad_msgs/local/lib/python3.10/dist-packages/ad_msgs/ad_msgs_s__rosidl_typesupport_fastrtps_c.cpython-310-x86_64-linux-gnu.so\n'}
[0.351421] (ad_msgs) StdoutLine: {'line': b'-- Up-to-date symlink: /home/joon/automotive_software_final/install/ad_msgs/local/lib/python3.10/dist-packages/ad_msgs/ad_msgs_s__rosidl_typesupport_introspection_c.cpython-310-x86_64-linux-gnu.so\n'}
[0.351447] (ad_msgs) StdoutLine: {'line': b'-- Up-to-date symlink: /home/joon/automotive_software_final/install/ad_msgs/local/lib/python3.10/dist-packages/ad_msgs/ad_msgs_s__rosidl_typesupport_c.cpython-310-x86_64-linux-gnu.so\n'}
[0.351474] (ad_msgs) StdoutLine: {'line': b'-- Up-to-date symlink: /home/joon/automotive_software_final/install/ad_msgs/share/ad_msgs/msg/VehicleState.idl\n'}
[0.351500] (ad_msgs) StdoutLine: {'line': b'-- Up-to-date symlink: /home/joon/automotive_software_final/install/ad_msgs/share/ad_msgs/msg/VehicleCommand.idl\n'}
[0.351526] (ad_msgs) StdoutLine: {'line': b'-- Up-to-date symlink: /home/joon/automotive_software_final/install/ad_msgs/share/ad_msgs/msg/Mission.idl\n'}
[0.351551] (ad_msgs) StdoutLine: {'line': b'-- Up-to-date symlink: /home/joon/automotive_software_final/install/ad_msgs/share/ad_msgs/msg/MissionObject.idl\n'}
[0.351577] (ad_msgs) StdoutLine: {'line': b'-- Up-to-date symlink: /home/joon/automotive_software_final/install/ad_msgs/share/ad_msgs/msg/MissionRegion.idl\n'}
[0.351601] (ad_msgs) StdoutLine: {'line': b'-- Up-to-date symlink: /home/joon/automotive_software_final/install/ad_msgs/share/ad_msgs/msg/MissionDisplay.idl\n'}
[0.351625] (ad_msgs) StdoutLine: {'line': b'-- Up-to-date symlink: /home/joon/automotive_software_final/install/ad_msgs/share/ad_msgs/msg/PolyfitLaneData.idl\n'}
[0.351649] (ad_msgs) StdoutLine: {'line': b'-- Up-to-date symlink: /home/joon/automotive_software_final/install/ad_msgs/share/ad_msgs/msg/LanePointData.idl\n'}
[0.351673] (ad_msgs) StdoutLine: {'line': b'-- Up-to-date symlink: /home/joon/automotive_software_final/install/ad_msgs/share/ad_msgs/msg/LanePointDataArray.idl\n'}
[0.351696] (ad_msgs) StdoutLine: {'line': b'-- Up-to-date symlink: /home/joon/automotive_software_final/install/ad_msgs/share/ad_msgs/msg/PolyfitLaneDataArray.idl\n'}
[0.351720] (ad_msgs) StdoutLine: {'line': b'-- Up-to-date symlink: /home/joon/automotive_software_final/install/ad_msgs/share/ad_msgs/msg/VehicleState.msg\n'}
[0.351745] (ad_msgs) StdoutLine: {'line': b'-- Up-to-date symlink: /home/joon/automotive_software_final/install/ad_msgs/share/ad_msgs/msg/VehicleCommand.msg\n'}
[0.351772] (ad_msgs) StdoutLine: {'line': b'-- Up-to-date symlink: /home/joon/automotive_software_final/install/ad_msgs/share/ad_msgs/msg/Mission.msg\n'}
[0.351799] (ad_msgs) StdoutLine: {'line': b'-- Up-to-date symlink: /home/joon/automotive_software_final/install/ad_msgs/share/ad_msgs/msg/MissionObject.msg\n'}
[0.351824] (ad_msgs) StdoutLine: {'line': b'-- Up-to-date symlink: /home/joon/automotive_software_final/install/ad_msgs/share/ad_msgs/msg/MissionRegion.msg\n'}
[0.351854] (ad_msgs) StdoutLine: {'line': b'-- Up-to-date symlink: /home/joon/automotive_software_final/install/ad_msgs/share/ad_msgs/msg/MissionDisplay.msg\n'}
[0.351879] (ad_msgs) StdoutLine: {'line': b'-- Up-to-date symlink: /home/joon/automotive_software_final/install/ad_msgs/share/ad_msgs/msg/PolyfitLaneData.msg\n'}
[0.351904] (ad_msgs) StdoutLine: {'line': b'-- Up-to-date symlink: /home/joon/automotive_software_final/install/ad_msgs/share/ad_msgs/msg/LanePointData.msg\n'}
[0.351927] (ad_msgs) StdoutLine: {'line': b'-- Up-to-date symlink: /home/joon/automotive_software_final/install/ad_msgs/share/ad_msgs/msg/LanePointDataArray.msg\n'}
[0.351950] (ad_msgs) StdoutLine: {'line': b'-- Up-to-date symlink: /home/joon/automotive_software_final/install/ad_msgs/share/ad_msgs/msg/PolyfitLaneDataArray.msg\n'}
[0.351973] (ad_msgs) StdoutLine: {'line': b'-- Up-to-date symlink: /home/joon/automotive_software_final/install/ad_msgs/share/ament_index/resource_index/package_run_dependencies/ad_msgs\n'}
[0.351997] (ad_msgs) StdoutLine: {'line': b'-- Up-to-date symlink: /home/joon/automotive_software_final/install/ad_msgs/share/ament_index/resource_index/parent_prefix_path/ad_msgs\n'}
[0.352058] (ad_msgs) StdoutLine: {'line': b'-- Up-to-date symlink: /home/joon/automotive_software_final/install/ad_msgs/share/ad_msgs/environment/ament_prefix_path.sh\n'}
[0.352202] (ad_msgs) StdoutLine: {'line': b'-- Up-to-date symlink: /home/joon/automotive_software_final/install/ad_msgs/share/ad_msgs/environment/ament_prefix_path.dsv\n'}
[0.352239] (ad_msgs) StdoutLine: {'line': b'-- Up-to-date symlink: /home/joon/automotive_software_final/install/ad_msgs/share/ad_msgs/environment/path.sh\n'}
[0.352270] (ad_msgs) StdoutLine: {'line': b'-- Up-to-date symlink: /home/joon/automotive_software_final/install/ad_msgs/share/ad_msgs/environment/path.dsv\n'}
[0.352300] (ad_msgs) StdoutLine: {'line': b'-- Up-to-date symlink: /home/joon/automotive_software_final/install/ad_msgs/share/ad_msgs/local_setup.bash\n'}
[0.352334] (ad_msgs) StdoutLine: {'line': b'-- Up-to-date symlink: /home/joon/automotive_software_final/install/ad_msgs/share/ad_msgs/local_setup.sh\n'}
[0.352362] (ad_msgs) StdoutLine: {'line': b'-- Up-to-date symlink: /home/joon/automotive_software_final/install/ad_msgs/share/ad_msgs/local_setup.zsh\n'}
[0.352389] (ad_msgs) StdoutLine: {'line': b'-- Up-to-date symlink: /home/joon/automotive_software_final/install/ad_msgs/share/ad_msgs/local_setup.dsv\n'}
[0.352415] (ad_msgs) StdoutLine: {'line': b'-- Symlinking: /home/joon/automotive_software_final/install/ad_msgs/share/ad_msgs/package.dsv\n'}
[0.357141] (ad_msgs) StdoutLine: {'line': b'-- Up-to-date symlink: /home/joon/automotive_software_final/install/ad_msgs/share/ament_index/resource_index/packages/ad_msgs\n'}
[0.357637] (ad_msgs) StdoutLine: {'line': b'-- Up-to-date symlink: /home/joon/automotive_software_final/install/ad_msgs/share/ad_msgs/cmake/rosidl_cmake-extras.cmake\n'}
[0.357779] (ad_msgs) StdoutLine: {'line': b'-- Up-to-date symlink: /home/joon/automotive_software_final/install/ad_msgs/share/ad_msgs/cmake/ament_cmake_export_dependencies-extras.cmake\n'}
[0.357996] (ad_msgs) StdoutLine: {'line': b'-- Up-to-date symlink: /home/joon/automotive_software_final/install/ad_msgs/share/ad_msgs/cmake/ament_cmake_export_include_directories-extras.cmake\n'}
[0.358145] (ad_msgs) StdoutLine: {'line': b'-- Up-to-date symlink: /home/joon/automotive_software_final/install/ad_msgs/share/ad_msgs/cmake/ament_cmake_export_libraries-extras.cmake\n'}
[0.358223] (ad_msgs) StdoutLine: {'line': b'-- Up-to-date symlink: /home/joon/automotive_software_final/install/ad_msgs/share/ad_msgs/cmake/ament_cmake_export_targets-extras.cmake\n'}
[0.358434] (ad_msgs) StdoutLine: {'line': b'-- Up-to-date symlink: /home/joon/automotive_software_final/install/ad_msgs/share/ad_msgs/cmake/rosidl_cmake_export_typesupport_targets-extras.cmake\n'}
[0.358637] (ad_msgs) StdoutLine: {'line': b'-- Up-to-date symlink: /home/joon/automotive_software_final/install/ad_msgs/share/ad_msgs/cmake/rosidl_cmake_export_typesupport_libraries-extras.cmake\n'}
[0.358833] (ad_msgs) StdoutLine: {'line': b'-- Up-to-date symlink: /home/joon/automotive_software_final/install/ad_msgs/share/ad_msgs/cmake/ad_msgsConfig.cmake\n'}
[0.359042] (ad_msgs) StdoutLine: {'line': b'-- Up-to-date symlink: /home/joon/automotive_software_final/install/ad_msgs/share/ad_msgs/cmake/ad_msgsConfig-version.cmake\n'}
[0.359315] (ad_msgs) StdoutLine: {'line': b'-- Up-to-date symlink: /home/joon/automotive_software_final/install/ad_msgs/share/ad_msgs/package.xml\n'}
[0.359437] (ad_msgs) StdoutLine: {'line': b'-- Up-to-date: /home/joon/automotive_software_final/install/ad_msgs/lib/libad_msgs__rosidl_generator_c.so\n'}
[0.359520] (ad_msgs) StdoutLine: {'line': b'-- Up-to-date: /home/joon/automotive_software_final/install/ad_msgs/lib/libad_msgs__rosidl_typesupport_fastrtps_c.so\n'}
[0.359599] (ad_msgs) StdoutLine: {'line': b'-- Up-to-date: /home/joon/automotive_software_final/install/ad_msgs/lib/libad_msgs__rosidl_typesupport_introspection_c.so\n'}
[0.359677] (ad_msgs) StdoutLine: {'line': b'-- Up-to-date: /home/joon/automotive_software_final/install/ad_msgs/lib/libad_msgs__rosidl_typesupport_c.so\n'}
[0.359756] (ad_msgs) StdoutLine: {'line': b'-- Up-to-date: /home/joon/automotive_software_final/install/ad_msgs/lib/libad_msgs__rosidl_typesupport_fastrtps_cpp.so\n'}
[0.359826] (ad_msgs) StdoutLine: {'line': b'-- Up-to-date: /home/joon/automotive_software_final/install/ad_msgs/lib/libad_msgs__rosidl_typesupport_introspection_cpp.so\n'}
[0.359896] (ad_msgs) StdoutLine: {'line': b'-- Up-to-date: /home/joon/automotive_software_final/install/ad_msgs/lib/libad_msgs__rosidl_typesupport_cpp.so\n'}
[0.381994] (ad_msgs) StdoutLine: {'line': b"Listing '/home/joon/automotive_software_final/install/ad_msgs/local/lib/python3.10/dist-packages/ad_msgs'...\n"}
[0.382274] (ad_msgs) StdoutLine: {'line': b"Listing '/home/joon/automotive_software_final/install/ad_msgs/local/lib/python3.10/dist-packages/ad_msgs/msg'...\n"}
[0.385277] (ad_msgs) StdoutLine: {'line': b'-- Up-to-date: /home/joon/automotive_software_final/install/ad_msgs/lib/libad_msgs__rosidl_generator_py.so\n'}
[0.385604] (ad_msgs) StdoutLine: {'line': b'-- Up-to-date: /home/joon/automotive_software_final/install/ad_msgs/share/ad_msgs/cmake/export_ad_msgs__rosidl_generator_cExport.cmake\n'}
[0.385858] (ad_msgs) StdoutLine: {'line': b'-- Up-to-date: /home/joon/automotive_software_final/install/ad_msgs/share/ad_msgs/cmake/export_ad_msgs__rosidl_generator_cExport-noconfig.cmake\n'}
[0.386058] (ad_msgs) StdoutLine: {'line': b'-- Up-to-date: /home/joon/automotive_software_final/install/ad_msgs/share/ad_msgs/cmake/export_ad_msgs__rosidl_typesupport_fastrtps_cExport.cmake\n'}
[0.386257] (ad_msgs) StdoutLine: {'line': b'-- Up-to-date: /home/joon/automotive_software_final/install/ad_msgs/share/ad_msgs/cmake/export_ad_msgs__rosidl_typesupport_fastrtps_cExport-noconfig.cmake\n'}
[0.386463] (ad_msgs) StdoutLine: {'line': b'-- Up-to-date: /home/joon/automotive_software_final/install/ad_msgs/share/ad_msgs/cmake/ad_msgs__rosidl_typesupport_introspection_cExport.cmake\n'}
[0.386875] (ad_msgs) StdoutLine: {'line': b'-- Up-to-date: /home/joon/automotive_software_final/install/ad_msgs/share/ad_msgs/cmake/ad_msgs__rosidl_typesupport_introspection_cExport-noconfig.cmake\n'}
[0.386973] (ad_msgs) StdoutLine: {'line': b'-- Up-to-date: /home/joon/automotive_software_final/install/ad_msgs/share/ad_msgs/cmake/ad_msgs__rosidl_typesupport_cExport.cmake\n'}
[0.387008] (ad_msgs) StdoutLine: {'line': b'-- Up-to-date: /home/joon/automotive_software_final/install/ad_msgs/share/ad_msgs/cmake/ad_msgs__rosidl_typesupport_cExport-noconfig.cmake\n'}
[0.387037] (ad_msgs) StdoutLine: {'line': b'-- Up-to-date: /home/joon/automotive_software_final/install/ad_msgs/share/ad_msgs/cmake/export_ad_msgs__rosidl_generator_cppExport.cmake\n'}
[0.387065] (ad_msgs) StdoutLine: {'line': b'-- Up-to-date: /home/joon/automotive_software_final/install/ad_msgs/share/ad_msgs/cmake/export_ad_msgs__rosidl_typesupport_fastrtps_cppExport.cmake\n'}
[0.387092] (ad_msgs) StdoutLine: {'line': b'-- Up-to-date: /home/joon/automotive_software_final/install/ad_msgs/share/ad_msgs/cmake/export_ad_msgs__rosidl_typesupport_fastrtps_cppExport-noconfig.cmake\n'}
[0.387118] (ad_msgs) StdoutLine: {'line': b'-- Up-to-date: /home/joon/automotive_software_final/install/ad_msgs/share/ad_msgs/cmake/ad_msgs__rosidl_typesupport_introspection_cppExport.cmake\n'}
[0.387145] (ad_msgs) StdoutLine: {'line': b'-- Up-to-date: /home/joon/automotive_software_final/install/ad_msgs/share/ad_msgs/cmake/ad_msgs__rosidl_typesupport_introspection_cppExport-noconfig.cmake\n'}
[0.387169] (ad_msgs) StdoutLine: {'line': b'-- Up-to-date: /home/joon/automotive_software_final/install/ad_msgs/share/ad_msgs/cmake/ad_msgs__rosidl_typesupport_cppExport.cmake\n'}
[0.387193] (ad_msgs) StdoutLine: {'line': b'-- Up-to-date: /home/joon/automotive_software_final/install/ad_msgs/share/ad_msgs/cmake/ad_msgs__rosidl_typesupport_cppExport-noconfig.cmake\n'}
[0.387217] (ad_msgs) StdoutLine: {'line': b'-- Up-to-date: /home/joon/automotive_software_final/install/ad_msgs/share/ad_msgs/cmake/export_ad_msgs__rosidl_generator_pyExport.cmake\n'}
[0.387241] (ad_msgs) StdoutLine: {'line': b'-- Up-to-date: /home/joon/automotive_software_final/install/ad_msgs/share/ad_msgs/cmake/export_ad_msgs__rosidl_generator_pyExport-noconfig.cmake\n'}
[0.388471] (ad_msgs) CommandEnded: {'returncode': 0}
[0.400141] (-) TimerEvent: {}
[0.405519] (ad_msgs) JobEnded: {'identifier': 'ad_msgs', 'rc': 0}
[0.406759] (autonomous_driving) JobStarted: {'identifier': 'autonomous_driving'}
[0.409303] (evaluation) JobStarted: {'identifier': 'evaluation'}
[0.412248] (mission_manager) JobStarted: {'identifier': 'mission_manager'}
[0.415537] (simulator) JobStarted: {'identifier': 'simulator'}
[0.452761] (evaluation) JobProgress: {'identifier': 'evaluation', 'progress': 'cmake'}
[0.453354] (evaluation) JobProgress: {'identifier': 'evaluation', 'progress': 'build'}
[0.453641] (evaluation) Command: {'cmd': ['/usr/bin/cmake', '--build', '/home/joon/automotive_software_final/build/evaluation', '--', '-j16', '-l16'], 'cwd': '/home/joon/automotive_software_final/build/evaluation', 'env': OrderedDict([('PYTHON_BASIC_REPL', '1'), ('LESSOPEN', '| /usr/bin/lesspipe %s'), ('USER', 'joon'), ('GIT_ASKPASS', '/home/joon/.vscode-server/bin/bf9252a2fb45be6893dd8870c0bf37e2e1766d61/extensions/git/dist/askpass.sh'), ('SHLVL', '1'), ('LD_LIBRARY_PATH', '/home/joon/automotive_software_final/install/ad_msgs/lib:/usr/lib/x86_64-linux-gnu/gazebo-11/plugins:/opt/ros/humble/opt/rviz_ogre_vendor/lib:/opt/ros/humble/lib/x86_64-linux-gnu:/opt/ros/humble/lib'), ('HOME', '/home/joon'), ('TERM_PROGRAM_VERSION', '1.106.3'), ('VSCODE_IPC_HOOK_CLI', '/run/user/1000/vscode-ipc-6b0baac3-5733-45f7-8cf4-686e9cd27a4c.sock'), ('ROS_PYTHON_VERSION', '3'), ('VSCODE_GIT_ASKPASS_MAIN', '/home/joon/.vscode-server/bin/bf9252a2fb45be6893dd8870c0bf37e2e1766d61/extensions/git/dist/askpass-main.js'), ('VSCODE_GIT_ASKPASS_NODE', '/home/joon/.vscode-server/bin/bf9252a2fb45be6893dd8870c0bf37e2e1766d61/node'), ('PYDEVD_DISABLE_FILE_VALIDATION', '1'), ('BUNDLED_DEBUGPY_PATH', '/home/joon/.vscode-server/extensions/ms-python.debugpy-2025.16.0-linux-x64/bundled/libs/debugpy'), ('VSCODE_PYTHON_AUTOACTIVATE_GUARD', '1'), ('DBUS_SESSION_BUS_ADDRESS', 'unix:path=/run/user/1000/bus'), ('COLORTERM', 'truecolor'), ('WSL_DISTRO_NAME', 'Ubuntu-22.04'), ('WAYLAND_DISPLAY', 'wayland-0'), ('COLCON_PREFIX_PATH', '/home/joon/automotive_software_final/install'), ('ROS_DISTRO', 'humble'), ('LOGNAME', 'joon'), ('NAME', 'Joon'), ('WSL_INTEROP', '/run/WSL/509_interop'), ('PULSE_SERVER', 'unix:/mnt/wslg/PulseServer'), ('_', '/usr/bin/colcon'), ('ROS_VERSION', '2'), ('CLAUDE_CODE_SSE_PORT', '14056'), ('TERM', 'xterm-256color'), ('ROS_LOCALHOST_ONLY', '0'), ('PATH', '/opt/ros/humble/bin:/usr/bin:/usr/bin:/home/joon/.vscode-server/data/User/globalStorage/github.copilot-chat/debugCommand:/home/joon/.vscode-server/data/User/globalStorage/github.copilot-chat/copilotCli:/home/joon/.vscode-server/bin/bf9252a2fb45be6893dd8870c0bf37e2e1766d61/bin/remote-cli:/home/joon/.local/bin:/usr/bin:/usr/bin:/usr/local/sbin:/usr/local/bin:/usr/sbin:/usr/bin:/sbin:/bin:/usr/games:/usr/local/games:/usr/lib/wsl/lib:/mnt/c/WINDOWS/system32:/mnt/c/WINDOWS:/mnt/c/WINDOWS/System32/Wbem:/mnt/c/WINDOWS/System32/WindowsPowerShell/v1.0/:/mnt/c/WINDOWS/System32/OpenSSH/:/mnt/c/Program Files/MATLAB/R2024b/bin:/mnt/c/Program Files/nodejs/:/mnt/c/Program Files/Git/cmd:/mnt/c/Users/ksyj0/AppData/Local/Programs/Python/Python312/Scripts/:/mnt/c/Users/ksyj0/AppData/Local/Programs/Python/Python312/:/mnt/c/Users/ksyj0/AppData/Local/Programs/Python/Launcher/:/mnt/c/Users/ksyj0/AppData/Local/Microsoft/WindowsApps:/mnt/c/Users/ksyj0/AppData/Local/Programs/Microsoft VS Code/bin:/mnt/c/Users/ksyj0/AppData/Roaming/npm:/mnt/c/Users/ksyj0/AppData/Local/SOOP:/mnt/c/Users/ksyj0/AppData/Local/Programs/Kiro/bin:/snap/bin:/home/joon/.vscode-server/extensions/ms-python.debugpy-2025.16.0-linux-x64/bundled/scripts/noConfigScripts'), ('XDG_RUNTIME_DIR', '/run/user/1000/'), ('DISPLAY', ':0'), ('VSCODE_DEBUGPY_ADAPTER_ENDPOINTS', '/home/joon/.vscode-server/extensions/ms-python.debugpy-2025.16.0-linux-x64/.noConfigDebugAdapterEndpoints/endpoint-5f6b0efddf9f6982.txt'), ('LANG', 'en_US.UTF-8'), ('PYTHONSTARTUP', '/home/joon/.vscode-server/data/User/workspaceStorage/6032d0949a26c1de4974618490f207f6-1/ms-python.python/pythonrc.py'), ('LS_COLORS', 'rs=0:di=01;34:ln=01;36:mh=00:pi=40;33:so=01;35:do=01;35:bd=40;33;01:cd=40;33;01:or=40;31;01:mi=00:su=37;41:sg=30;43:ca=30;41:tw=30;42:ow=34;42:st=37;44:ex=01;32:*.tar=01;31:*.tgz=01;31:*.arc=01;31:*.arj=01;31:*.taz=01;31:*.lha=01;31:*.lz4=01;31:*.lzh=01;31:*.lzma=01;31:*.tlz=01;31:*.txz=01;31:*.tzo=01;31:*.t7z=01;31:*.zip=01;31:*.z=01;31:*.dz=01;31:*.gz=01;31:*.lrz=01;31:*.lz=01;31:*.lzo=01;31:*.xz=01;31:*.zst=01;31:*.tzst=01;31:*.bz2=01;31:*.bz=01;31:*.tbz=01;31:*.tbz2=01;31:*.tz=01;31:*.deb=01;31:*.rpm=01;31:*.jar=01;31:*.war=01;31:*.ear=01;31:*.sar=01;31:*.rar=01;31:*.alz=01;31:*.ace=01;31:*.zoo=01;31:*.cpio=01;31:*.7z=01;31:*.rz=01;31:*.cab=01;31:*.wim=01;31:*.swm=01;31:*.dwm=01;31:*.esd=01;31:*.jpg=01;35:*.jpeg=01;35:*.mjpg=01;35:*.mjpeg=01;35:*.gif=01;35:*.bmp=01;35:*.pbm=01;35:*.pgm=01;35:*.ppm=01;35:*.tga=01;35:*.xbm=01;35:*.xpm=01;35:*.tif=01;35:*.tiff=01;35:*.png=01;35:*.svg=01;35:*.svgz=01;35:*.mng=01;35:*.pcx=01;35:*.mov=01;35:*.mpg=01;35:*.mpeg=01;35:*.m2v=01;35:*.mkv=01;35:*.webm=01;35:*.webp=01;35:*.ogm=01;35:*.mp4=01;35:*.m4v=01;35:*.mp4v=01;35:*.vob=01;35:*.qt=01;35:*.nuv=01;35:*.wmv=01;35:*.asf=01;35:*.rm=01;35:*.rmvb=01;35:*.flc=01;35:*.avi=01;35:*.fli=01;35:*.flv=01;35:*.gl=01;35:*.dl=01;35:*.xcf=01;35:*.xwd=01;35:*.yuv=01;35:*.cgm=01;35:*.emf=01;35:*.ogv=01;35:*.ogx=01;35:*.aac=00;36:*.au=00;36:*.flac=00;36:*.m4a=00;36:*.mid=00;36:*.midi=00;36:*.mka=00;36:*.mp3=00;36:*.mpc=00;36:*.ogg=00;36:*.ra=00;36:*.wav=00;36:*.oga=00;36:*.opus=00;36:*.spx=00;36:*.xspf=00;36:'), ('VSCODE_GIT_IPC_HANDLE', '/run/user/1000/vscode-git-167d3a068c.sock'), ('TERM_PROGRAM', 'vscode'), ('AMENT_PREFIX_PATH', '/home/joon/automotive_software_final/install/simulator:/home/joon/automotive_software_final/install/mission_manager:/home/joon/automotive_software_final/install/evaluation:/home/joon/automotive_software_final/install/autonomous_driving:/home/joon/automotive_software_final/install/ad_msgs:/opt/ros/humble'), ('SHELL', '/bin/bash'), ('LESSCLOSE', '/usr/bin/lesspipe %s %s'), ('VSCODE_GIT_ASKPASS_EXTRA_ARGS', ''), ('PWD', '/home/joon/automotive_software_final/build/evaluation'), ('ENABLE_IDE_INTEGRATION', 'true'), ('XDG_DATA_DIRS', '/usr/local/share:/usr/share:/var/lib/snapd/desktop'), ('PYTHONPATH', '/home/joon/automotive_software_final/install/ad_msgs/local/lib/python3.10/dist-packages:/opt/ros/humble/lib/python3.10/site-packages:/opt/ros/humble/local/lib/python3.10/dist-packages'), ('COLCON', '1'), ('WSL2_GUI_APPS_ENABLED', '1'), ('HOSTTYPE', 'x86_64'), ('CMAKE_PREFIX_PATH', '/home/joon/automotive_software_final/install/ad_msgs:/home/joon/automotive_software_final/install/simulator:/home/joon/automotive_software_final/install/mission_manager:/home/joon/automotive_software_final/install/evaluation:/home/joon/automotive_software_final/install/autonomous_driving:/opt/ros/humble'), ('WSLENV', 'VSCODE_WSL_EXT_LOCATION/up')]), 'shell': False}
[0.457933] (autonomous_driving) JobProgress: {'identifier': 'autonomous_driving', 'progress': 'cmake'}
[0.458347] (autonomous_driving) JobProgress: {'identifier': 'autonomous_driving', 'progress': 'build'}
[0.458564] (autonomous_driving) Command: {'cmd': ['/usr/bin/cmake', '--build', '/home/joon/automotive_software_final/build/autonomous_driving', '--', '-j16', '-l16'], 'cwd': '/home/joon/automotive_software_final/build/autonomous_driving', 'env': OrderedDict([('PYTHON_BASIC_REPL', '1'), ('LESSOPEN', '| /usr/bin/lesspipe %s'), ('USER', 'joon'), ('GIT_ASKPASS', '/home/joon/.vscode-server/bin/bf9252a2fb45be6893dd8870c0bf37e2e1766d61/extensions/git/dist/askpass.sh'), ('SHLVL', '1'), ('LD_LIBRARY_PATH', '/home/joon/automotive_software_final/install/ad_msgs/lib:/usr/lib/x86_64-linux-gnu/gazebo-11/plugins:/opt/ros/humble/opt/rviz_ogre_vendor/lib:/opt/ros/humble/lib/x86_64-linux-gnu:/opt/ros/humble/lib'), ('HOME', '/home/joon'), ('TERM_PROGRAM_VERSION', '1.106.3'), ('VSCODE_IPC_HOOK_CLI', '/run/user/1000/vscode-ipc-6b0baac3-5733-45f7-8cf4-686e9cd27a4c.sock'), ('ROS_PYTHON_VERSION', '3'), ('VSCODE_GIT_ASKPASS_MAIN', '/home/joon/.vscode-server/bin/bf9252a2fb45be6893dd8870c0bf37e2e1766d61/extensions/git/dist/askpass-main.js'), ('VSCODE_GIT_ASKPASS_NODE', '/home/joon/.vscode-server/bin/bf9252a2fb45be6893dd8870c0bf37e2e1766d61/node'), ('PYDEVD_DISABLE_FILE_VALIDATION', '1'), ('BUNDLED_DEBUGPY_PATH', '/home/joon/.vscode-server/extensions/ms-python.debugpy-2025.16.0-linux-x64/bundled/libs/debugpy'), ('VSCODE_PYTHON_AUTOACTIVATE_GUARD', '1'), ('DBUS_SESSION_BUS_ADDRESS', 'unix:path=/run/user/1000/bus'), ('COLORTERM', 'truecolor'), ('WSL_DISTRO_NAME', 'Ubuntu-22.04'), ('WAYLAND_DISPLAY', 'wayland-0'), ('COLCON_PREFIX_PATH', '/home/joon/automotive_software_final/install'), ('ROS_DISTRO', 'humble'), ('LOGNAME', 'joon'), ('NAME', 'Joon'), ('WSL_INTEROP', '/run/WSL/509_interop'), ('PULSE_SERVER', 'unix:/mnt/wslg/PulseServer'), ('_', '/usr/bin/colcon'), ('ROS_VERSION', '2'), ('CLAUDE_CODE_SSE_PORT', '14056'), ('TERM', 'xterm-256color'), ('ROS_LOCALHOST_ONLY', '0'), ('PATH', '/opt/ros/humble/bin:/usr/bin:/usr/bin:/home/joon/.vscode-server/data/User/globalStorage/github.copilot-chat/debugCommand:/home/joon/.vscode-server/data/User/globalStorage/github.copilot-chat/copilotCli:/home/joon/.vscode-server/bin/bf9252a2fb45be6893dd8870c0bf37e2e1766d61/bin/remote-cli:/home/joon/.local/bin:/usr/bin:/usr/bin:/usr/local/sbin:/usr/local/bin:/usr/sbin:/usr/bin:/sbin:/bin:/usr/games:/usr/local/games:/usr/lib/wsl/lib:/mnt/c/WINDOWS/system32:/mnt/c/WINDOWS:/mnt/c/WINDOWS/System32/Wbem:/mnt/c/WINDOWS/System32/WindowsPowerShell/v1.0/:/mnt/c/WINDOWS/System32/OpenSSH/:/mnt/c/Program Files/MATLAB/R2024b/bin:/mnt/c/Program Files/nodejs/:/mnt/c/Program Files/Git/cmd:/mnt/c/Users/ksyj0/AppData/Local/Programs/Python/Python312/Scripts/:/mnt/c/Users/ksyj0/AppData/Local/Programs/Python/Python312/:/mnt/c/Users/ksyj0/AppData/Local/Programs/Python/Launcher/:/mnt/c/Users/ksyj0/AppData/Local/Microsoft/WindowsApps:/mnt/c/Users/ksyj0/AppData/Local/Programs/Microsoft VS Code/bin:/mnt/c/Users/ksyj0/AppData/Roaming/npm:/mnt/c/Users/ksyj0/AppData/Local/SOOP:/mnt/c/Users/ksyj0/AppData/Local/Programs/Kiro/bin:/snap/bin:/home/joon/.vscode-server/extensions/ms-python.debugpy-2025.16.0-linux-x64/bundled/scripts/noConfigScripts'), ('XDG_RUNTIME_DIR', '/run/user/1000/'), ('DISPLAY', ':0'), ('VSCODE_DEBUGPY_ADAPTER_ENDPOINTS', '/home/joon/.vscode-server/extensions/ms-python.debugpy-2025.16.0-linux-x64/.noConfigDebugAdapterEndpoints/endpoint-5f6b0efddf9f6982.txt'), ('LANG', 'en_US.UTF-8'), ('PYTHONSTARTUP', '/home/joon/.vscode-server/data/User/workspaceStorage/6032d0949a26c1de4974618490f207f6-1/ms-python.python/pythonrc.py'), ('LS_COLORS', 'rs=0:di=01;34:ln=01;36:mh=00:pi=40;33:so=01;35:do=01;35:bd=40;33;01:cd=40;33;01:or=40;31;01:mi=00:su=37;41:sg=30;43:ca=30;41:tw=30;42:ow=34;42:st=37;44:ex=01;32:*.tar=01;31:*.tgz=01;31:*.arc=01;31:*.arj=01;31:*.taz=01;31:*.lha=01;31:*.lz4=01;31:*.lzh=01;31:*.lzma=01;31:*.tlz=01;31:*.txz=01;31:*.tzo=01;31:*.t7z=01;31:*.zip=01;31:*.z=01;31:*.dz=01;31:*.gz=01;31:*.lrz=01;31:*.lz=01;31:*.lzo=01;31:*.xz=01;31:*.zst=01;31:*.tzst=01;31:*.bz2=01;31:*.bz=01;31:*.tbz=01;31:*.tbz2=01;31:*.tz=01;31:*.deb=01;31:*.rpm=01;31:*.jar=01;31:*.war=01;31:*.ear=01;31:*.sar=01;31:*.rar=01;31:*.alz=01;31:*.ace=01;31:*.zoo=01;31:*.cpio=01;31:*.7z=01;31:*.rz=01;31:*.cab=01;31:*.wim=01;31:*.swm=01;31:*.dwm=01;31:*.esd=01;31:*.jpg=01;35:*.jpeg=01;35:*.mjpg=01;35:*.mjpeg=01;35:*.gif=01;35:*.bmp=01;35:*.pbm=01;35:*.pgm=01;35:*.ppm=01;35:*.tga=01;35:*.xbm=01;35:*.xpm=01;35:*.tif=01;35:*.tiff=01;35:*.png=01;35:*.svg=01;35:*.svgz=01;35:*.mng=01;35:*.pcx=01;35:*.mov=01;35:*.mpg=01;35:*.mpeg=01;35:*.m2v=01;35:*.mkv=01;35:*.webm=01;35:*.webp=01;35:*.ogm=01;35:*.mp4=01;35:*.m4v=01;35:*.mp4v=01;35:*.vob=01;35:*.qt=01;35:*.nuv=01;35:*.wmv=01;35:*.asf=01;35:*.rm=01;35:*.rmvb=01;35:*.flc=01;35:*.avi=01;35:*.fli=01;35:*.flv=01;35:*.gl=01;35:*.dl=01;35:*.xcf=01;35:*.xwd=01;35:*.yuv=01;35:*.cgm=01;35:*.emf=01;35:*.ogv=01;35:*.ogx=01;35:*.aac=00;36:*.au=00;36:*.flac=00;36:*.m4a=00;36:*.mid=00;36:*.midi=00;36:*.mka=00;36:*.mp3=00;36:*.mpc=00;36:*.ogg=00;36:*.ra=00;36:*.wav=00;36:*.oga=00;36:*.opus=00;36:*.spx=00;36:*.xspf=00;36:'), ('VSCODE_GIT_IPC_HANDLE', '/run/user/1000/vscode-git-167d3a068c.sock'), ('TERM_PROGRAM', 'vscode'), ('AMENT_PREFIX_PATH', '/home/joon/automotive_software_final/install/simulator:/home/joon/automotive_software_final/install/mission_manager:/home/joon/automotive_software_final/install/evaluation:/home/joon/automotive_software_final/install/autonomous_driving:/home/joon/automotive_software_final/install/ad_msgs:/opt/ros/humble'), ('SHELL', '/bin/bash'), ('LESSCLOSE', '/usr/bin/lesspipe %s %s'), ('VSCODE_GIT_ASKPASS_EXTRA_ARGS', ''), ('PWD', '/home/joon/automotive_software_final/build/autonomous_driving'), ('ENABLE_IDE_INTEGRATION', 'true'), ('XDG_DATA_DIRS', '/usr/local/share:/usr/share:/var/lib/snapd/desktop'), ('PYTHONPATH', '/home/joon/automotive_software_final/install/ad_msgs/local/lib/python3.10/dist-packages:/opt/ros/humble/lib/python3.10/site-packages:/opt/ros/humble/local/lib/python3.10/dist-packages'), ('COLCON', '1'), ('WSL2_GUI_APPS_ENABLED', '1'), ('HOSTTYPE', 'x86_64'), ('CMAKE_PREFIX_PATH', '/home/joon/automotive_software_final/install/ad_msgs:/home/joon/automotive_software_final/install/simulator:/home/joon/automotive_software_final/install/mission_manager:/home/joon/automotive_software_final/install/evaluation:/home/joon/automotive_software_final/install/autonomous_driving:/opt/ros/humble'), ('WSLENV', 'VSCODE_WSL_EXT_LOCATION/up')]), 'shell': False}
[0.463437] (simulator) JobProgress: {'identifier': 'simulator', 'progress': 'cmake'}
[0.464703] (simulator) JobProgress: {'identifier': 'simulator', 'progress': 'build'}
[0.464770] (simulator) Command: {'cmd': ['/usr/bin/cmake', '--build', '/home/joon/automotive_software_final/build/simulator', '--', '-j16', '-l16'], 'cwd': '/home/joon/automotive_software_final/build/simulator', 'env': OrderedDict([('PYTHON_BASIC_REPL', '1'), ('LESSOPEN', '| /usr/bin/lesspipe %s'), ('USER', 'joon'), ('GIT_ASKPASS', '/home/joon/.vscode-server/bin/bf9252a2fb45be6893dd8870c0bf37e2e1766d61/extensions/git/dist/askpass.sh'), ('SHLVL', '1'), ('LD_LIBRARY_PATH', '/home/joon/automotive_software_final/install/ad_msgs/lib:/usr/lib/x86_64-linux-gnu/gazebo-11/plugins:/opt/ros/humble/opt/rviz_ogre_vendor/lib:/opt/ros/humble/lib/x86_64-linux-gnu:/opt/ros/humble/lib'), ('HOME', '/home/joon'), ('TERM_PROGRAM_VERSION', '1.106.3'), ('VSCODE_IPC_HOOK_CLI', '/run/user/1000/vscode-ipc-6b0baac3-5733-45f7-8cf4-686e9cd27a4c.sock'), ('ROS_PYTHON_VERSION', '3'), ('VSCODE_GIT_ASKPASS_MAIN', '/home/joon/.vscode-server/bin/bf9252a2fb45be6893dd8870c0bf37e2e1766d61/extensions/git/dist/askpass-main.js'), ('VSCODE_GIT_ASKPASS_NODE', '/home/joon/.vscode-server/bin/bf9252a2fb45be6893dd8870c0bf37e2e1766d61/node'), ('PYDEVD_DISABLE_FILE_VALIDATION', '1'), ('BUNDLED_DEBUGPY_PATH', '/home/joon/.vscode-server/extensions/ms-python.debugpy-2025.16.0-linux-x64/bundled/libs/debugpy'), ('VSCODE_PYTHON_AUTOACTIVATE_GUARD', '1'), ('DBUS_SESSION_BUS_ADDRESS', 'unix:path=/run/user/1000/bus'), ('COLORTERM', 'truecolor'), ('WSL_DISTRO_NAME', 'Ubuntu-22.04'), ('WAYLAND_DISPLAY', 'wayland-0'), ('COLCON_PREFIX_PATH', '/home/joon/automotive_software_final/install'), ('ROS_DISTRO', 'humble'), ('LOGNAME', 'joon'), ('NAME', 'Joon'), ('WSL_INTEROP', '/run/WSL/509_interop'), ('PULSE_SERVER', 'unix:/mnt/wslg/PulseServer'), ('_', '/usr/bin/colcon'), ('ROS_VERSION', '2'), ('CLAUDE_CODE_SSE_PORT', '14056'), ('TERM', 'xterm-256color'), ('ROS_LOCALHOST_ONLY', '0'), ('PATH', '/opt/ros/humble/bin:/usr/bin:/usr/bin:/home/joon/.vscode-server/data/User/globalStorage/github.copilot-chat/debugCommand:/home/joon/.vscode-server/data/User/globalStorage/github.copilot-chat/copilotCli:/home/joon/.vscode-server/bin/bf9252a2fb45be6893dd8870c0bf37e2e1766d61/bin/remote-cli:/home/joon/.local/bin:/usr/bin:/usr/bin:/usr/local/sbin:/usr/local/bin:/usr/sbin:/usr/bin:/sbin:/bin:/usr/games:/usr/local/games:/usr/lib/wsl/lib:/mnt/c/WINDOWS/system32:/mnt/c/WINDOWS:/mnt/c/WINDOWS/System32/Wbem:/mnt/c/WINDOWS/System32/WindowsPowerShell/v1.0/:/mnt/c/WINDOWS/System32/OpenSSH/:/mnt/c/Program Files/MATLAB/R2024b/bin:/mnt/c/Program Files/nodejs/:/mnt/c/Program Files/Git/cmd:/mnt/c/Users/ksyj0/AppData/Local/Programs/Python/Python312/Scripts/:/mnt/c/Users/ksyj0/AppData/Local/Programs/Python/Python312/:/mnt/c/Users/ksyj0/AppData/Local/Programs/Python/Launcher/:/mnt/c/Users/ksyj0/AppData/Local/Microsoft/WindowsApps:/mnt/c/Users/ksyj0/AppData/Local/Programs/Microsoft VS Code/bin:/mnt/c/Users/ksyj0/AppData/Roaming/npm:/mnt/c/Users/ksyj0/AppData/Local/SOOP:/mnt/c/Users/ksyj0/AppData/Local/Programs/Kiro/bin:/snap/bin:/home/joon/.vscode-server/extensions/ms-python.debugpy-2025.16.0-linux-x64/bundled/scripts/noConfigScripts'), ('XDG_RUNTIME_DIR', '/run/user/1000/'), ('DISPLAY', ':0'), ('VSCODE_DEBUGPY_ADAPTER_ENDPOINTS', '/home/joon/.vscode-server/extensions/ms-python.debugpy-2025.16.0-linux-x64/.noConfigDebugAdapterEndpoints/endpoint-5f6b0efddf9f6982.txt'), ('LANG', 'en_US.UTF-8'), ('PYTHONSTARTUP', '/home/joon/.vscode-server/data/User/workspaceStorage/6032d0949a26c1de4974618490f207f6-1/ms-python.python/pythonrc.py'), ('LS_COLORS', 'rs=0:di=01;34:ln=01;36:mh=00:pi=40;33:so=01;35:do=01;35:bd=40;33;01:cd=40;33;01:or=40;31;01:mi=00:su=37;41:sg=30;43:ca=30;41:tw=30;42:ow=34;42:st=37;44:ex=01;32:*.tar=01;31:*.tgz=01;31:*.arc=01;31:*.arj=01;31:*.taz=01;31:*.lha=01;31:*.lz4=01;31:*.lzh=01;31:*.lzma=01;31:*.tlz=01;31:*.txz=01;31:*.tzo=01;31:*.t7z=01;31:*.zip=01;31:*.z=01;31:*.dz=01;31:*.gz=01;31:*.lrz=01;31:*.lz=01;31:*.lzo=01;31:*.xz=01;31:*.zst=01;31:*.tzst=01;31:*.bz2=01;31:*.bz=01;31:*.tbz=01;31:*.tbz2=01;31:*.tz=01;31:*.deb=01;31:*.rpm=01;31:*.jar=01;31:*.war=01;31:*.ear=01;31:*.sar=01;31:*.rar=01;31:*.alz=01;31:*.ace=01;31:*.zoo=01;31:*.cpio=01;31:*.7z=01;31:*.rz=01;31:*.cab=01;31:*.wim=01;31:*.swm=01;31:*.dwm=01;31:*.esd=01;31:*.jpg=01;35:*.jpeg=01;35:*.mjpg=01;35:*.mjpeg=01;35:*.gif=01;35:*.bmp=01;35:*.pbm=01;35:*.pgm=01;35:*.ppm=01;35:*.tga=01;35:*.xbm=01;35:*.xpm=01;35:*.tif=01;35:*.tiff=01;35:*.png=01;35:*.svg=01;35:*.svgz=01;35:*.mng=01;35:*.pcx=01;35:*.mov=01;35:*.mpg=01;35:*.mpeg=01;35:*.m2v=01;35:*.mkv=01;35:*.webm=01;35:*.webp=01;35:*.ogm=01;35:*.mp4=01;35:*.m4v=01;35:*.mp4v=01;35:*.vob=01;35:*.qt=01;35:*.nuv=01;35:*.wmv=01;35:*.asf=01;35:*.rm=01;35:*.rmvb=01;35:*.flc=01;35:*.avi=01;35:*.fli=01;35:*.flv=01;35:*.gl=01;35:*.dl=01;35:*.xcf=01;35:*.xwd=01;35:*.yuv=01;35:*.cgm=01;35:*.emf=01;35:*.ogv=01;35:*.ogx=01;35:*.aac=00;36:*.au=00;36:*.flac=00;36:*.m4a=00;36:*.mid=00;36:*.midi=00;36:*.mka=00;36:*.mp3=00;36:*.mpc=00;36:*.ogg=00;36:*.ra=00;36:*.wav=00;36:*.oga=00;36:*.opus=00;36:*.spx=00;36:*.xspf=00;36:'), ('VSCODE_GIT_IPC_HANDLE', '/run/user/1000/vscode-git-167d3a068c.sock'), ('TERM_PROGRAM', 'vscode'), ('AMENT_PREFIX_PATH', '/home/joon/automotive_software_final/install/simulator:/home/joon/automotive_software_final/install/mission_manager:/home/joon/automotive_software_final/install/evaluation:/home/joon/automotive_software_final/install/autonomous_driving:/home/joon/automotive_software_final/install/ad_msgs:/opt/ros/humble'), ('SHELL', '/bin/bash'), ('LESSCLOSE', '/usr/bin/lesspipe %s %s'), ('VSCODE_GIT_ASKPASS_EXTRA_ARGS', ''), ('PWD', '/home/joon/automotive_software_final/build/simulator'), ('ENABLE_IDE_INTEGRATION', 'true'), ('XDG_DATA_DIRS', '/usr/local/share:/usr/share:/var/lib/snapd/desktop'), ('PYTHONPATH', '/home/joon/automotive_software_final/install/ad_msgs/local/lib/python3.10/dist-packages:/opt/ros/humble/lib/python3.10/site-packages:/opt/ros/humble/local/lib/python3.10/dist-packages'), ('COLCON', '1'), ('WSL2_GUI_APPS_ENABLED', '1'), ('HOSTTYPE', 'x86_64'), ('CMAKE_PREFIX_PATH', '/home/joon/automotive_software_final/install/ad_msgs:/home/joon/automotive_software_final/install/simulator:/home/joon/automotive_software_final/install/mission_manager:/home/joon/automotive_software_final/install/evaluation:/home/joon/automotive_software_final/install/autonomous_driving:/opt/ros/humble'), ('WSLENV', 'VSCODE_WSL_EXT_LOCATION/up')]), 'shell': False}
[0.466379] (mission_manager) JobProgress: {'identifier': 'mission_manager', 'progress': 'cmake'}
[0.467310] (mission_manager) JobProgress: {'identifier': 'mission_manager', 'progress': 'build'}
[0.467946] (mission_manager) Command: {'cmd': ['/usr/bin/cmake', '--build', '/home/joon/automotive_software_final/build/mission_manager', '--', '-j16', '-l16'], 'cwd': '/home/joon/automotive_software_final/build/mission_manager', 'env': OrderedDict([('PYTHON_BASIC_REPL', '1'), ('LESSOPEN', '| /usr/bin/lesspipe %s'), ('USER', 'joon'), ('GIT_ASKPASS', '/home/joon/.vscode-server/bin/bf9252a2fb45be6893dd8870c0bf37e2e1766d61/extensions/git/dist/askpass.sh'), ('SHLVL', '1'), ('LD_LIBRARY_PATH', '/home/joon/automotive_software_final/install/ad_msgs/lib:/usr/lib/x86_64-linux-gnu/gazebo-11/plugins:/opt/ros/humble/opt/rviz_ogre_vendor/lib:/opt/ros/humble/lib/x86_64-linux-gnu:/opt/ros/humble/lib'), ('HOME', '/home/joon'), ('TERM_PROGRAM_VERSION', '1.106.3'), ('VSCODE_IPC_HOOK_CLI', '/run/user/1000/vscode-ipc-6b0baac3-5733-45f7-8cf4-686e9cd27a4c.sock'), ('ROS_PYTHON_VERSION', '3'), ('VSCODE_GIT_ASKPASS_MAIN', '/home/joon/.vscode-server/bin/bf9252a2fb45be6893dd8870c0bf37e2e1766d61/extensions/git/dist/askpass-main.js'), ('VSCODE_GIT_ASKPASS_NODE', '/home/joon/.vscode-server/bin/bf9252a2fb45be6893dd8870c0bf37e2e1766d61/node'), ('PYDEVD_DISABLE_FILE_VALIDATION', '1'), ('BUNDLED_DEBUGPY_PATH', '/home/joon/.vscode-server/extensions/ms-python.debugpy-2025.16.0-linux-x64/bundled/libs/debugpy'), ('VSCODE_PYTHON_AUTOACTIVATE_GUARD', '1'), ('DBUS_SESSION_BUS_ADDRESS', 'unix:path=/run/user/1000/bus'), ('COLORTERM', 'truecolor'), ('WSL_DISTRO_NAME', 'Ubuntu-22.04'), ('WAYLAND_DISPLAY', 'wayland-0'), ('COLCON_PREFIX_PATH', '/home/joon/automotive_software_final/install'), ('ROS_DISTRO', 'humble'), ('LOGNAME', 'joon'), ('NAME', 'Joon'), ('WSL_INTEROP', '/run/WSL/509_interop'), ('PULSE_SERVER', 'unix:/mnt/wslg/PulseServer'), ('_', '/usr/bin/colcon'), ('ROS_VERSION', '2'), ('CLAUDE_CODE_SSE_PORT', '14056'), ('TERM', 'xterm-256color'), ('ROS_LOCALHOST_ONLY', '0'), ('PATH', '/opt/ros/humble/bin:/usr/bin:/usr/bin:/home/joon/.vscode-server/data/User/globalStorage/github.copilot-chat/debugCommand:/home/joon/.vscode-server/data/User/globalStorage/github.copilot-chat/copilotCli:/home/joon/.vscode-server/bin/bf9252a2fb45be6893dd8870c0bf37e2e1766d61/bin/remote-cli:/home/joon/.local/bin:/usr/bin:/usr/bin:/usr/local/sbin:/usr/local/bin:/usr/sbin:/usr/bin:/sbin:/bin:/usr/games:/usr/local/games:/usr/lib/wsl/lib:/mnt/c/WINDOWS/system32:/mnt/c/WINDOWS:/mnt/c/WINDOWS/System32/Wbem:/mnt/c/WINDOWS/System32/WindowsPowerShell/v1.0/:/mnt/c/WINDOWS/System32/OpenSSH/:/mnt/c/Program Files/MATLAB/R2024b/bin:/mnt/c/Program Files/nodejs/:/mnt/c/Program Files/Git/cmd:/mnt/c/Users/ksyj0/AppData/Local/Programs/Python/Python312/Scripts/:/mnt/c/Users/ksyj0/AppData/Local/Programs/Python/Python312/:/mnt/c/Users/ksyj0/AppData/Local/Programs/Python/Launcher/:/mnt/c/Users/ksyj0/AppData/Local/Microsoft/WindowsApps:/mnt/c/Users/ksyj0/AppData/Local/Programs/Microsoft VS Code/bin:/mnt/c/Users/ksyj0/AppData/Roaming/npm:/mnt/c/Users/ksyj0/AppData/Local/SOOP:/mnt/c/Users/ksyj0/AppData/Local/Programs/Kiro/bin:/snap/bin:/home/joon/.vscode-server/extensions/ms-python.debugpy-2025.16.0-linux-x64/bundled/scripts/noConfigScripts'), ('XDG_RUNTIME_DIR', '/run/user/1000/'), ('DISPLAY', ':0'), ('VSCODE_DEBUGPY_ADAPTER_ENDPOINTS', '/home/joon/.vscode-server/extensions/ms-python.debugpy-2025.16.0-linux-x64/.noConfigDebugAdapterEndpoints/endpoint-5f6b0efddf9f6982.txt'), ('LANG', 'en_US.UTF-8'), ('PYTHONSTARTUP', '/home/joon/.vscode-server/data/User/workspaceStorage/6032d0949a26c1de4974618490f207f6-1/ms-python.python/pythonrc.py'), ('LS_COLORS', 'rs=0:di=01;34:ln=01;36:mh=00:pi=40;33:so=01;35:do=01;35:bd=40;33;01:cd=40;33;01:or=40;31;01:mi=00:su=37;41:sg=30;43:ca=30;41:tw=30;42:ow=34;42:st=37;44:ex=01;32:*.tar=01;31:*.tgz=01;31:*.arc=01;31:*.arj=01;31:*.taz=01;31:*.lha=01;31:*.lz4=01;31:*.lzh=01;31:*.lzma=01;31:*.tlz=01;31:*.txz=01;31:*.tzo=01;31:*.t7z=01;31:*.zip=01;31:*.z=01;31:*.dz=01;31:*.gz=01;31:*.lrz=01;31:*.lz=01;31:*.lzo=01;31:*.xz=01;31:*.zst=01;31:*.tzst=01;31:*.bz2=01;31:*.bz=01;31:*.tbz=01;31:*.tbz2=01;31:*.tz=01;31:*.deb=01;31:*.rpm=01;31:*.jar=01;31:*.war=01;31:*.ear=01;31:*.sar=01;31:*.rar=01;31:*.alz=01;31:*.ace=01;31:*.zoo=01;31:*.cpio=01;31:*.7z=01;31:*.rz=01;31:*.cab=01;31:*.wim=01;31:*.swm=01;31:*.dwm=01;31:*.esd=01;31:*.jpg=01;35:*.jpeg=01;35:*.mjpg=01;35:*.mjpeg=01;35:*.gif=01;35:*.bmp=01;35:*.pbm=01;35:*.pgm=01;35:*.ppm=01;35:*.tga=01;35:*.xbm=01;35:*.xpm=01;35:*.tif=01;35:*.tiff=01;35:*.png=01;35:*.svg=01;35:*.svgz=01;35:*.mng=01;35:*.pcx=01;35:*.mov=01;35:*.mpg=01;35:*.mpeg=01;35:*.m2v=01;35:*.mkv=01;35:*.webm=01;35:*.webp=01;35:*.ogm=01;35:*.mp4=01;35:*.m4v=01;35:*.mp4v=01;35:*.vob=01;35:*.qt=01;35:*.nuv=01;35:*.wmv=01;35:*.asf=01;35:*.rm=01;35:*.rmvb=01;35:*.flc=01;35:*.avi=01;35:*.fli=01;35:*.flv=01;35:*.gl=01;35:*.dl=01;35:*.xcf=01;35:*.xwd=01;35:*.yuv=01;35:*.cgm=01;35:*.emf=01;35:*.ogv=01;35:*.ogx=01;35:*.aac=00;36:*.au=00;36:*.flac=00;36:*.m4a=00;36:*.mid=00;36:*.midi=00;36:*.mka=00;36:*.mp3=00;36:*.mpc=00;36:*.ogg=00;36:*.ra=00;36:*.wav=00;36:*.oga=00;36:*.opus=00;36:*.spx=00;36:*.xspf=00;36:'), ('VSCODE_GIT_IPC_HANDLE', '/run/user/1000/vscode-git-167d3a068c.sock'), ('TERM_PROGRAM', 'vscode'), ('AMENT_PREFIX_PATH', '/home/joon/automotive_software_final/install/simulator:/home/joon/automotive_software_final/install/mission_manager:/home/joon/automotive_software_final/install/evaluation:/home/joon/automotive_software_final/install/autonomous_driving:/home/joon/automotive_software_final/install/ad_msgs:/opt/ros/humble'), ('SHELL', '/bin/bash'), ('LESSCLOSE', '/usr/bin/lesspipe %s %s'), ('VSCODE_GIT_ASKPASS_EXTRA_ARGS', ''), ('PWD', '/home/joon/automotive_software_final/build/mission_manager'), ('ENABLE_IDE_INTEGRATION', 'true'), ('XDG_DATA_DIRS', '/usr/local/share:/usr/share:/var/lib/snapd/desktop'), ('PYTHONPATH', '/home/joon/automotive_software_final/install/ad_msgs/local/lib/python3.10/dist-packages:/opt/ros/humble/lib/python3.10/site-packages:/opt/ros/humble/local/lib/python3.10/dist-packages'), ('COLCON', '1'), ('WSL2_GUI_APPS_ENABLED', '1'), ('HOSTTYPE', 'x86_64'), ('CMAKE_PREFIX_PATH', '/home/joon/automotive_software_final/install/ad_msgs:/home/joon/automotive_software_final/install/simulator:/home/joon/automotive_software_final/install/mission_manager:/home/joon/automotive_software_final/install/evaluation:/home/joon/automotive_software_final/install/autonomous_driving:/opt/ros/humble'), ('WSLENV', 'VSCODE_WSL_EXT_LOCATION/up')]), 'shell': False}
[0.487774] (autonomous_driving) StdoutLine: {'line': b'\x1b[35m\x1b[1mConsolidate compiler generated dependencies of target autonomous_driving\x1b[0m\n'}
[0.499022] (evaluation) StdoutLine: {'line': b'[100%] Built target evaluation\n'}
[0.500293] (-) TimerEvent: {}
[0.507283] (simulator) StdoutLine: {'line': b'[ 28%] Built target vehicle\n'}
[0.508992] (autonomous_driving) StdoutLine: {'line': b'[ 33%] \x1b[32mBuilding CXX object CMakeFiles/autonomous_driving.dir/src/autonomous_driving_node.cpp.o\x1b[0m\n'}
[0.510260] (simulator) StdoutLine: {'line': b'[ 57%] Built target display\n'}
[0.511298] (autonomous_driving) StdoutLine: {'line': b'[ 66%] \x1b[32mBuilding CXX object CMakeFiles/autonomous_driving.dir/src/lane_processor.cpp.o\x1b[0m\n'}
[0.512671] (evaluation) CommandEnded: {'returncode': 0}
[0.515646] (evaluation) JobProgress: {'identifier': 'evaluation', 'progress': 'install'}
[0.515775] (simulator) StdoutLine: {'line': b'[100%] Built target lane_detection\n'}
[0.516817] (evaluation) Command: {'cmd': ['/usr/bin/cmake', '--install', '/home/joon/automotive_software_final/build/evaluation'], 'cwd': '/home/joon/automotive_software_final/build/evaluation', 'env': OrderedDict([('PYTHON_BASIC_REPL', '1'), ('LESSOPEN', '| /usr/bin/lesspipe %s'), ('USER', 'joon'), ('GIT_ASKPASS', '/home/joon/.vscode-server/bin/bf9252a2fb45be6893dd8870c0bf37e2e1766d61/extensions/git/dist/askpass.sh'), ('SHLVL', '1'), ('LD_LIBRARY_PATH', '/home/joon/automotive_software_final/install/ad_msgs/lib:/usr/lib/x86_64-linux-gnu/gazebo-11/plugins:/opt/ros/humble/opt/rviz_ogre_vendor/lib:/opt/ros/humble/lib/x86_64-linux-gnu:/opt/ros/humble/lib'), ('HOME', '/home/joon'), ('TERM_PROGRAM_VERSION', '1.106.3'), ('VSCODE_IPC_HOOK_CLI', '/run/user/1000/vscode-ipc-6b0baac3-5733-45f7-8cf4-686e9cd27a4c.sock'), ('ROS_PYTHON_VERSION', '3'), ('VSCODE_GIT_ASKPASS_MAIN', '/home/joon/.vscode-server/bin/bf9252a2fb45be6893dd8870c0bf37e2e1766d61/extensions/git/dist/askpass-main.js'), ('VSCODE_GIT_ASKPASS_NODE', '/home/joon/.vscode-server/bin/bf9252a2fb45be6893dd8870c0bf37e2e1766d61/node'), ('PYDEVD_DISABLE_FILE_VALIDATION', '1'), ('BUNDLED_DEBUGPY_PATH', '/home/joon/.vscode-server/extensions/ms-python.debugpy-2025.16.0-linux-x64/bundled/libs/debugpy'), ('VSCODE_PYTHON_AUTOACTIVATE_GUARD', '1'), ('DBUS_SESSION_BUS_ADDRESS', 'unix:path=/run/user/1000/bus'), ('COLORTERM', 'truecolor'), ('WSL_DISTRO_NAME', 'Ubuntu-22.04'), ('WAYLAND_DISPLAY', 'wayland-0'), ('COLCON_PREFIX_PATH', '/home/joon/automotive_software_final/install'), ('ROS_DISTRO', 'humble'), ('LOGNAME', 'joon'), ('NAME', 'Joon'), ('WSL_INTEROP', '/run/WSL/509_interop'), ('PULSE_SERVER', 'unix:/mnt/wslg/PulseServer'), ('_', '/usr/bin/colcon'), ('ROS_VERSION', '2'), ('CLAUDE_CODE_SSE_PORT', '14056'), ('TERM', 'xterm-256color'), ('ROS_LOCALHOST_ONLY', '0'), ('PATH', '/opt/ros/humble/bin:/usr/bin:/usr/bin:/home/joon/.vscode-server/data/User/globalStorage/github.copilot-chat/debugCommand:/home/joon/.vscode-server/data/User/globalStorage/github.copilot-chat/copilotCli:/home/joon/.vscode-server/bin/bf9252a2fb45be6893dd8870c0bf37e2e1766d61/bin/remote-cli:/home/joon/.local/bin:/usr/bin:/usr/bin:/usr/local/sbin:/usr/local/bin:/usr/sbin:/usr/bin:/sbin:/bin:/usr/games:/usr/local/games:/usr/lib/wsl/lib:/mnt/c/WINDOWS/system32:/mnt/c/WINDOWS:/mnt/c/WINDOWS/System32/Wbem:/mnt/c/WINDOWS/System32/WindowsPowerShell/v1.0/:/mnt/c/WINDOWS/System32/OpenSSH/:/mnt/c/Program Files/MATLAB/R2024b/bin:/mnt/c/Program Files/nodejs/:/mnt/c/Program Files/Git/cmd:/mnt/c/Users/ksyj0/AppData/Local/Programs/Python/Python312/Scripts/:/mnt/c/Users/ksyj0/AppData/Local/Programs/Python/Python312/:/mnt/c/Users/ksyj0/AppData/Local/Programs/Python/Launcher/:/mnt/c/Users/ksyj0/AppData/Local/Microsoft/WindowsApps:/mnt/c/Users/ksyj0/AppData/Local/Programs/Microsoft VS Code/bin:/mnt/c/Users/ksyj0/AppData/Roaming/npm:/mnt/c/Users/ksyj0/AppData/Local/SOOP:/mnt/c/Users/ksyj0/AppData/Local/Programs/Kiro/bin:/snap/bin:/home/joon/.vscode-server/extensions/ms-python.debugpy-2025.16.0-linux-x64/bundled/scripts/noConfigScripts'), ('XDG_RUNTIME_DIR', '/run/user/1000/'), ('DISPLAY', ':0'), ('VSCODE_DEBUGPY_ADAPTER_ENDPOINTS', '/home/joon/.vscode-server/extensions/ms-python.debugpy-2025.16.0-linux-x64/.noConfigDebugAdapterEndpoints/endpoint-5f6b0efddf9f6982.txt'), ('LANG', 'en_US.UTF-8'), ('PYTHONSTARTUP', '/home/joon/.vscode-server/data/User/workspaceStorage/6032d0949a26c1de4974618490f207f6-1/ms-python.python/pythonrc.py'), ('LS_COLORS', 'rs=0:di=01;34:ln=01;36:mh=00:pi=40;33:so=01;35:do=01;35:bd=40;33;01:cd=40;33;01:or=40;31;01:mi=00:su=37;41:sg=30;43:ca=30;41:tw=30;42:ow=34;42:st=37;44:ex=01;32:*.tar=01;31:*.tgz=01;31:*.arc=01;31:*.arj=01;31:*.taz=01;31:*.lha=01;31:*.lz4=01;31:*.lzh=01;31:*.lzma=01;31:*.tlz=01;31:*.txz=01;31:*.tzo=01;31:*.t7z=01;31:*.zip=01;31:*.z=01;31:*.dz=01;31:*.gz=01;31:*.lrz=01;31:*.lz=01;31:*.lzo=01;31:*.xz=01;31:*.zst=01;31:*.tzst=01;31:*.bz2=01;31:*.bz=01;31:*.tbz=01;31:*.tbz2=01;31:*.tz=01;31:*.deb=01;31:*.rpm=01;31:*.jar=01;31:*.war=01;31:*.ear=01;31:*.sar=01;31:*.rar=01;31:*.alz=01;31:*.ace=01;31:*.zoo=01;31:*.cpio=01;31:*.7z=01;31:*.rz=01;31:*.cab=01;31:*.wim=01;31:*.swm=01;31:*.dwm=01;31:*.esd=01;31:*.jpg=01;35:*.jpeg=01;35:*.mjpg=01;35:*.mjpeg=01;35:*.gif=01;35:*.bmp=01;35:*.pbm=01;35:*.pgm=01;35:*.ppm=01;35:*.tga=01;35:*.xbm=01;35:*.xpm=01;35:*.tif=01;35:*.tiff=01;35:*.png=01;35:*.svg=01;35:*.svgz=01;35:*.mng=01;35:*.pcx=01;35:*.mov=01;35:*.mpg=01;35:*.mpeg=01;35:*.m2v=01;35:*.mkv=01;35:*.webm=01;35:*.webp=01;35:*.ogm=01;35:*.mp4=01;35:*.m4v=01;35:*.mp4v=01;35:*.vob=01;35:*.qt=01;35:*.nuv=01;35:*.wmv=01;35:*.asf=01;35:*.rm=01;35:*.rmvb=01;35:*.flc=01;35:*.avi=01;35:*.fli=01;35:*.flv=01;35:*.gl=01;35:*.dl=01;35:*.xcf=01;35:*.xwd=01;35:*.yuv=01;35:*.cgm=01;35:*.emf=01;35:*.ogv=01;35:*.ogx=01;35:*.aac=00;36:*.au=00;36:*.flac=00;36:*.m4a=00;36:*.mid=00;36:*.midi=00;36:*.mka=00;36:*.mp3=00;36:*.mpc=00;36:*.ogg=00;36:*.ra=00;36:*.wav=00;36:*.oga=00;36:*.opus=00;36:*.spx=00;36:*.xspf=00;36:'), ('VSCODE_GIT_IPC_HANDLE', '/run/user/1000/vscode-git-167d3a068c.sock'), ('TERM_PROGRAM', 'vscode'), ('AMENT_PREFIX_PATH', '/home/joon/automotive_software_final/install/simulator:/home/joon/automotive_software_final/install/mission_manager:/home/joon/automotive_software_final/install/evaluation:/home/joon/automotive_software_final/install/autonomous_driving:/home/joon/automotive_software_final/install/ad_msgs:/opt/ros/humble'), ('SHELL', '/bin/bash'), ('LESSCLOSE', '/usr/bin/lesspipe %s %s'), ('VSCODE_GIT_ASKPASS_EXTRA_ARGS', ''), ('PWD', '/home/joon/automotive_software_final/build/evaluation'), ('ENABLE_IDE_INTEGRATION', 'true'), ('XDG_DATA_DIRS', '/usr/local/share:/usr/share:/var/lib/snapd/desktop'), ('PYTHONPATH', '/home/joon/automotive_software_final/install/ad_msgs/local/lib/python3.10/dist-packages:/opt/ros/humble/lib/python3.10/site-packages:/opt/ros/humble/local/lib/python3.10/dist-packages'), ('COLCON', '1'), ('WSL2_GUI_APPS_ENABLED', '1'), ('HOSTTYPE', 'x86_64'), ('CMAKE_PREFIX_PATH', '/home/joon/automotive_software_final/install/ad_msgs:/home/joon/automotive_software_final/install/simulator:/home/joon/automotive_software_final/install/mission_manager:/home/joon/automotive_software_final/install/evaluation:/home/joon/automotive_software_final/install/autonomous_driving:/opt/ros/humble'), ('WSLENV', 'VSCODE_WSL_EXT_LOCATION/up')]), 'shell': False}
[0.517868] (mission_manager) StdoutLine: {'line': b'[100%] Built target mission_manager\n'}
[0.520090] (evaluation) StdoutLine: {'line': b'-- Install configuration: ""\n'}
[0.520406] (evaluation) StdoutLine: {'line': b'-- Execute custom install script\n'}
[0.520593] (evaluation) StdoutLine: {'line': b'-- Up-to-date symlink: /home/joon/automotive_software_final/install/evaluation/lib/evaluation/evaluation\n'}
[0.521137] (evaluation) StdoutLine: {'line': b'-- Up-to-date symlink: /home/joon/automotive_software_final/install/evaluation/share/evaluation/launch/evaluation.launch.xml\n'}
[0.521908] (evaluation) StdoutLine: {'line': b'-- Up-to-date symlink: /home/joon/automotive_software_final/install/evaluation/share/evaluation/launch/evaluation.launch.xml:Zone.Identifier\n'}
[0.522080] (evaluation) StdoutLine: {'line': b'-- Up-to-date symlink: /home/joon/automotive_software_final/install/evaluation/share/ament_index/resource_index/package_run_dependencies/evaluation\n'}
[0.522174] (evaluation) StdoutLine: {'line': b'-- Up-to-date symlink: /home/joon/automotive_software_final/install/evaluation/share/ament_index/resource_index/parent_prefix_path/evaluation\n'}
[0.522729] (evaluation) StdoutLine: {'line': b'-- Up-to-date symlink: /home/joon/automotive_software_final/install/evaluation/share/evaluation/environment/ament_prefix_path.sh\n'}
[0.523392] (evaluation) StdoutLine: {'line': b'-- Up-to-date symlink: /home/joon/automotive_software_final/install/evaluation/share/evaluation/environment/ament_prefix_path.dsv\n'}
[0.523842] (evaluation) StdoutLine: {'line': b'-- Up-to-date symlink: /home/joon/automotive_software_final/install/evaluation/share/evaluation/environment/path.sh\n'}
[0.525038] (evaluation) StdoutLine: {'line': b'-- Up-to-date symlink: /home/joon/automotive_software_final/install/evaluation/share/evaluation/environment/path.dsv\n'}
[0.525579] (evaluation) StdoutLine: {'line': b'-- Up-to-date symlink: /home/joon/automotive_software_final/install/evaluation/share/evaluation/local_setup.bash\n'}
[0.525819] (evaluation) StdoutLine: {'line': b'-- Up-to-date symlink: /home/joon/automotive_software_final/install/evaluation/share/evaluation/local_setup.sh\n'}
[0.525895] (evaluation) StdoutLine: {'line': b'-- Up-to-date symlink: /home/joon/automotive_software_final/install/evaluation/share/evaluation/local_setup.zsh\n'}
[0.525948] (evaluation) StdoutLine: {'line': b'-- Up-to-date symlink: /home/joon/automotive_software_final/install/evaluation/share/evaluation/local_setup.dsv\n'}
[0.526020] (evaluation) StdoutLine: {'line': b'-- Symlinking: /home/joon/automotive_software_final/install/evaluation/share/evaluation/package.dsv\n'}
[0.526092] (simulator) CommandEnded: {'returncode': 0}
[0.526925] (simulator) JobProgress: {'identifier': 'simulator', 'progress': 'install'}
[0.527979] (simulator) Command: {'cmd': ['/usr/bin/cmake', '--install', '/home/joon/automotive_software_final/build/simulator'], 'cwd': '/home/joon/automotive_software_final/build/simulator', 'env': OrderedDict([('PYTHON_BASIC_REPL', '1'), ('LESSOPEN', '| /usr/bin/lesspipe %s'), ('USER', 'joon'), ('GIT_ASKPASS', '/home/joon/.vscode-server/bin/bf9252a2fb45be6893dd8870c0bf37e2e1766d61/extensions/git/dist/askpass.sh'), ('SHLVL', '1'), ('LD_LIBRARY_PATH', '/home/joon/automotive_software_final/install/ad_msgs/lib:/usr/lib/x86_64-linux-gnu/gazebo-11/plugins:/opt/ros/humble/opt/rviz_ogre_vendor/lib:/opt/ros/humble/lib/x86_64-linux-gnu:/opt/ros/humble/lib'), ('HOME', '/home/joon'), ('TERM_PROGRAM_VERSION', '1.106.3'), ('VSCODE_IPC_HOOK_CLI', '/run/user/1000/vscode-ipc-6b0baac3-5733-45f7-8cf4-686e9cd27a4c.sock'), ('ROS_PYTHON_VERSION', '3'), ('VSCODE_GIT_ASKPASS_MAIN', '/home/joon/.vscode-server/bin/bf9252a2fb45be6893dd8870c0bf37e2e1766d61/extensions/git/dist/askpass-main.js'), ('VSCODE_GIT_ASKPASS_NODE', '/home/joon/.vscode-server/bin/bf9252a2fb45be6893dd8870c0bf37e2e1766d61/node'), ('PYDEVD_DISABLE_FILE_VALIDATION', '1'), ('BUNDLED_DEBUGPY_PATH', '/home/joon/.vscode-server/extensions/ms-python.debugpy-2025.16.0-linux-x64/bundled/libs/debugpy'), ('VSCODE_PYTHON_AUTOACTIVATE_GUARD', '1'), ('DBUS_SESSION_BUS_ADDRESS', 'unix:path=/run/user/1000/bus'), ('COLORTERM', 'truecolor'), ('WSL_DISTRO_NAME', 'Ubuntu-22.04'), ('WAYLAND_DISPLAY', 'wayland-0'), ('COLCON_PREFIX_PATH', '/home/joon/automotive_software_final/install'), ('ROS_DISTRO', 'humble'), ('LOGNAME', 'joon'), ('NAME', 'Joon'), ('WSL_INTEROP', '/run/WSL/509_interop'), ('PULSE_SERVER', 'unix:/mnt/wslg/PulseServer'), ('_', '/usr/bin/colcon'), ('ROS_VERSION', '2'), ('CLAUDE_CODE_SSE_PORT', '14056'), ('TERM', 'xterm-256color'), ('ROS_LOCALHOST_ONLY', '0'), ('PATH', '/opt/ros/humble/bin:/usr/bin:/usr/bin:/home/joon/.vscode-server/data/User/globalStorage/github.copilot-chat/debugCommand:/home/joon/.vscode-server/data/User/globalStorage/github.copilot-chat/copilotCli:/home/joon/.vscode-server/bin/bf9252a2fb45be6893dd8870c0bf37e2e1766d61/bin/remote-cli:/home/joon/.local/bin:/usr/bin:/usr/bin:/usr/local/sbin:/usr/local/bin:/usr/sbin:/usr/bin:/sbin:/bin:/usr/games:/usr/local/games:/usr/lib/wsl/lib:/mnt/c/WINDOWS/system32:/mnt/c/WINDOWS:/mnt/c/WINDOWS/System32/Wbem:/mnt/c/WINDOWS/System32/WindowsPowerShell/v1.0/:/mnt/c/WINDOWS/System32/OpenSSH/:/mnt/c/Program Files/MATLAB/R2024b/bin:/mnt/c/Program Files/nodejs/:/mnt/c/Program Files/Git/cmd:/mnt/c/Users/ksyj0/AppData/Local/Programs/Python/Python312/Scripts/:/mnt/c/Users/ksyj0/AppData/Local/Programs/Python/Python312/:/mnt/c/Users/ksyj0/AppData/Local/Programs/Python/Launcher/:/mnt/c/Users/ksyj0/AppData/Local/Microsoft/WindowsApps:/mnt/c/Users/ksyj0/AppData/Local/Programs/Microsoft VS Code/bin:/mnt/c/Users/ksyj0/AppData/Roaming/npm:/mnt/c/Users/ksyj0/AppData/Local/SOOP:/mnt/c/Users/ksyj0/AppData/Local/Programs/Kiro/bin:/snap/bin:/home/joon/.vscode-server/extensions/ms-python.debugpy-2025.16.0-linux-x64/bundled/scripts/noConfigScripts'), ('XDG_RUNTIME_DIR', '/run/user/1000/'), ('DISPLAY', ':0'), ('VSCODE_DEBUGPY_ADAPTER_ENDPOINTS', '/home/joon/.vscode-server/extensions/ms-python.debugpy-2025.16.0-linux-x64/.noConfigDebugAdapterEndpoints/endpoint-5f6b0efddf9f6982.txt'), ('LANG', 'en_US.UTF-8'), ('PYTHONSTARTUP', '/home/joon/.vscode-server/data/User/workspaceStorage/6032d0949a26c1de4974618490f207f6-1/ms-python.python/pythonrc.py'), ('LS_COLORS', 'rs=0:di=01;34:ln=01;36:mh=00:pi=40;33:so=01;35:do=01;35:bd=40;33;01:cd=40;33;01:or=40;31;01:mi=00:su=37;41:sg=30;43:ca=30;41:tw=30;42:ow=34;42:st=37;44:ex=01;32:*.tar=01;31:*.tgz=01;31:*.arc=01;31:*.arj=01;31:*.taz=01;31:*.lha=01;31:*.lz4=01;31:*.lzh=01;31:*.lzma=01;31:*.tlz=01;31:*.txz=01;31:*.tzo=01;31:*.t7z=01;31:*.zip=01;31:*.z=01;31:*.dz=01;31:*.gz=01;31:*.lrz=01;31:*.lz=01;31:*.lzo=01;31:*.xz=01;31:*.zst=01;31:*.tzst=01;31:*.bz2=01;31:*.bz=01;31:*.tbz=01;31:*.tbz2=01;31:*.tz=01;31:*.deb=01;31:*.rpm=01;31:*.jar=01;31:*.war=01;31:*.ear=01;31:*.sar=01;31:*.rar=01;31:*.alz=01;31:*.ace=01;31:*.zoo=01;31:*.cpio=01;31:*.7z=01;31:*.rz=01;31:*.cab=01;31:*.wim=01;31:*.swm=01;31:*.dwm=01;31:*.esd=01;31:*.jpg=01;35:*.jpeg=01;35:*.mjpg=01;35:*.mjpeg=01;35:*.gif=01;35:*.bmp=01;35:*.pbm=01;35:*.pgm=01;35:*.ppm=01;35:*.tga=01;35:*.xbm=01;35:*.xpm=01;35:*.tif=01;35:*.tiff=01;35:*.png=01;35:*.svg=01;35:*.svgz=01;35:*.mng=01;35:*.pcx=01;35:*.mov=01;35:*.mpg=01;35:*.mpeg=01;35:*.m2v=01;35:*.mkv=01;35:*.webm=01;35:*.webp=01;35:*.ogm=01;35:*.mp4=01;35:*.m4v=01;35:*.mp4v=01;35:*.vob=01;35:*.qt=01;35:*.nuv=01;35:*.wmv=01;35:*.asf=01;35:*.rm=01;35:*.rmvb=01;35:*.flc=01;35:*.avi=01;35:*.fli=01;35:*.flv=01;35:*.gl=01;35:*.dl=01;35:*.xcf=01;35:*.xwd=01;35:*.yuv=01;35:*.cgm=01;35:*.emf=01;35:*.ogv=01;35:*.ogx=01;35:*.aac=00;36:*.au=00;36:*.flac=00;36:*.m4a=00;36:*.mid=00;36:*.midi=00;36:*.mka=00;36:*.mp3=00;36:*.mpc=00;36:*.ogg=00;36:*.ra=00;36:*.wav=00;36:*.oga=00;36:*.opus=00;36:*.spx=00;36:*.xspf=00;36:'), ('VSCODE_GIT_IPC_HANDLE', '/run/user/1000/vscode-git-167d3a068c.sock'), ('TERM_PROGRAM', 'vscode'), ('AMENT_PREFIX_PATH', '/home/joon/automotive_software_final/install/simulator:/home/joon/automotive_software_final/install/mission_manager:/home/joon/automotive_software_final/install/evaluation:/home/joon/automotive_software_final/install/autonomous_driving:/home/joon/automotive_software_final/install/ad_msgs:/opt/ros/humble'), ('SHELL', '/bin/bash'), ('LESSCLOSE', '/usr/bin/lesspipe %s %s'), ('VSCODE_GIT_ASKPASS_EXTRA_ARGS', ''), ('PWD', '/home/joon/automotive_software_final/build/simulator'), ('ENABLE_IDE_INTEGRATION', 'true'), ('XDG_DATA_DIRS', '/usr/local/share:/usr/share:/var/lib/snapd/desktop'), ('PYTHONPATH', '/home/joon/automotive_software_final/install/ad_msgs/local/lib/python3.10/dist-packages:/opt/ros/humble/lib/python3.10/site-packages:/opt/ros/humble/local/lib/python3.10/dist-packages'), ('COLCON', '1'), ('WSL2_GUI_APPS_ENABLED', '1'), ('HOSTTYPE', 'x86_64'), ('CMAKE_PREFIX_PATH', '/home/joon/automotive_software_final/install/ad_msgs:/home/joon/automotive_software_final/install/simulator:/home/joon/automotive_software_final/install/mission_manager:/home/joon/automotive_software_final/install/evaluation:/home/joon/automotive_software_final/install/autonomous_driving:/opt/ros/humble'), ('WSLENV', 'VSCODE_WSL_EXT_LOCATION/up')]), 'shell': False}
[0.531600] (mission_manager) CommandEnded: {'returncode': 0}
[0.532474] (evaluation) StdoutLine: {'line': b'-- Up-to-date symlink: /home/joon/automotive_software_final/install/evaluation/share/ament_index/resource_index/packages/evaluation\n'}
[0.532978] (evaluation) StdoutLine: {'line': b'-- Up-to-date symlink: /home/joon/automotive_software_final/install/evaluation/share/evaluation/cmake/evaluationConfig.cmake\n'}
[0.533342] (simulator) StdoutLine: {'line': b'-- Install configuration: ""\n'}
[0.533574] (simulator) StdoutLine: {'line': b'-- Execute custom install script\n'}
[0.534085] (simulator) StdoutLine: {'line': b'-- Up-to-date symlink: /home/joon/automotive_software_final/install/simulator/lib/simulator/vehicle\n'}
[0.535162] (simulator) StdoutLine: {'line': b'-- Up-to-date symlink: /home/joon/automotive_software_final/install/simulator/lib/simulator/lane_detection\n'}
[0.535486] (simulator) StdoutLine: {'line': b'-- Up-to-date symlink: /home/joon/automotive_software_final/install/simulator/lib/simulator/display\n'}
[0.537038] (evaluation) StdoutLine: {'line': b'-- Up-to-date symlink: /home/joon/automotive_software_final/install/evaluation/share/evaluation/cmake/evaluationConfig-version.cmake\n'}
[0.537410] (evaluation) StdoutLine: {'line': b'-- Up-to-date symlink: /home/joon/automotive_software_final/install/evaluation/share/evaluation/package.xml\n'}
[0.537634] (simulator) StdoutLine: {'line': b'-- Up-to-date symlink: /home/joon/automotive_software_final/install/simulator/share/simulator/launch/simulation.launch.xml\n'}
[0.537856] (simulator) StdoutLine: {'line': b'-- Up-to-date symlink: /home/joon/automotive_software_final/install/simulator/share/simulator/launch/simulation.launch.xml:Zone.Identifier\n'}
[0.538075] (simulator) StdoutLine: {'line': b'-- Up-to-date symlink: /home/joon/automotive_software_final/install/simulator/share/ament_index/resource_index/package_run_dependencies/simulator\n'}
[0.538323] (simulator) StdoutLine: {'line': b'-- Up-to-date symlink: /home/joon/automotive_software_final/install/simulator/share/ament_index/resource_index/parent_prefix_path/simulator\n'}
[0.540025] (simulator) StdoutLine: {'line': b'-- Up-to-date symlink: /home/joon/automotive_software_final/install/simulator/share/simulator/environment/ament_prefix_path.sh\n'}
[0.541330] (simulator) StdoutLine: {'line': b'-- Up-to-date symlink: /home/joon/automotive_software_final/install/simulator/share/simulator/environment/ament_prefix_path.dsv\n'}
[0.543091] (simulator) StdoutLine: {'line': b'-- Up-to-date symlink: /home/joon/automotive_software_final/install/simulator/share/simulator/environment/path.sh\n'}
[0.543432] (simulator) StdoutLine: {'line': b'-- Up-to-date symlink: /home/joon/automotive_software_final/install/simulator/share/simulator/environment/path.dsv\n'}
[0.543717] (simulator) StdoutLine: {'line': b'-- Up-to-date symlink: /home/joon/automotive_software_final/install/simulator/share/simulator/local_setup.bash\n'}
[0.544120] (mission_manager) JobProgress: {'identifier': 'mission_manager', 'progress': 'install'}
[0.544318] (simulator) StdoutLine: {'line': b'-- Up-to-date symlink: /home/joon/automotive_software_final/install/simulator/share/simulator/local_setup.sh\n'}
[0.544908] (mission_manager) Command: {'cmd': ['/usr/bin/cmake', '--install', '/home/joon/automotive_software_final/build/mission_manager'], 'cwd': '/home/joon/automotive_software_final/build/mission_manager', 'env': OrderedDict([('PYTHON_BASIC_REPL', '1'), ('LESSOPEN', '| /usr/bin/lesspipe %s'), ('USER', 'joon'), ('GIT_ASKPASS', '/home/joon/.vscode-server/bin/bf9252a2fb45be6893dd8870c0bf37e2e1766d61/extensions/git/dist/askpass.sh'), ('SHLVL', '1'), ('LD_LIBRARY_PATH', '/home/joon/automotive_software_final/install/ad_msgs/lib:/usr/lib/x86_64-linux-gnu/gazebo-11/plugins:/opt/ros/humble/opt/rviz_ogre_vendor/lib:/opt/ros/humble/lib/x86_64-linux-gnu:/opt/ros/humble/lib'), ('HOME', '/home/joon'), ('TERM_PROGRAM_VERSION', '1.106.3'), ('VSCODE_IPC_HOOK_CLI', '/run/user/1000/vscode-ipc-6b0baac3-5733-45f7-8cf4-686e9cd27a4c.sock'), ('ROS_PYTHON_VERSION', '3'), ('VSCODE_GIT_ASKPASS_MAIN', '/home/joon/.vscode-server/bin/bf9252a2fb45be6893dd8870c0bf37e2e1766d61/extensions/git/dist/askpass-main.js'), ('VSCODE_GIT_ASKPASS_NODE', '/home/joon/.vscode-server/bin/bf9252a2fb45be6893dd8870c0bf37e2e1766d61/node'), ('PYDEVD_DISABLE_FILE_VALIDATION', '1'), ('BUNDLED_DEBUGPY_PATH', '/home/joon/.vscode-server/extensions/ms-python.debugpy-2025.16.0-linux-x64/bundled/libs/debugpy'), ('VSCODE_PYTHON_AUTOACTIVATE_GUARD', '1'), ('DBUS_SESSION_BUS_ADDRESS', 'unix:path=/run/user/1000/bus'), ('COLORTERM', 'truecolor'), ('WSL_DISTRO_NAME', 'Ubuntu-22.04'), ('WAYLAND_DISPLAY', 'wayland-0'), ('COLCON_PREFIX_PATH', '/home/joon/automotive_software_final/install'), ('ROS_DISTRO', 'humble'), ('LOGNAME', 'joon'), ('NAME', 'Joon'), ('WSL_INTEROP', '/run/WSL/509_interop'), ('PULSE_SERVER', 'unix:/mnt/wslg/PulseServer'), ('_', '/usr/bin/colcon'), ('ROS_VERSION', '2'), ('CLAUDE_CODE_SSE_PORT', '14056'), ('TERM', 'xterm-256color'), ('ROS_LOCALHOST_ONLY', '0'), ('PATH', '/opt/ros/humble/bin:/usr/bin:/usr/bin:/home/joon/.vscode-server/data/User/globalStorage/github.copilot-chat/debugCommand:/home/joon/.vscode-server/data/User/globalStorage/github.copilot-chat/copilotCli:/home/joon/.vscode-server/bin/bf9252a2fb45be6893dd8870c0bf37e2e1766d61/bin/remote-cli:/home/joon/.local/bin:/usr/bin:/usr/bin:/usr/local/sbin:/usr/local/bin:/usr/sbin:/usr/bin:/sbin:/bin:/usr/games:/usr/local/games:/usr/lib/wsl/lib:/mnt/c/WINDOWS/system32:/mnt/c/WINDOWS:/mnt/c/WINDOWS/System32/Wbem:/mnt/c/WINDOWS/System32/WindowsPowerShell/v1.0/:/mnt/c/WINDOWS/System32/OpenSSH/:/mnt/c/Program Files/MATLAB/R2024b/bin:/mnt/c/Program Files/nodejs/:/mnt/c/Program Files/Git/cmd:/mnt/c/Users/ksyj0/AppData/Local/Programs/Python/Python312/Scripts/:/mnt/c/Users/ksyj0/AppData/Local/Programs/Python/Python312/:/mnt/c/Users/ksyj0/AppData/Local/Programs/Python/Launcher/:/mnt/c/Users/ksyj0/AppData/Local/Microsoft/WindowsApps:/mnt/c/Users/ksyj0/AppData/Local/Programs/Microsoft VS Code/bin:/mnt/c/Users/ksyj0/AppData/Roaming/npm:/mnt/c/Users/ksyj0/AppData/Local/SOOP:/mnt/c/Users/ksyj0/AppData/Local/Programs/Kiro/bin:/snap/bin:/home/joon/.vscode-server/extensions/ms-python.debugpy-2025.16.0-linux-x64/bundled/scripts/noConfigScripts'), ('XDG_RUNTIME_DIR', '/run/user/1000/'), ('DISPLAY', ':0'), ('VSCODE_DEBUGPY_ADAPTER_ENDPOINTS', '/home/joon/.vscode-server/extensions/ms-python.debugpy-2025.16.0-linux-x64/.noConfigDebugAdapterEndpoints/endpoint-5f6b0efddf9f6982.txt'), ('LANG', 'en_US.UTF-8'), ('PYTHONSTARTUP', '/home/joon/.vscode-server/data/User/workspaceStorage/6032d0949a26c1de4974618490f207f6-1/ms-python.python/pythonrc.py'), ('LS_COLORS', 'rs=0:di=01;34:ln=01;36:mh=00:pi=40;33:so=01;35:do=01;35:bd=40;33;01:cd=40;33;01:or=40;31;01:mi=00:su=37;41:sg=30;43:ca=30;41:tw=30;42:ow=34;42:st=37;44:ex=01;32:*.tar=01;31:*.tgz=01;31:*.arc=01;31:*.arj=01;31:*.taz=01;31:*.lha=01;31:*.lz4=01;31:*.lzh=01;31:*.lzma=01;31:*.tlz=01;31:*.txz=01;31:*.tzo=01;31:*.t7z=01;31:*.zip=01;31:*.z=01;31:*.dz=01;31:*.gz=01;31:*.lrz=01;31:*.lz=01;31:*.lzo=01;31:*.xz=01;31:*.zst=01;31:*.tzst=01;31:*.bz2=01;31:*.bz=01;31:*.tbz=01;31:*.tbz2=01;31:*.tz=01;31:*.deb=01;31:*.rpm=01;31:*.jar=01;31:*.war=01;31:*.ear=01;31:*.sar=01;31:*.rar=01;31:*.alz=01;31:*.ace=01;31:*.zoo=01;31:*.cpio=01;31:*.7z=01;31:*.rz=01;31:*.cab=01;31:*.wim=01;31:*.swm=01;31:*.dwm=01;31:*.esd=01;31:*.jpg=01;35:*.jpeg=01;35:*.mjpg=01;35:*.mjpeg=01;35:*.gif=01;35:*.bmp=01;35:*.pbm=01;35:*.pgm=01;35:*.ppm=01;35:*.tga=01;35:*.xbm=01;35:*.xpm=01;35:*.tif=01;35:*.tiff=01;35:*.png=01;35:*.svg=01;35:*.svgz=01;35:*.mng=01;35:*.pcx=01;35:*.mov=01;35:*.mpg=01;35:*.mpeg=01;35:*.m2v=01;35:*.mkv=01;35:*.webm=01;35:*.webp=01;35:*.ogm=01;35:*.mp4=01;35:*.m4v=01;35:*.mp4v=01;35:*.vob=01;35:*.qt=01;35:*.nuv=01;35:*.wmv=01;35:*.asf=01;35:*.rm=01;35:*.rmvb=01;35:*.flc=01;35:*.avi=01;35:*.fli=01;35:*.flv=01;35:*.gl=01;35:*.dl=01;35:*.xcf=01;35:*.xwd=01;35:*.yuv=01;35:*.cgm=01;35:*.emf=01;35:*.ogv=01;35:*.ogx=01;35:*.aac=00;36:*.au=00;36:*.flac=00;36:*.m4a=00;36:*.mid=00;36:*.midi=00;36:*.mka=00;36:*.mp3=00;36:*.mpc=00;36:*.ogg=00;36:*.ra=00;36:*.wav=00;36:*.oga=00;36:*.opus=00;36:*.spx=00;36:*.xspf=00;36:'), ('VSCODE_GIT_IPC_HANDLE', '/run/user/1000/vscode-git-167d3a068c.sock'), ('TERM_PROGRAM', 'vscode'), ('AMENT_PREFIX_PATH', '/home/joon/automotive_software_final/install/simulator:/home/joon/automotive_software_final/install/mission_manager:/home/joon/automotive_software_final/install/evaluation:/home/joon/automotive_software_final/install/autonomous_driving:/home/joon/automotive_software_final/install/ad_msgs:/opt/ros/humble'), ('SHELL', '/bin/bash'), ('LESSCLOSE', '/usr/bin/lesspipe %s %s'), ('VSCODE_GIT_ASKPASS_EXTRA_ARGS', ''), ('PWD', '/home/joon/automotive_software_final/build/mission_manager'), ('ENABLE_IDE_INTEGRATION', 'true'), ('XDG_DATA_DIRS', '/usr/local/share:/usr/share:/var/lib/snapd/desktop'), ('PYTHONPATH', '/home/joon/automotive_software_final/install/ad_msgs/local/lib/python3.10/dist-packages:/opt/ros/humble/lib/python3.10/site-packages:/opt/ros/humble/local/lib/python3.10/dist-packages'), ('COLCON', '1'), ('WSL2_GUI_APPS_ENABLED', '1'), ('HOSTTYPE', 'x86_64'), ('CMAKE_PREFIX_PATH', '/home/joon/automotive_software_final/install/ad_msgs:/home/joon/automotive_software_final/install/simulator:/home/joon/automotive_software_final/install/mission_manager:/home/joon/automotive_software_final/install/evaluation:/home/joon/automotive_software_final/install/autonomous_driving:/opt/ros/humble'), ('WSLENV', 'VSCODE_WSL_EXT_LOCATION/up')]), 'shell': False}
[0.545811] (simulator) StdoutLine: {'line': b'-- Up-to-date symlink: /home/joon/automotive_software_final/install/simulator/share/simulator/local_setup.zsh\n'}
[0.546061] (simulator) StdoutLine: {'line': b'-- Up-to-date symlink: /home/joon/automotive_software_final/install/simulator/share/simulator/local_setup.dsv\n'}
[0.546300] (simulator) StdoutLine: {'line': b'-- Symlinking: /home/joon/automotive_software_final/install/simulator/share/simulator/package.dsv\n'}
[0.546540] (evaluation) CommandEnded: {'returncode': 0}
[0.546781] (mission_manager) StdoutLine: {'line': b'-- Install configuration: ""\n'}
[0.546867] (mission_manager) StdoutLine: {'line': b'-- Execute custom install script\n'}
[0.546930] (mission_manager) StdoutLine: {'line': b'-- Up-to-date symlink: /home/joon/automotive_software_final/install/mission_manager/lib/mission_manager/mission_manager\n'}
[0.547003] (mission_manager) StdoutLine: {'line': b'-- Up-to-date symlink: /home/joon/automotive_software_final/install/mission_manager/share/mission_manager/launch/mission_manager.launch.xml\n'}
[0.547067] (simulator) StdoutLine: {'line': b'-- Up-to-date symlink: /home/joon/automotive_software_final/install/simulator/share/ament_index/resource_index/packages/simulator\n'}
[0.547143] (simulator) StdoutLine: {'line': b'-- Up-to-date symlink: /home/joon/automotive_software_final/install/simulator/share/simulator/cmake/simulatorConfig.cmake\n'}
[0.547370] (simulator) StdoutLine: {'line': b'-- Up-to-date symlink: /home/joon/automotive_software_final/install/simulator/share/simulator/cmake/simulatorConfig-version.cmake\n'}
[0.547507] (simulator) StdoutLine: {'line': b'-- Up-to-date symlink: /home/joon/automotive_software_final/install/simulator/share/simulator/package.xml\n'}
[0.547573] (mission_manager) StdoutLine: {'line': b'-- Up-to-date symlink: /home/joon/automotive_software_final/install/mission_manager/share/mission_manager/launch/mission_manager.launch.xml:Zone.Identifier\n'}
[0.547653] (mission_manager) StdoutLine: {'line': b'-- Up-to-date symlink: /home/joon/automotive_software_final/install/mission_manager/share/ament_index/resource_index/package_run_dependencies/mission_manager\n'}
[0.547954] (mission_manager) StdoutLine: {'line': b'-- Up-to-date symlink: /home/joon/automotive_software_final/install/mission_manager/share/ament_index/resource_index/parent_prefix_path/mission_manager\n'}
[0.548178] (mission_manager) StdoutLine: {'line': b'-- Up-to-date symlink: /home/joon/automotive_software_final/install/mission_manager/share/mission_manager/environment/ament_prefix_path.sh\n'}
[0.548393] (mission_manager) StdoutLine: {'line': b'-- Up-to-date symlink: /home/joon/automotive_software_final/install/mission_manager/share/mission_manager/environment/ament_prefix_path.dsv\n'}
[0.548612] (mission_manager) StdoutLine: {'line': b'-- Up-to-date symlink: /home/joon/automotive_software_final/install/mission_manager/share/mission_manager/environment/path.sh\n'}
[0.548832] (mission_manager) StdoutLine: {'line': b'-- Up-to-date symlink: /home/joon/automotive_software_final/install/mission_manager/share/mission_manager/environment/path.dsv\n'}
[0.549036] (mission_manager) StdoutLine: {'line': b'-- Up-to-date symlink: /home/joon/automotive_software_final/install/mission_manager/share/mission_manager/local_setup.bash\n'}
[0.549270] (mission_manager) StdoutLine: {'line': b'-- Up-to-date symlink: /home/joon/automotive_software_final/install/mission_manager/share/mission_manager/local_setup.sh\n'}
[0.549494] (mission_manager) StdoutLine: {'line': b'-- Up-to-date symlink: /home/joon/automotive_software_final/install/mission_manager/share/mission_manager/local_setup.zsh\n'}
[0.549905] (mission_manager) StdoutLine: {'line': b'-- Up-to-date symlink: /home/joon/automotive_software_final/install/mission_manager/share/mission_manager/local_setup.dsv\n'}
[0.550141] (mission_manager) StdoutLine: {'line': b'-- Symlinking: /home/joon/automotive_software_final/install/mission_manager/share/mission_manager/package.dsv\n'}
[0.553647] (mission_manager) StdoutLine: {'line': b'-- Up-to-date symlink: /home/joon/automotive_software_final/install/mission_manager/share/ament_index/resource_index/packages/mission_manager\n'}
[0.553970] (mission_manager) StdoutLine: {'line': b'-- Up-to-date symlink: /home/joon/automotive_software_final/install/mission_manager/share/mission_manager/cmake/mission_managerConfig.cmake\n'}
[0.554192] (mission_manager) StdoutLine: {'line': b'-- Up-to-date symlink: /home/joon/automotive_software_final/install/mission_manager/share/mission_manager/cmake/mission_managerConfig-version.cmake\n'}
[0.554405] (mission_manager) StdoutLine: {'line': b'-- Up-to-date symlink: /home/joon/automotive_software_final/install/mission_manager/share/mission_manager/package.xml\n'}
[0.564397] (evaluation) JobEnded: {'identifier': 'evaluation', 'rc': 0}
[0.566441] (simulator) CommandEnded: {'returncode': 0}
[0.578898] (simulator) JobEnded: {'identifier': 'simulator', 'rc': 0}
[0.579960] (mission_manager) CommandEnded: {'returncode': 0}
[0.590650] (mission_manager) JobEnded: {'identifier': 'mission_manager', 'rc': 0}
[0.600462] (-) TimerEvent: {}
[0.701107] (-) TimerEvent: {}
[0.801794] (-) TimerEvent: {}
[0.902469] (-) TimerEvent: {}
[1.002977] (-) TimerEvent: {}
[1.103608] (-) TimerEvent: {}
[1.204495] (-) TimerEvent: {}
[1.305387] (-) TimerEvent: {}
[1.406359] (-) TimerEvent: {}
[1.507358] (-) TimerEvent: {}
[1.608350] (-) TimerEvent: {}
[1.653140] (autonomous_driving) StderrLine: {'line': b'\x1b[01m\x1b[K/home/joon/automotive_software_final/src/app/autonomous_driving/src/lane_processor.cpp:\x1b[m\x1b[K In member function \xe2\x80\x98\x1b[01m\x1b[Kvoid lane_processor::LaneProcessor::GenerateLane1And4ByExtrapolation()\x1b[m\x1b[K\xe2\x80\x99:\n'}
[1.653447] (autonomous_driving) StderrLine: {'line': b'\x1b[01m\x1b[K/home/joon/automotive_software_final/src/app/autonomous_driving/src/lane_processor.cpp:688:29:\x1b[m\x1b[K \x1b[01;35m\x1b[Kwarning: \x1b[m\x1b[Kunused variable \xe2\x80\x98\x1b[01m\x1b[KLANE_WIDTH\x1b[m\x1b[K\xe2\x80\x99 [\x1b[01;35m\x1b[K\x1b]8;;https://gcc.gnu.org/onlinedocs/gcc/Warning-Options.html#index-Wunused-variable\x07-Wunused-variable\x1b]8;;\x07\x1b[m\x1b[K]\n'}
[1.653501] (autonomous_driving) StderrLine: {'line': b'  688 |     static constexpr double \x1b[01;35m\x1b[KLANE_WIDTH\x1b[m\x1b[K = 3.7;  // lane \xea\xb0\x84\xea\xb2\xa9\n'}
[1.653535] (autonomous_driving) StderrLine: {'line': b'      |                             \x1b[01;35m\x1b[K^~~~~~~~~~\x1b[m\x1b[K\n'}
[1.709148] (-) TimerEvent: {}
[1.812879] (-) TimerEvent: {}
[1.916668] (-) TimerEvent: {}
[2.020498] (-) TimerEvent: {}
[2.124184] (-) TimerEvent: {}
[2.227966] (-) TimerEvent: {}
[2.331767] (-) TimerEvent: {}
[2.432270] (-) TimerEvent: {}
[2.532873] (-) TimerEvent: {}
[2.633439] (-) TimerEvent: {}
[2.733958] (-) TimerEvent: {}
[2.834617] (-) TimerEvent: {}
[2.935112] (-) TimerEvent: {}
[3.035569] (-) TimerEvent: {}
[3.136032] (-) TimerEvent: {}
[3.236379] (-) TimerEvent: {}
[3.336724] (-) TimerEvent: {}
[3.437084] (-) TimerEvent: {}
[3.537427] (-) TimerEvent: {}
[3.637951] (-) TimerEvent: {}
[3.738399] (-) TimerEvent: {}
[3.838780] (-) TimerEvent: {}
[3.939118] (-) TimerEvent: {}
[4.039529] (-) TimerEvent: {}
[4.139890] (-) TimerEvent: {}
[4.240244] (-) TimerEvent: {}
[4.340692] (-) TimerEvent: {}
[4.441042] (-) TimerEvent: {}
[4.541359] (-) TimerEvent: {}
[4.641689] (-) TimerEvent: {}
[4.742048] (-) TimerEvent: {}
[4.842455] (-) TimerEvent: {}
[4.942879] (-) TimerEvent: {}
[5.043219] (-) TimerEvent: {}
[5.143572] (-) TimerEvent: {}
[5.243930] (-) TimerEvent: {}
[5.344302] (-) TimerEvent: {}
[5.444695] (-) TimerEvent: {}
[5.545064] (-) TimerEvent: {}
[5.645559] (-) TimerEvent: {}
[5.746080] (-) TimerEvent: {}
[5.846470] (-) TimerEvent: {}
[5.946959] (-) TimerEvent: {}
[6.047418] (-) TimerEvent: {}
[6.147799] (-) TimerEvent: {}
[6.248177] (-) TimerEvent: {}
[6.348604] (-) TimerEvent: {}
[6.448948] (-) TimerEvent: {}
[6.549313] (-) TimerEvent: {}
[6.649714] (-) TimerEvent: {}
[6.750078] (-) TimerEvent: {}
[6.850561] (-) TimerEvent: {}
[6.950978] (-) TimerEvent: {}
[7.051570] (-) TimerEvent: {}
[7.152104] (-) TimerEvent: {}
[7.252543] (-) TimerEvent: {}
[7.353043] (-) TimerEvent: {}
[7.453522] (-) TimerEvent: {}
[7.554086] (-) TimerEvent: {}
[7.654483] (-) TimerEvent: {}
[7.754959] (-) TimerEvent: {}
[7.855518] (-) TimerEvent: {}
[7.955980] (-) TimerEvent: {}
[8.056393] (-) TimerEvent: {}
[8.156761] (-) TimerEvent: {}
[8.257238] (-) TimerEvent: {}
[8.357642] (-) TimerEvent: {}
[8.458204] (-) TimerEvent: {}
[8.558779] (-) TimerEvent: {}
[8.659229] (-) TimerEvent: {}
[8.759651] (-) TimerEvent: {}
[8.860071] (-) TimerEvent: {}
[8.960667] (-) TimerEvent: {}
[9.061156] (-) TimerEvent: {}
[9.161813] (-) TimerEvent: {}
[9.263107] (-) TimerEvent: {}
[9.363604] (-) TimerEvent: {}
[9.464201] (-) TimerEvent: {}
[9.564559] (-) TimerEvent: {}
[9.665084] (-) TimerEvent: {}
[9.766292] (-) TimerEvent: {}
[9.867354] (-) TimerEvent: {}
[9.967855] (-) TimerEvent: {}
[10.068753] (-) TimerEvent: {}
[10.169321] (-) TimerEvent: {}
[10.270318] (-) TimerEvent: {}
[10.371474] (-) TimerEvent: {}
[10.472371] (-) TimerEvent: {}
[10.573662] (-) TimerEvent: {}
[10.674250] (-) TimerEvent: {}
[10.775413] (-) TimerEvent: {}
[10.876529] (-) TimerEvent: {}
[10.977038] (-) TimerEvent: {}
[11.077673] (-) TimerEvent: {}
[11.178447] (-) TimerEvent: {}
[11.279740] (-) TimerEvent: {}
[11.380515] (-) TimerEvent: {}
[11.481594] (-) TimerEvent: {}
[11.582554] (-) TimerEvent: {}
[11.683156] (-) TimerEvent: {}
[11.783784] (-) TimerEvent: {}
[11.884223] (-) TimerEvent: {}
[11.984754] (-) TimerEvent: {}
[12.085327] (-) TimerEvent: {}
[12.185865] (-) TimerEvent: {}
[12.286643] (-) TimerEvent: {}
[12.387190] (-) TimerEvent: {}
[12.487883] (-) TimerEvent: {}
[12.588476] (-) TimerEvent: {}
[12.688819] (-) TimerEvent: {}
[12.789306] (-) TimerEvent: {}
[12.889773] (-) TimerEvent: {}
[12.990224] (-) TimerEvent: {}
[13.090678] (-) TimerEvent: {}
[13.191133] (-) TimerEvent: {}
[13.291684] (-) TimerEvent: {}
[13.392256] (-) TimerEvent: {}
[13.492741] (-) TimerEvent: {}
[13.593192] (-) TimerEvent: {}
[13.693607] (-) TimerEvent: {}
[13.794054] (-) TimerEvent: {}
[13.894643] (-) TimerEvent: {}
[13.995380] (-) TimerEvent: {}
[14.096173] (-) TimerEvent: {}
[14.196550] (-) TimerEvent: {}
[14.297095] (-) TimerEvent: {}
[14.397537] (-) TimerEvent: {}
[14.497895] (-) TimerEvent: {}
[14.598334] (-) TimerEvent: {}
[14.698729] (-) TimerEvent: {}
[14.799093] (-) TimerEvent: {}
[14.899565] (-) TimerEvent: {}
[14.999915] (-) TimerEvent: {}
[15.100328] (-) TimerEvent: {}
[15.200778] (-) TimerEvent: {}
[15.301258] (-) TimerEvent: {}
[15.401875] (-) TimerEvent: {}
[15.502475] (-) TimerEvent: {}
[15.603353] (-) TimerEvent: {}
[15.684174] (autonomous_driving) StdoutLine: {'line': b'[100%] \x1b[32m\x1b[1mLinking CXX executable autonomous_driving\x1b[0m\n'}
[15.703611] (-) TimerEvent: {}
[15.803968] (-) TimerEvent: {}
[15.904489] (-) TimerEvent: {}
[16.004992] (-) TimerEvent: {}
[16.105325] (-) TimerEvent: {}
[16.205769] (-) TimerEvent: {}
[16.306258] (-) TimerEvent: {}
[16.406844] (-) TimerEvent: {}
[16.507341] (-) TimerEvent: {}
[16.607760] (-) TimerEvent: {}
[16.708149] (-) TimerEvent: {}
[16.803168] (autonomous_driving) StdoutLine: {'line': b'[100%] Built target autonomous_driving\n'}
[16.808273] (-) TimerEvent: {}
[16.816045] (autonomous_driving) CommandEnded: {'returncode': 0}
[16.817018] (autonomous_driving) JobProgress: {'identifier': 'autonomous_driving', 'progress': 'install'}
[16.817735] (autonomous_driving) Command: {'cmd': ['/usr/bin/cmake', '--install', '/home/joon/automotive_software_final/build/autonomous_driving'], 'cwd': '/home/joon/automotive_software_final/build/autonomous_driving', 'env': OrderedDict([('PYTHON_BASIC_REPL', '1'), ('LESSOPEN', '| /usr/bin/lesspipe %s'), ('USER', 'joon'), ('GIT_ASKPASS', '/home/joon/.vscode-server/bin/bf9252a2fb45be6893dd8870c0bf37e2e1766d61/extensions/git/dist/askpass.sh'), ('SHLVL', '1'), ('LD_LIBRARY_PATH', '/home/joon/automotive_software_final/install/ad_msgs/lib:/usr/lib/x86_64-linux-gnu/gazebo-11/plugins:/opt/ros/humble/opt/rviz_ogre_vendor/lib:/opt/ros/humble/lib/x86_64-linux-gnu:/opt/ros/humble/lib'), ('HOME', '/home/joon'), ('TERM_PROGRAM_VERSION', '1.106.3'), ('VSCODE_IPC_HOOK_CLI', '/run/user/1000/vscode-ipc-6b0baac3-5733-45f7-8cf4-686e9cd27a4c.sock'), ('ROS_PYTHON_VERSION', '3'), ('VSCODE_GIT_ASKPASS_MAIN', '/home/joon/.vscode-server/bin/bf9252a2fb45be6893dd8870c0bf37e2e1766d61/extensions/git/dist/askpass-main.js'), ('VSCODE_GIT_ASKPASS_NODE', '/home/joon/.vscode-server/bin/bf9252a2fb45be6893dd8870c0bf37e2e1766d61/node'), ('PYDEVD_DISABLE_FILE_VALIDATION', '1'), ('BUNDLED_DEBUGPY_PATH', '/home/joon/.vscode-server/extensions/ms-python.debugpy-2025.16.0-linux-x64/bundled/libs/debugpy'), ('VSCODE_PYTHON_AUTOACTIVATE_GUARD', '1'), ('DBUS_SESSION_BUS_ADDRESS', 'unix:path=/run/user/1000/bus'), ('COLORTERM', 'truecolor'), ('WSL_DISTRO_NAME', 'Ubuntu-22.04'), ('WAYLAND_DISPLAY', 'wayland-0'), ('COLCON_PREFIX_PATH', '/home/joon/automotive_software_final/install'), ('ROS_DISTRO', 'humble'), ('LOGNAME', 'joon'), ('NAME', 'Joon'), ('WSL_INTEROP', '/run/WSL/509_interop'), ('PULSE_SERVER', 'unix:/mnt/wslg/PulseServer'), ('_', '/usr/bin/colcon'), ('ROS_VERSION', '2'), ('CLAUDE_CODE_SSE_PORT', '14056'), ('TERM', 'xterm-256color'), ('ROS_LOCALHOST_ONLY', '0'), ('PATH', '/opt/ros/humble/bin:/usr/bin:/usr/bin:/home/joon/.vscode-server/data/User/globalStorage/github.copilot-chat/debugCommand:/home/joon/.vscode-server/data/User/globalStorage/github.copilot-chat/copilotCli:/home/joon/.vscode-server/bin/bf9252a2fb45be6893dd8870c0bf37e2e1766d61/bin/remote-cli:/home/joon/.local/bin:/usr/bin:/usr/bin:/usr/local/sbin:/usr/local/bin:/usr/sbin:/usr/bin:/sbin:/bin:/usr/games:/usr/local/games:/usr/lib/wsl/lib:/mnt/c/WINDOWS/system32:/mnt/c/WINDOWS:/mnt/c/WINDOWS/System32/Wbem:/mnt/c/WINDOWS/System32/WindowsPowerShell/v1.0/:/mnt/c/WINDOWS/System32/OpenSSH/:/mnt/c/Program Files/MATLAB/R2024b/bin:/mnt/c/Program Files/nodejs/:/mnt/c/Program Files/Git/cmd:/mnt/c/Users/ksyj0/AppData/Local/Programs/Python/Python312/Scripts/:/mnt/c/Users/ksyj0/AppData/Local/Programs/Python/Python312/:/mnt/c/Users/ksyj0/AppData/Local/Programs/Python/Launcher/:/mnt/c/Users/ksyj0/AppData/Local/Microsoft/WindowsApps:/mnt/c/Users/ksyj0/AppData/Local/Programs/Microsoft VS Code/bin:/mnt/c/Users/ksyj0/AppData/Roaming/npm:/mnt/c/Users/ksyj0/AppData/Local/SOOP:/mnt/c/Users/ksyj0/AppData/Local/Programs/Kiro/bin:/snap/bin:/home/joon/.vscode-server/extensions/ms-python.debugpy-2025.16.0-linux-x64/bundled/scripts/noConfigScripts'), ('XDG_RUNTIME_DIR', '/run/user/1000/'), ('DISPLAY', ':0'), ('VSCODE_DEBUGPY_ADAPTER_ENDPOINTS', '/home/joon/.vscode-server/extensions/ms-python.debugpy-2025.16.0-linux-x64/.noConfigDebugAdapterEndpoints/endpoint-5f6b0efddf9f6982.txt'), ('LANG', 'en_US.UTF-8'), ('PYTHONSTARTUP', '/home/joon/.vscode-server/data/User/workspaceStorage/6032d0949a26c1de4974618490f207f6-1/ms-python.python/pythonrc.py'), ('LS_COLORS', 'rs=0:di=01;34:ln=01;36:mh=00:pi=40;33:so=01;35:do=01;35:bd=40;33;01:cd=40;33;01:or=40;31;01:mi=00:su=37;41:sg=30;43:ca=30;41:tw=30;42:ow=34;42:st=37;44:ex=01;32:*.tar=01;31:*.tgz=01;31:*.arc=01;31:*.arj=01;31:*.taz=01;31:*.lha=01;31:*.lz4=01;31:*.lzh=01;31:*.lzma=01;31:*.tlz=01;31:*.txz=01;31:*.tzo=01;31:*.t7z=01;31:*.zip=01;31:*.z=01;31:*.dz=01;31:*.gz=01;31:*.lrz=01;31:*.lz=01;31:*.lzo=01;31:*.xz=01;31:*.zst=01;31:*.tzst=01;31:*.bz2=01;31:*.bz=01;31:*.tbz=01;31:*.tbz2=01;31:*.tz=01;31:*.deb=01;31:*.rpm=01;31:*.jar=01;31:*.war=01;31:*.ear=01;31:*.sar=01;31:*.rar=01;31:*.alz=01;31:*.ace=01;31:*.zoo=01;31:*.cpio=01;31:*.7z=01;31:*.rz=01;31:*.cab=01;31:*.wim=01;31:*.swm=01;31:*.dwm=01;31:*.esd=01;31:*.jpg=01;35:*.jpeg=01;35:*.mjpg=01;35:*.mjpeg=01;35:*.gif=01;35:*.bmp=01;35:*.pbm=01;35:*.pgm=01;35:*.ppm=01;35:*.tga=01;35:*.xbm=01;35:*.xpm=01;35:*.tif=01;35:*.tiff=01;35:*.png=01;35:*.svg=01;35:*.svgz=01;35:*.mng=01;35:*.pcx=01;35:*.mov=01;35:*.mpg=01;35:*.mpeg=01;35:*.m2v=01;35:*.mkv=01;35:*.webm=01;35:*.webp=01;35:*.ogm=01;35:*.mp4=01;35:*.m4v=01;35:*.mp4v=01;35:*.vob=01;35:*.qt=01;35:*.nuv=01;35:*.wmv=01;35:*.asf=01;35:*.rm=01;35:*.rmvb=01;35:*.flc=01;35:*.avi=01;35:*.fli=01;35:*.flv=01;35:*.gl=01;35:*.dl=01;35:*.xcf=01;35:*.xwd=01;35:*.yuv=01;35:*.cgm=01;35:*.emf=01;35:*.ogv=01;35:*.ogx=01;35:*.aac=00;36:*.au=00;36:*.flac=00;36:*.m4a=00;36:*.mid=00;36:*.midi=00;36:*.mka=00;36:*.mp3=00;36:*.mpc=00;36:*.ogg=00;36:*.ra=00;36:*.wav=00;36:*.oga=00;36:*.opus=00;36:*.spx=00;36:*.xspf=00;36:'), ('VSCODE_GIT_IPC_HANDLE', '/run/user/1000/vscode-git-167d3a068c.sock'), ('TERM_PROGRAM', 'vscode'), ('AMENT_PREFIX_PATH', '/home/joon/automotive_software_final/install/simulator:/home/joon/automotive_software_final/install/mission_manager:/home/joon/automotive_software_final/install/evaluation:/home/joon/automotive_software_final/install/autonomous_driving:/home/joon/automotive_software_final/install/ad_msgs:/opt/ros/humble'), ('SHELL', '/bin/bash'), ('LESSCLOSE', '/usr/bin/lesspipe %s %s'), ('VSCODE_GIT_ASKPASS_EXTRA_ARGS', ''), ('PWD', '/home/joon/automotive_software_final/build/autonomous_driving'), ('ENABLE_IDE_INTEGRATION', 'true'), ('XDG_DATA_DIRS', '/usr/local/share:/usr/share:/var/lib/snapd/desktop'), ('PYTHONPATH', '/home/joon/automotive_software_final/install/ad_msgs/local/lib/python3.10/dist-packages:/opt/ros/humble/lib/python3.10/site-packages:/opt/ros/humble/local/lib/python3.10/dist-packages'), ('COLCON', '1'), ('WSL2_GUI_APPS_ENABLED', '1'), ('HOSTTYPE', 'x86_64'), ('CMAKE_PREFIX_PATH', '/home/joon/automotive_software_final/install/ad_msgs:/home/joon/automotive_software_final/install/simulator:/home/joon/automotive_software_final/install/mission_manager:/home/joon/automotive_software_final/install/evaluation:/home/joon/automotive_software_final/install/autonomous_driving:/opt/ros/humble'), ('WSLENV', 'VSCODE_WSL_EXT_LOCATION/up')]), 'shell': False}
[16.823095] (autonomous_driving) StdoutLine: {'line': b'-- Install configuration: ""\n'}
[16.823609] (autonomous_driving) StdoutLine: {'line': b'-- Execute custom install script\n'}
[16.823892] (autonomous_driving) StdoutLine: {'line': b'-- Up-to-date symlink: /home/joon/automotive_software_final/install/autonomous_driving/lib/autonomous_driving/autonomous_driving\n'}
[16.824145] (autonomous_driving) StdoutLine: {'line': b'-- Up-to-date symlink: /home/joon/automotive_software_final/install/autonomous_driving/share/autonomous_driving/launch/autonomous_driving.launch.xml\n'}
[16.824331] (autonomous_driving) StdoutLine: {'line': b'-- Up-to-date symlink: /home/joon/automotive_software_final/install/autonomous_driving/share/autonomous_driving/launch/autonomous_driving.launch.xml:Zone.Identifier\n'}
[16.824418] (autonomous_driving) StdoutLine: {'line': b'-- Up-to-date symlink: /home/joon/automotive_software_final/install/autonomous_driving/share/autonomous_driving/launch/manual_driving.launch.xml\n'}
[16.824706] (autonomous_driving) StdoutLine: {'line': b'-- Up-to-date symlink: /home/joon/automotive_software_final/install/autonomous_driving/share/autonomous_driving/launch/manual_driving.launch.xml:Zone.Identifier\n'}
[16.824931] (autonomous_driving) StdoutLine: {'line': b'-- Up-to-date symlink: /home/joon/automotive_software_final/install/autonomous_driving/lib/autonomous_driving/simultaneous_inputs.py\n'}
[16.826700] (autonomous_driving) StdoutLine: {'line': b'-- Up-to-date symlink: /home/joon/automotive_software_final/install/autonomous_driving/share/ament_index/resource_index/package_run_dependencies/autonomous_driving\n'}
[16.827616] (autonomous_driving) StdoutLine: {'line': b'-- Up-to-date symlink: /home/joon/automotive_software_final/install/autonomous_driving/share/ament_index/resource_index/parent_prefix_path/autonomous_driving\n'}
[16.827958] (autonomous_driving) StdoutLine: {'line': b'-- Up-to-date symlink: /home/joon/automotive_software_final/install/autonomous_driving/share/autonomous_driving/environment/ament_prefix_path.sh\n'}
[16.828172] (autonomous_driving) StdoutLine: {'line': b'-- Up-to-date symlink: /home/joon/automotive_software_final/install/autonomous_driving/share/autonomous_driving/environment/ament_prefix_path.dsv\n'}
[16.828349] (autonomous_driving) StdoutLine: {'line': b'-- Up-to-date symlink: /home/joon/automotive_software_final/install/autonomous_driving/share/autonomous_driving/environment/path.sh\n'}
[16.828477] (autonomous_driving) StdoutLine: {'line': b'-- Up-to-date symlink: /home/joon/automotive_software_final/install/autonomous_driving/share/autonomous_driving/environment/path.dsv\n'}
[16.828597] (autonomous_driving) StdoutLine: {'line': b'-- Up-to-date symlink: /home/joon/automotive_software_final/install/autonomous_driving/share/autonomous_driving/local_setup.bash\n'}
[16.828709] (autonomous_driving) StdoutLine: {'line': b'-- Up-to-date symlink: /home/joon/automotive_software_final/install/autonomous_driving/share/autonomous_driving/local_setup.sh\n'}
[16.828752] (autonomous_driving) StdoutLine: {'line': b'-- Up-to-date symlink: /home/joon/automotive_software_final/install/autonomous_driving/share/autonomous_driving/local_setup.zsh\n'}
[16.828782] (autonomous_driving) StdoutLine: {'line': b'-- Up-to-date symlink: /home/joon/automotive_software_final/install/autonomous_driving/share/autonomous_driving/local_setup.dsv\n'}
[16.828810] (autonomous_driving) StdoutLine: {'line': b'-- Symlinking: /home/joon/automotive_software_final/install/autonomous_driving/share/autonomous_driving/package.dsv\n'}
[16.832917] (autonomous_driving) StdoutLine: {'line': b'-- Up-to-date symlink: /home/joon/automotive_software_final/install/autonomous_driving/share/ament_index/resource_index/packages/autonomous_driving\n'}
[16.833328] (autonomous_driving) StdoutLine: {'line': b'-- Up-to-date symlink: /home/joon/automotive_software_final/install/autonomous_driving/share/autonomous_driving/cmake/autonomous_drivingConfig.cmake\n'}
[16.833546] (autonomous_driving) StdoutLine: {'line': b'-- Up-to-date symlink: /home/joon/automotive_software_final/install/autonomous_driving/share/autonomous_driving/cmake/autonomous_drivingConfig-version.cmake\n'}
[16.833589] (autonomous_driving) StdoutLine: {'line': b'-- Up-to-date symlink: /home/joon/automotive_software_final/install/autonomous_driving/share/autonomous_driving/package.xml\n'}
[16.834642] (autonomous_driving) CommandEnded: {'returncode': 0}
[16.844339] (autonomous_driving) JobEnded: {'identifier': 'autonomous_driving', 'rc': 0}
[16.845549] (-) EventReactorShutdown: {}
