[0.000000] (-) TimerEvent: {}
[0.000926] (ad_msgs) JobQueued: {'identifier': 'ad_msgs', 'dependencies': OrderedDict()}
[0.001105] (autonomous_driving) JobQueued: {'identifier': 'autonomous_driving', 'dependencies': OrderedDict([('ad_msgs', '/home/joon/mission_hard/mission_hard/install/ad_msgs')])}
[0.001195] (evaluation) JobQueued: {'identifier': 'evaluation', 'dependencies': OrderedDict([('ad_msgs', '/home/joon/mission_hard/mission_hard/install/ad_msgs')])}
[0.001266] (mission_manager) JobQueued: {'identifier': 'mission_manager', 'dependencies': OrderedDict([('ad_msgs', '/home/joon/mission_hard/mission_hard/install/ad_msgs')])}
[0.001312] (simulator) JobQueued: {'identifier': 'simulator', 'dependencies': OrderedDict([('ad_msgs', '/home/joon/mission_hard/mission_hard/install/ad_msgs')])}
[0.001390] (ad_msgs) JobStarted: {'identifier': 'ad_msgs'}
[0.020623] (ad_msgs) JobProgress: {'identifier': 'ad_msgs', 'progress': 'cmake'}
[0.022024] (ad_msgs) JobProgress: {'identifier': 'ad_msgs', 'progress': 'build'}
[0.023839] (ad_msgs) Command: {'cmd': ['/usr/bin/cmake', '--build', '/home/joon/mission_hard/mission_hard/build/ad_msgs', '--', '-j16', '-l16'], 'cwd': '/home/joon/mission_hard/mission_hard/build/ad_msgs', 'env': OrderedDict([('PYTHON_BASIC_REPL', '1'), ('LESSOPEN', '| /usr/bin/lesspipe %s'), ('USER', 'joon'), ('GIT_ASKPASS', '/home/joon/.vscode-server/bin/bf9252a2fb45be6893dd8870c0bf37e2e1766d61/extensions/git/dist/askpass.sh'), ('SHLVL', '1'), ('LD_LIBRARY_PATH', '/home/joon/mission_hard/mission_hard/install/ad_msgs/lib:/home/joon/automotive_software_final/install/ad_msgs/lib:/usr/lib/x86_64-linux-gnu/gazebo-11/plugins:/opt/ros/humble/opt/rviz_ogre_vendor/lib:/opt/ros/humble/lib/x86_64-linux-gnu:/opt/ros/humble/lib'), ('MOTD_SHOWN', 'update-motd'), ('HOME', '/home/joon'), ('OLDPWD', '/home/joon/mission_hard'), ('TERM_PROGRAM_VERSION', '1.106.3'), ('VSCODE_IPC_HOOK_CLI', '/run/user/1000/vscode-ipc-720ca6f3-2537-4b04-b3dc-21832d244e7e.sock'), ('ROS_PYTHON_VERSION', '3'), ('VSCODE_GIT_ASKPASS_MAIN', '/home/joon/.vscode-server/bin/bf9252a2fb45be6893dd8870c0bf37e2e1766d61/extensions/git/dist/askpass-main.js'), ('VSCODE_GIT_ASKPASS_NODE', '/home/joon/.vscode-server/bin/bf9252a2fb45be6893dd8870c0bf37e2e1766d61/node'), ('PYDEVD_DISABLE_FILE_VALIDATION', '1'), ('BUNDLED_DEBUGPY_PATH', '/home/joon/.vscode-server/extensions/ms-python.debugpy-2025.16.0-linux-x64/bundled/libs/debugpy'), ('VSCODE_PYTHON_AUTOACTIVATE_GUARD', '1'), ('DBUS_SESSION_BUS_ADDRESS', 'unix:path=/run/user/1000/bus'), ('COLORTERM', 'truecolor'), ('WSL_DISTRO_NAME', 'Ubuntu-22.04'), ('WAYLAND_DISPLAY', 'wayland-0'), ('COLCON_PREFIX_PATH', '/home/joon/mission_hard/mission_hard/install:/home/joon/automotive_software_final/install'), ('ROS_DISTRO', 'humble'), ('LOGNAME', 'joon'), ('NAME', 'Joon'), ('WSL_INTEROP', '/run/WSL/523_interop'), ('PULSE_SERVER', 'unix:/mnt/wslg/PulseServer'), ('_', '/usr/bin/colcon'), ('ROS_VERSION', '2'), ('CLAUDE_CODE_SSE_PORT', '20257'), ('TERM', 'xterm-256color'), ('ROS_LOCALHOST_ONLY', '0'), ('PATH', '/opt/ros/humble/bin:/usr/bin:/usr/bin:/home/joon/.vscode-server/data/User/globalStorage/github.copilot-chat/debugCommand:/home/joon/.vscode-server/data/User/globalStorage/github.copilot-chat/copilotCli:/home/joon/.vscode-server/bin/bf9252a2fb45be6893dd8870c0bf37e2e1766d61/bin/remote-cli:/home/joon/.local/bin:/usr/bin:/usr/bin:/usr/local/sbin:/usr/local/bin:/usr/sbin:/usr/bin:/sbin:/bin:/usr/games:/usr/local/games:/usr/lib/wsl/lib:/mnt/c/WINDOWS/system32:/mnt/c/WINDOWS:/mnt/c/WINDOWS/System32/Wbem:/mnt/c/WINDOWS/System32/WindowsPowerShell/v1.0/:/mnt/c/WINDOWS/System32/OpenSSH/:/mnt/c/Program Files/MATLAB/R2024b/bin:/mnt/c/Program Files/nodejs/:/mnt/c/Program Files/Git/cmd:/mnt/c/Users/ksyj0/AppData/Local/Programs/Python/Python312/Scripts/:/mnt/c/Users/ksyj0/AppData/Local/Programs/Python/Python312/:/mnt/c/Users/ksyj0/AppData/Local/Programs/Python/Launcher/:/mnt/c/Users/ksyj0/AppData/Local/Microsoft/WindowsApps:/mnt/c/Users/ksyj0/AppData/Local/Programs/Microsoft VS Code/bin:/mnt/c/Users/ksyj0/AppData/Roaming/npm:/mnt/c/Users/ksyj0/AppData/Local/SOOP:/mnt/c/Users/ksyj0/AppData/Local/Programs/Kiro/bin:/snap/bin:/home/joon/.vscode-server/extensions/ms-python.debugpy-2025.16.0-linux-x64/bundled/scripts/noConfigScripts'), ('XDG_RUNTIME_DIR', '/run/user/1000/'), ('DISPLAY', ':0'), ('VSCODE_DEBUGPY_ADAPTER_ENDPOINTS', '/home/joon/.vscode-server/extensions/ms-python.debugpy-2025.16.0-linux-x64/.noConfigDebugAdapterEndpoints/endpoint-5f6b0efddf9f6982.txt'), ('LANG', 'en_US.UTF-8'), ('PYTHONSTARTUP', '/home/joon/.vscode-server/data/User/workspaceStorage/6032d0949a26c1de4974618490f207f6-1/ms-python.python/pythonrc.py'), ('LS_COLORS', 'rs=0:di=01;34:ln=01;36:mh=00:pi=40;33:so=01;35:do=01;35:bd=40;33;01:cd=40;33;01:or=40;31;01:mi=00:su=37;41:sg=30;43:ca=30;41:tw=30;42:ow=34;42:st=37;44:ex=01;32:*.tar=01;31:*.tgz=01;31:*.arc=01;31:*.arj=01;31:*.taz=01;31:*.lha=01;31:*.lz4=01;31:*.lzh=01;31:*.lzma=01;31:*.tlz=01;31:*.txz=01;31:*.tzo=01;31:*.t7z=01;31:*.zip=01;31:*.z=01;31:*.dz=01;31:*.gz=01;31:*.lrz=01;31:*.lz=01;31:*.lzo=01;31:*.xz=01;31:*.zst=01;31:*.tzst=01;31:*.bz2=01;31:*.bz=01;31:*.tbz=01;31:*.tbz2=01;31:*.tz=01;31:*.deb=01;31:*.rpm=01;31:*.jar=01;31:*.war=01;31:*.ear=01;31:*.sar=01;31:*.rar=01;31:*.alz=01;31:*.ace=01;31:*.zoo=01;31:*.cpio=01;31:*.7z=01;31:*.rz=01;31:*.cab=01;31:*.wim=01;31:*.swm=01;31:*.dwm=01;31:*.esd=01;31:*.jpg=01;35:*.jpeg=01;35:*.mjpg=01;35:*.mjpeg=01;35:*.gif=01;35:*.bmp=01;35:*.pbm=01;35:*.pgm=01;35:*.ppm=01;35:*.tga=01;35:*.xbm=01;35:*.xpm=01;35:*.tif=01;35:*.tiff=01;35:*.png=01;35:*.svg=01;35:*.svgz=01;35:*.mng=01;35:*.pcx=01;35:*.mov=01;35:*.mpg=01;35:*.mpeg=01;35:*.m2v=01;35:*.mkv=01;35:*.webm=01;35:*.webp=01;35:*.ogm=01;35:*.mp4=01;35:*.m4v=01;35:*.mp4v=01;35:*.vob=01;35:*.qt=01;35:*.nuv=01;35:*.wmv=01;35:*.asf=01;35:*.rm=01;35:*.rmvb=01;35:*.flc=01;35:*.avi=01;35:*.fli=01;35:*.flv=01;35:*.gl=01;35:*.dl=01;35:*.xcf=01;35:*.xwd=01;35:*.yuv=01;35:*.cgm=01;35:*.emf=01;35:*.ogv=01;35:*.ogx=01;35:*.aac=00;36:*.au=00;36:*.flac=00;36:*.m4a=00;36:*.mid=00;36:*.midi=00;36:*.mka=00;36:*.mp3=00;36:*.mpc=00;36:*.ogg=00;36:*.ra=00;36:*.wav=00;36:*.oga=00;36:*.opus=00;36:*.spx=00;36:*.xspf=00;36:'), ('VSCODE_GIT_IPC_HANDLE', '/run/user/1000/vscode-git-167d3a068c.sock'), ('TERM_PROGRAM', 'vscode'), ('AMENT_PREFIX_PATH', '/home/joon/mission_hard/mission_hard/install/simulator:/home/joon/mission_hard/mission_hard/install/mission_manager:/home/joon/mission_hard/mission_hard/install/evaluation:/home/joon/mission_hard/mission_hard/install/autonomous_driving:/home/joon/mission_hard/mission_hard/install/ad_msgs:/home/joon/automotive_software_final/install/simulator:/home/joon/automotive_software_final/install/mission_manager:/home/joon/automotive_software_final/install/evaluation:/home/joon/automotive_software_final/install/autonomous_driving:/home/joon/automotive_software_final/install/ad_msgs:/opt/ros/humble'), ('SHELL', '/bin/bash'), ('LESSCLOSE', '/usr/bin/lesspipe %s %s'), ('VSCODE_GIT_ASKPASS_EXTRA_ARGS', ''), ('PWD', '/home/joon/mission_hard/mission_hard/build/ad_msgs'), ('ENABLE_IDE_INTEGRATION', 'true'), ('XDG_DATA_DIRS', '/usr/local/share:/usr/share:/var/lib/snapd/desktop'), ('PYTHONPATH', '/home/joon/mission_hard/mission_hard/install/ad_msgs/local/lib/python3.10/dist-packages:/home/joon/automotive_software_final/install/ad_msgs/local/lib/python3.10/dist-packages:/opt/ros/humble/lib/python3.10/site-packages:/opt/ros/humble/local/lib/python3.10/dist-packages'), ('COLCON', '1'), ('WSL2_GUI_APPS_ENABLED', '1'), ('HOSTTYPE', 'x86_64'), ('CMAKE_PREFIX_PATH', '/home/joon/mission_hard/mission_hard/install/simulator:/home/joon/mission_hard/mission_hard/install/mission_manager:/home/joon/mission_hard/mission_hard/install/evaluation:/home/joon/mission_hard/mission_hard/install/autonomous_driving:/home/joon/mission_hard/mission_hard/install/ad_msgs:/home/joon/automotive_software_final/install/simulator:/home/joon/automotive_software_final/install/mission_manager:/home/joon/automotive_software_final/install/evaluation:/home/joon/automotive_software_final/install/autonomous_driving:/home/joon/automotive_software_final/install/ad_msgs:/opt/ros/humble'), ('WSLENV', 'VSCODE_WSL_EXT_LOCATION/up')]), 'shell': False}
[0.099242] (-) TimerEvent: {}
[0.126275] (ad_msgs) StdoutLine: {'line': b'[  0%] Built target ad_msgs__cpp\n'}
[0.140762] (ad_msgs) StdoutLine: {'line': b'[  0%] Built target ament_cmake_python_symlink_ad_msgs\n'}
[0.143029] (ad_msgs) StdoutLine: {'line': b'[ 12%] Built target ad_msgs__rosidl_generator_c\n'}
[0.170857] (ad_msgs) StdoutLine: {'line': b'[ 24%] Built target ad_msgs__rosidl_typesupport_cpp\n'}
[0.185134] (ad_msgs) StdoutLine: {'line': b'[ 36%] Built target ad_msgs__rosidl_typesupport_introspection_cpp\n'}
[0.186039] (ad_msgs) StdoutLine: {'line': b'[ 60%] Built target ad_msgs__rosidl_typesupport_introspection_c\n'}
[0.188114] (ad_msgs) StdoutLine: {'line': b'[ 71%] Built target ad_msgs__rosidl_typesupport_fastrtps_cpp\n'}
[0.188909] (ad_msgs) StdoutLine: {'line': b'[ 74%] Built target ad_msgs__rosidl_typesupport_c\n'}
[0.191211] (ad_msgs) StdoutLine: {'line': b'[ 82%] Built target ad_msgs__rosidl_typesupport_fastrtps_c\n'}
[0.199382] (-) TimerEvent: {}
[0.220201] (ad_msgs) StdoutLine: {'line': b'[ 82%] Built target ad_msgs\n'}
[0.249767] (ad_msgs) StdoutLine: {'line': b'[ 83%] Built target ad_msgs__py\n'}
[0.286032] (ad_msgs) StdoutLine: {'line': b'[ 94%] Built target ad_msgs__rosidl_generator_py\n'}
[0.299596] (-) TimerEvent: {}
[0.316970] (ad_msgs) StdoutLine: {'line': b'[ 98%] Built target ad_msgs__rosidl_typesupport_fastrtps_c__pyext\n'}
[0.317371] (ad_msgs) StdoutLine: {'line': b'[ 98%] Built target ad_msgs__rosidl_typesupport_introspection_c__pyext\n'}
[0.317794] (ad_msgs) StdoutLine: {'line': b'[100%] Built target ad_msgs__rosidl_typesupport_c__pyext\n'}
[0.399762] (-) TimerEvent: {}
[0.460127] (ad_msgs) StdoutLine: {'line': b'running egg_info\n'}
[0.461529] (ad_msgs) StdoutLine: {'line': b'writing ad_msgs.egg-info/PKG-INFO\n'}
[0.461972] (ad_msgs) StdoutLine: {'line': b'writing dependency_links to ad_msgs.egg-info/dependency_links.txt\n'}
[0.462370] (ad_msgs) StdoutLine: {'line': b'writing top-level names to ad_msgs.egg-info/top_level.txt\n'}
[0.465616] (ad_msgs) StdoutLine: {'line': b"reading manifest file 'ad_msgs.egg-info/SOURCES.txt'\n"}
[0.466529] (ad_msgs) StdoutLine: {'line': b"writing manifest file 'ad_msgs.egg-info/SOURCES.txt'\n"}
[0.499990] (-) TimerEvent: {}
[0.510962] (ad_msgs) StdoutLine: {'line': b'[100%] Built target ament_cmake_python_build_ad_msgs_egg\n'}
[0.529831] (ad_msgs) CommandEnded: {'returncode': 0}
[0.531878] (ad_msgs) JobProgress: {'identifier': 'ad_msgs', 'progress': 'install'}
[0.542225] (ad_msgs) Command: {'cmd': ['/usr/bin/cmake', '--install', '/home/joon/mission_hard/mission_hard/build/ad_msgs'], 'cwd': '/home/joon/mission_hard/mission_hard/build/ad_msgs', 'env': OrderedDict([('PYTHON_BASIC_REPL', '1'), ('LESSOPEN', '| /usr/bin/lesspipe %s'), ('USER', 'joon'), ('GIT_ASKPASS', '/home/joon/.vscode-server/bin/bf9252a2fb45be6893dd8870c0bf37e2e1766d61/extensions/git/dist/askpass.sh'), ('SHLVL', '1'), ('LD_LIBRARY_PATH', '/home/joon/mission_hard/mission_hard/install/ad_msgs/lib:/home/joon/automotive_software_final/install/ad_msgs/lib:/usr/lib/x86_64-linux-gnu/gazebo-11/plugins:/opt/ros/humble/opt/rviz_ogre_vendor/lib:/opt/ros/humble/lib/x86_64-linux-gnu:/opt/ros/humble/lib'), ('MOTD_SHOWN', 'update-motd'), ('HOME', '/home/joon'), ('OLDPWD', '/home/joon/mission_hard'), ('TERM_PROGRAM_VERSION', '1.106.3'), ('VSCODE_IPC_HOOK_CLI', '/run/user/1000/vscode-ipc-720ca6f3-2537-4b04-b3dc-21832d244e7e.sock'), ('ROS_PYTHON_VERSION', '3'), ('VSCODE_GIT_ASKPASS_MAIN', '/home/joon/.vscode-server/bin/bf9252a2fb45be6893dd8870c0bf37e2e1766d61/extensions/git/dist/askpass-main.js'), ('VSCODE_GIT_ASKPASS_NODE', '/home/joon/.vscode-server/bin/bf9252a2fb45be6893dd8870c0bf37e2e1766d61/node'), ('PYDEVD_DISABLE_FILE_VALIDATION', '1'), ('BUNDLED_DEBUGPY_PATH', '/home/joon/.vscode-server/extensions/ms-python.debugpy-2025.16.0-linux-x64/bundled/libs/debugpy'), ('VSCODE_PYTHON_AUTOACTIVATE_GUARD', '1'), ('DBUS_SESSION_BUS_ADDRESS', 'unix:path=/run/user/1000/bus'), ('COLORTERM', 'truecolor'), ('WSL_DISTRO_NAME', 'Ubuntu-22.04'), ('WAYLAND_DISPLAY', 'wayland-0'), ('COLCON_PREFIX_PATH', '/home/joon/mission_hard/mission_hard/install:/home/joon/automotive_software_final/install'), ('ROS_DISTRO', 'humble'), ('LOGNAME', 'joon'), ('NAME', 'Joon'), ('WSL_INTEROP', '/run/WSL/523_interop'), ('PULSE_SERVER', 'unix:/mnt/wslg/PulseServer'), ('_', '/usr/bin/colcon'), ('ROS_VERSION', '2'), ('CLAUDE_CODE_SSE_PORT', '20257'), ('TERM', 'xterm-256color'), ('ROS_LOCALHOST_ONLY', '0'), ('PATH', '/opt/ros/humble/bin:/usr/bin:/usr/bin:/home/joon/.vscode-server/data/User/globalStorage/github.copilot-chat/debugCommand:/home/joon/.vscode-server/data/User/globalStorage/github.copilot-chat/copilotCli:/home/joon/.vscode-server/bin/bf9252a2fb45be6893dd8870c0bf37e2e1766d61/bin/remote-cli:/home/joon/.local/bin:/usr/bin:/usr/bin:/usr/local/sbin:/usr/local/bin:/usr/sbin:/usr/bin:/sbin:/bin:/usr/games:/usr/local/games:/usr/lib/wsl/lib:/mnt/c/WINDOWS/system32:/mnt/c/WINDOWS:/mnt/c/WINDOWS/System32/Wbem:/mnt/c/WINDOWS/System32/WindowsPowerShell/v1.0/:/mnt/c/WINDOWS/System32/OpenSSH/:/mnt/c/Program Files/MATLAB/R2024b/bin:/mnt/c/Program Files/nodejs/:/mnt/c/Program Files/Git/cmd:/mnt/c/Users/ksyj0/AppData/Local/Programs/Python/Python312/Scripts/:/mnt/c/Users/ksyj0/AppData/Local/Programs/Python/Python312/:/mnt/c/Users/ksyj0/AppData/Local/Programs/Python/Launcher/:/mnt/c/Users/ksyj0/AppData/Local/Microsoft/WindowsApps:/mnt/c/Users/ksyj0/AppData/Local/Programs/Microsoft VS Code/bin:/mnt/c/Users/ksyj0/AppData/Roaming/npm:/mnt/c/Users/ksyj0/AppData/Local/SOOP:/mnt/c/Users/ksyj0/AppData/Local/Programs/Kiro/bin:/snap/bin:/home/joon/.vscode-server/extensions/ms-python.debugpy-2025.16.0-linux-x64/bundled/scripts/noConfigScripts'), ('XDG_RUNTIME_DIR', '/run/user/1000/'), ('DISPLAY', ':0'), ('VSCODE_DEBUGPY_ADAPTER_ENDPOINTS', '/home/joon/.vscode-server/extensions/ms-python.debugpy-2025.16.0-linux-x64/.noConfigDebugAdapterEndpoints/endpoint-5f6b0efddf9f6982.txt'), ('LANG', 'en_US.UTF-8'), ('PYTHONSTARTUP', '/home/joon/.vscode-server/data/User/workspaceStorage/6032d0949a26c1de4974618490f207f6-1/ms-python.python/pythonrc.py'), ('LS_COLORS', 'rs=0:di=01;34:ln=01;36:mh=00:pi=40;33:so=01;35:do=01;35:bd=40;33;01:cd=40;33;01:or=40;31;01:mi=00:su=37;41:sg=30;43:ca=30;41:tw=30;42:ow=34;42:st=37;44:ex=01;32:*.tar=01;31:*.tgz=01;31:*.arc=01;31:*.arj=01;31:*.taz=01;31:*.lha=01;31:*.lz4=01;31:*.lzh=01;31:*.lzma=01;31:*.tlz=01;31:*.txz=01;31:*.tzo=01;31:*.t7z=01;31:*.zip=01;31:*.z=01;31:*.dz=01;31:*.gz=01;31:*.lrz=01;31:*.lz=01;31:*.lzo=01;31:*.xz=01;31:*.zst=01;31:*.tzst=01;31:*.bz2=01;31:*.bz=01;31:*.tbz=01;31:*.tbz2=01;31:*.tz=01;31:*.deb=01;31:*.rpm=01;31:*.jar=01;31:*.war=01;31:*.ear=01;31:*.sar=01;31:*.rar=01;31:*.alz=01;31:*.ace=01;31:*.zoo=01;31:*.cpio=01;31:*.7z=01;31:*.rz=01;31:*.cab=01;31:*.wim=01;31:*.swm=01;31:*.dwm=01;31:*.esd=01;31:*.jpg=01;35:*.jpeg=01;35:*.mjpg=01;35:*.mjpeg=01;35:*.gif=01;35:*.bmp=01;35:*.pbm=01;35:*.pgm=01;35:*.ppm=01;35:*.tga=01;35:*.xbm=01;35:*.xpm=01;35:*.tif=01;35:*.tiff=01;35:*.png=01;35:*.svg=01;35:*.svgz=01;35:*.mng=01;35:*.pcx=01;35:*.mov=01;35:*.mpg=01;35:*.mpeg=01;35:*.m2v=01;35:*.mkv=01;35:*.webm=01;35:*.webp=01;35:*.ogm=01;35:*.mp4=01;35:*.m4v=01;35:*.mp4v=01;35:*.vob=01;35:*.qt=01;35:*.nuv=01;35:*.wmv=01;35:*.asf=01;35:*.rm=01;35:*.rmvb=01;35:*.flc=01;35:*.avi=01;35:*.fli=01;35:*.flv=01;35:*.gl=01;35:*.dl=01;35:*.xcf=01;35:*.xwd=01;35:*.yuv=01;35:*.cgm=01;35:*.emf=01;35:*.ogv=01;35:*.ogx=01;35:*.aac=00;36:*.au=00;36:*.flac=00;36:*.m4a=00;36:*.mid=00;36:*.midi=00;36:*.mka=00;36:*.mp3=00;36:*.mpc=00;36:*.ogg=00;36:*.ra=00;36:*.wav=00;36:*.oga=00;36:*.opus=00;36:*.spx=00;36:*.xspf=00;36:'), ('VSCODE_GIT_IPC_HANDLE', '/run/user/1000/vscode-git-167d3a068c.sock'), ('TERM_PROGRAM', 'vscode'), ('AMENT_PREFIX_PATH', '/home/joon/mission_hard/mission_hard/install/simulator:/home/joon/mission_hard/mission_hard/install/mission_manager:/home/joon/mission_hard/mission_hard/install/evaluation:/home/joon/mission_hard/mission_hard/install/autonomous_driving:/home/joon/mission_hard/mission_hard/install/ad_msgs:/home/joon/automotive_software_final/install/simulator:/home/joon/automotive_software_final/install/mission_manager:/home/joon/automotive_software_final/install/evaluation:/home/joon/automotive_software_final/install/autonomous_driving:/home/joon/automotive_software_final/install/ad_msgs:/opt/ros/humble'), ('SHELL', '/bin/bash'), ('LESSCLOSE', '/usr/bin/lesspipe %s %s'), ('VSCODE_GIT_ASKPASS_EXTRA_ARGS', ''), ('PWD', '/home/joon/mission_hard/mission_hard/build/ad_msgs'), ('ENABLE_IDE_INTEGRATION', 'true'), ('XDG_DATA_DIRS', '/usr/local/share:/usr/share:/var/lib/snapd/desktop'), ('PYTHONPATH', '/home/joon/mission_hard/mission_hard/install/ad_msgs/local/lib/python3.10/dist-packages:/home/joon/automotive_software_final/install/ad_msgs/local/lib/python3.10/dist-packages:/opt/ros/humble/lib/python3.10/site-packages:/opt/ros/humble/local/lib/python3.10/dist-packages'), ('COLCON', '1'), ('WSL2_GUI_APPS_ENABLED', '1'), ('HOSTTYPE', 'x86_64'), ('CMAKE_PREFIX_PATH', '/home/joon/mission_hard/mission_hard/install/simulator:/home/joon/mission_hard/mission_hard/install/mission_manager:/home/joon/mission_hard/mission_hard/install/evaluation:/home/joon/mission_hard/mission_hard/install/autonomous_driving:/home/joon/mission_hard/mission_hard/install/ad_msgs:/home/joon/automotive_software_final/install/simulator:/home/joon/automotive_software_final/install/mission_manager:/home/joon/automotive_software_final/install/evaluation:/home/joon/automotive_software_final/install/autonomous_driving:/home/joon/automotive_software_final/install/ad_msgs:/opt/ros/humble'), ('WSLENV', 'VSCODE_WSL_EXT_LOCATION/up')]), 'shell': False}
[0.550106] (ad_msgs) StdoutLine: {'line': b'-- Install configuration: ""\n'}
[0.550893] (ad_msgs) StdoutLine: {'line': b'-- Execute custom install script\n'}
[0.551134] (ad_msgs) StdoutLine: {'line': b'-- Up-to-date symlink: /home/joon/mission_hard/mission_hard/install/ad_msgs/share/ament_index/resource_index/rosidl_interfaces/ad_msgs\n'}
[0.551954] (ad_msgs) StdoutLine: {'line': b'-- Up-to-date symlink: /home/joon/mission_hard/mission_hard/install/ad_msgs/include/ad_msgs/ad_msgs/msg/detail/lane_point_data__functions.h\n'}
[0.552198] (ad_msgs) StdoutLine: {'line': b'-- Up-to-date symlink: /home/joon/mission_hard/mission_hard/install/ad_msgs/include/ad_msgs/ad_msgs/msg/detail/lane_point_data__struct.h\n'}
[0.552331] (ad_msgs) StdoutLine: {'line': b'-- Up-to-date symlink: /home/joon/mission_hard/mission_hard/install/ad_msgs/include/ad_msgs/ad_msgs/msg/detail/lane_point_data__type_support.h\n'}
[0.552527] (ad_msgs) StdoutLine: {'line': b'-- Up-to-date symlink: /home/joon/mission_hard/mission_hard/install/ad_msgs/include/ad_msgs/ad_msgs/msg/detail/lane_point_data_array__functions.h\n'}
[0.552672] (ad_msgs) StdoutLine: {'line': b'-- Up-to-date symlink: /home/joon/mission_hard/mission_hard/install/ad_msgs/include/ad_msgs/ad_msgs/msg/detail/lane_point_data_array__struct.h\n'}
[0.552770] (ad_msgs) StdoutLine: {'line': b'-- Up-to-date symlink: /home/joon/mission_hard/mission_hard/install/ad_msgs/include/ad_msgs/ad_msgs/msg/detail/lane_point_data_array__type_support.h\n'}
[0.553091] (ad_msgs) StdoutLine: {'line': b'-- Up-to-date symlink: /home/joon/mission_hard/mission_hard/install/ad_msgs/include/ad_msgs/ad_msgs/msg/detail/mission__functions.h\n'}
[0.553223] (ad_msgs) StdoutLine: {'line': b'-- Up-to-date symlink: /home/joon/mission_hard/mission_hard/install/ad_msgs/include/ad_msgs/ad_msgs/msg/detail/mission__struct.h\n'}
[0.553357] (ad_msgs) StdoutLine: {'line': b'-- Up-to-date symlink: /home/joon/mission_hard/mission_hard/install/ad_msgs/include/ad_msgs/ad_msgs/msg/detail/mission__type_support.h\n'}
[0.553486] (ad_msgs) StdoutLine: {'line': b'-- Up-to-date symlink: /home/joon/mission_hard/mission_hard/install/ad_msgs/include/ad_msgs/ad_msgs/msg/detail/mission_display__functions.h\n'}
[0.553655] (ad_msgs) StdoutLine: {'line': b'-- Up-to-date symlink: /home/joon/mission_hard/mission_hard/install/ad_msgs/include/ad_msgs/ad_msgs/msg/detail/mission_display__struct.h\n'}
[0.553849] (ad_msgs) StdoutLine: {'line': b'-- Up-to-date symlink: /home/joon/mission_hard/mission_hard/install/ad_msgs/include/ad_msgs/ad_msgs/msg/detail/mission_display__type_support.h\n'}
[0.553999] (ad_msgs) StdoutLine: {'line': b'-- Up-to-date symlink: /home/joon/mission_hard/mission_hard/install/ad_msgs/include/ad_msgs/ad_msgs/msg/detail/mission_object__functions.h\n'}
[0.554160] (ad_msgs) StdoutLine: {'line': b'-- Up-to-date symlink: /home/joon/mission_hard/mission_hard/install/ad_msgs/include/ad_msgs/ad_msgs/msg/detail/mission_object__struct.h\n'}
[0.554299] (ad_msgs) StdoutLine: {'line': b'-- Up-to-date symlink: /home/joon/mission_hard/mission_hard/install/ad_msgs/include/ad_msgs/ad_msgs/msg/detail/mission_object__type_support.h\n'}
[0.554419] (ad_msgs) StdoutLine: {'line': b'-- Up-to-date symlink: /home/joon/mission_hard/mission_hard/install/ad_msgs/include/ad_msgs/ad_msgs/msg/detail/mission_region__functions.h\n'}
[0.554536] (ad_msgs) StdoutLine: {'line': b'-- Up-to-date symlink: /home/joon/mission_hard/mission_hard/install/ad_msgs/include/ad_msgs/ad_msgs/msg/detail/mission_region__struct.h\n'}
[0.554652] (ad_msgs) StdoutLine: {'line': b'-- Up-to-date symlink: /home/joon/mission_hard/mission_hard/install/ad_msgs/include/ad_msgs/ad_msgs/msg/detail/mission_region__type_support.h\n'}
[0.554767] (ad_msgs) StdoutLine: {'line': b'-- Up-to-date symlink: /home/joon/mission_hard/mission_hard/install/ad_msgs/include/ad_msgs/ad_msgs/msg/detail/polyfit_lane_data__functions.h\n'}
[0.554884] (ad_msgs) StdoutLine: {'line': b'-- Up-to-date symlink: /home/joon/mission_hard/mission_hard/install/ad_msgs/include/ad_msgs/ad_msgs/msg/detail/polyfit_lane_data__struct.h\n'}
[0.555127] (ad_msgs) StdoutLine: {'line': b'-- Up-to-date symlink: /home/joon/mission_hard/mission_hard/install/ad_msgs/include/ad_msgs/ad_msgs/msg/detail/polyfit_lane_data__type_support.h\n'}
[0.555251] (ad_msgs) StdoutLine: {'line': b'-- Up-to-date symlink: /home/joon/mission_hard/mission_hard/install/ad_msgs/include/ad_msgs/ad_msgs/msg/detail/polyfit_lane_data_array__functions.h\n'}
[0.555368] (ad_msgs) StdoutLine: {'line': b'-- Up-to-date symlink: /home/joon/mission_hard/mission_hard/install/ad_msgs/include/ad_msgs/ad_msgs/msg/detail/polyfit_lane_data_array__struct.h\n'}
[0.555577] (ad_msgs) StdoutLine: {'line': b'-- Up-to-date symlink: /home/joon/mission_hard/mission_hard/install/ad_msgs/include/ad_msgs/ad_msgs/msg/detail/polyfit_lane_data_array__type_support.h\n'}
[0.555758] (ad_msgs) StdoutLine: {'line': b'-- Up-to-date symlink: /home/joon/mission_hard/mission_hard/install/ad_msgs/include/ad_msgs/ad_msgs/msg/detail/vehicle_command__functions.h\n'}
[0.555827] (ad_msgs) StdoutLine: {'line': b'-- Up-to-date symlink: /home/joon/mission_hard/mission_hard/install/ad_msgs/include/ad_msgs/ad_msgs/msg/detail/vehicle_command__struct.h\n'}
[0.555977] (ad_msgs) StdoutLine: {'line': b'-- Up-to-date symlink: /home/joon/mission_hard/mission_hard/install/ad_msgs/include/ad_msgs/ad_msgs/msg/detail/vehicle_command__type_support.h\n'}
[0.556129] (ad_msgs) StdoutLine: {'line': b'-- Up-to-date symlink: /home/joon/mission_hard/mission_hard/install/ad_msgs/include/ad_msgs/ad_msgs/msg/detail/vehicle_state__functions.h\n'}
[0.556269] (ad_msgs) StdoutLine: {'line': b'-- Up-to-date symlink: /home/joon/mission_hard/mission_hard/install/ad_msgs/include/ad_msgs/ad_msgs/msg/detail/vehicle_state__struct.h\n'}
[0.556630] (ad_msgs) StdoutLine: {'line': b'-- Up-to-date symlink: /home/joon/mission_hard/mission_hard/install/ad_msgs/include/ad_msgs/ad_msgs/msg/detail/vehicle_state__type_support.h\n'}
[0.556835] (ad_msgs) StdoutLine: {'line': b'-- Up-to-date symlink: /home/joon/mission_hard/mission_hard/install/ad_msgs/include/ad_msgs/ad_msgs/msg/lane_point_data.h\n'}
[0.557016] (ad_msgs) StdoutLine: {'line': b'-- Up-to-date symlink: /home/joon/mission_hard/mission_hard/install/ad_msgs/include/ad_msgs/ad_msgs/msg/lane_point_data_array.h\n'}
[0.557171] (ad_msgs) StdoutLine: {'line': b'-- Up-to-date symlink: /home/joon/mission_hard/mission_hard/install/ad_msgs/include/ad_msgs/ad_msgs/msg/mission.h\n'}
[0.557340] (ad_msgs) StdoutLine: {'line': b'-- Up-to-date symlink: /home/joon/mission_hard/mission_hard/install/ad_msgs/include/ad_msgs/ad_msgs/msg/mission_display.h\n'}
[0.557628] (ad_msgs) StdoutLine: {'line': b'-- Up-to-date symlink: /home/joon/mission_hard/mission_hard/install/ad_msgs/include/ad_msgs/ad_msgs/msg/mission_object.h\n'}
[0.557685] (ad_msgs) StdoutLine: {'line': b'-- Up-to-date symlink: /home/joon/mission_hard/mission_hard/install/ad_msgs/include/ad_msgs/ad_msgs/msg/mission_region.h\n'}
[0.557724] (ad_msgs) StdoutLine: {'line': b'-- Up-to-date symlink: /home/joon/mission_hard/mission_hard/install/ad_msgs/include/ad_msgs/ad_msgs/msg/polyfit_lane_data.h\n'}
[0.557760] (ad_msgs) StdoutLine: {'line': b'-- Up-to-date symlink: /home/joon/mission_hard/mission_hard/install/ad_msgs/include/ad_msgs/ad_msgs/msg/polyfit_lane_data_array.h\n'}
[0.557796] (ad_msgs) StdoutLine: {'line': b'-- Up-to-date symlink: /home/joon/mission_hard/mission_hard/install/ad_msgs/include/ad_msgs/ad_msgs/msg/rosidl_generator_c__visibility_control.h\n'}
[0.557830] (ad_msgs) StdoutLine: {'line': b'-- Up-to-date symlink: /home/joon/mission_hard/mission_hard/install/ad_msgs/include/ad_msgs/ad_msgs/msg/vehicle_command.h\n'}
[0.557865] (ad_msgs) StdoutLine: {'line': b'-- Up-to-date symlink: /home/joon/mission_hard/mission_hard/install/ad_msgs/include/ad_msgs/ad_msgs/msg/vehicle_state.h\n'}
[0.557898] (ad_msgs) StdoutLine: {'line': b'-- Up-to-date symlink: /home/joon/mission_hard/mission_hard/install/ad_msgs/share/ad_msgs/environment/library_path.sh\n'}
[0.557939] (ad_msgs) StdoutLine: {'line': b'-- Up-to-date symlink: /home/joon/mission_hard/mission_hard/install/ad_msgs/share/ad_msgs/environment/library_path.dsv\n'}
[0.558250] (ad_msgs) StdoutLine: {'line': b'-- Up-to-date symlink: /home/joon/mission_hard/mission_hard/install/ad_msgs/include/ad_msgs/ad_msgs/msg/detail/lane_point_data__rosidl_typesupport_fastrtps_c.h\n'}
[0.558458] (ad_msgs) StdoutLine: {'line': b'-- Up-to-date symlink: /home/joon/mission_hard/mission_hard/install/ad_msgs/include/ad_msgs/ad_msgs/msg/detail/lane_point_data_array__rosidl_typesupport_fastrtps_c.h\n'}
[0.558530] (ad_msgs) StdoutLine: {'line': b'-- Up-to-date symlink: /home/joon/mission_hard/mission_hard/install/ad_msgs/include/ad_msgs/ad_msgs/msg/detail/mission__rosidl_typesupport_fastrtps_c.h\n'}
[0.558712] (ad_msgs) StdoutLine: {'line': b'-- Up-to-date symlink: /home/joon/mission_hard/mission_hard/install/ad_msgs/include/ad_msgs/ad_msgs/msg/detail/mission_display__rosidl_typesupport_fastrtps_c.h\n'}
[0.558769] (ad_msgs) StdoutLine: {'line': b'-- Up-to-date symlink: /home/joon/mission_hard/mission_hard/install/ad_msgs/include/ad_msgs/ad_msgs/msg/detail/mission_object__rosidl_typesupport_fastrtps_c.h\n'}
[0.558964] (ad_msgs) StdoutLine: {'line': b'-- Up-to-date symlink: /home/joon/mission_hard/mission_hard/install/ad_msgs/include/ad_msgs/ad_msgs/msg/detail/mission_region__rosidl_typesupport_fastrtps_c.h\n'}
[0.559084] (ad_msgs) StdoutLine: {'line': b'-- Up-to-date symlink: /home/joon/mission_hard/mission_hard/install/ad_msgs/include/ad_msgs/ad_msgs/msg/detail/polyfit_lane_data__rosidl_typesupport_fastrtps_c.h\n'}
[0.559142] (ad_msgs) StdoutLine: {'line': b'-- Up-to-date symlink: /home/joon/mission_hard/mission_hard/install/ad_msgs/include/ad_msgs/ad_msgs/msg/detail/polyfit_lane_data_array__rosidl_typesupport_fastrtps_c.h\n'}
[0.559243] (ad_msgs) StdoutLine: {'line': b'-- Up-to-date symlink: /home/joon/mission_hard/mission_hard/install/ad_msgs/include/ad_msgs/ad_msgs/msg/detail/vehicle_command__rosidl_typesupport_fastrtps_c.h\n'}
[0.559373] (ad_msgs) StdoutLine: {'line': b'-- Up-to-date symlink: /home/joon/mission_hard/mission_hard/install/ad_msgs/include/ad_msgs/ad_msgs/msg/detail/vehicle_state__rosidl_typesupport_fastrtps_c.h\n'}
[0.559563] (ad_msgs) StdoutLine: {'line': b'-- Up-to-date symlink: /home/joon/mission_hard/mission_hard/install/ad_msgs/include/ad_msgs/ad_msgs/msg/rosidl_typesupport_fastrtps_c__visibility_control.h\n'}
[0.560188] (ad_msgs) StdoutLine: {'line': b'-- Up-to-date symlink: /home/joon/mission_hard/mission_hard/install/ad_msgs/include/ad_msgs/ad_msgs/msg/detail/lane_point_data__rosidl_typesupport_introspection_c.h\n'}
[0.560289] (ad_msgs) StdoutLine: {'line': b'-- Up-to-date symlink: /home/joon/mission_hard/mission_hard/install/ad_msgs/include/ad_msgs/ad_msgs/msg/detail/lane_point_data_array__rosidl_typesupport_introspection_c.h\n'}
[0.560490] (ad_msgs) StdoutLine: {'line': b'-- Up-to-date symlink: /home/joon/mission_hard/mission_hard/install/ad_msgs/include/ad_msgs/ad_msgs/msg/detail/mission__rosidl_typesupport_introspection_c.h\n'}
[0.560598] (ad_msgs) StdoutLine: {'line': b'-- Up-to-date symlink: /home/joon/mission_hard/mission_hard/install/ad_msgs/include/ad_msgs/ad_msgs/msg/detail/mission_display__rosidl_typesupport_introspection_c.h\n'}
[0.560830] (ad_msgs) StdoutLine: {'line': b'-- Up-to-date symlink: /home/joon/mission_hard/mission_hard/install/ad_msgs/include/ad_msgs/ad_msgs/msg/detail/mission_object__rosidl_typesupport_introspection_c.h\n'}
[0.561024] (ad_msgs) StdoutLine: {'line': b'-- Up-to-date symlink: /home/joon/mission_hard/mission_hard/install/ad_msgs/include/ad_msgs/ad_msgs/msg/detail/mission_region__rosidl_typesupport_introspection_c.h\n'}
[0.561159] (ad_msgs) StdoutLine: {'line': b'-- Up-to-date symlink: /home/joon/mission_hard/mission_hard/install/ad_msgs/include/ad_msgs/ad_msgs/msg/detail/polyfit_lane_data__rosidl_typesupport_introspection_c.h\n'}
[0.561271] (ad_msgs) StdoutLine: {'line': b'-- Up-to-date symlink: /home/joon/mission_hard/mission_hard/install/ad_msgs/include/ad_msgs/ad_msgs/msg/detail/polyfit_lane_data_array__rosidl_typesupport_introspection_c.h\n'}
[0.561388] (ad_msgs) StdoutLine: {'line': b'-- Up-to-date symlink: /home/joon/mission_hard/mission_hard/install/ad_msgs/include/ad_msgs/ad_msgs/msg/detail/vehicle_command__rosidl_typesupport_introspection_c.h\n'}
[0.561582] (ad_msgs) StdoutLine: {'line': b'-- Up-to-date symlink: /home/joon/mission_hard/mission_hard/install/ad_msgs/include/ad_msgs/ad_msgs/msg/detail/vehicle_state__rosidl_typesupport_introspection_c.h\n'}
[0.561735] (ad_msgs) StdoutLine: {'line': b'-- Up-to-date symlink: /home/joon/mission_hard/mission_hard/install/ad_msgs/include/ad_msgs/ad_msgs/msg/rosidl_typesupport_introspection_c__visibility_control.h\n'}
[0.562208] (ad_msgs) StdoutLine: {'line': b'-- Up-to-date symlink: /home/joon/mission_hard/mission_hard/install/ad_msgs/include/ad_msgs/ad_msgs/msg/detail/lane_point_data__builder.hpp\n'}
[0.562430] (ad_msgs) StdoutLine: {'line': b'-- Up-to-date symlink: /home/joon/mission_hard/mission_hard/install/ad_msgs/include/ad_msgs/ad_msgs/msg/detail/lane_point_data__struct.hpp\n'}
[0.562630] (ad_msgs) StdoutLine: {'line': b'-- Up-to-date symlink: /home/joon/mission_hard/mission_hard/install/ad_msgs/include/ad_msgs/ad_msgs/msg/detail/lane_point_data__traits.hpp\n'}
[0.562848] (ad_msgs) StdoutLine: {'line': b'-- Up-to-date symlink: /home/joon/mission_hard/mission_hard/install/ad_msgs/include/ad_msgs/ad_msgs/msg/detail/lane_point_data__type_support.hpp\n'}
[0.563296] (ad_msgs) StdoutLine: {'line': b'-- Up-to-date symlink: /home/joon/mission_hard/mission_hard/install/ad_msgs/include/ad_msgs/ad_msgs/msg/detail/lane_point_data_array__builder.hpp\n'}
[0.563548] (ad_msgs) StdoutLine: {'line': b'-- Up-to-date symlink: /home/joon/mission_hard/mission_hard/install/ad_msgs/include/ad_msgs/ad_msgs/msg/detail/lane_point_data_array__struct.hpp\n'}
[0.563609] (ad_msgs) StdoutLine: {'line': b'-- Up-to-date symlink: /home/joon/mission_hard/mission_hard/install/ad_msgs/include/ad_msgs/ad_msgs/msg/detail/lane_point_data_array__traits.hpp\n'}
[0.563794] (ad_msgs) StdoutLine: {'line': b'-- Up-to-date symlink: /home/joon/mission_hard/mission_hard/install/ad_msgs/include/ad_msgs/ad_msgs/msg/detail/lane_point_data_array__type_support.hpp\n'}
[0.563984] (ad_msgs) StdoutLine: {'line': b'-- Up-to-date symlink: /home/joon/mission_hard/mission_hard/install/ad_msgs/include/ad_msgs/ad_msgs/msg/detail/mission__builder.hpp\n'}
[0.564173] (ad_msgs) StdoutLine: {'line': b'-- Up-to-date symlink: /home/joon/mission_hard/mission_hard/install/ad_msgs/include/ad_msgs/ad_msgs/msg/detail/mission__struct.hpp\n'}
[0.564231] (ad_msgs) StdoutLine: {'line': b'-- Up-to-date symlink: /home/joon/mission_hard/mission_hard/install/ad_msgs/include/ad_msgs/ad_msgs/msg/detail/mission__traits.hpp\n'}
[0.564379] (ad_msgs) StdoutLine: {'line': b'-- Up-to-date symlink: /home/joon/mission_hard/mission_hard/install/ad_msgs/include/ad_msgs/ad_msgs/msg/detail/mission__type_support.hpp\n'}
[0.564566] (ad_msgs) StdoutLine: {'line': b'-- Up-to-date symlink: /home/joon/mission_hard/mission_hard/install/ad_msgs/include/ad_msgs/ad_msgs/msg/detail/mission_display__builder.hpp\n'}
[0.564759] (ad_msgs) StdoutLine: {'line': b'-- Up-to-date symlink: /home/joon/mission_hard/mission_hard/install/ad_msgs/include/ad_msgs/ad_msgs/msg/detail/mission_display__struct.hpp\n'}
[0.565068] (ad_msgs) StdoutLine: {'line': b'-- Up-to-date symlink: /home/joon/mission_hard/mission_hard/install/ad_msgs/include/ad_msgs/ad_msgs/msg/detail/mission_display__traits.hpp\n'}
[0.565355] (ad_msgs) StdoutLine: {'line': b'-- Up-to-date symlink: /home/joon/mission_hard/mission_hard/install/ad_msgs/include/ad_msgs/ad_msgs/msg/detail/mission_display__type_support.hpp\n'}
[0.565495] (ad_msgs) StdoutLine: {'line': b'-- Up-to-date symlink: /home/joon/mission_hard/mission_hard/install/ad_msgs/include/ad_msgs/ad_msgs/msg/detail/mission_object__builder.hpp\n'}
[0.565615] (ad_msgs) StdoutLine: {'line': b'-- Up-to-date symlink: /home/joon/mission_hard/mission_hard/install/ad_msgs/include/ad_msgs/ad_msgs/msg/detail/mission_object__struct.hpp\n'}
[0.565811] (ad_msgs) StdoutLine: {'line': b'-- Up-to-date symlink: /home/joon/mission_hard/mission_hard/install/ad_msgs/include/ad_msgs/ad_msgs/msg/detail/mission_object__traits.hpp\n'}
[0.566088] (ad_msgs) StdoutLine: {'line': b'-- Up-to-date symlink: /home/joon/mission_hard/mission_hard/install/ad_msgs/include/ad_msgs/ad_msgs/msg/detail/mission_object__type_support.hpp\n'}
[0.566164] (ad_msgs) StdoutLine: {'line': b'-- Up-to-date symlink: /home/joon/mission_hard/mission_hard/install/ad_msgs/include/ad_msgs/ad_msgs/msg/detail/mission_region__builder.hpp\n'}
[0.566387] (ad_msgs) StdoutLine: {'line': b'-- Up-to-date symlink: /home/joon/mission_hard/mission_hard/install/ad_msgs/include/ad_msgs/ad_msgs/msg/detail/mission_region__struct.hpp\n'}
[0.566510] (ad_msgs) StdoutLine: {'line': b'-- Up-to-date symlink: /home/joon/mission_hard/mission_hard/install/ad_msgs/include/ad_msgs/ad_msgs/msg/detail/mission_region__traits.hpp\n'}
[0.566628] (ad_msgs) StdoutLine: {'line': b'-- Up-to-date symlink: /home/joon/mission_hard/mission_hard/install/ad_msgs/include/ad_msgs/ad_msgs/msg/detail/mission_region__type_support.hpp\n'}
[0.566743] (ad_msgs) StdoutLine: {'line': b'-- Up-to-date symlink: /home/joon/mission_hard/mission_hard/install/ad_msgs/include/ad_msgs/ad_msgs/msg/detail/polyfit_lane_data__builder.hpp\n'}
[0.566859] (ad_msgs) StdoutLine: {'line': b'-- Up-to-date symlink: /home/joon/mission_hard/mission_hard/install/ad_msgs/include/ad_msgs/ad_msgs/msg/detail/polyfit_lane_data__struct.hpp\n'}
[0.567106] (ad_msgs) StdoutLine: {'line': b'-- Up-to-date symlink: /home/joon/mission_hard/mission_hard/install/ad_msgs/include/ad_msgs/ad_msgs/msg/detail/polyfit_lane_data__traits.hpp\n'}
[0.567301] (ad_msgs) StdoutLine: {'line': b'-- Up-to-date symlink: /home/joon/mission_hard/mission_hard/install/ad_msgs/include/ad_msgs/ad_msgs/msg/detail/polyfit_lane_data__type_support.hpp\n'}
[0.567517] (ad_msgs) StdoutLine: {'line': b'-- Up-to-date symlink: /home/joon/mission_hard/mission_hard/install/ad_msgs/include/ad_msgs/ad_msgs/msg/detail/polyfit_lane_data_array__builder.hpp\n'}
[0.567676] (ad_msgs) StdoutLine: {'line': b'-- Up-to-date symlink: /home/joon/mission_hard/mission_hard/install/ad_msgs/include/ad_msgs/ad_msgs/msg/detail/polyfit_lane_data_array__struct.hpp\n'}
[0.567779] (ad_msgs) StdoutLine: {'line': b'-- Up-to-date symlink: /home/joon/mission_hard/mission_hard/install/ad_msgs/include/ad_msgs/ad_msgs/msg/detail/polyfit_lane_data_array__traits.hpp\n'}
[0.567883] (ad_msgs) StdoutLine: {'line': b'-- Up-to-date symlink: /home/joon/mission_hard/mission_hard/install/ad_msgs/include/ad_msgs/ad_msgs/msg/detail/polyfit_lane_data_array__type_support.hpp\n'}
[0.568120] (ad_msgs) StdoutLine: {'line': b'-- Up-to-date symlink: /home/joon/mission_hard/mission_hard/install/ad_msgs/include/ad_msgs/ad_msgs/msg/detail/vehicle_command__builder.hpp\n'}
[0.568270] (ad_msgs) StdoutLine: {'line': b'-- Up-to-date symlink: /home/joon/mission_hard/mission_hard/install/ad_msgs/include/ad_msgs/ad_msgs/msg/detail/vehicle_command__struct.hpp\n'}
[0.568389] (ad_msgs) StdoutLine: {'line': b'-- Up-to-date symlink: /home/joon/mission_hard/mission_hard/install/ad_msgs/include/ad_msgs/ad_msgs/msg/detail/vehicle_command__traits.hpp\n'}
[0.568494] (ad_msgs) StdoutLine: {'line': b'-- Up-to-date symlink: /home/joon/mission_hard/mission_hard/install/ad_msgs/include/ad_msgs/ad_msgs/msg/detail/vehicle_command__type_support.hpp\n'}
[0.568613] (ad_msgs) StdoutLine: {'line': b'-- Up-to-date symlink: /home/joon/mission_hard/mission_hard/install/ad_msgs/include/ad_msgs/ad_msgs/msg/detail/vehicle_state__builder.hpp\n'}
[0.568740] (ad_msgs) StdoutLine: {'line': b'-- Up-to-date symlink: /home/joon/mission_hard/mission_hard/install/ad_msgs/include/ad_msgs/ad_msgs/msg/detail/vehicle_state__struct.hpp\n'}
[0.568842] (ad_msgs) StdoutLine: {'line': b'-- Up-to-date symlink: /home/joon/mission_hard/mission_hard/install/ad_msgs/include/ad_msgs/ad_msgs/msg/detail/vehicle_state__traits.hpp\n'}
[0.569052] (ad_msgs) StdoutLine: {'line': b'-- Up-to-date symlink: /home/joon/mission_hard/mission_hard/install/ad_msgs/include/ad_msgs/ad_msgs/msg/detail/vehicle_state__type_support.hpp\n'}
[0.569167] (ad_msgs) StdoutLine: {'line': b'-- Up-to-date symlink: /home/joon/mission_hard/mission_hard/install/ad_msgs/include/ad_msgs/ad_msgs/msg/lane_point_data.hpp\n'}
[0.569289] (ad_msgs) StdoutLine: {'line': b'-- Up-to-date symlink: /home/joon/mission_hard/mission_hard/install/ad_msgs/include/ad_msgs/ad_msgs/msg/lane_point_data_array.hpp\n'}
[0.569390] (ad_msgs) StdoutLine: {'line': b'-- Up-to-date symlink: /home/joon/mission_hard/mission_hard/install/ad_msgs/include/ad_msgs/ad_msgs/msg/mission.hpp\n'}
[0.569503] (ad_msgs) StdoutLine: {'line': b'-- Up-to-date symlink: /home/joon/mission_hard/mission_hard/install/ad_msgs/include/ad_msgs/ad_msgs/msg/mission_display.hpp\n'}
[0.569643] (ad_msgs) StdoutLine: {'line': b'-- Up-to-date symlink: /home/joon/mission_hard/mission_hard/install/ad_msgs/include/ad_msgs/ad_msgs/msg/mission_object.hpp\n'}
[0.569746] (ad_msgs) StdoutLine: {'line': b'-- Up-to-date symlink: /home/joon/mission_hard/mission_hard/install/ad_msgs/include/ad_msgs/ad_msgs/msg/mission_region.hpp\n'}
[0.569920] (ad_msgs) StdoutLine: {'line': b'-- Up-to-date symlink: /home/joon/mission_hard/mission_hard/install/ad_msgs/include/ad_msgs/ad_msgs/msg/polyfit_lane_data.hpp\n'}
[0.570004] (ad_msgs) StdoutLine: {'line': b'-- Up-to-date symlink: /home/joon/mission_hard/mission_hard/install/ad_msgs/include/ad_msgs/ad_msgs/msg/polyfit_lane_data_array.hpp\n'}
[0.570063] (ad_msgs) StdoutLine: {'line': b'-- Up-to-date symlink: /home/joon/mission_hard/mission_hard/install/ad_msgs/include/ad_msgs/ad_msgs/msg/rosidl_generator_cpp__visibility_control.hpp\n'}
[0.570119] (ad_msgs) StdoutLine: {'line': b'-- Up-to-date symlink: /home/joon/mission_hard/mission_hard/install/ad_msgs/include/ad_msgs/ad_msgs/msg/vehicle_command.hpp\n'}
[0.570177] (ad_msgs) StdoutLine: {'line': b'-- Up-to-date symlink: /home/joon/mission_hard/mission_hard/install/ad_msgs/include/ad_msgs/ad_msgs/msg/vehicle_state.hpp\n'}
[0.570763] (ad_msgs) StdoutLine: {'line': b'-- Up-to-date symlink: /home/joon/mission_hard/mission_hard/install/ad_msgs/include/ad_msgs/ad_msgs/msg/detail/lane_point_data__rosidl_typesupport_fastrtps_cpp.hpp\n'}
[0.570912] (ad_msgs) StdoutLine: {'line': b'-- Up-to-date symlink: /home/joon/mission_hard/mission_hard/install/ad_msgs/include/ad_msgs/ad_msgs/msg/detail/lane_point_data_array__rosidl_typesupport_fastrtps_cpp.hpp\n'}
[0.571168] (ad_msgs) StdoutLine: {'line': b'-- Up-to-date symlink: /home/joon/mission_hard/mission_hard/install/ad_msgs/include/ad_msgs/ad_msgs/msg/detail/mission__rosidl_typesupport_fastrtps_cpp.hpp\n'}
[0.571282] (ad_msgs) StdoutLine: {'line': b'-- Up-to-date symlink: /home/joon/mission_hard/mission_hard/install/ad_msgs/include/ad_msgs/ad_msgs/msg/detail/mission_display__rosidl_typesupport_fastrtps_cpp.hpp\n'}
[0.571587] (ad_msgs) StdoutLine: {'line': b'-- Up-to-date symlink: /home/joon/mission_hard/mission_hard/install/ad_msgs/include/ad_msgs/ad_msgs/msg/detail/mission_object__rosidl_typesupport_fastrtps_cpp.hpp\n'}
[0.571752] (ad_msgs) StdoutLine: {'line': b'-- Up-to-date symlink: /home/joon/mission_hard/mission_hard/install/ad_msgs/include/ad_msgs/ad_msgs/msg/detail/mission_region__rosidl_typesupport_fastrtps_cpp.hpp\n'}
[0.572035] (ad_msgs) StdoutLine: {'line': b'-- Up-to-date symlink: /home/joon/mission_hard/mission_hard/install/ad_msgs/include/ad_msgs/ad_msgs/msg/detail/polyfit_lane_data__rosidl_typesupport_fastrtps_cpp.hpp\n'}
[0.572222] (ad_msgs) StdoutLine: {'line': b'-- Up-to-date symlink: /home/joon/mission_hard/mission_hard/install/ad_msgs/include/ad_msgs/ad_msgs/msg/detail/polyfit_lane_data_array__rosidl_typesupport_fastrtps_cpp.hpp\n'}
[0.572410] (ad_msgs) StdoutLine: {'line': b'-- Up-to-date symlink: /home/joon/mission_hard/mission_hard/install/ad_msgs/include/ad_msgs/ad_msgs/msg/detail/vehicle_command__rosidl_typesupport_fastrtps_cpp.hpp\n'}
[0.574223] (ad_msgs) StdoutLine: {'line': b'-- Up-to-date symlink: /home/joon/mission_hard/mission_hard/install/ad_msgs/include/ad_msgs/ad_msgs/msg/detail/vehicle_state__rosidl_typesupport_fastrtps_cpp.hpp\n'}
[0.574383] (ad_msgs) StdoutLine: {'line': b'-- Up-to-date symlink: /home/joon/mission_hard/mission_hard/install/ad_msgs/include/ad_msgs/ad_msgs/msg/rosidl_typesupport_fastrtps_cpp__visibility_control.h\n'}
[0.574877] (ad_msgs) StdoutLine: {'line': b'-- Up-to-date symlink: /home/joon/mission_hard/mission_hard/install/ad_msgs/include/ad_msgs/ad_msgs/msg/detail/lane_point_data__rosidl_typesupport_introspection_cpp.hpp\n'}
[0.575307] (ad_msgs) StdoutLine: {'line': b'-- Up-to-date symlink: /home/joon/mission_hard/mission_hard/install/ad_msgs/include/ad_msgs/ad_msgs/msg/detail/lane_point_data_array__rosidl_typesupport_introspection_cpp.hpp\n'}
[0.576084] (ad_msgs) StdoutLine: {'line': b'-- Up-to-date symlink: /home/joon/mission_hard/mission_hard/install/ad_msgs/include/ad_msgs/ad_msgs/msg/detail/mission__rosidl_typesupport_introspection_cpp.hpp\n'}
[0.576171] (ad_msgs) StdoutLine: {'line': b'-- Up-to-date symlink: /home/joon/mission_hard/mission_hard/install/ad_msgs/include/ad_msgs/ad_msgs/msg/detail/mission_display__rosidl_typesupport_introspection_cpp.hpp\n'}
[0.576380] (ad_msgs) StdoutLine: {'line': b'-- Up-to-date symlink: /home/joon/mission_hard/mission_hard/install/ad_msgs/include/ad_msgs/ad_msgs/msg/detail/mission_object__rosidl_typesupport_introspection_cpp.hpp\n'}
[0.576733] (ad_msgs) StdoutLine: {'line': b'-- Up-to-date symlink: /home/joon/mission_hard/mission_hard/install/ad_msgs/include/ad_msgs/ad_msgs/msg/detail/mission_region__rosidl_typesupport_introspection_cpp.hpp\n'}
[0.576861] (ad_msgs) StdoutLine: {'line': b'-- Up-to-date symlink: /home/joon/mission_hard/mission_hard/install/ad_msgs/include/ad_msgs/ad_msgs/msg/detail/polyfit_lane_data__rosidl_typesupport_introspection_cpp.hpp\n'}
[0.577110] (ad_msgs) StdoutLine: {'line': b'-- Up-to-date symlink: /home/joon/mission_hard/mission_hard/install/ad_msgs/include/ad_msgs/ad_msgs/msg/detail/polyfit_lane_data_array__rosidl_typesupport_introspection_cpp.hpp\n'}
[0.577191] (ad_msgs) StdoutLine: {'line': b'-- Up-to-date symlink: /home/joon/mission_hard/mission_hard/install/ad_msgs/include/ad_msgs/ad_msgs/msg/detail/vehicle_command__rosidl_typesupport_introspection_cpp.hpp\n'}
[0.577251] (ad_msgs) StdoutLine: {'line': b'-- Up-to-date symlink: /home/joon/mission_hard/mission_hard/install/ad_msgs/include/ad_msgs/ad_msgs/msg/detail/vehicle_state__rosidl_typesupport_introspection_cpp.hpp\n'}
[0.577447] (ad_msgs) StdoutLine: {'line': b'-- Up-to-date symlink: /home/joon/mission_hard/mission_hard/install/ad_msgs/share/ad_msgs/environment/pythonpath.sh\n'}
[0.577742] (ad_msgs) StdoutLine: {'line': b'-- Up-to-date symlink: /home/joon/mission_hard/mission_hard/install/ad_msgs/share/ad_msgs/environment/pythonpath.dsv\n'}
[0.578162] (ad_msgs) StdoutLine: {'line': b'-- Up-to-date symlink: /home/joon/mission_hard/mission_hard/install/ad_msgs/local/lib/python3.10/dist-packages/ad_msgs-0.0.0-py3.10.egg-info/PKG-INFO\n'}
[0.578341] (ad_msgs) StdoutLine: {'line': b'-- Up-to-date symlink: /home/joon/mission_hard/mission_hard/install/ad_msgs/local/lib/python3.10/dist-packages/ad_msgs-0.0.0-py3.10.egg-info/SOURCES.txt\n'}
[0.578498] (ad_msgs) StdoutLine: {'line': b'-- Up-to-date symlink: /home/joon/mission_hard/mission_hard/install/ad_msgs/local/lib/python3.10/dist-packages/ad_msgs-0.0.0-py3.10.egg-info/dependency_links.txt\n'}
[0.578630] (ad_msgs) StdoutLine: {'line': b'-- Up-to-date symlink: /home/joon/mission_hard/mission_hard/install/ad_msgs/local/lib/python3.10/dist-packages/ad_msgs-0.0.0-py3.10.egg-info/top_level.txt\n'}
[0.579814] (ad_msgs) StdoutLine: {'line': b'-- Up-to-date symlink: /home/joon/mission_hard/mission_hard/install/ad_msgs/local/lib/python3.10/dist-packages/ad_msgs/__init__.py\n'}
[0.581469] (ad_msgs) StdoutLine: {'line': b'-- Up-to-date symlink: /home/joon/mission_hard/mission_hard/install/ad_msgs/local/lib/python3.10/dist-packages/ad_msgs/_ad_msgs_s.ep.rosidl_typesupport_c.c\n'}
[0.584506] (ad_msgs) StdoutLine: {'line': b'-- Up-to-date symlink: /home/joon/mission_hard/mission_hard/install/ad_msgs/local/lib/python3.10/dist-packages/ad_msgs/_ad_msgs_s.ep.rosidl_typesupport_fastrtps_c.c\n'}
[0.585141] (ad_msgs) StdoutLine: {'line': b'-- Up-to-date symlink: /home/joon/mission_hard/mission_hard/install/ad_msgs/local/lib/python3.10/dist-packages/ad_msgs/_ad_msgs_s.ep.rosidl_typesupport_introspection_c.c\n'}
[0.585343] (ad_msgs) StdoutLine: {'line': b'-- Up-to-date symlink: /home/joon/mission_hard/mission_hard/install/ad_msgs/local/lib/python3.10/dist-packages/ad_msgs/ad_msgs_s__rosidl_typesupport_c.cpython-310-x86_64-linux-gnu.so\n'}
[0.585540] (ad_msgs) StdoutLine: {'line': b'-- Up-to-date symlink: /home/joon/mission_hard/mission_hard/install/ad_msgs/local/lib/python3.10/dist-packages/ad_msgs/ad_msgs_s__rosidl_typesupport_fastrtps_c.cpython-310-x86_64-linux-gnu.so\n'}
[0.586041] (ad_msgs) StdoutLine: {'line': b'-- Up-to-date symlink: /home/joon/mission_hard/mission_hard/install/ad_msgs/local/lib/python3.10/dist-packages/ad_msgs/ad_msgs_s__rosidl_typesupport_introspection_c.cpython-310-x86_64-linux-gnu.so\n'}
[0.586885] (ad_msgs) StdoutLine: {'line': b'-- Up-to-date symlink: /home/joon/mission_hard/mission_hard/install/ad_msgs/local/lib/python3.10/dist-packages/ad_msgs/libad_msgs__rosidl_generator_py.so\n'}
[0.587016] (ad_msgs) StdoutLine: {'line': b'-- Up-to-date symlink: /home/joon/mission_hard/mission_hard/install/ad_msgs/local/lib/python3.10/dist-packages/ad_msgs/msg/__init__.py\n'}
[0.587204] (ad_msgs) StdoutLine: {'line': b'-- Up-to-date symlink: /home/joon/mission_hard/mission_hard/install/ad_msgs/local/lib/python3.10/dist-packages/ad_msgs/msg/_lane_point_data.py\n'}
[0.587327] (ad_msgs) StdoutLine: {'line': b'-- Up-to-date symlink: /home/joon/mission_hard/mission_hard/install/ad_msgs/local/lib/python3.10/dist-packages/ad_msgs/msg/_lane_point_data_array.py\n'}
[0.587394] (ad_msgs) StdoutLine: {'line': b'-- Up-to-date symlink: /home/joon/mission_hard/mission_hard/install/ad_msgs/local/lib/python3.10/dist-packages/ad_msgs/msg/_lane_point_data_array_s.c\n'}
[0.588138] (ad_msgs) StdoutLine: {'line': b'-- Up-to-date symlink: /home/joon/mission_hard/mission_hard/install/ad_msgs/local/lib/python3.10/dist-packages/ad_msgs/msg/_lane_point_data_s.c\n'}
[0.588282] (ad_msgs) StdoutLine: {'line': b'-- Up-to-date symlink: /home/joon/mission_hard/mission_hard/install/ad_msgs/local/lib/python3.10/dist-packages/ad_msgs/msg/_mission.py\n'}
[0.588355] (ad_msgs) StdoutLine: {'line': b'-- Up-to-date symlink: /home/joon/mission_hard/mission_hard/install/ad_msgs/local/lib/python3.10/dist-packages/ad_msgs/msg/_mission_display.py\n'}
[0.595235] (ad_msgs) StdoutLine: {'line': b'-- Up-to-date symlink: /home/joon/mission_hard/mission_hard/install/ad_msgs/local/lib/python3.10/dist-packages/ad_msgs/msg/_mission_display_s.c\n'}
[0.595930] (ad_msgs) StdoutLine: {'line': b'-- Up-to-date symlink: /home/joon/mission_hard/mission_hard/install/ad_msgs/local/lib/python3.10/dist-packages/ad_msgs/msg/_mission_object.py\n'}
[0.596051] (ad_msgs) StdoutLine: {'line': b'-- Up-to-date symlink: /home/joon/mission_hard/mission_hard/install/ad_msgs/local/lib/python3.10/dist-packages/ad_msgs/msg/_mission_object_s.c\n'}
[0.596168] (ad_msgs) StdoutLine: {'line': b'-- Up-to-date symlink: /home/joon/mission_hard/mission_hard/install/ad_msgs/local/lib/python3.10/dist-packages/ad_msgs/msg/_mission_region.py\n'}
[0.596427] (ad_msgs) StdoutLine: {'line': b'-- Up-to-date symlink: /home/joon/mission_hard/mission_hard/install/ad_msgs/local/lib/python3.10/dist-packages/ad_msgs/msg/_mission_region_s.c\n'}
[0.596738] (ad_msgs) StdoutLine: {'line': b'-- Up-to-date symlink: /home/joon/mission_hard/mission_hard/install/ad_msgs/local/lib/python3.10/dist-packages/ad_msgs/msg/_mission_s.c\n'}
[0.597072] (ad_msgs) StdoutLine: {'line': b'-- Up-to-date symlink: /home/joon/mission_hard/mission_hard/install/ad_msgs/local/lib/python3.10/dist-packages/ad_msgs/msg/_polyfit_lane_data.py\n'}
[0.597235] (ad_msgs) StdoutLine: {'line': b'-- Up-to-date symlink: /home/joon/mission_hard/mission_hard/install/ad_msgs/local/lib/python3.10/dist-packages/ad_msgs/msg/_polyfit_lane_data_array.py\n'}
[0.597537] (ad_msgs) StdoutLine: {'line': b'-- Up-to-date symlink: /home/joon/mission_hard/mission_hard/install/ad_msgs/local/lib/python3.10/dist-packages/ad_msgs/msg/_polyfit_lane_data_array_s.c\n'}
[0.597626] (ad_msgs) StdoutLine: {'line': b'-- Up-to-date symlink: /home/joon/mission_hard/mission_hard/install/ad_msgs/local/lib/python3.10/dist-packages/ad_msgs/msg/_polyfit_lane_data_s.c\n'}
[0.597716] (ad_msgs) StdoutLine: {'line': b'-- Up-to-date symlink: /home/joon/mission_hard/mission_hard/install/ad_msgs/local/lib/python3.10/dist-packages/ad_msgs/msg/_vehicle_command.py\n'}
[0.598190] (ad_msgs) StdoutLine: {'line': b'-- Up-to-date symlink: /home/joon/mission_hard/mission_hard/install/ad_msgs/local/lib/python3.10/dist-packages/ad_msgs/msg/_vehicle_command_s.c\n'}
[0.598351] (ad_msgs) StdoutLine: {'line': b'-- Up-to-date symlink: /home/joon/mission_hard/mission_hard/install/ad_msgs/local/lib/python3.10/dist-packages/ad_msgs/msg/_vehicle_state.py\n'}
[0.598747] (ad_msgs) StdoutLine: {'line': b'-- Up-to-date symlink: /home/joon/mission_hard/mission_hard/install/ad_msgs/local/lib/python3.10/dist-packages/ad_msgs/msg/_vehicle_state_s.c\n'}
[0.598883] (ad_msgs) StdoutLine: {'line': b'-- Up-to-date symlink: /home/joon/mission_hard/mission_hard/install/ad_msgs/local/lib/python3.10/dist-packages/ad_msgs/ad_msgs_s__rosidl_typesupport_fastrtps_c.cpython-310-x86_64-linux-gnu.so\n'}
[0.599069] (ad_msgs) StdoutLine: {'line': b'-- Up-to-date symlink: /home/joon/mission_hard/mission_hard/install/ad_msgs/local/lib/python3.10/dist-packages/ad_msgs/ad_msgs_s__rosidl_typesupport_introspection_c.cpython-310-x86_64-linux-gnu.so\n'}
[0.599223] (ad_msgs) StdoutLine: {'line': b'-- Up-to-date symlink: /home/joon/mission_hard/mission_hard/install/ad_msgs/local/lib/python3.10/dist-packages/ad_msgs/ad_msgs_s__rosidl_typesupport_c.cpython-310-x86_64-linux-gnu.so\n'}
[0.600084] (-) TimerEvent: {}
[0.600363] (ad_msgs) StdoutLine: {'line': b'-- Up-to-date symlink: /home/joon/mission_hard/mission_hard/install/ad_msgs/share/ad_msgs/msg/VehicleState.idl\n'}
[0.600617] (ad_msgs) StdoutLine: {'line': b'-- Up-to-date symlink: /home/joon/mission_hard/mission_hard/install/ad_msgs/share/ad_msgs/msg/VehicleCommand.idl\n'}
[0.600798] (ad_msgs) StdoutLine: {'line': b'-- Up-to-date symlink: /home/joon/mission_hard/mission_hard/install/ad_msgs/share/ad_msgs/msg/Mission.idl\n'}
[0.601097] (ad_msgs) StdoutLine: {'line': b'-- Up-to-date symlink: /home/joon/mission_hard/mission_hard/install/ad_msgs/share/ad_msgs/msg/MissionObject.idl\n'}
[0.601262] (ad_msgs) StdoutLine: {'line': b'-- Up-to-date symlink: /home/joon/mission_hard/mission_hard/install/ad_msgs/share/ad_msgs/msg/MissionRegion.idl\n'}
[0.601440] (ad_msgs) StdoutLine: {'line': b'-- Up-to-date symlink: /home/joon/mission_hard/mission_hard/install/ad_msgs/share/ad_msgs/msg/MissionDisplay.idl\n'}
[0.601696] (ad_msgs) StdoutLine: {'line': b'-- Up-to-date symlink: /home/joon/mission_hard/mission_hard/install/ad_msgs/share/ad_msgs/msg/PolyfitLaneData.idl\n'}
[0.601824] (ad_msgs) StdoutLine: {'line': b'-- Up-to-date symlink: /home/joon/mission_hard/mission_hard/install/ad_msgs/share/ad_msgs/msg/LanePointData.idl\n'}
[0.602001] (ad_msgs) StdoutLine: {'line': b'-- Up-to-date symlink: /home/joon/mission_hard/mission_hard/install/ad_msgs/share/ad_msgs/msg/LanePointDataArray.idl\n'}
[0.602312] (ad_msgs) StdoutLine: {'line': b'-- Up-to-date symlink: /home/joon/mission_hard/mission_hard/install/ad_msgs/share/ad_msgs/msg/PolyfitLaneDataArray.idl\n'}
[0.602580] (ad_msgs) StdoutLine: {'line': b'-- Up-to-date symlink: /home/joon/mission_hard/mission_hard/install/ad_msgs/share/ad_msgs/msg/VehicleState.msg\n'}
[0.602745] (ad_msgs) StdoutLine: {'line': b'-- Up-to-date symlink: /home/joon/mission_hard/mission_hard/install/ad_msgs/share/ad_msgs/msg/VehicleCommand.msg\n'}
[0.603004] (ad_msgs) StdoutLine: {'line': b'-- Up-to-date symlink: /home/joon/mission_hard/mission_hard/install/ad_msgs/share/ad_msgs/msg/Mission.msg\n'}
[0.603138] (ad_msgs) StdoutLine: {'line': b'-- Up-to-date symlink: /home/joon/mission_hard/mission_hard/install/ad_msgs/share/ad_msgs/msg/MissionObject.msg\n'}
[0.603521] (ad_msgs) StdoutLine: {'line': b'-- Up-to-date symlink: /home/joon/mission_hard/mission_hard/install/ad_msgs/share/ad_msgs/msg/MissionRegion.msg\n'}
[0.603882] (ad_msgs) StdoutLine: {'line': b'-- Up-to-date symlink: /home/joon/mission_hard/mission_hard/install/ad_msgs/share/ad_msgs/msg/MissionDisplay.msg\n'}
[0.603984] (ad_msgs) StdoutLine: {'line': b'-- Up-to-date symlink: /home/joon/mission_hard/mission_hard/install/ad_msgs/share/ad_msgs/msg/PolyfitLaneData.msg\n'}
[0.604050] (ad_msgs) StdoutLine: {'line': b'-- Up-to-date symlink: /home/joon/mission_hard/mission_hard/install/ad_msgs/share/ad_msgs/msg/LanePointData.msg\n'}
[0.604115] (ad_msgs) StdoutLine: {'line': b'-- Up-to-date symlink: /home/joon/mission_hard/mission_hard/install/ad_msgs/share/ad_msgs/msg/LanePointDataArray.msg\n'}
[0.604238] (ad_msgs) StdoutLine: {'line': b'-- Up-to-date symlink: /home/joon/mission_hard/mission_hard/install/ad_msgs/share/ad_msgs/msg/PolyfitLaneDataArray.msg\n'}
[0.604426] (ad_msgs) StdoutLine: {'line': b'-- Up-to-date symlink: /home/joon/mission_hard/mission_hard/install/ad_msgs/share/ament_index/resource_index/package_run_dependencies/ad_msgs\n'}
[0.604623] (ad_msgs) StdoutLine: {'line': b'-- Up-to-date symlink: /home/joon/mission_hard/mission_hard/install/ad_msgs/share/ament_index/resource_index/parent_prefix_path/ad_msgs\n'}
[0.604751] (ad_msgs) StdoutLine: {'line': b'-- Up-to-date symlink: /home/joon/mission_hard/mission_hard/install/ad_msgs/share/ad_msgs/environment/ament_prefix_path.sh\n'}
[0.604830] (ad_msgs) StdoutLine: {'line': b'-- Up-to-date symlink: /home/joon/mission_hard/mission_hard/install/ad_msgs/share/ad_msgs/environment/ament_prefix_path.dsv\n'}
[0.605147] (ad_msgs) StdoutLine: {'line': b'-- Up-to-date symlink: /home/joon/mission_hard/mission_hard/install/ad_msgs/share/ad_msgs/environment/path.sh\n'}
[0.605332] (ad_msgs) StdoutLine: {'line': b'-- Up-to-date symlink: /home/joon/mission_hard/mission_hard/install/ad_msgs/share/ad_msgs/environment/path.dsv\n'}
[0.605592] (ad_msgs) StdoutLine: {'line': b'-- Up-to-date symlink: /home/joon/mission_hard/mission_hard/install/ad_msgs/share/ad_msgs/local_setup.bash\n'}
[0.605913] (ad_msgs) StdoutLine: {'line': b'-- Up-to-date symlink: /home/joon/mission_hard/mission_hard/install/ad_msgs/share/ad_msgs/local_setup.sh\n'}
[0.606098] (ad_msgs) StdoutLine: {'line': b'-- Up-to-date symlink: /home/joon/mission_hard/mission_hard/install/ad_msgs/share/ad_msgs/local_setup.zsh\n'}
[0.606183] (ad_msgs) StdoutLine: {'line': b'-- Up-to-date symlink: /home/joon/mission_hard/mission_hard/install/ad_msgs/share/ad_msgs/local_setup.dsv\n'}
[0.606249] (ad_msgs) StdoutLine: {'line': b'-- Symlinking: /home/joon/mission_hard/mission_hard/install/ad_msgs/share/ad_msgs/package.dsv\n'}
[0.617786] (ad_msgs) StdoutLine: {'line': b'-- Up-to-date symlink: /home/joon/mission_hard/mission_hard/install/ad_msgs/share/ament_index/resource_index/packages/ad_msgs\n'}
[0.618112] (ad_msgs) StdoutLine: {'line': b'-- Up-to-date symlink: /home/joon/mission_hard/mission_hard/install/ad_msgs/share/ad_msgs/cmake/rosidl_cmake-extras.cmake\n'}
[0.618423] (ad_msgs) StdoutLine: {'line': b'-- Up-to-date symlink: /home/joon/mission_hard/mission_hard/install/ad_msgs/share/ad_msgs/cmake/ament_cmake_export_dependencies-extras.cmake\n'}
[0.618509] (ad_msgs) StdoutLine: {'line': b'-- Up-to-date symlink: /home/joon/mission_hard/mission_hard/install/ad_msgs/share/ad_msgs/cmake/ament_cmake_export_include_directories-extras.cmake\n'}
[0.618769] (ad_msgs) StdoutLine: {'line': b'-- Up-to-date symlink: /home/joon/mission_hard/mission_hard/install/ad_msgs/share/ad_msgs/cmake/ament_cmake_export_libraries-extras.cmake\n'}
[0.619024] (ad_msgs) StdoutLine: {'line': b'-- Up-to-date symlink: /home/joon/mission_hard/mission_hard/install/ad_msgs/share/ad_msgs/cmake/ament_cmake_export_targets-extras.cmake\n'}
[0.619091] (ad_msgs) StdoutLine: {'line': b'-- Up-to-date symlink: /home/joon/mission_hard/mission_hard/install/ad_msgs/share/ad_msgs/cmake/rosidl_cmake_export_typesupport_targets-extras.cmake\n'}
[0.619225] (ad_msgs) StdoutLine: {'line': b'-- Up-to-date symlink: /home/joon/mission_hard/mission_hard/install/ad_msgs/share/ad_msgs/cmake/rosidl_cmake_export_typesupport_libraries-extras.cmake\n'}
[0.619501] (ad_msgs) StdoutLine: {'line': b'-- Up-to-date symlink: /home/joon/mission_hard/mission_hard/install/ad_msgs/share/ad_msgs/cmake/ad_msgsConfig.cmake\n'}
[0.619810] (ad_msgs) StdoutLine: {'line': b'-- Up-to-date symlink: /home/joon/mission_hard/mission_hard/install/ad_msgs/share/ad_msgs/cmake/ad_msgsConfig-version.cmake\n'}
[0.619906] (ad_msgs) StdoutLine: {'line': b'-- Up-to-date symlink: /home/joon/mission_hard/mission_hard/install/ad_msgs/share/ad_msgs/package.xml\n'}
[0.620061] (ad_msgs) StdoutLine: {'line': b'-- Up-to-date: /home/joon/mission_hard/mission_hard/install/ad_msgs/lib/libad_msgs__rosidl_generator_c.so\n'}
[0.620306] (ad_msgs) StdoutLine: {'line': b'-- Up-to-date: /home/joon/mission_hard/mission_hard/install/ad_msgs/lib/libad_msgs__rosidl_typesupport_fastrtps_c.so\n'}
[0.620637] (ad_msgs) StdoutLine: {'line': b'-- Up-to-date: /home/joon/mission_hard/mission_hard/install/ad_msgs/lib/libad_msgs__rosidl_typesupport_introspection_c.so\n'}
[0.620866] (ad_msgs) StdoutLine: {'line': b'-- Up-to-date: /home/joon/mission_hard/mission_hard/install/ad_msgs/lib/libad_msgs__rosidl_typesupport_c.so\n'}
[0.621145] (ad_msgs) StdoutLine: {'line': b'-- Up-to-date: /home/joon/mission_hard/mission_hard/install/ad_msgs/lib/libad_msgs__rosidl_typesupport_fastrtps_cpp.so\n'}
[0.621465] (ad_msgs) StdoutLine: {'line': b'-- Up-to-date: /home/joon/mission_hard/mission_hard/install/ad_msgs/lib/libad_msgs__rosidl_typesupport_introspection_cpp.so\n'}
[0.621693] (ad_msgs) StdoutLine: {'line': b'-- Up-to-date: /home/joon/mission_hard/mission_hard/install/ad_msgs/lib/libad_msgs__rosidl_typesupport_cpp.so\n'}
[0.663578] (ad_msgs) StdoutLine: {'line': b"Listing '/home/joon/mission_hard/mission_hard/install/ad_msgs/local/lib/python3.10/dist-packages/ad_msgs'...\n"}
[0.663875] (ad_msgs) StdoutLine: {'line': b"Listing '/home/joon/mission_hard/mission_hard/install/ad_msgs/local/lib/python3.10/dist-packages/ad_msgs/msg'...\n"}
[0.672271] (ad_msgs) StdoutLine: {'line': b'-- Up-to-date: /home/joon/mission_hard/mission_hard/install/ad_msgs/lib/libad_msgs__rosidl_generator_py.so\n'}
[0.672815] (ad_msgs) StdoutLine: {'line': b'-- Up-to-date: /home/joon/mission_hard/mission_hard/install/ad_msgs/share/ad_msgs/cmake/export_ad_msgs__rosidl_generator_cExport.cmake\n'}
[0.673179] (ad_msgs) StdoutLine: {'line': b'-- Up-to-date: /home/joon/mission_hard/mission_hard/install/ad_msgs/share/ad_msgs/cmake/export_ad_msgs__rosidl_generator_cExport-noconfig.cmake\n'}
[0.673380] (ad_msgs) StdoutLine: {'line': b'-- Up-to-date: /home/joon/mission_hard/mission_hard/install/ad_msgs/share/ad_msgs/cmake/export_ad_msgs__rosidl_typesupport_fastrtps_cExport.cmake\n'}
[0.673553] (ad_msgs) StdoutLine: {'line': b'-- Up-to-date: /home/joon/mission_hard/mission_hard/install/ad_msgs/share/ad_msgs/cmake/export_ad_msgs__rosidl_typesupport_fastrtps_cExport-noconfig.cmake\n'}
[0.673898] (ad_msgs) StdoutLine: {'line': b'-- Up-to-date: /home/joon/mission_hard/mission_hard/install/ad_msgs/share/ad_msgs/cmake/ad_msgs__rosidl_typesupport_introspection_cExport.cmake\n'}
[0.674039] (ad_msgs) StdoutLine: {'line': b'-- Up-to-date: /home/joon/mission_hard/mission_hard/install/ad_msgs/share/ad_msgs/cmake/ad_msgs__rosidl_typesupport_introspection_cExport-noconfig.cmake\n'}
[0.674341] (ad_msgs) StdoutLine: {'line': b'-- Up-to-date: /home/joon/mission_hard/mission_hard/install/ad_msgs/share/ad_msgs/cmake/ad_msgs__rosidl_typesupport_cExport.cmake\n'}
[0.674439] (ad_msgs) StdoutLine: {'line': b'-- Up-to-date: /home/joon/mission_hard/mission_hard/install/ad_msgs/share/ad_msgs/cmake/ad_msgs__rosidl_typesupport_cExport-noconfig.cmake\n'}
[0.674500] (ad_msgs) StdoutLine: {'line': b'-- Up-to-date: /home/joon/mission_hard/mission_hard/install/ad_msgs/share/ad_msgs/cmake/export_ad_msgs__rosidl_generator_cppExport.cmake\n'}
[0.674553] (ad_msgs) StdoutLine: {'line': b'-- Up-to-date: /home/joon/mission_hard/mission_hard/install/ad_msgs/share/ad_msgs/cmake/export_ad_msgs__rosidl_typesupport_fastrtps_cppExport.cmake\n'}
[0.674603] (ad_msgs) StdoutLine: {'line': b'-- Up-to-date: /home/joon/mission_hard/mission_hard/install/ad_msgs/share/ad_msgs/cmake/export_ad_msgs__rosidl_typesupport_fastrtps_cppExport-noconfig.cmake\n'}
[0.674655] (ad_msgs) StdoutLine: {'line': b'-- Up-to-date: /home/joon/mission_hard/mission_hard/install/ad_msgs/share/ad_msgs/cmake/ad_msgs__rosidl_typesupport_introspection_cppExport.cmake\n'}
[0.674712] (ad_msgs) StdoutLine: {'line': b'-- Up-to-date: /home/joon/mission_hard/mission_hard/install/ad_msgs/share/ad_msgs/cmake/ad_msgs__rosidl_typesupport_introspection_cppExport-noconfig.cmake\n'}
[0.674768] (ad_msgs) StdoutLine: {'line': b'-- Up-to-date: /home/joon/mission_hard/mission_hard/install/ad_msgs/share/ad_msgs/cmake/ad_msgs__rosidl_typesupport_cppExport.cmake\n'}
[0.674827] (ad_msgs) StdoutLine: {'line': b'-- Up-to-date: /home/joon/mission_hard/mission_hard/install/ad_msgs/share/ad_msgs/cmake/ad_msgs__rosidl_typesupport_cppExport-noconfig.cmake\n'}
[0.674878] (ad_msgs) StdoutLine: {'line': b'-- Up-to-date: /home/joon/mission_hard/mission_hard/install/ad_msgs/share/ad_msgs/cmake/export_ad_msgs__rosidl_generator_pyExport.cmake\n'}
[0.674914] (ad_msgs) StdoutLine: {'line': b'-- Up-to-date: /home/joon/mission_hard/mission_hard/install/ad_msgs/share/ad_msgs/cmake/export_ad_msgs__rosidl_generator_pyExport-noconfig.cmake\n'}
[0.677628] (ad_msgs) CommandEnded: {'returncode': 0}
[0.700564] (-) TimerEvent: {}
[0.719966] (ad_msgs) JobEnded: {'identifier': 'ad_msgs', 'rc': 0}
[0.721343] (autonomous_driving) JobStarted: {'identifier': 'autonomous_driving'}
[0.727750] (evaluation) JobStarted: {'identifier': 'evaluation'}
[0.735512] (mission_manager) JobStarted: {'identifier': 'mission_manager'}
[0.740700] (simulator) JobStarted: {'identifier': 'simulator'}
[0.800841] (-) TimerEvent: {}
[0.901458] (-) TimerEvent: {}
[0.979985] (autonomous_driving) JobProgress: {'identifier': 'autonomous_driving', 'progress': 'cmake'}
[0.981717] (autonomous_driving) Command: {'cmd': ['/usr/bin/cmake', '/home/joon/mission_hard/mission_hard/src/app/autonomous_driving', '-DAMENT_CMAKE_SYMLINK_INSTALL=1', '-DCMAKE_INSTALL_PREFIX=/home/joon/mission_hard/mission_hard/install/autonomous_driving'], 'cwd': '/home/joon/mission_hard/mission_hard/build/autonomous_driving', 'env': OrderedDict([('PYTHON_BASIC_REPL', '1'), ('LESSOPEN', '| /usr/bin/lesspipe %s'), ('USER', 'joon'), ('GIT_ASKPASS', '/home/joon/.vscode-server/bin/bf9252a2fb45be6893dd8870c0bf37e2e1766d61/extensions/git/dist/askpass.sh'), ('SHLVL', '1'), ('LD_LIBRARY_PATH', '/home/joon/mission_hard/mission_hard/install/ad_msgs/lib:/home/joon/automotive_software_final/install/ad_msgs/lib:/usr/lib/x86_64-linux-gnu/gazebo-11/plugins:/opt/ros/humble/opt/rviz_ogre_vendor/lib:/opt/ros/humble/lib/x86_64-linux-gnu:/opt/ros/humble/lib'), ('MOTD_SHOWN', 'update-motd'), ('HOME', '/home/joon'), ('OLDPWD', '/home/joon/mission_hard'), ('TERM_PROGRAM_VERSION', '1.106.3'), ('VSCODE_IPC_HOOK_CLI', '/run/user/1000/vscode-ipc-720ca6f3-2537-4b04-b3dc-21832d244e7e.sock'), ('ROS_PYTHON_VERSION', '3'), ('VSCODE_GIT_ASKPASS_MAIN', '/home/joon/.vscode-server/bin/bf9252a2fb45be6893dd8870c0bf37e2e1766d61/extensions/git/dist/askpass-main.js'), ('VSCODE_GIT_ASKPASS_NODE', '/home/joon/.vscode-server/bin/bf9252a2fb45be6893dd8870c0bf37e2e1766d61/node'), ('PYDEVD_DISABLE_FILE_VALIDATION', '1'), ('BUNDLED_DEBUGPY_PATH', '/home/joon/.vscode-server/extensions/ms-python.debugpy-2025.16.0-linux-x64/bundled/libs/debugpy'), ('VSCODE_PYTHON_AUTOACTIVATE_GUARD', '1'), ('DBUS_SESSION_BUS_ADDRESS', 'unix:path=/run/user/1000/bus'), ('COLORTERM', 'truecolor'), ('WSL_DISTRO_NAME', 'Ubuntu-22.04'), ('WAYLAND_DISPLAY', 'wayland-0'), ('COLCON_PREFIX_PATH', '/home/joon/mission_hard/mission_hard/install:/home/joon/automotive_software_final/install'), ('ROS_DISTRO', 'humble'), ('LOGNAME', 'joon'), ('NAME', 'Joon'), ('WSL_INTEROP', '/run/WSL/523_interop'), ('PULSE_SERVER', 'unix:/mnt/wslg/PulseServer'), ('_', '/usr/bin/colcon'), ('ROS_VERSION', '2'), ('CLAUDE_CODE_SSE_PORT', '20257'), ('TERM', 'xterm-256color'), ('ROS_LOCALHOST_ONLY', '0'), ('PATH', '/opt/ros/humble/bin:/usr/bin:/usr/bin:/home/joon/.vscode-server/data/User/globalStorage/github.copilot-chat/debugCommand:/home/joon/.vscode-server/data/User/globalStorage/github.copilot-chat/copilotCli:/home/joon/.vscode-server/bin/bf9252a2fb45be6893dd8870c0bf37e2e1766d61/bin/remote-cli:/home/joon/.local/bin:/usr/bin:/usr/bin:/usr/local/sbin:/usr/local/bin:/usr/sbin:/usr/bin:/sbin:/bin:/usr/games:/usr/local/games:/usr/lib/wsl/lib:/mnt/c/WINDOWS/system32:/mnt/c/WINDOWS:/mnt/c/WINDOWS/System32/Wbem:/mnt/c/WINDOWS/System32/WindowsPowerShell/v1.0/:/mnt/c/WINDOWS/System32/OpenSSH/:/mnt/c/Program Files/MATLAB/R2024b/bin:/mnt/c/Program Files/nodejs/:/mnt/c/Program Files/Git/cmd:/mnt/c/Users/ksyj0/AppData/Local/Programs/Python/Python312/Scripts/:/mnt/c/Users/ksyj0/AppData/Local/Programs/Python/Python312/:/mnt/c/Users/ksyj0/AppData/Local/Programs/Python/Launcher/:/mnt/c/Users/ksyj0/AppData/Local/Microsoft/WindowsApps:/mnt/c/Users/ksyj0/AppData/Local/Programs/Microsoft VS Code/bin:/mnt/c/Users/ksyj0/AppData/Roaming/npm:/mnt/c/Users/ksyj0/AppData/Local/SOOP:/mnt/c/Users/ksyj0/AppData/Local/Programs/Kiro/bin:/snap/bin:/home/joon/.vscode-server/extensions/ms-python.debugpy-2025.16.0-linux-x64/bundled/scripts/noConfigScripts'), ('XDG_RUNTIME_DIR', '/run/user/1000/'), ('DISPLAY', ':0'), ('VSCODE_DEBUGPY_ADAPTER_ENDPOINTS', '/home/joon/.vscode-server/extensions/ms-python.debugpy-2025.16.0-linux-x64/.noConfigDebugAdapterEndpoints/endpoint-5f6b0efddf9f6982.txt'), ('LANG', 'en_US.UTF-8'), ('PYTHONSTARTUP', '/home/joon/.vscode-server/data/User/workspaceStorage/6032d0949a26c1de4974618490f207f6-1/ms-python.python/pythonrc.py'), ('LS_COLORS', 'rs=0:di=01;34:ln=01;36:mh=00:pi=40;33:so=01;35:do=01;35:bd=40;33;01:cd=40;33;01:or=40;31;01:mi=00:su=37;41:sg=30;43:ca=30;41:tw=30;42:ow=34;42:st=37;44:ex=01;32:*.tar=01;31:*.tgz=01;31:*.arc=01;31:*.arj=01;31:*.taz=01;31:*.lha=01;31:*.lz4=01;31:*.lzh=01;31:*.lzma=01;31:*.tlz=01;31:*.txz=01;31:*.tzo=01;31:*.t7z=01;31:*.zip=01;31:*.z=01;31:*.dz=01;31:*.gz=01;31:*.lrz=01;31:*.lz=01;31:*.lzo=01;31:*.xz=01;31:*.zst=01;31:*.tzst=01;31:*.bz2=01;31:*.bz=01;31:*.tbz=01;31:*.tbz2=01;31:*.tz=01;31:*.deb=01;31:*.rpm=01;31:*.jar=01;31:*.war=01;31:*.ear=01;31:*.sar=01;31:*.rar=01;31:*.alz=01;31:*.ace=01;31:*.zoo=01;31:*.cpio=01;31:*.7z=01;31:*.rz=01;31:*.cab=01;31:*.wim=01;31:*.swm=01;31:*.dwm=01;31:*.esd=01;31:*.jpg=01;35:*.jpeg=01;35:*.mjpg=01;35:*.mjpeg=01;35:*.gif=01;35:*.bmp=01;35:*.pbm=01;35:*.pgm=01;35:*.ppm=01;35:*.tga=01;35:*.xbm=01;35:*.xpm=01;35:*.tif=01;35:*.tiff=01;35:*.png=01;35:*.svg=01;35:*.svgz=01;35:*.mng=01;35:*.pcx=01;35:*.mov=01;35:*.mpg=01;35:*.mpeg=01;35:*.m2v=01;35:*.mkv=01;35:*.webm=01;35:*.webp=01;35:*.ogm=01;35:*.mp4=01;35:*.m4v=01;35:*.mp4v=01;35:*.vob=01;35:*.qt=01;35:*.nuv=01;35:*.wmv=01;35:*.asf=01;35:*.rm=01;35:*.rmvb=01;35:*.flc=01;35:*.avi=01;35:*.fli=01;35:*.flv=01;35:*.gl=01;35:*.dl=01;35:*.xcf=01;35:*.xwd=01;35:*.yuv=01;35:*.cgm=01;35:*.emf=01;35:*.ogv=01;35:*.ogx=01;35:*.aac=00;36:*.au=00;36:*.flac=00;36:*.m4a=00;36:*.mid=00;36:*.midi=00;36:*.mka=00;36:*.mp3=00;36:*.mpc=00;36:*.ogg=00;36:*.ra=00;36:*.wav=00;36:*.oga=00;36:*.opus=00;36:*.spx=00;36:*.xspf=00;36:'), ('VSCODE_GIT_IPC_HANDLE', '/run/user/1000/vscode-git-167d3a068c.sock'), ('TERM_PROGRAM', 'vscode'), ('AMENT_PREFIX_PATH', '/home/joon/mission_hard/mission_hard/install/simulator:/home/joon/mission_hard/mission_hard/install/mission_manager:/home/joon/mission_hard/mission_hard/install/evaluation:/home/joon/mission_hard/mission_hard/install/autonomous_driving:/home/joon/mission_hard/mission_hard/install/ad_msgs:/home/joon/automotive_software_final/install/simulator:/home/joon/automotive_software_final/install/mission_manager:/home/joon/automotive_software_final/install/evaluation:/home/joon/automotive_software_final/install/autonomous_driving:/home/joon/automotive_software_final/install/ad_msgs:/opt/ros/humble'), ('SHELL', '/bin/bash'), ('LESSCLOSE', '/usr/bin/lesspipe %s %s'), ('VSCODE_GIT_ASKPASS_EXTRA_ARGS', ''), ('PWD', '/home/joon/mission_hard/mission_hard/build/autonomous_driving'), ('ENABLE_IDE_INTEGRATION', 'true'), ('XDG_DATA_DIRS', '/usr/local/share:/usr/share:/var/lib/snapd/desktop'), ('PYTHONPATH', '/home/joon/mission_hard/mission_hard/install/ad_msgs/local/lib/python3.10/dist-packages:/home/joon/automotive_software_final/install/ad_msgs/local/lib/python3.10/dist-packages:/opt/ros/humble/lib/python3.10/site-packages:/opt/ros/humble/local/lib/python3.10/dist-packages'), ('COLCON', '1'), ('WSL2_GUI_APPS_ENABLED', '1'), ('HOSTTYPE', 'x86_64'), ('CMAKE_PREFIX_PATH', '/home/joon/mission_hard/mission_hard/install/ad_msgs:/home/joon/mission_hard/mission_hard/install/simulator:/home/joon/mission_hard/mission_hard/install/mission_manager:/home/joon/mission_hard/mission_hard/install/evaluation:/home/joon/mission_hard/mission_hard/install/autonomous_driving:/home/joon/automotive_software_final/install/simulator:/home/joon/automotive_software_final/install/mission_manager:/home/joon/automotive_software_final/install/evaluation:/home/joon/automotive_software_final/install/autonomous_driving:/home/joon/automotive_software_final/install/ad_msgs:/opt/ros/humble'), ('WSLENV', 'VSCODE_WSL_EXT_LOCATION/up')]), 'shell': False}
[0.984393] (evaluation) JobProgress: {'identifier': 'evaluation', 'progress': 'cmake'}
[0.985164] (evaluation) JobProgress: {'identifier': 'evaluation', 'progress': 'build'}
[0.986569] (evaluation) Command: {'cmd': ['/usr/bin/cmake', '--build', '/home/joon/mission_hard/mission_hard/build/evaluation', '--', '-j16', '-l16'], 'cwd': '/home/joon/mission_hard/mission_hard/build/evaluation', 'env': OrderedDict([('PYTHON_BASIC_REPL', '1'), ('LESSOPEN', '| /usr/bin/lesspipe %s'), ('USER', 'joon'), ('GIT_ASKPASS', '/home/joon/.vscode-server/bin/bf9252a2fb45be6893dd8870c0bf37e2e1766d61/extensions/git/dist/askpass.sh'), ('SHLVL', '1'), ('LD_LIBRARY_PATH', '/home/joon/mission_hard/mission_hard/install/ad_msgs/lib:/home/joon/automotive_software_final/install/ad_msgs/lib:/usr/lib/x86_64-linux-gnu/gazebo-11/plugins:/opt/ros/humble/opt/rviz_ogre_vendor/lib:/opt/ros/humble/lib/x86_64-linux-gnu:/opt/ros/humble/lib'), ('MOTD_SHOWN', 'update-motd'), ('HOME', '/home/joon'), ('OLDPWD', '/home/joon/mission_hard'), ('TERM_PROGRAM_VERSION', '1.106.3'), ('VSCODE_IPC_HOOK_CLI', '/run/user/1000/vscode-ipc-720ca6f3-2537-4b04-b3dc-21832d244e7e.sock'), ('ROS_PYTHON_VERSION', '3'), ('VSCODE_GIT_ASKPASS_MAIN', '/home/joon/.vscode-server/bin/bf9252a2fb45be6893dd8870c0bf37e2e1766d61/extensions/git/dist/askpass-main.js'), ('VSCODE_GIT_ASKPASS_NODE', '/home/joon/.vscode-server/bin/bf9252a2fb45be6893dd8870c0bf37e2e1766d61/node'), ('PYDEVD_DISABLE_FILE_VALIDATION', '1'), ('BUNDLED_DEBUGPY_PATH', '/home/joon/.vscode-server/extensions/ms-python.debugpy-2025.16.0-linux-x64/bundled/libs/debugpy'), ('VSCODE_PYTHON_AUTOACTIVATE_GUARD', '1'), ('DBUS_SESSION_BUS_ADDRESS', 'unix:path=/run/user/1000/bus'), ('COLORTERM', 'truecolor'), ('WSL_DISTRO_NAME', 'Ubuntu-22.04'), ('WAYLAND_DISPLAY', 'wayland-0'), ('COLCON_PREFIX_PATH', '/home/joon/mission_hard/mission_hard/install:/home/joon/automotive_software_final/install'), ('ROS_DISTRO', 'humble'), ('LOGNAME', 'joon'), ('NAME', 'Joon'), ('WSL_INTEROP', '/run/WSL/523_interop'), ('PULSE_SERVER', 'unix:/mnt/wslg/PulseServer'), ('_', '/usr/bin/colcon'), ('ROS_VERSION', '2'), ('CLAUDE_CODE_SSE_PORT', '20257'), ('TERM', 'xterm-256color'), ('ROS_LOCALHOST_ONLY', '0'), ('PATH', '/opt/ros/humble/bin:/usr/bin:/usr/bin:/home/joon/.vscode-server/data/User/globalStorage/github.copilot-chat/debugCommand:/home/joon/.vscode-server/data/User/globalStorage/github.copilot-chat/copilotCli:/home/joon/.vscode-server/bin/bf9252a2fb45be6893dd8870c0bf37e2e1766d61/bin/remote-cli:/home/joon/.local/bin:/usr/bin:/usr/bin:/usr/local/sbin:/usr/local/bin:/usr/sbin:/usr/bin:/sbin:/bin:/usr/games:/usr/local/games:/usr/lib/wsl/lib:/mnt/c/WINDOWS/system32:/mnt/c/WINDOWS:/mnt/c/WINDOWS/System32/Wbem:/mnt/c/WINDOWS/System32/WindowsPowerShell/v1.0/:/mnt/c/WINDOWS/System32/OpenSSH/:/mnt/c/Program Files/MATLAB/R2024b/bin:/mnt/c/Program Files/nodejs/:/mnt/c/Program Files/Git/cmd:/mnt/c/Users/ksyj0/AppData/Local/Programs/Python/Python312/Scripts/:/mnt/c/Users/ksyj0/AppData/Local/Programs/Python/Python312/:/mnt/c/Users/ksyj0/AppData/Local/Programs/Python/Launcher/:/mnt/c/Users/ksyj0/AppData/Local/Microsoft/WindowsApps:/mnt/c/Users/ksyj0/AppData/Local/Programs/Microsoft VS Code/bin:/mnt/c/Users/ksyj0/AppData/Roaming/npm:/mnt/c/Users/ksyj0/AppData/Local/SOOP:/mnt/c/Users/ksyj0/AppData/Local/Programs/Kiro/bin:/snap/bin:/home/joon/.vscode-server/extensions/ms-python.debugpy-2025.16.0-linux-x64/bundled/scripts/noConfigScripts'), ('XDG_RUNTIME_DIR', '/run/user/1000/'), ('DISPLAY', ':0'), ('VSCODE_DEBUGPY_ADAPTER_ENDPOINTS', '/home/joon/.vscode-server/extensions/ms-python.debugpy-2025.16.0-linux-x64/.noConfigDebugAdapterEndpoints/endpoint-5f6b0efddf9f6982.txt'), ('LANG', 'en_US.UTF-8'), ('PYTHONSTARTUP', '/home/joon/.vscode-server/data/User/workspaceStorage/6032d0949a26c1de4974618490f207f6-1/ms-python.python/pythonrc.py'), ('LS_COLORS', 'rs=0:di=01;34:ln=01;36:mh=00:pi=40;33:so=01;35:do=01;35:bd=40;33;01:cd=40;33;01:or=40;31;01:mi=00:su=37;41:sg=30;43:ca=30;41:tw=30;42:ow=34;42:st=37;44:ex=01;32:*.tar=01;31:*.tgz=01;31:*.arc=01;31:*.arj=01;31:*.taz=01;31:*.lha=01;31:*.lz4=01;31:*.lzh=01;31:*.lzma=01;31:*.tlz=01;31:*.txz=01;31:*.tzo=01;31:*.t7z=01;31:*.zip=01;31:*.z=01;31:*.dz=01;31:*.gz=01;31:*.lrz=01;31:*.lz=01;31:*.lzo=01;31:*.xz=01;31:*.zst=01;31:*.tzst=01;31:*.bz2=01;31:*.bz=01;31:*.tbz=01;31:*.tbz2=01;31:*.tz=01;31:*.deb=01;31:*.rpm=01;31:*.jar=01;31:*.war=01;31:*.ear=01;31:*.sar=01;31:*.rar=01;31:*.alz=01;31:*.ace=01;31:*.zoo=01;31:*.cpio=01;31:*.7z=01;31:*.rz=01;31:*.cab=01;31:*.wim=01;31:*.swm=01;31:*.dwm=01;31:*.esd=01;31:*.jpg=01;35:*.jpeg=01;35:*.mjpg=01;35:*.mjpeg=01;35:*.gif=01;35:*.bmp=01;35:*.pbm=01;35:*.pgm=01;35:*.ppm=01;35:*.tga=01;35:*.xbm=01;35:*.xpm=01;35:*.tif=01;35:*.tiff=01;35:*.png=01;35:*.svg=01;35:*.svgz=01;35:*.mng=01;35:*.pcx=01;35:*.mov=01;35:*.mpg=01;35:*.mpeg=01;35:*.m2v=01;35:*.mkv=01;35:*.webm=01;35:*.webp=01;35:*.ogm=01;35:*.mp4=01;35:*.m4v=01;35:*.mp4v=01;35:*.vob=01;35:*.qt=01;35:*.nuv=01;35:*.wmv=01;35:*.asf=01;35:*.rm=01;35:*.rmvb=01;35:*.flc=01;35:*.avi=01;35:*.fli=01;35:*.flv=01;35:*.gl=01;35:*.dl=01;35:*.xcf=01;35:*.xwd=01;35:*.yuv=01;35:*.cgm=01;35:*.emf=01;35:*.ogv=01;35:*.ogx=01;35:*.aac=00;36:*.au=00;36:*.flac=00;36:*.m4a=00;36:*.mid=00;36:*.midi=00;36:*.mka=00;36:*.mp3=00;36:*.mpc=00;36:*.ogg=00;36:*.ra=00;36:*.wav=00;36:*.oga=00;36:*.opus=00;36:*.spx=00;36:*.xspf=00;36:'), ('VSCODE_GIT_IPC_HANDLE', '/run/user/1000/vscode-git-167d3a068c.sock'), ('TERM_PROGRAM', 'vscode'), ('AMENT_PREFIX_PATH', '/home/joon/mission_hard/mission_hard/install/simulator:/home/joon/mission_hard/mission_hard/install/mission_manager:/home/joon/mission_hard/mission_hard/install/evaluation:/home/joon/mission_hard/mission_hard/install/autonomous_driving:/home/joon/mission_hard/mission_hard/install/ad_msgs:/home/joon/automotive_software_final/install/simulator:/home/joon/automotive_software_final/install/mission_manager:/home/joon/automotive_software_final/install/evaluation:/home/joon/automotive_software_final/install/autonomous_driving:/home/joon/automotive_software_final/install/ad_msgs:/opt/ros/humble'), ('SHELL', '/bin/bash'), ('LESSCLOSE', '/usr/bin/lesspipe %s %s'), ('VSCODE_GIT_ASKPASS_EXTRA_ARGS', ''), ('PWD', '/home/joon/mission_hard/mission_hard/build/evaluation'), ('ENABLE_IDE_INTEGRATION', 'true'), ('XDG_DATA_DIRS', '/usr/local/share:/usr/share:/var/lib/snapd/desktop'), ('PYTHONPATH', '/home/joon/mission_hard/mission_hard/install/ad_msgs/local/lib/python3.10/dist-packages:/home/joon/automotive_software_final/install/ad_msgs/local/lib/python3.10/dist-packages:/opt/ros/humble/lib/python3.10/site-packages:/opt/ros/humble/local/lib/python3.10/dist-packages'), ('COLCON', '1'), ('WSL2_GUI_APPS_ENABLED', '1'), ('HOSTTYPE', 'x86_64'), ('CMAKE_PREFIX_PATH', '/home/joon/mission_hard/mission_hard/install/ad_msgs:/home/joon/mission_hard/mission_hard/install/simulator:/home/joon/mission_hard/mission_hard/install/mission_manager:/home/joon/mission_hard/mission_hard/install/evaluation:/home/joon/mission_hard/mission_hard/install/autonomous_driving:/home/joon/automotive_software_final/install/simulator:/home/joon/automotive_software_final/install/mission_manager:/home/joon/automotive_software_final/install/evaluation:/home/joon/automotive_software_final/install/autonomous_driving:/home/joon/automotive_software_final/install/ad_msgs:/opt/ros/humble'), ('WSLENV', 'VSCODE_WSL_EXT_LOCATION/up')]), 'shell': False}
[0.989842] (mission_manager) JobProgress: {'identifier': 'mission_manager', 'progress': 'cmake'}
[0.989930] (mission_manager) JobProgress: {'identifier': 'mission_manager', 'progress': 'build'}
[0.991222] (mission_manager) Command: {'cmd': ['/usr/bin/cmake', '--build', '/home/joon/mission_hard/mission_hard/build/mission_manager', '--', '-j16', '-l16'], 'cwd': '/home/joon/mission_hard/mission_hard/build/mission_manager', 'env': OrderedDict([('PYTHON_BASIC_REPL', '1'), ('LESSOPEN', '| /usr/bin/lesspipe %s'), ('USER', 'joon'), ('GIT_ASKPASS', '/home/joon/.vscode-server/bin/bf9252a2fb45be6893dd8870c0bf37e2e1766d61/extensions/git/dist/askpass.sh'), ('SHLVL', '1'), ('LD_LIBRARY_PATH', '/home/joon/mission_hard/mission_hard/install/ad_msgs/lib:/home/joon/automotive_software_final/install/ad_msgs/lib:/usr/lib/x86_64-linux-gnu/gazebo-11/plugins:/opt/ros/humble/opt/rviz_ogre_vendor/lib:/opt/ros/humble/lib/x86_64-linux-gnu:/opt/ros/humble/lib'), ('MOTD_SHOWN', 'update-motd'), ('HOME', '/home/joon'), ('OLDPWD', '/home/joon/mission_hard'), ('TERM_PROGRAM_VERSION', '1.106.3'), ('VSCODE_IPC_HOOK_CLI', '/run/user/1000/vscode-ipc-720ca6f3-2537-4b04-b3dc-21832d244e7e.sock'), ('ROS_PYTHON_VERSION', '3'), ('VSCODE_GIT_ASKPASS_MAIN', '/home/joon/.vscode-server/bin/bf9252a2fb45be6893dd8870c0bf37e2e1766d61/extensions/git/dist/askpass-main.js'), ('VSCODE_GIT_ASKPASS_NODE', '/home/joon/.vscode-server/bin/bf9252a2fb45be6893dd8870c0bf37e2e1766d61/node'), ('PYDEVD_DISABLE_FILE_VALIDATION', '1'), ('BUNDLED_DEBUGPY_PATH', '/home/joon/.vscode-server/extensions/ms-python.debugpy-2025.16.0-linux-x64/bundled/libs/debugpy'), ('VSCODE_PYTHON_AUTOACTIVATE_GUARD', '1'), ('DBUS_SESSION_BUS_ADDRESS', 'unix:path=/run/user/1000/bus'), ('COLORTERM', 'truecolor'), ('WSL_DISTRO_NAME', 'Ubuntu-22.04'), ('WAYLAND_DISPLAY', 'wayland-0'), ('COLCON_PREFIX_PATH', '/home/joon/mission_hard/mission_hard/install:/home/joon/automotive_software_final/install'), ('ROS_DISTRO', 'humble'), ('LOGNAME', 'joon'), ('NAME', 'Joon'), ('WSL_INTEROP', '/run/WSL/523_interop'), ('PULSE_SERVER', 'unix:/mnt/wslg/PulseServer'), ('_', '/usr/bin/colcon'), ('ROS_VERSION', '2'), ('CLAUDE_CODE_SSE_PORT', '20257'), ('TERM', 'xterm-256color'), ('ROS_LOCALHOST_ONLY', '0'), ('PATH', '/opt/ros/humble/bin:/usr/bin:/usr/bin:/home/joon/.vscode-server/data/User/globalStorage/github.copilot-chat/debugCommand:/home/joon/.vscode-server/data/User/globalStorage/github.copilot-chat/copilotCli:/home/joon/.vscode-server/bin/bf9252a2fb45be6893dd8870c0bf37e2e1766d61/bin/remote-cli:/home/joon/.local/bin:/usr/bin:/usr/bin:/usr/local/sbin:/usr/local/bin:/usr/sbin:/usr/bin:/sbin:/bin:/usr/games:/usr/local/games:/usr/lib/wsl/lib:/mnt/c/WINDOWS/system32:/mnt/c/WINDOWS:/mnt/c/WINDOWS/System32/Wbem:/mnt/c/WINDOWS/System32/WindowsPowerShell/v1.0/:/mnt/c/WINDOWS/System32/OpenSSH/:/mnt/c/Program Files/MATLAB/R2024b/bin:/mnt/c/Program Files/nodejs/:/mnt/c/Program Files/Git/cmd:/mnt/c/Users/ksyj0/AppData/Local/Programs/Python/Python312/Scripts/:/mnt/c/Users/ksyj0/AppData/Local/Programs/Python/Python312/:/mnt/c/Users/ksyj0/AppData/Local/Programs/Python/Launcher/:/mnt/c/Users/ksyj0/AppData/Local/Microsoft/WindowsApps:/mnt/c/Users/ksyj0/AppData/Local/Programs/Microsoft VS Code/bin:/mnt/c/Users/ksyj0/AppData/Roaming/npm:/mnt/c/Users/ksyj0/AppData/Local/SOOP:/mnt/c/Users/ksyj0/AppData/Local/Programs/Kiro/bin:/snap/bin:/home/joon/.vscode-server/extensions/ms-python.debugpy-2025.16.0-linux-x64/bundled/scripts/noConfigScripts'), ('XDG_RUNTIME_DIR', '/run/user/1000/'), ('DISPLAY', ':0'), ('VSCODE_DEBUGPY_ADAPTER_ENDPOINTS', '/home/joon/.vscode-server/extensions/ms-python.debugpy-2025.16.0-linux-x64/.noConfigDebugAdapterEndpoints/endpoint-5f6b0efddf9f6982.txt'), ('LANG', 'en_US.UTF-8'), ('PYTHONSTARTUP', '/home/joon/.vscode-server/data/User/workspaceStorage/6032d0949a26c1de4974618490f207f6-1/ms-python.python/pythonrc.py'), ('LS_COLORS', 'rs=0:di=01;34:ln=01;36:mh=00:pi=40;33:so=01;35:do=01;35:bd=40;33;01:cd=40;33;01:or=40;31;01:mi=00:su=37;41:sg=30;43:ca=30;41:tw=30;42:ow=34;42:st=37;44:ex=01;32:*.tar=01;31:*.tgz=01;31:*.arc=01;31:*.arj=01;31:*.taz=01;31:*.lha=01;31:*.lz4=01;31:*.lzh=01;31:*.lzma=01;31:*.tlz=01;31:*.txz=01;31:*.tzo=01;31:*.t7z=01;31:*.zip=01;31:*.z=01;31:*.dz=01;31:*.gz=01;31:*.lrz=01;31:*.lz=01;31:*.lzo=01;31:*.xz=01;31:*.zst=01;31:*.tzst=01;31:*.bz2=01;31:*.bz=01;31:*.tbz=01;31:*.tbz2=01;31:*.tz=01;31:*.deb=01;31:*.rpm=01;31:*.jar=01;31:*.war=01;31:*.ear=01;31:*.sar=01;31:*.rar=01;31:*.alz=01;31:*.ace=01;31:*.zoo=01;31:*.cpio=01;31:*.7z=01;31:*.rz=01;31:*.cab=01;31:*.wim=01;31:*.swm=01;31:*.dwm=01;31:*.esd=01;31:*.jpg=01;35:*.jpeg=01;35:*.mjpg=01;35:*.mjpeg=01;35:*.gif=01;35:*.bmp=01;35:*.pbm=01;35:*.pgm=01;35:*.ppm=01;35:*.tga=01;35:*.xbm=01;35:*.xpm=01;35:*.tif=01;35:*.tiff=01;35:*.png=01;35:*.svg=01;35:*.svgz=01;35:*.mng=01;35:*.pcx=01;35:*.mov=01;35:*.mpg=01;35:*.mpeg=01;35:*.m2v=01;35:*.mkv=01;35:*.webm=01;35:*.webp=01;35:*.ogm=01;35:*.mp4=01;35:*.m4v=01;35:*.mp4v=01;35:*.vob=01;35:*.qt=01;35:*.nuv=01;35:*.wmv=01;35:*.asf=01;35:*.rm=01;35:*.rmvb=01;35:*.flc=01;35:*.avi=01;35:*.fli=01;35:*.flv=01;35:*.gl=01;35:*.dl=01;35:*.xcf=01;35:*.xwd=01;35:*.yuv=01;35:*.cgm=01;35:*.emf=01;35:*.ogv=01;35:*.ogx=01;35:*.aac=00;36:*.au=00;36:*.flac=00;36:*.m4a=00;36:*.mid=00;36:*.midi=00;36:*.mka=00;36:*.mp3=00;36:*.mpc=00;36:*.ogg=00;36:*.ra=00;36:*.wav=00;36:*.oga=00;36:*.opus=00;36:*.spx=00;36:*.xspf=00;36:'), ('VSCODE_GIT_IPC_HANDLE', '/run/user/1000/vscode-git-167d3a068c.sock'), ('TERM_PROGRAM', 'vscode'), ('AMENT_PREFIX_PATH', '/home/joon/mission_hard/mission_hard/install/simulator:/home/joon/mission_hard/mission_hard/install/mission_manager:/home/joon/mission_hard/mission_hard/install/evaluation:/home/joon/mission_hard/mission_hard/install/autonomous_driving:/home/joon/mission_hard/mission_hard/install/ad_msgs:/home/joon/automotive_software_final/install/simulator:/home/joon/automotive_software_final/install/mission_manager:/home/joon/automotive_software_final/install/evaluation:/home/joon/automotive_software_final/install/autonomous_driving:/home/joon/automotive_software_final/install/ad_msgs:/opt/ros/humble'), ('SHELL', '/bin/bash'), ('LESSCLOSE', '/usr/bin/lesspipe %s %s'), ('VSCODE_GIT_ASKPASS_EXTRA_ARGS', ''), ('PWD', '/home/joon/mission_hard/mission_hard/build/mission_manager'), ('ENABLE_IDE_INTEGRATION', 'true'), ('XDG_DATA_DIRS', '/usr/local/share:/usr/share:/var/lib/snapd/desktop'), ('PYTHONPATH', '/home/joon/mission_hard/mission_hard/install/ad_msgs/local/lib/python3.10/dist-packages:/home/joon/automotive_software_final/install/ad_msgs/local/lib/python3.10/dist-packages:/opt/ros/humble/lib/python3.10/site-packages:/opt/ros/humble/local/lib/python3.10/dist-packages'), ('COLCON', '1'), ('WSL2_GUI_APPS_ENABLED', '1'), ('HOSTTYPE', 'x86_64'), ('CMAKE_PREFIX_PATH', '/home/joon/mission_hard/mission_hard/install/ad_msgs:/home/joon/mission_hard/mission_hard/install/simulator:/home/joon/mission_hard/mission_hard/install/mission_manager:/home/joon/mission_hard/mission_hard/install/evaluation:/home/joon/mission_hard/mission_hard/install/autonomous_driving:/home/joon/automotive_software_final/install/simulator:/home/joon/automotive_software_final/install/mission_manager:/home/joon/automotive_software_final/install/evaluation:/home/joon/automotive_software_final/install/autonomous_driving:/home/joon/automotive_software_final/install/ad_msgs:/opt/ros/humble'), ('WSLENV', 'VSCODE_WSL_EXT_LOCATION/up')]), 'shell': False}
[0.993760] (simulator) JobProgress: {'identifier': 'simulator', 'progress': 'cmake'}
[0.996162] (simulator) JobProgress: {'identifier': 'simulator', 'progress': 'build'}
[1.000677] (simulator) Command: {'cmd': ['/usr/bin/cmake', '--build', '/home/joon/mission_hard/mission_hard/build/simulator', '--', '-j16', '-l16'], 'cwd': '/home/joon/mission_hard/mission_hard/build/simulator', 'env': OrderedDict([('PYTHON_BASIC_REPL', '1'), ('LESSOPEN', '| /usr/bin/lesspipe %s'), ('USER', 'joon'), ('GIT_ASKPASS', '/home/joon/.vscode-server/bin/bf9252a2fb45be6893dd8870c0bf37e2e1766d61/extensions/git/dist/askpass.sh'), ('SHLVL', '1'), ('LD_LIBRARY_PATH', '/home/joon/mission_hard/mission_hard/install/ad_msgs/lib:/home/joon/automotive_software_final/install/ad_msgs/lib:/usr/lib/x86_64-linux-gnu/gazebo-11/plugins:/opt/ros/humble/opt/rviz_ogre_vendor/lib:/opt/ros/humble/lib/x86_64-linux-gnu:/opt/ros/humble/lib'), ('MOTD_SHOWN', 'update-motd'), ('HOME', '/home/joon'), ('OLDPWD', '/home/joon/mission_hard'), ('TERM_PROGRAM_VERSION', '1.106.3'), ('VSCODE_IPC_HOOK_CLI', '/run/user/1000/vscode-ipc-720ca6f3-2537-4b04-b3dc-21832d244e7e.sock'), ('ROS_PYTHON_VERSION', '3'), ('VSCODE_GIT_ASKPASS_MAIN', '/home/joon/.vscode-server/bin/bf9252a2fb45be6893dd8870c0bf37e2e1766d61/extensions/git/dist/askpass-main.js'), ('VSCODE_GIT_ASKPASS_NODE', '/home/joon/.vscode-server/bin/bf9252a2fb45be6893dd8870c0bf37e2e1766d61/node'), ('PYDEVD_DISABLE_FILE_VALIDATION', '1'), ('BUNDLED_DEBUGPY_PATH', '/home/joon/.vscode-server/extensions/ms-python.debugpy-2025.16.0-linux-x64/bundled/libs/debugpy'), ('VSCODE_PYTHON_AUTOACTIVATE_GUARD', '1'), ('DBUS_SESSION_BUS_ADDRESS', 'unix:path=/run/user/1000/bus'), ('COLORTERM', 'truecolor'), ('WSL_DISTRO_NAME', 'Ubuntu-22.04'), ('WAYLAND_DISPLAY', 'wayland-0'), ('COLCON_PREFIX_PATH', '/home/joon/mission_hard/mission_hard/install:/home/joon/automotive_software_final/install'), ('ROS_DISTRO', 'humble'), ('LOGNAME', 'joon'), ('NAME', 'Joon'), ('WSL_INTEROP', '/run/WSL/523_interop'), ('PULSE_SERVER', 'unix:/mnt/wslg/PulseServer'), ('_', '/usr/bin/colcon'), ('ROS_VERSION', '2'), ('CLAUDE_CODE_SSE_PORT', '20257'), ('TERM', 'xterm-256color'), ('ROS_LOCALHOST_ONLY', '0'), ('PATH', '/opt/ros/humble/bin:/usr/bin:/usr/bin:/home/joon/.vscode-server/data/User/globalStorage/github.copilot-chat/debugCommand:/home/joon/.vscode-server/data/User/globalStorage/github.copilot-chat/copilotCli:/home/joon/.vscode-server/bin/bf9252a2fb45be6893dd8870c0bf37e2e1766d61/bin/remote-cli:/home/joon/.local/bin:/usr/bin:/usr/bin:/usr/local/sbin:/usr/local/bin:/usr/sbin:/usr/bin:/sbin:/bin:/usr/games:/usr/local/games:/usr/lib/wsl/lib:/mnt/c/WINDOWS/system32:/mnt/c/WINDOWS:/mnt/c/WINDOWS/System32/Wbem:/mnt/c/WINDOWS/System32/WindowsPowerShell/v1.0/:/mnt/c/WINDOWS/System32/OpenSSH/:/mnt/c/Program Files/MATLAB/R2024b/bin:/mnt/c/Program Files/nodejs/:/mnt/c/Program Files/Git/cmd:/mnt/c/Users/ksyj0/AppData/Local/Programs/Python/Python312/Scripts/:/mnt/c/Users/ksyj0/AppData/Local/Programs/Python/Python312/:/mnt/c/Users/ksyj0/AppData/Local/Programs/Python/Launcher/:/mnt/c/Users/ksyj0/AppData/Local/Microsoft/WindowsApps:/mnt/c/Users/ksyj0/AppData/Local/Programs/Microsoft VS Code/bin:/mnt/c/Users/ksyj0/AppData/Roaming/npm:/mnt/c/Users/ksyj0/AppData/Local/SOOP:/mnt/c/Users/ksyj0/AppData/Local/Programs/Kiro/bin:/snap/bin:/home/joon/.vscode-server/extensions/ms-python.debugpy-2025.16.0-linux-x64/bundled/scripts/noConfigScripts'), ('XDG_RUNTIME_DIR', '/run/user/1000/'), ('DISPLAY', ':0'), ('VSCODE_DEBUGPY_ADAPTER_ENDPOINTS', '/home/joon/.vscode-server/extensions/ms-python.debugpy-2025.16.0-linux-x64/.noConfigDebugAdapterEndpoints/endpoint-5f6b0efddf9f6982.txt'), ('LANG', 'en_US.UTF-8'), ('PYTHONSTARTUP', '/home/joon/.vscode-server/data/User/workspaceStorage/6032d0949a26c1de4974618490f207f6-1/ms-python.python/pythonrc.py'), ('LS_COLORS', 'rs=0:di=01;34:ln=01;36:mh=00:pi=40;33:so=01;35:do=01;35:bd=40;33;01:cd=40;33;01:or=40;31;01:mi=00:su=37;41:sg=30;43:ca=30;41:tw=30;42:ow=34;42:st=37;44:ex=01;32:*.tar=01;31:*.tgz=01;31:*.arc=01;31:*.arj=01;31:*.taz=01;31:*.lha=01;31:*.lz4=01;31:*.lzh=01;31:*.lzma=01;31:*.tlz=01;31:*.txz=01;31:*.tzo=01;31:*.t7z=01;31:*.zip=01;31:*.z=01;31:*.dz=01;31:*.gz=01;31:*.lrz=01;31:*.lz=01;31:*.lzo=01;31:*.xz=01;31:*.zst=01;31:*.tzst=01;31:*.bz2=01;31:*.bz=01;31:*.tbz=01;31:*.tbz2=01;31:*.tz=01;31:*.deb=01;31:*.rpm=01;31:*.jar=01;31:*.war=01;31:*.ear=01;31:*.sar=01;31:*.rar=01;31:*.alz=01;31:*.ace=01;31:*.zoo=01;31:*.cpio=01;31:*.7z=01;31:*.rz=01;31:*.cab=01;31:*.wim=01;31:*.swm=01;31:*.dwm=01;31:*.esd=01;31:*.jpg=01;35:*.jpeg=01;35:*.mjpg=01;35:*.mjpeg=01;35:*.gif=01;35:*.bmp=01;35:*.pbm=01;35:*.pgm=01;35:*.ppm=01;35:*.tga=01;35:*.xbm=01;35:*.xpm=01;35:*.tif=01;35:*.tiff=01;35:*.png=01;35:*.svg=01;35:*.svgz=01;35:*.mng=01;35:*.pcx=01;35:*.mov=01;35:*.mpg=01;35:*.mpeg=01;35:*.m2v=01;35:*.mkv=01;35:*.webm=01;35:*.webp=01;35:*.ogm=01;35:*.mp4=01;35:*.m4v=01;35:*.mp4v=01;35:*.vob=01;35:*.qt=01;35:*.nuv=01;35:*.wmv=01;35:*.asf=01;35:*.rm=01;35:*.rmvb=01;35:*.flc=01;35:*.avi=01;35:*.fli=01;35:*.flv=01;35:*.gl=01;35:*.dl=01;35:*.xcf=01;35:*.xwd=01;35:*.yuv=01;35:*.cgm=01;35:*.emf=01;35:*.ogv=01;35:*.ogx=01;35:*.aac=00;36:*.au=00;36:*.flac=00;36:*.m4a=00;36:*.mid=00;36:*.midi=00;36:*.mka=00;36:*.mp3=00;36:*.mpc=00;36:*.ogg=00;36:*.ra=00;36:*.wav=00;36:*.oga=00;36:*.opus=00;36:*.spx=00;36:*.xspf=00;36:'), ('VSCODE_GIT_IPC_HANDLE', '/run/user/1000/vscode-git-167d3a068c.sock'), ('TERM_PROGRAM', 'vscode'), ('AMENT_PREFIX_PATH', '/home/joon/mission_hard/mission_hard/install/simulator:/home/joon/mission_hard/mission_hard/install/mission_manager:/home/joon/mission_hard/mission_hard/install/evaluation:/home/joon/mission_hard/mission_hard/install/autonomous_driving:/home/joon/mission_hard/mission_hard/install/ad_msgs:/home/joon/automotive_software_final/install/simulator:/home/joon/automotive_software_final/install/mission_manager:/home/joon/automotive_software_final/install/evaluation:/home/joon/automotive_software_final/install/autonomous_driving:/home/joon/automotive_software_final/install/ad_msgs:/opt/ros/humble'), ('SHELL', '/bin/bash'), ('LESSCLOSE', '/usr/bin/lesspipe %s %s'), ('VSCODE_GIT_ASKPASS_EXTRA_ARGS', ''), ('PWD', '/home/joon/mission_hard/mission_hard/build/simulator'), ('ENABLE_IDE_INTEGRATION', 'true'), ('XDG_DATA_DIRS', '/usr/local/share:/usr/share:/var/lib/snapd/desktop'), ('PYTHONPATH', '/home/joon/mission_hard/mission_hard/install/ad_msgs/local/lib/python3.10/dist-packages:/home/joon/automotive_software_final/install/ad_msgs/local/lib/python3.10/dist-packages:/opt/ros/humble/lib/python3.10/site-packages:/opt/ros/humble/local/lib/python3.10/dist-packages'), ('COLCON', '1'), ('WSL2_GUI_APPS_ENABLED', '1'), ('HOSTTYPE', 'x86_64'), ('CMAKE_PREFIX_PATH', '/home/joon/mission_hard/mission_hard/install/ad_msgs:/home/joon/mission_hard/mission_hard/install/simulator:/home/joon/mission_hard/mission_hard/install/mission_manager:/home/joon/mission_hard/mission_hard/install/evaluation:/home/joon/mission_hard/mission_hard/install/autonomous_driving:/home/joon/automotive_software_final/install/simulator:/home/joon/automotive_software_final/install/mission_manager:/home/joon/automotive_software_final/install/evaluation:/home/joon/automotive_software_final/install/autonomous_driving:/home/joon/automotive_software_final/install/ad_msgs:/opt/ros/humble'), ('WSLENV', 'VSCODE_WSL_EXT_LOCATION/up')]), 'shell': False}
[1.007068] (-) TimerEvent: {}
[1.007298] (autonomous_driving) StdoutLine: {'line': b'-- Found ament_cmake: 1.3.12 (/opt/ros/humble/share/ament_cmake/cmake)\n'}
[1.088394] (evaluation) StdoutLine: {'line': b'[100%] Built target evaluation\n'}
[1.090734] (mission_manager) StdoutLine: {'line': b'[100%] Built target mission_manager\n'}
[1.092048] (simulator) StdoutLine: {'line': b'[ 28%] Built target display\n'}
[1.092613] (simulator) StdoutLine: {'line': b'[ 57%] Built target vehicle\n'}
[1.094331] (simulator) StdoutLine: {'line': b'[100%] Built target lane_detection\n'}
[1.099889] (evaluation) CommandEnded: {'returncode': 0}
[1.100661] (evaluation) JobProgress: {'identifier': 'evaluation', 'progress': 'install'}
[1.100946] (evaluation) Command: {'cmd': ['/usr/bin/cmake', '--install', '/home/joon/mission_hard/mission_hard/build/evaluation'], 'cwd': '/home/joon/mission_hard/mission_hard/build/evaluation', 'env': OrderedDict([('PYTHON_BASIC_REPL', '1'), ('LESSOPEN', '| /usr/bin/lesspipe %s'), ('USER', 'joon'), ('GIT_ASKPASS', '/home/joon/.vscode-server/bin/bf9252a2fb45be6893dd8870c0bf37e2e1766d61/extensions/git/dist/askpass.sh'), ('SHLVL', '1'), ('LD_LIBRARY_PATH', '/home/joon/mission_hard/mission_hard/install/ad_msgs/lib:/home/joon/automotive_software_final/install/ad_msgs/lib:/usr/lib/x86_64-linux-gnu/gazebo-11/plugins:/opt/ros/humble/opt/rviz_ogre_vendor/lib:/opt/ros/humble/lib/x86_64-linux-gnu:/opt/ros/humble/lib'), ('MOTD_SHOWN', 'update-motd'), ('HOME', '/home/joon'), ('OLDPWD', '/home/joon/mission_hard'), ('TERM_PROGRAM_VERSION', '1.106.3'), ('VSCODE_IPC_HOOK_CLI', '/run/user/1000/vscode-ipc-720ca6f3-2537-4b04-b3dc-21832d244e7e.sock'), ('ROS_PYTHON_VERSION', '3'), ('VSCODE_GIT_ASKPASS_MAIN', '/home/joon/.vscode-server/bin/bf9252a2fb45be6893dd8870c0bf37e2e1766d61/extensions/git/dist/askpass-main.js'), ('VSCODE_GIT_ASKPASS_NODE', '/home/joon/.vscode-server/bin/bf9252a2fb45be6893dd8870c0bf37e2e1766d61/node'), ('PYDEVD_DISABLE_FILE_VALIDATION', '1'), ('BUNDLED_DEBUGPY_PATH', '/home/joon/.vscode-server/extensions/ms-python.debugpy-2025.16.0-linux-x64/bundled/libs/debugpy'), ('VSCODE_PYTHON_AUTOACTIVATE_GUARD', '1'), ('DBUS_SESSION_BUS_ADDRESS', 'unix:path=/run/user/1000/bus'), ('COLORTERM', 'truecolor'), ('WSL_DISTRO_NAME', 'Ubuntu-22.04'), ('WAYLAND_DISPLAY', 'wayland-0'), ('COLCON_PREFIX_PATH', '/home/joon/mission_hard/mission_hard/install:/home/joon/automotive_software_final/install'), ('ROS_DISTRO', 'humble'), ('LOGNAME', 'joon'), ('NAME', 'Joon'), ('WSL_INTEROP', '/run/WSL/523_interop'), ('PULSE_SERVER', 'unix:/mnt/wslg/PulseServer'), ('_', '/usr/bin/colcon'), ('ROS_VERSION', '2'), ('CLAUDE_CODE_SSE_PORT', '20257'), ('TERM', 'xterm-256color'), ('ROS_LOCALHOST_ONLY', '0'), ('PATH', '/opt/ros/humble/bin:/usr/bin:/usr/bin:/home/joon/.vscode-server/data/User/globalStorage/github.copilot-chat/debugCommand:/home/joon/.vscode-server/data/User/globalStorage/github.copilot-chat/copilotCli:/home/joon/.vscode-server/bin/bf9252a2fb45be6893dd8870c0bf37e2e1766d61/bin/remote-cli:/home/joon/.local/bin:/usr/bin:/usr/bin:/usr/local/sbin:/usr/local/bin:/usr/sbin:/usr/bin:/sbin:/bin:/usr/games:/usr/local/games:/usr/lib/wsl/lib:/mnt/c/WINDOWS/system32:/mnt/c/WINDOWS:/mnt/c/WINDOWS/System32/Wbem:/mnt/c/WINDOWS/System32/WindowsPowerShell/v1.0/:/mnt/c/WINDOWS/System32/OpenSSH/:/mnt/c/Program Files/MATLAB/R2024b/bin:/mnt/c/Program Files/nodejs/:/mnt/c/Program Files/Git/cmd:/mnt/c/Users/ksyj0/AppData/Local/Programs/Python/Python312/Scripts/:/mnt/c/Users/ksyj0/AppData/Local/Programs/Python/Python312/:/mnt/c/Users/ksyj0/AppData/Local/Programs/Python/Launcher/:/mnt/c/Users/ksyj0/AppData/Local/Microsoft/WindowsApps:/mnt/c/Users/ksyj0/AppData/Local/Programs/Microsoft VS Code/bin:/mnt/c/Users/ksyj0/AppData/Roaming/npm:/mnt/c/Users/ksyj0/AppData/Local/SOOP:/mnt/c/Users/ksyj0/AppData/Local/Programs/Kiro/bin:/snap/bin:/home/joon/.vscode-server/extensions/ms-python.debugpy-2025.16.0-linux-x64/bundled/scripts/noConfigScripts'), ('XDG_RUNTIME_DIR', '/run/user/1000/'), ('DISPLAY', ':0'), ('VSCODE_DEBUGPY_ADAPTER_ENDPOINTS', '/home/joon/.vscode-server/extensions/ms-python.debugpy-2025.16.0-linux-x64/.noConfigDebugAdapterEndpoints/endpoint-5f6b0efddf9f6982.txt'), ('LANG', 'en_US.UTF-8'), ('PYTHONSTARTUP', '/home/joon/.vscode-server/data/User/workspaceStorage/6032d0949a26c1de4974618490f207f6-1/ms-python.python/pythonrc.py'), ('LS_COLORS', 'rs=0:di=01;34:ln=01;36:mh=00:pi=40;33:so=01;35:do=01;35:bd=40;33;01:cd=40;33;01:or=40;31;01:mi=00:su=37;41:sg=30;43:ca=30;41:tw=30;42:ow=34;42:st=37;44:ex=01;32:*.tar=01;31:*.tgz=01;31:*.arc=01;31:*.arj=01;31:*.taz=01;31:*.lha=01;31:*.lz4=01;31:*.lzh=01;31:*.lzma=01;31:*.tlz=01;31:*.txz=01;31:*.tzo=01;31:*.t7z=01;31:*.zip=01;31:*.z=01;31:*.dz=01;31:*.gz=01;31:*.lrz=01;31:*.lz=01;31:*.lzo=01;31:*.xz=01;31:*.zst=01;31:*.tzst=01;31:*.bz2=01;31:*.bz=01;31:*.tbz=01;31:*.tbz2=01;31:*.tz=01;31:*.deb=01;31:*.rpm=01;31:*.jar=01;31:*.war=01;31:*.ear=01;31:*.sar=01;31:*.rar=01;31:*.alz=01;31:*.ace=01;31:*.zoo=01;31:*.cpio=01;31:*.7z=01;31:*.rz=01;31:*.cab=01;31:*.wim=01;31:*.swm=01;31:*.dwm=01;31:*.esd=01;31:*.jpg=01;35:*.jpeg=01;35:*.mjpg=01;35:*.mjpeg=01;35:*.gif=01;35:*.bmp=01;35:*.pbm=01;35:*.pgm=01;35:*.ppm=01;35:*.tga=01;35:*.xbm=01;35:*.xpm=01;35:*.tif=01;35:*.tiff=01;35:*.png=01;35:*.svg=01;35:*.svgz=01;35:*.mng=01;35:*.pcx=01;35:*.mov=01;35:*.mpg=01;35:*.mpeg=01;35:*.m2v=01;35:*.mkv=01;35:*.webm=01;35:*.webp=01;35:*.ogm=01;35:*.mp4=01;35:*.m4v=01;35:*.mp4v=01;35:*.vob=01;35:*.qt=01;35:*.nuv=01;35:*.wmv=01;35:*.asf=01;35:*.rm=01;35:*.rmvb=01;35:*.flc=01;35:*.avi=01;35:*.fli=01;35:*.flv=01;35:*.gl=01;35:*.dl=01;35:*.xcf=01;35:*.xwd=01;35:*.yuv=01;35:*.cgm=01;35:*.emf=01;35:*.ogv=01;35:*.ogx=01;35:*.aac=00;36:*.au=00;36:*.flac=00;36:*.m4a=00;36:*.mid=00;36:*.midi=00;36:*.mka=00;36:*.mp3=00;36:*.mpc=00;36:*.ogg=00;36:*.ra=00;36:*.wav=00;36:*.oga=00;36:*.opus=00;36:*.spx=00;36:*.xspf=00;36:'), ('VSCODE_GIT_IPC_HANDLE', '/run/user/1000/vscode-git-167d3a068c.sock'), ('TERM_PROGRAM', 'vscode'), ('AMENT_PREFIX_PATH', '/home/joon/mission_hard/mission_hard/install/simulator:/home/joon/mission_hard/mission_hard/install/mission_manager:/home/joon/mission_hard/mission_hard/install/evaluation:/home/joon/mission_hard/mission_hard/install/autonomous_driving:/home/joon/mission_hard/mission_hard/install/ad_msgs:/home/joon/automotive_software_final/install/simulator:/home/joon/automotive_software_final/install/mission_manager:/home/joon/automotive_software_final/install/evaluation:/home/joon/automotive_software_final/install/autonomous_driving:/home/joon/automotive_software_final/install/ad_msgs:/opt/ros/humble'), ('SHELL', '/bin/bash'), ('LESSCLOSE', '/usr/bin/lesspipe %s %s'), ('VSCODE_GIT_ASKPASS_EXTRA_ARGS', ''), ('PWD', '/home/joon/mission_hard/mission_hard/build/evaluation'), ('ENABLE_IDE_INTEGRATION', 'true'), ('XDG_DATA_DIRS', '/usr/local/share:/usr/share:/var/lib/snapd/desktop'), ('PYTHONPATH', '/home/joon/mission_hard/mission_hard/install/ad_msgs/local/lib/python3.10/dist-packages:/home/joon/automotive_software_final/install/ad_msgs/local/lib/python3.10/dist-packages:/opt/ros/humble/lib/python3.10/site-packages:/opt/ros/humble/local/lib/python3.10/dist-packages'), ('COLCON', '1'), ('WSL2_GUI_APPS_ENABLED', '1'), ('HOSTTYPE', 'x86_64'), ('CMAKE_PREFIX_PATH', '/home/joon/mission_hard/mission_hard/install/ad_msgs:/home/joon/mission_hard/mission_hard/install/simulator:/home/joon/mission_hard/mission_hard/install/mission_manager:/home/joon/mission_hard/mission_hard/install/evaluation:/home/joon/mission_hard/mission_hard/install/autonomous_driving:/home/joon/automotive_software_final/install/simulator:/home/joon/automotive_software_final/install/mission_manager:/home/joon/automotive_software_final/install/evaluation:/home/joon/automotive_software_final/install/autonomous_driving:/home/joon/automotive_software_final/install/ad_msgs:/opt/ros/humble'), ('WSLENV', 'VSCODE_WSL_EXT_LOCATION/up')]), 'shell': False}
[1.105228] (mission_manager) CommandEnded: {'returncode': 0}
[1.106082] (mission_manager) JobProgress: {'identifier': 'mission_manager', 'progress': 'install'}
[1.106468] (mission_manager) Command: {'cmd': ['/usr/bin/cmake', '--install', '/home/joon/mission_hard/mission_hard/build/mission_manager'], 'cwd': '/home/joon/mission_hard/mission_hard/build/mission_manager', 'env': OrderedDict([('PYTHON_BASIC_REPL', '1'), ('LESSOPEN', '| /usr/bin/lesspipe %s'), ('USER', 'joon'), ('GIT_ASKPASS', '/home/joon/.vscode-server/bin/bf9252a2fb45be6893dd8870c0bf37e2e1766d61/extensions/git/dist/askpass.sh'), ('SHLVL', '1'), ('LD_LIBRARY_PATH', '/home/joon/mission_hard/mission_hard/install/ad_msgs/lib:/home/joon/automotive_software_final/install/ad_msgs/lib:/usr/lib/x86_64-linux-gnu/gazebo-11/plugins:/opt/ros/humble/opt/rviz_ogre_vendor/lib:/opt/ros/humble/lib/x86_64-linux-gnu:/opt/ros/humble/lib'), ('MOTD_SHOWN', 'update-motd'), ('HOME', '/home/joon'), ('OLDPWD', '/home/joon/mission_hard'), ('TERM_PROGRAM_VERSION', '1.106.3'), ('VSCODE_IPC_HOOK_CLI', '/run/user/1000/vscode-ipc-720ca6f3-2537-4b04-b3dc-21832d244e7e.sock'), ('ROS_PYTHON_VERSION', '3'), ('VSCODE_GIT_ASKPASS_MAIN', '/home/joon/.vscode-server/bin/bf9252a2fb45be6893dd8870c0bf37e2e1766d61/extensions/git/dist/askpass-main.js'), ('VSCODE_GIT_ASKPASS_NODE', '/home/joon/.vscode-server/bin/bf9252a2fb45be6893dd8870c0bf37e2e1766d61/node'), ('PYDEVD_DISABLE_FILE_VALIDATION', '1'), ('BUNDLED_DEBUGPY_PATH', '/home/joon/.vscode-server/extensions/ms-python.debugpy-2025.16.0-linux-x64/bundled/libs/debugpy'), ('VSCODE_PYTHON_AUTOACTIVATE_GUARD', '1'), ('DBUS_SESSION_BUS_ADDRESS', 'unix:path=/run/user/1000/bus'), ('COLORTERM', 'truecolor'), ('WSL_DISTRO_NAME', 'Ubuntu-22.04'), ('WAYLAND_DISPLAY', 'wayland-0'), ('COLCON_PREFIX_PATH', '/home/joon/mission_hard/mission_hard/install:/home/joon/automotive_software_final/install'), ('ROS_DISTRO', 'humble'), ('LOGNAME', 'joon'), ('NAME', 'Joon'), ('WSL_INTEROP', '/run/WSL/523_interop'), ('PULSE_SERVER', 'unix:/mnt/wslg/PulseServer'), ('_', '/usr/bin/colcon'), ('ROS_VERSION', '2'), ('CLAUDE_CODE_SSE_PORT', '20257'), ('TERM', 'xterm-256color'), ('ROS_LOCALHOST_ONLY', '0'), ('PATH', '/opt/ros/humble/bin:/usr/bin:/usr/bin:/home/joon/.vscode-server/data/User/globalStorage/github.copilot-chat/debugCommand:/home/joon/.vscode-server/data/User/globalStorage/github.copilot-chat/copilotCli:/home/joon/.vscode-server/bin/bf9252a2fb45be6893dd8870c0bf37e2e1766d61/bin/remote-cli:/home/joon/.local/bin:/usr/bin:/usr/bin:/usr/local/sbin:/usr/local/bin:/usr/sbin:/usr/bin:/sbin:/bin:/usr/games:/usr/local/games:/usr/lib/wsl/lib:/mnt/c/WINDOWS/system32:/mnt/c/WINDOWS:/mnt/c/WINDOWS/System32/Wbem:/mnt/c/WINDOWS/System32/WindowsPowerShell/v1.0/:/mnt/c/WINDOWS/System32/OpenSSH/:/mnt/c/Program Files/MATLAB/R2024b/bin:/mnt/c/Program Files/nodejs/:/mnt/c/Program Files/Git/cmd:/mnt/c/Users/ksyj0/AppData/Local/Programs/Python/Python312/Scripts/:/mnt/c/Users/ksyj0/AppData/Local/Programs/Python/Python312/:/mnt/c/Users/ksyj0/AppData/Local/Programs/Python/Launcher/:/mnt/c/Users/ksyj0/AppData/Local/Microsoft/WindowsApps:/mnt/c/Users/ksyj0/AppData/Local/Programs/Microsoft VS Code/bin:/mnt/c/Users/ksyj0/AppData/Roaming/npm:/mnt/c/Users/ksyj0/AppData/Local/SOOP:/mnt/c/Users/ksyj0/AppData/Local/Programs/Kiro/bin:/snap/bin:/home/joon/.vscode-server/extensions/ms-python.debugpy-2025.16.0-linux-x64/bundled/scripts/noConfigScripts'), ('XDG_RUNTIME_DIR', '/run/user/1000/'), ('DISPLAY', ':0'), ('VSCODE_DEBUGPY_ADAPTER_ENDPOINTS', '/home/joon/.vscode-server/extensions/ms-python.debugpy-2025.16.0-linux-x64/.noConfigDebugAdapterEndpoints/endpoint-5f6b0efddf9f6982.txt'), ('LANG', 'en_US.UTF-8'), ('PYTHONSTARTUP', '/home/joon/.vscode-server/data/User/workspaceStorage/6032d0949a26c1de4974618490f207f6-1/ms-python.python/pythonrc.py'), ('LS_COLORS', 'rs=0:di=01;34:ln=01;36:mh=00:pi=40;33:so=01;35:do=01;35:bd=40;33;01:cd=40;33;01:or=40;31;01:mi=00:su=37;41:sg=30;43:ca=30;41:tw=30;42:ow=34;42:st=37;44:ex=01;32:*.tar=01;31:*.tgz=01;31:*.arc=01;31:*.arj=01;31:*.taz=01;31:*.lha=01;31:*.lz4=01;31:*.lzh=01;31:*.lzma=01;31:*.tlz=01;31:*.txz=01;31:*.tzo=01;31:*.t7z=01;31:*.zip=01;31:*.z=01;31:*.dz=01;31:*.gz=01;31:*.lrz=01;31:*.lz=01;31:*.lzo=01;31:*.xz=01;31:*.zst=01;31:*.tzst=01;31:*.bz2=01;31:*.bz=01;31:*.tbz=01;31:*.tbz2=01;31:*.tz=01;31:*.deb=01;31:*.rpm=01;31:*.jar=01;31:*.war=01;31:*.ear=01;31:*.sar=01;31:*.rar=01;31:*.alz=01;31:*.ace=01;31:*.zoo=01;31:*.cpio=01;31:*.7z=01;31:*.rz=01;31:*.cab=01;31:*.wim=01;31:*.swm=01;31:*.dwm=01;31:*.esd=01;31:*.jpg=01;35:*.jpeg=01;35:*.mjpg=01;35:*.mjpeg=01;35:*.gif=01;35:*.bmp=01;35:*.pbm=01;35:*.pgm=01;35:*.ppm=01;35:*.tga=01;35:*.xbm=01;35:*.xpm=01;35:*.tif=01;35:*.tiff=01;35:*.png=01;35:*.svg=01;35:*.svgz=01;35:*.mng=01;35:*.pcx=01;35:*.mov=01;35:*.mpg=01;35:*.mpeg=01;35:*.m2v=01;35:*.mkv=01;35:*.webm=01;35:*.webp=01;35:*.ogm=01;35:*.mp4=01;35:*.m4v=01;35:*.mp4v=01;35:*.vob=01;35:*.qt=01;35:*.nuv=01;35:*.wmv=01;35:*.asf=01;35:*.rm=01;35:*.rmvb=01;35:*.flc=01;35:*.avi=01;35:*.fli=01;35:*.flv=01;35:*.gl=01;35:*.dl=01;35:*.xcf=01;35:*.xwd=01;35:*.yuv=01;35:*.cgm=01;35:*.emf=01;35:*.ogv=01;35:*.ogx=01;35:*.aac=00;36:*.au=00;36:*.flac=00;36:*.m4a=00;36:*.mid=00;36:*.midi=00;36:*.mka=00;36:*.mp3=00;36:*.mpc=00;36:*.ogg=00;36:*.ra=00;36:*.wav=00;36:*.oga=00;36:*.opus=00;36:*.spx=00;36:*.xspf=00;36:'), ('VSCODE_GIT_IPC_HANDLE', '/run/user/1000/vscode-git-167d3a068c.sock'), ('TERM_PROGRAM', 'vscode'), ('AMENT_PREFIX_PATH', '/home/joon/mission_hard/mission_hard/install/simulator:/home/joon/mission_hard/mission_hard/install/mission_manager:/home/joon/mission_hard/mission_hard/install/evaluation:/home/joon/mission_hard/mission_hard/install/autonomous_driving:/home/joon/mission_hard/mission_hard/install/ad_msgs:/home/joon/automotive_software_final/install/simulator:/home/joon/automotive_software_final/install/mission_manager:/home/joon/automotive_software_final/install/evaluation:/home/joon/automotive_software_final/install/autonomous_driving:/home/joon/automotive_software_final/install/ad_msgs:/opt/ros/humble'), ('SHELL', '/bin/bash'), ('LESSCLOSE', '/usr/bin/lesspipe %s %s'), ('VSCODE_GIT_ASKPASS_EXTRA_ARGS', ''), ('PWD', '/home/joon/mission_hard/mission_hard/build/mission_manager'), ('ENABLE_IDE_INTEGRATION', 'true'), ('XDG_DATA_DIRS', '/usr/local/share:/usr/share:/var/lib/snapd/desktop'), ('PYTHONPATH', '/home/joon/mission_hard/mission_hard/install/ad_msgs/local/lib/python3.10/dist-packages:/home/joon/automotive_software_final/install/ad_msgs/local/lib/python3.10/dist-packages:/opt/ros/humble/lib/python3.10/site-packages:/opt/ros/humble/local/lib/python3.10/dist-packages'), ('COLCON', '1'), ('WSL2_GUI_APPS_ENABLED', '1'), ('HOSTTYPE', 'x86_64'), ('CMAKE_PREFIX_PATH', '/home/joon/mission_hard/mission_hard/install/ad_msgs:/home/joon/mission_hard/mission_hard/install/simulator:/home/joon/mission_hard/mission_hard/install/mission_manager:/home/joon/mission_hard/mission_hard/install/evaluation:/home/joon/mission_hard/mission_hard/install/autonomous_driving:/home/joon/automotive_software_final/install/simulator:/home/joon/automotive_software_final/install/mission_manager:/home/joon/automotive_software_final/install/evaluation:/home/joon/automotive_software_final/install/autonomous_driving:/home/joon/automotive_software_final/install/ad_msgs:/opt/ros/humble'), ('WSLENV', 'VSCODE_WSL_EXT_LOCATION/up')]), 'shell': False}
[1.107734] (-) TimerEvent: {}
[1.109363] (simulator) CommandEnded: {'returncode': 0}
[1.110212] (simulator) JobProgress: {'identifier': 'simulator', 'progress': 'install'}
[1.112409] (simulator) Command: {'cmd': ['/usr/bin/cmake', '--install', '/home/joon/mission_hard/mission_hard/build/simulator'], 'cwd': '/home/joon/mission_hard/mission_hard/build/simulator', 'env': OrderedDict([('PYTHON_BASIC_REPL', '1'), ('LESSOPEN', '| /usr/bin/lesspipe %s'), ('USER', 'joon'), ('GIT_ASKPASS', '/home/joon/.vscode-server/bin/bf9252a2fb45be6893dd8870c0bf37e2e1766d61/extensions/git/dist/askpass.sh'), ('SHLVL', '1'), ('LD_LIBRARY_PATH', '/home/joon/mission_hard/mission_hard/install/ad_msgs/lib:/home/joon/automotive_software_final/install/ad_msgs/lib:/usr/lib/x86_64-linux-gnu/gazebo-11/plugins:/opt/ros/humble/opt/rviz_ogre_vendor/lib:/opt/ros/humble/lib/x86_64-linux-gnu:/opt/ros/humble/lib'), ('MOTD_SHOWN', 'update-motd'), ('HOME', '/home/joon'), ('OLDPWD', '/home/joon/mission_hard'), ('TERM_PROGRAM_VERSION', '1.106.3'), ('VSCODE_IPC_HOOK_CLI', '/run/user/1000/vscode-ipc-720ca6f3-2537-4b04-b3dc-21832d244e7e.sock'), ('ROS_PYTHON_VERSION', '3'), ('VSCODE_GIT_ASKPASS_MAIN', '/home/joon/.vscode-server/bin/bf9252a2fb45be6893dd8870c0bf37e2e1766d61/extensions/git/dist/askpass-main.js'), ('VSCODE_GIT_ASKPASS_NODE', '/home/joon/.vscode-server/bin/bf9252a2fb45be6893dd8870c0bf37e2e1766d61/node'), ('PYDEVD_DISABLE_FILE_VALIDATION', '1'), ('BUNDLED_DEBUGPY_PATH', '/home/joon/.vscode-server/extensions/ms-python.debugpy-2025.16.0-linux-x64/bundled/libs/debugpy'), ('VSCODE_PYTHON_AUTOACTIVATE_GUARD', '1'), ('DBUS_SESSION_BUS_ADDRESS', 'unix:path=/run/user/1000/bus'), ('COLORTERM', 'truecolor'), ('WSL_DISTRO_NAME', 'Ubuntu-22.04'), ('WAYLAND_DISPLAY', 'wayland-0'), ('COLCON_PREFIX_PATH', '/home/joon/mission_hard/mission_hard/install:/home/joon/automotive_software_final/install'), ('ROS_DISTRO', 'humble'), ('LOGNAME', 'joon'), ('NAME', 'Joon'), ('WSL_INTEROP', '/run/WSL/523_interop'), ('PULSE_SERVER', 'unix:/mnt/wslg/PulseServer'), ('_', '/usr/bin/colcon'), ('ROS_VERSION', '2'), ('CLAUDE_CODE_SSE_PORT', '20257'), ('TERM', 'xterm-256color'), ('ROS_LOCALHOST_ONLY', '0'), ('PATH', '/opt/ros/humble/bin:/usr/bin:/usr/bin:/home/joon/.vscode-server/data/User/globalStorage/github.copilot-chat/debugCommand:/home/joon/.vscode-server/data/User/globalStorage/github.copilot-chat/copilotCli:/home/joon/.vscode-server/bin/bf9252a2fb45be6893dd8870c0bf37e2e1766d61/bin/remote-cli:/home/joon/.local/bin:/usr/bin:/usr/bin:/usr/local/sbin:/usr/local/bin:/usr/sbin:/usr/bin:/sbin:/bin:/usr/games:/usr/local/games:/usr/lib/wsl/lib:/mnt/c/WINDOWS/system32:/mnt/c/WINDOWS:/mnt/c/WINDOWS/System32/Wbem:/mnt/c/WINDOWS/System32/WindowsPowerShell/v1.0/:/mnt/c/WINDOWS/System32/OpenSSH/:/mnt/c/Program Files/MATLAB/R2024b/bin:/mnt/c/Program Files/nodejs/:/mnt/c/Program Files/Git/cmd:/mnt/c/Users/ksyj0/AppData/Local/Programs/Python/Python312/Scripts/:/mnt/c/Users/ksyj0/AppData/Local/Programs/Python/Python312/:/mnt/c/Users/ksyj0/AppData/Local/Programs/Python/Launcher/:/mnt/c/Users/ksyj0/AppData/Local/Microsoft/WindowsApps:/mnt/c/Users/ksyj0/AppData/Local/Programs/Microsoft VS Code/bin:/mnt/c/Users/ksyj0/AppData/Roaming/npm:/mnt/c/Users/ksyj0/AppData/Local/SOOP:/mnt/c/Users/ksyj0/AppData/Local/Programs/Kiro/bin:/snap/bin:/home/joon/.vscode-server/extensions/ms-python.debugpy-2025.16.0-linux-x64/bundled/scripts/noConfigScripts'), ('XDG_RUNTIME_DIR', '/run/user/1000/'), ('DISPLAY', ':0'), ('VSCODE_DEBUGPY_ADAPTER_ENDPOINTS', '/home/joon/.vscode-server/extensions/ms-python.debugpy-2025.16.0-linux-x64/.noConfigDebugAdapterEndpoints/endpoint-5f6b0efddf9f6982.txt'), ('LANG', 'en_US.UTF-8'), ('PYTHONSTARTUP', '/home/joon/.vscode-server/data/User/workspaceStorage/6032d0949a26c1de4974618490f207f6-1/ms-python.python/pythonrc.py'), ('LS_COLORS', 'rs=0:di=01;34:ln=01;36:mh=00:pi=40;33:so=01;35:do=01;35:bd=40;33;01:cd=40;33;01:or=40;31;01:mi=00:su=37;41:sg=30;43:ca=30;41:tw=30;42:ow=34;42:st=37;44:ex=01;32:*.tar=01;31:*.tgz=01;31:*.arc=01;31:*.arj=01;31:*.taz=01;31:*.lha=01;31:*.lz4=01;31:*.lzh=01;31:*.lzma=01;31:*.tlz=01;31:*.txz=01;31:*.tzo=01;31:*.t7z=01;31:*.zip=01;31:*.z=01;31:*.dz=01;31:*.gz=01;31:*.lrz=01;31:*.lz=01;31:*.lzo=01;31:*.xz=01;31:*.zst=01;31:*.tzst=01;31:*.bz2=01;31:*.bz=01;31:*.tbz=01;31:*.tbz2=01;31:*.tz=01;31:*.deb=01;31:*.rpm=01;31:*.jar=01;31:*.war=01;31:*.ear=01;31:*.sar=01;31:*.rar=01;31:*.alz=01;31:*.ace=01;31:*.zoo=01;31:*.cpio=01;31:*.7z=01;31:*.rz=01;31:*.cab=01;31:*.wim=01;31:*.swm=01;31:*.dwm=01;31:*.esd=01;31:*.jpg=01;35:*.jpeg=01;35:*.mjpg=01;35:*.mjpeg=01;35:*.gif=01;35:*.bmp=01;35:*.pbm=01;35:*.pgm=01;35:*.ppm=01;35:*.tga=01;35:*.xbm=01;35:*.xpm=01;35:*.tif=01;35:*.tiff=01;35:*.png=01;35:*.svg=01;35:*.svgz=01;35:*.mng=01;35:*.pcx=01;35:*.mov=01;35:*.mpg=01;35:*.mpeg=01;35:*.m2v=01;35:*.mkv=01;35:*.webm=01;35:*.webp=01;35:*.ogm=01;35:*.mp4=01;35:*.m4v=01;35:*.mp4v=01;35:*.vob=01;35:*.qt=01;35:*.nuv=01;35:*.wmv=01;35:*.asf=01;35:*.rm=01;35:*.rmvb=01;35:*.flc=01;35:*.avi=01;35:*.fli=01;35:*.flv=01;35:*.gl=01;35:*.dl=01;35:*.xcf=01;35:*.xwd=01;35:*.yuv=01;35:*.cgm=01;35:*.emf=01;35:*.ogv=01;35:*.ogx=01;35:*.aac=00;36:*.au=00;36:*.flac=00;36:*.m4a=00;36:*.mid=00;36:*.midi=00;36:*.mka=00;36:*.mp3=00;36:*.mpc=00;36:*.ogg=00;36:*.ra=00;36:*.wav=00;36:*.oga=00;36:*.opus=00;36:*.spx=00;36:*.xspf=00;36:'), ('VSCODE_GIT_IPC_HANDLE', '/run/user/1000/vscode-git-167d3a068c.sock'), ('TERM_PROGRAM', 'vscode'), ('AMENT_PREFIX_PATH', '/home/joon/mission_hard/mission_hard/install/simulator:/home/joon/mission_hard/mission_hard/install/mission_manager:/home/joon/mission_hard/mission_hard/install/evaluation:/home/joon/mission_hard/mission_hard/install/autonomous_driving:/home/joon/mission_hard/mission_hard/install/ad_msgs:/home/joon/automotive_software_final/install/simulator:/home/joon/automotive_software_final/install/mission_manager:/home/joon/automotive_software_final/install/evaluation:/home/joon/automotive_software_final/install/autonomous_driving:/home/joon/automotive_software_final/install/ad_msgs:/opt/ros/humble'), ('SHELL', '/bin/bash'), ('LESSCLOSE', '/usr/bin/lesspipe %s %s'), ('VSCODE_GIT_ASKPASS_EXTRA_ARGS', ''), ('PWD', '/home/joon/mission_hard/mission_hard/build/simulator'), ('ENABLE_IDE_INTEGRATION', 'true'), ('XDG_DATA_DIRS', '/usr/local/share:/usr/share:/var/lib/snapd/desktop'), ('PYTHONPATH', '/home/joon/mission_hard/mission_hard/install/ad_msgs/local/lib/python3.10/dist-packages:/home/joon/automotive_software_final/install/ad_msgs/local/lib/python3.10/dist-packages:/opt/ros/humble/lib/python3.10/site-packages:/opt/ros/humble/local/lib/python3.10/dist-packages'), ('COLCON', '1'), ('WSL2_GUI_APPS_ENABLED', '1'), ('HOSTTYPE', 'x86_64'), ('CMAKE_PREFIX_PATH', '/home/joon/mission_hard/mission_hard/install/ad_msgs:/home/joon/mission_hard/mission_hard/install/simulator:/home/joon/mission_hard/mission_hard/install/mission_manager:/home/joon/mission_hard/mission_hard/install/evaluation:/home/joon/mission_hard/mission_hard/install/autonomous_driving:/home/joon/automotive_software_final/install/simulator:/home/joon/automotive_software_final/install/mission_manager:/home/joon/automotive_software_final/install/evaluation:/home/joon/automotive_software_final/install/autonomous_driving:/home/joon/automotive_software_final/install/ad_msgs:/opt/ros/humble'), ('WSLENV', 'VSCODE_WSL_EXT_LOCATION/up')]), 'shell': False}
[1.113275] (evaluation) StdoutLine: {'line': b'-- Install configuration: ""\n'}
[1.113530] (evaluation) StdoutLine: {'line': b'-- Execute custom install script\n'}
[1.113701] (evaluation) StdoutLine: {'line': b'-- Up-to-date symlink: /home/joon/mission_hard/mission_hard/install/evaluation/lib/evaluation/evaluation\n'}
[1.114182] (evaluation) StdoutLine: {'line': b'-- Up-to-date symlink: /home/joon/mission_hard/mission_hard/install/evaluation/share/evaluation/launch/evaluation.launch.xml\n'}
[1.114259] (evaluation) StdoutLine: {'line': b'-- Up-to-date symlink: /home/joon/mission_hard/mission_hard/install/evaluation/share/evaluation/launch/evaluation.launch.xml:Zone.Identifier\n'}
[1.114316] (evaluation) StdoutLine: {'line': b'-- Up-to-date symlink: /home/joon/mission_hard/mission_hard/install/evaluation/share/ament_index/resource_index/package_run_dependencies/evaluation\n'}
[1.114368] (evaluation) StdoutLine: {'line': b'-- Up-to-date symlink: /home/joon/mission_hard/mission_hard/install/evaluation/share/ament_index/resource_index/parent_prefix_path/evaluation\n'}
[1.114421] (evaluation) StdoutLine: {'line': b'-- Up-to-date symlink: /home/joon/mission_hard/mission_hard/install/evaluation/share/evaluation/environment/ament_prefix_path.sh\n'}
[1.114518] (evaluation) StdoutLine: {'line': b'-- Up-to-date symlink: /home/joon/mission_hard/mission_hard/install/evaluation/share/evaluation/environment/ament_prefix_path.dsv\n'}
[1.114570] (evaluation) StdoutLine: {'line': b'-- Up-to-date symlink: /home/joon/mission_hard/mission_hard/install/evaluation/share/evaluation/environment/path.sh\n'}
[1.114632] (evaluation) StdoutLine: {'line': b'-- Up-to-date symlink: /home/joon/mission_hard/mission_hard/install/evaluation/share/evaluation/environment/path.dsv\n'}
[1.114682] (evaluation) StdoutLine: {'line': b'-- Up-to-date symlink: /home/joon/mission_hard/mission_hard/install/evaluation/share/evaluation/local_setup.bash\n'}
[1.114731] (evaluation) StdoutLine: {'line': b'-- Up-to-date symlink: /home/joon/mission_hard/mission_hard/install/evaluation/share/evaluation/local_setup.sh\n'}
[1.114777] (evaluation) StdoutLine: {'line': b'-- Up-to-date symlink: /home/joon/mission_hard/mission_hard/install/evaluation/share/evaluation/local_setup.zsh\n'}
[1.114822] (evaluation) StdoutLine: {'line': b'-- Up-to-date symlink: /home/joon/mission_hard/mission_hard/install/evaluation/share/evaluation/local_setup.dsv\n'}
[1.114874] (evaluation) StdoutLine: {'line': b'-- Symlinking: /home/joon/mission_hard/mission_hard/install/evaluation/share/evaluation/package.dsv\n'}
[1.115266] (mission_manager) StdoutLine: {'line': b'-- Install configuration: ""\n'}
[1.116184] (mission_manager) StdoutLine: {'line': b'-- Execute custom install script\n'}
[1.116436] (mission_manager) StdoutLine: {'line': b'-- Up-to-date symlink: /home/joon/mission_hard/mission_hard/install/mission_manager/lib/mission_manager/mission_manager\n'}
[1.116967] (mission_manager) StdoutLine: {'line': b'-- Up-to-date symlink: /home/joon/mission_hard/mission_hard/install/mission_manager/share/mission_manager/launch/mission_manager.launch.xml\n'}
[1.117261] (mission_manager) StdoutLine: {'line': b'-- Up-to-date symlink: /home/joon/mission_hard/mission_hard/install/mission_manager/share/mission_manager/launch/mission_manager.launch.xml:Zone.Identifier\n'}
[1.117501] (mission_manager) StdoutLine: {'line': b'-- Up-to-date symlink: /home/joon/mission_hard/mission_hard/install/mission_manager/share/ament_index/resource_index/package_run_dependencies/mission_manager\n'}
[1.117574] (mission_manager) StdoutLine: {'line': b'-- Up-to-date symlink: /home/joon/mission_hard/mission_hard/install/mission_manager/share/ament_index/resource_index/parent_prefix_path/mission_manager\n'}
[1.117713] (mission_manager) StdoutLine: {'line': b'-- Up-to-date symlink: /home/joon/mission_hard/mission_hard/install/mission_manager/share/mission_manager/environment/ament_prefix_path.sh\n'}
[1.117855] (mission_manager) StdoutLine: {'line': b'-- Up-to-date symlink: /home/joon/mission_hard/mission_hard/install/mission_manager/share/mission_manager/environment/ament_prefix_path.dsv\n'}
[1.118041] (mission_manager) StdoutLine: {'line': b'-- Up-to-date symlink: /home/joon/mission_hard/mission_hard/install/mission_manager/share/mission_manager/environment/path.sh\n'}
[1.118276] (mission_manager) StdoutLine: {'line': b'-- Up-to-date symlink: /home/joon/mission_hard/mission_hard/install/mission_manager/share/mission_manager/environment/path.dsv\n'}
[1.118464] (mission_manager) StdoutLine: {'line': b'-- Up-to-date symlink: /home/joon/mission_hard/mission_hard/install/mission_manager/share/mission_manager/local_setup.bash\n'}
[1.118948] (mission_manager) StdoutLine: {'line': b'-- Up-to-date symlink: /home/joon/mission_hard/mission_hard/install/mission_manager/share/mission_manager/local_setup.sh\n'}
[1.119124] (mission_manager) StdoutLine: {'line': b'-- Up-to-date symlink: /home/joon/mission_hard/mission_hard/install/mission_manager/share/mission_manager/local_setup.zsh\n'}
[1.119702] (mission_manager) StdoutLine: {'line': b'-- Up-to-date symlink: /home/joon/mission_hard/mission_hard/install/mission_manager/share/mission_manager/local_setup.dsv\n'}
[1.119853] (mission_manager) StdoutLine: {'line': b'-- Symlinking: /home/joon/mission_hard/mission_hard/install/mission_manager/share/mission_manager/package.dsv\n'}
[1.119948] (simulator) StdoutLine: {'line': b'-- Install configuration: ""\n'}
[1.120222] (simulator) StdoutLine: {'line': b'-- Execute custom install script\n'}
[1.120695] (simulator) StdoutLine: {'line': b'-- Up-to-date symlink: /home/joon/mission_hard/mission_hard/install/simulator/lib/simulator/vehicle\n'}
[1.120918] (simulator) StdoutLine: {'line': b'-- Up-to-date symlink: /home/joon/mission_hard/mission_hard/install/simulator/lib/simulator/lane_detection\n'}
[1.121187] (simulator) StdoutLine: {'line': b'-- Up-to-date symlink: /home/joon/mission_hard/mission_hard/install/simulator/lib/simulator/display\n'}
[1.121434] (simulator) StdoutLine: {'line': b'-- Up-to-date symlink: /home/joon/mission_hard/mission_hard/install/simulator/share/simulator/launch/simulation.launch.xml\n'}
[1.121663] (simulator) StdoutLine: {'line': b'-- Up-to-date symlink: /home/joon/mission_hard/mission_hard/install/simulator/share/simulator/launch/simulation.launch.xml:Zone.Identifier\n'}
[1.121860] (simulator) StdoutLine: {'line': b'-- Up-to-date symlink: /home/joon/mission_hard/mission_hard/install/simulator/share/ament_index/resource_index/package_run_dependencies/simulator\n'}
[1.122059] (simulator) StdoutLine: {'line': b'-- Up-to-date symlink: /home/joon/mission_hard/mission_hard/install/simulator/share/ament_index/resource_index/parent_prefix_path/simulator\n'}
[1.122323] (simulator) StdoutLine: {'line': b'-- Up-to-date symlink: /home/joon/mission_hard/mission_hard/install/simulator/share/simulator/environment/ament_prefix_path.sh\n'}
[1.122406] (simulator) StdoutLine: {'line': b'-- Up-to-date symlink: /home/joon/mission_hard/mission_hard/install/simulator/share/simulator/environment/ament_prefix_path.dsv\n'}
[1.122501] (simulator) StdoutLine: {'line': b'-- Up-to-date symlink: /home/joon/mission_hard/mission_hard/install/simulator/share/simulator/environment/path.sh\n'}
[1.122647] (simulator) StdoutLine: {'line': b'-- Up-to-date symlink: /home/joon/mission_hard/mission_hard/install/simulator/share/simulator/environment/path.dsv\n'}
[1.122798] (simulator) StdoutLine: {'line': b'-- Up-to-date symlink: /home/joon/mission_hard/mission_hard/install/simulator/share/simulator/local_setup.bash\n'}
[1.123059] (simulator) StdoutLine: {'line': b'-- Up-to-date symlink: /home/joon/mission_hard/mission_hard/install/simulator/share/simulator/local_setup.sh\n'}
[1.123277] (simulator) StdoutLine: {'line': b'-- Up-to-date symlink: /home/joon/mission_hard/mission_hard/install/simulator/share/simulator/local_setup.zsh\n'}
[1.123395] (simulator) StdoutLine: {'line': b'-- Up-to-date symlink: /home/joon/mission_hard/mission_hard/install/simulator/share/simulator/local_setup.dsv\n'}
[1.123732] (simulator) StdoutLine: {'line': b'-- Symlinking: /home/joon/mission_hard/mission_hard/install/simulator/share/simulator/package.dsv\n'}
[1.124247] (evaluation) StdoutLine: {'line': b'-- Up-to-date symlink: /home/joon/mission_hard/mission_hard/install/evaluation/share/ament_index/resource_index/packages/evaluation\n'}
[1.124533] (evaluation) StdoutLine: {'line': b'-- Up-to-date symlink: /home/joon/mission_hard/mission_hard/install/evaluation/share/evaluation/cmake/evaluationConfig.cmake\n'}
[1.124775] (evaluation) StdoutLine: {'line': b'-- Up-to-date symlink: /home/joon/mission_hard/mission_hard/install/evaluation/share/evaluation/cmake/evaluationConfig-version.cmake\n'}
[1.124854] (evaluation) StdoutLine: {'line': b'-- Up-to-date symlink: /home/joon/mission_hard/mission_hard/install/evaluation/share/evaluation/package.xml\n'}
[1.126644] (evaluation) CommandEnded: {'returncode': 0}
[1.130175] (mission_manager) StdoutLine: {'line': b'-- Up-to-date symlink: /home/joon/mission_hard/mission_hard/install/mission_manager/share/ament_index/resource_index/packages/mission_manager\n'}
[1.131011] (mission_manager) StdoutLine: {'line': b'-- Up-to-date symlink: /home/joon/mission_hard/mission_hard/install/mission_manager/share/mission_manager/cmake/mission_managerConfig.cmake\n'}
[1.131300] (mission_manager) StdoutLine: {'line': b'-- Up-to-date symlink: /home/joon/mission_hard/mission_hard/install/mission_manager/share/mission_manager/cmake/mission_managerConfig-version.cmake\n'}
[1.131985] (mission_manager) StdoutLine: {'line': b'-- Up-to-date symlink: /home/joon/mission_hard/mission_hard/install/mission_manager/share/mission_manager/package.xml\n'}
[1.132625] (simulator) StdoutLine: {'line': b'-- Up-to-date symlink: /home/joon/mission_hard/mission_hard/install/simulator/share/ament_index/resource_index/packages/simulator\n'}
[1.132751] (simulator) StdoutLine: {'line': b'-- Up-to-date symlink: /home/joon/mission_hard/mission_hard/install/simulator/share/simulator/cmake/simulatorConfig.cmake\n'}
[1.133300] (simulator) StdoutLine: {'line': b'-- Up-to-date symlink: /home/joon/mission_hard/mission_hard/install/simulator/share/simulator/cmake/simulatorConfig-version.cmake\n'}
[1.134131] (simulator) StdoutLine: {'line': b'-- Up-to-date symlink: /home/joon/mission_hard/mission_hard/install/simulator/share/simulator/package.xml\n'}
[1.143020] (evaluation) JobEnded: {'identifier': 'evaluation', 'rc': 0}
[1.145473] (mission_manager) CommandEnded: {'returncode': 0}
[1.162101] (mission_manager) JobEnded: {'identifier': 'mission_manager', 'rc': 0}
[1.163511] (simulator) CommandEnded: {'returncode': 0}
[1.184542] (autonomous_driving) StdoutLine: {'line': b'-- Override CMake install command with custom implementation using symlinks instead of copying resources\n'}
[1.199987] (simulator) JobEnded: {'identifier': 'simulator', 'rc': 0}
[1.201311] (autonomous_driving) StdoutLine: {'line': b'-- Found rclcpp: 16.0.15 (/opt/ros/humble/share/rclcpp/cmake)\n'}
[1.207911] (-) TimerEvent: {}
[1.308796] (-) TimerEvent: {}
[1.409313] (-) TimerEvent: {}
[1.509803] (-) TimerEvent: {}
[1.610238] (-) TimerEvent: {}
[1.710803] (-) TimerEvent: {}
[1.811384] (-) TimerEvent: {}
[1.911993] (-) TimerEvent: {}
[2.012463] (-) TimerEvent: {}
[2.113160] (-) TimerEvent: {}
[2.213733] (-) TimerEvent: {}
[2.314366] (-) TimerEvent: {}
[2.414924] (-) TimerEvent: {}
[2.515665] (-) TimerEvent: {}
[2.540716] (autonomous_driving) StdoutLine: {'line': b'-- Found rosidl_generator_c: 3.1.7 (/opt/ros/humble/share/rosidl_generator_c/cmake)\n'}
[2.543035] (autonomous_driving) StdoutLine: {'line': b'-- Found rosidl_adapter: 3.1.7 (/opt/ros/humble/share/rosidl_adapter/cmake)\n'}
[2.553505] (autonomous_driving) StdoutLine: {'line': b'-- Found rosidl_generator_cpp: 3.1.7 (/opt/ros/humble/share/rosidl_generator_cpp/cmake)\n'}
[2.564911] (autonomous_driving) StdoutLine: {'line': b'-- Using all available rosidl_typesupport_c: rosidl_typesupport_fastrtps_c;rosidl_typesupport_introspection_c\n'}
[2.578938] (autonomous_driving) StdoutLine: {'line': b'-- Using all available rosidl_typesupport_cpp: rosidl_typesupport_fastrtps_cpp;rosidl_typesupport_introspection_cpp\n'}
[2.610832] (autonomous_driving) StdoutLine: {'line': b'-- Found rmw_implementation_cmake: 6.1.2 (/opt/ros/humble/share/rmw_implementation_cmake/cmake)\n'}
[2.613961] (autonomous_driving) StdoutLine: {'line': b'-- Found rmw_fastrtps_cpp: 6.2.8 (/opt/ros/humble/share/rmw_fastrtps_cpp/cmake)\n'}
[2.615812] (-) TimerEvent: {}
[2.716302] (-) TimerEvent: {}
[2.816870] (-) TimerEvent: {}
[2.917479] (-) TimerEvent: {}
[3.018063] (-) TimerEvent: {}
[3.118665] (-) TimerEvent: {}
[3.219223] (-) TimerEvent: {}
[3.319891] (-) TimerEvent: {}
[3.420433] (-) TimerEvent: {}
[3.520957] (-) TimerEvent: {}
[3.621550] (-) TimerEvent: {}
[3.722084] (-) TimerEvent: {}
[3.822546] (-) TimerEvent: {}
[3.923343] (-) TimerEvent: {}
[4.023884] (-) TimerEvent: {}
[4.124370] (-) TimerEvent: {}
[4.224944] (-) TimerEvent: {}
[4.325498] (-) TimerEvent: {}
[4.426210] (-) TimerEvent: {}
[4.526868] (-) TimerEvent: {}
[4.627331] (-) TimerEvent: {}
[4.727752] (-) TimerEvent: {}
[4.828182] (-) TimerEvent: {}
[4.928588] (-) TimerEvent: {}
[5.029111] (-) TimerEvent: {}
[5.129681] (-) TimerEvent: {}
[5.230215] (-) TimerEvent: {}
[5.330787] (-) TimerEvent: {}
[5.431558] (-) TimerEvent: {}
[5.532179] (-) TimerEvent: {}
[5.632661] (-) TimerEvent: {}
[5.733202] (-) TimerEvent: {}
[5.833753] (-) TimerEvent: {}
[5.934296] (-) TimerEvent: {}
[6.034861] (-) TimerEvent: {}
[6.135478] (-) TimerEvent: {}
[6.236128] (-) TimerEvent: {}
[6.336655] (-) TimerEvent: {}
[6.437183] (-) TimerEvent: {}
[6.537755] (-) TimerEvent: {}
[6.638769] (-) TimerEvent: {}
[6.739591] (-) TimerEvent: {}
[6.840258] (-) TimerEvent: {}
[6.941075] (-) TimerEvent: {}
[7.041719] (-) TimerEvent: {}
[7.142381] (-) TimerEvent: {}
[7.243474] (-) TimerEvent: {}
[7.344239] (-) TimerEvent: {}
[7.444973] (-) TimerEvent: {}
[7.545629] (-) TimerEvent: {}
[7.646377] (-) TimerEvent: {}
[7.747188] (-) TimerEvent: {}
[7.847781] (-) TimerEvent: {}
[7.948355] (-) TimerEvent: {}
[8.048913] (-) TimerEvent: {}
[8.149440] (-) TimerEvent: {}
[8.249963] (-) TimerEvent: {}
[8.350431] (-) TimerEvent: {}
[8.450957] (-) TimerEvent: {}
[8.551555] (-) TimerEvent: {}
[8.652108] (-) TimerEvent: {}
[8.752606] (-) TimerEvent: {}
[8.853308] (-) TimerEvent: {}
[8.953851] (-) TimerEvent: {}
[9.054257] (-) TimerEvent: {}
[9.154751] (-) TimerEvent: {}
[9.255326] (-) TimerEvent: {}
[9.355954] (-) TimerEvent: {}
[9.456442] (-) TimerEvent: {}
[9.556833] (-) TimerEvent: {}
[9.657291] (-) TimerEvent: {}
[9.757876] (-) TimerEvent: {}
[9.858410] (-) TimerEvent: {}
[9.902391] (autonomous_driving) StdoutLine: {'line': b"-- Using RMW implementation 'rmw_fastrtps_cpp' as default\n"}
[9.952472] (autonomous_driving) StdoutLine: {'line': b'-- Found ad_msgs: 0.0.0 (/home/joon/mission_hard/mission_hard/install/ad_msgs/share/ad_msgs/cmake)\n'}
[9.958785] (-) TimerEvent: {}
[10.052511] (autonomous_driving) StdoutLine: {'line': b'-- Found tf2: 0.25.16 (/opt/ros/humble/share/tf2/cmake)\n'}
[10.056466] (autonomous_driving) StdoutLine: {'line': b'-- Found tf2_ros: 0.25.16 (/opt/ros/humble/share/tf2_ros/cmake)\n'}
[10.058942] (-) TimerEvent: {}
[10.159569] (-) TimerEvent: {}
[10.250007] (autonomous_driving) StdoutLine: {'line': b'-- Configuring done\n'}
[10.259770] (-) TimerEvent: {}
[10.267590] (autonomous_driving) StdoutLine: {'line': b'-- Generating done\n'}
[10.276134] (autonomous_driving) StdoutLine: {'line': b'-- Build files have been written to: /home/joon/mission_hard/mission_hard/build/autonomous_driving\n'}
[10.289818] (autonomous_driving) CommandEnded: {'returncode': 0}
[10.290952] (autonomous_driving) JobProgress: {'identifier': 'autonomous_driving', 'progress': 'build'}
[10.292590] (autonomous_driving) Command: {'cmd': ['/usr/bin/cmake', '--build', '/home/joon/mission_hard/mission_hard/build/autonomous_driving', '--', '-j16', '-l16'], 'cwd': '/home/joon/mission_hard/mission_hard/build/autonomous_driving', 'env': OrderedDict([('PYTHON_BASIC_REPL', '1'), ('LESSOPEN', '| /usr/bin/lesspipe %s'), ('USER', 'joon'), ('GIT_ASKPASS', '/home/joon/.vscode-server/bin/bf9252a2fb45be6893dd8870c0bf37e2e1766d61/extensions/git/dist/askpass.sh'), ('SHLVL', '1'), ('LD_LIBRARY_PATH', '/home/joon/mission_hard/mission_hard/install/ad_msgs/lib:/home/joon/automotive_software_final/install/ad_msgs/lib:/usr/lib/x86_64-linux-gnu/gazebo-11/plugins:/opt/ros/humble/opt/rviz_ogre_vendor/lib:/opt/ros/humble/lib/x86_64-linux-gnu:/opt/ros/humble/lib'), ('MOTD_SHOWN', 'update-motd'), ('HOME', '/home/joon'), ('OLDPWD', '/home/joon/mission_hard'), ('TERM_PROGRAM_VERSION', '1.106.3'), ('VSCODE_IPC_HOOK_CLI', '/run/user/1000/vscode-ipc-720ca6f3-2537-4b04-b3dc-21832d244e7e.sock'), ('ROS_PYTHON_VERSION', '3'), ('VSCODE_GIT_ASKPASS_MAIN', '/home/joon/.vscode-server/bin/bf9252a2fb45be6893dd8870c0bf37e2e1766d61/extensions/git/dist/askpass-main.js'), ('VSCODE_GIT_ASKPASS_NODE', '/home/joon/.vscode-server/bin/bf9252a2fb45be6893dd8870c0bf37e2e1766d61/node'), ('PYDEVD_DISABLE_FILE_VALIDATION', '1'), ('BUNDLED_DEBUGPY_PATH', '/home/joon/.vscode-server/extensions/ms-python.debugpy-2025.16.0-linux-x64/bundled/libs/debugpy'), ('VSCODE_PYTHON_AUTOACTIVATE_GUARD', '1'), ('DBUS_SESSION_BUS_ADDRESS', 'unix:path=/run/user/1000/bus'), ('COLORTERM', 'truecolor'), ('WSL_DISTRO_NAME', 'Ubuntu-22.04'), ('WAYLAND_DISPLAY', 'wayland-0'), ('COLCON_PREFIX_PATH', '/home/joon/mission_hard/mission_hard/install:/home/joon/automotive_software_final/install'), ('ROS_DISTRO', 'humble'), ('LOGNAME', 'joon'), ('NAME', 'Joon'), ('WSL_INTEROP', '/run/WSL/523_interop'), ('PULSE_SERVER', 'unix:/mnt/wslg/PulseServer'), ('_', '/usr/bin/colcon'), ('ROS_VERSION', '2'), ('CLAUDE_CODE_SSE_PORT', '20257'), ('TERM', 'xterm-256color'), ('ROS_LOCALHOST_ONLY', '0'), ('PATH', '/opt/ros/humble/bin:/usr/bin:/usr/bin:/home/joon/.vscode-server/data/User/globalStorage/github.copilot-chat/debugCommand:/home/joon/.vscode-server/data/User/globalStorage/github.copilot-chat/copilotCli:/home/joon/.vscode-server/bin/bf9252a2fb45be6893dd8870c0bf37e2e1766d61/bin/remote-cli:/home/joon/.local/bin:/usr/bin:/usr/bin:/usr/local/sbin:/usr/local/bin:/usr/sbin:/usr/bin:/sbin:/bin:/usr/games:/usr/local/games:/usr/lib/wsl/lib:/mnt/c/WINDOWS/system32:/mnt/c/WINDOWS:/mnt/c/WINDOWS/System32/Wbem:/mnt/c/WINDOWS/System32/WindowsPowerShell/v1.0/:/mnt/c/WINDOWS/System32/OpenSSH/:/mnt/c/Program Files/MATLAB/R2024b/bin:/mnt/c/Program Files/nodejs/:/mnt/c/Program Files/Git/cmd:/mnt/c/Users/ksyj0/AppData/Local/Programs/Python/Python312/Scripts/:/mnt/c/Users/ksyj0/AppData/Local/Programs/Python/Python312/:/mnt/c/Users/ksyj0/AppData/Local/Programs/Python/Launcher/:/mnt/c/Users/ksyj0/AppData/Local/Microsoft/WindowsApps:/mnt/c/Users/ksyj0/AppData/Local/Programs/Microsoft VS Code/bin:/mnt/c/Users/ksyj0/AppData/Roaming/npm:/mnt/c/Users/ksyj0/AppData/Local/SOOP:/mnt/c/Users/ksyj0/AppData/Local/Programs/Kiro/bin:/snap/bin:/home/joon/.vscode-server/extensions/ms-python.debugpy-2025.16.0-linux-x64/bundled/scripts/noConfigScripts'), ('XDG_RUNTIME_DIR', '/run/user/1000/'), ('DISPLAY', ':0'), ('VSCODE_DEBUGPY_ADAPTER_ENDPOINTS', '/home/joon/.vscode-server/extensions/ms-python.debugpy-2025.16.0-linux-x64/.noConfigDebugAdapterEndpoints/endpoint-5f6b0efddf9f6982.txt'), ('LANG', 'en_US.UTF-8'), ('PYTHONSTARTUP', '/home/joon/.vscode-server/data/User/workspaceStorage/6032d0949a26c1de4974618490f207f6-1/ms-python.python/pythonrc.py'), ('LS_COLORS', 'rs=0:di=01;34:ln=01;36:mh=00:pi=40;33:so=01;35:do=01;35:bd=40;33;01:cd=40;33;01:or=40;31;01:mi=00:su=37;41:sg=30;43:ca=30;41:tw=30;42:ow=34;42:st=37;44:ex=01;32:*.tar=01;31:*.tgz=01;31:*.arc=01;31:*.arj=01;31:*.taz=01;31:*.lha=01;31:*.lz4=01;31:*.lzh=01;31:*.lzma=01;31:*.tlz=01;31:*.txz=01;31:*.tzo=01;31:*.t7z=01;31:*.zip=01;31:*.z=01;31:*.dz=01;31:*.gz=01;31:*.lrz=01;31:*.lz=01;31:*.lzo=01;31:*.xz=01;31:*.zst=01;31:*.tzst=01;31:*.bz2=01;31:*.bz=01;31:*.tbz=01;31:*.tbz2=01;31:*.tz=01;31:*.deb=01;31:*.rpm=01;31:*.jar=01;31:*.war=01;31:*.ear=01;31:*.sar=01;31:*.rar=01;31:*.alz=01;31:*.ace=01;31:*.zoo=01;31:*.cpio=01;31:*.7z=01;31:*.rz=01;31:*.cab=01;31:*.wim=01;31:*.swm=01;31:*.dwm=01;31:*.esd=01;31:*.jpg=01;35:*.jpeg=01;35:*.mjpg=01;35:*.mjpeg=01;35:*.gif=01;35:*.bmp=01;35:*.pbm=01;35:*.pgm=01;35:*.ppm=01;35:*.tga=01;35:*.xbm=01;35:*.xpm=01;35:*.tif=01;35:*.tiff=01;35:*.png=01;35:*.svg=01;35:*.svgz=01;35:*.mng=01;35:*.pcx=01;35:*.mov=01;35:*.mpg=01;35:*.mpeg=01;35:*.m2v=01;35:*.mkv=01;35:*.webm=01;35:*.webp=01;35:*.ogm=01;35:*.mp4=01;35:*.m4v=01;35:*.mp4v=01;35:*.vob=01;35:*.qt=01;35:*.nuv=01;35:*.wmv=01;35:*.asf=01;35:*.rm=01;35:*.rmvb=01;35:*.flc=01;35:*.avi=01;35:*.fli=01;35:*.flv=01;35:*.gl=01;35:*.dl=01;35:*.xcf=01;35:*.xwd=01;35:*.yuv=01;35:*.cgm=01;35:*.emf=01;35:*.ogv=01;35:*.ogx=01;35:*.aac=00;36:*.au=00;36:*.flac=00;36:*.m4a=00;36:*.mid=00;36:*.midi=00;36:*.mka=00;36:*.mp3=00;36:*.mpc=00;36:*.ogg=00;36:*.ra=00;36:*.wav=00;36:*.oga=00;36:*.opus=00;36:*.spx=00;36:*.xspf=00;36:'), ('VSCODE_GIT_IPC_HANDLE', '/run/user/1000/vscode-git-167d3a068c.sock'), ('TERM_PROGRAM', 'vscode'), ('AMENT_PREFIX_PATH', '/home/joon/mission_hard/mission_hard/install/simulator:/home/joon/mission_hard/mission_hard/install/mission_manager:/home/joon/mission_hard/mission_hard/install/evaluation:/home/joon/mission_hard/mission_hard/install/autonomous_driving:/home/joon/mission_hard/mission_hard/install/ad_msgs:/home/joon/automotive_software_final/install/simulator:/home/joon/automotive_software_final/install/mission_manager:/home/joon/automotive_software_final/install/evaluation:/home/joon/automotive_software_final/install/autonomous_driving:/home/joon/automotive_software_final/install/ad_msgs:/opt/ros/humble'), ('SHELL', '/bin/bash'), ('LESSCLOSE', '/usr/bin/lesspipe %s %s'), ('VSCODE_GIT_ASKPASS_EXTRA_ARGS', ''), ('PWD', '/home/joon/mission_hard/mission_hard/build/autonomous_driving'), ('ENABLE_IDE_INTEGRATION', 'true'), ('XDG_DATA_DIRS', '/usr/local/share:/usr/share:/var/lib/snapd/desktop'), ('PYTHONPATH', '/home/joon/mission_hard/mission_hard/install/ad_msgs/local/lib/python3.10/dist-packages:/home/joon/automotive_software_final/install/ad_msgs/local/lib/python3.10/dist-packages:/opt/ros/humble/lib/python3.10/site-packages:/opt/ros/humble/local/lib/python3.10/dist-packages'), ('COLCON', '1'), ('WSL2_GUI_APPS_ENABLED', '1'), ('HOSTTYPE', 'x86_64'), ('CMAKE_PREFIX_PATH', '/home/joon/mission_hard/mission_hard/install/ad_msgs:/home/joon/mission_hard/mission_hard/install/simulator:/home/joon/mission_hard/mission_hard/install/mission_manager:/home/joon/mission_hard/mission_hard/install/evaluation:/home/joon/mission_hard/mission_hard/install/autonomous_driving:/home/joon/automotive_software_final/install/simulator:/home/joon/automotive_software_final/install/mission_manager:/home/joon/automotive_software_final/install/evaluation:/home/joon/automotive_software_final/install/autonomous_driving:/home/joon/automotive_software_final/install/ad_msgs:/opt/ros/humble'), ('WSLENV', 'VSCODE_WSL_EXT_LOCATION/up')]), 'shell': False}
[10.346594] (autonomous_driving) StdoutLine: {'line': b'\x1b[35m\x1b[1mConsolidate compiler generated dependencies of target lane_processor_node\x1b[0m\n'}
[10.359971] (-) TimerEvent: {}
[10.373889] (autonomous_driving) StdoutLine: {'line': b'[100%] Built target lane_processor_node\n'}
[10.386985] (autonomous_driving) CommandEnded: {'returncode': 0}
[10.388306] (autonomous_driving) JobProgress: {'identifier': 'autonomous_driving', 'progress': 'install'}
[10.389603] (autonomous_driving) Command: {'cmd': ['/usr/bin/cmake', '--install', '/home/joon/mission_hard/mission_hard/build/autonomous_driving'], 'cwd': '/home/joon/mission_hard/mission_hard/build/autonomous_driving', 'env': OrderedDict([('PYTHON_BASIC_REPL', '1'), ('LESSOPEN', '| /usr/bin/lesspipe %s'), ('USER', 'joon'), ('GIT_ASKPASS', '/home/joon/.vscode-server/bin/bf9252a2fb45be6893dd8870c0bf37e2e1766d61/extensions/git/dist/askpass.sh'), ('SHLVL', '1'), ('LD_LIBRARY_PATH', '/home/joon/mission_hard/mission_hard/install/ad_msgs/lib:/home/joon/automotive_software_final/install/ad_msgs/lib:/usr/lib/x86_64-linux-gnu/gazebo-11/plugins:/opt/ros/humble/opt/rviz_ogre_vendor/lib:/opt/ros/humble/lib/x86_64-linux-gnu:/opt/ros/humble/lib'), ('MOTD_SHOWN', 'update-motd'), ('HOME', '/home/joon'), ('OLDPWD', '/home/joon/mission_hard'), ('TERM_PROGRAM_VERSION', '1.106.3'), ('VSCODE_IPC_HOOK_CLI', '/run/user/1000/vscode-ipc-720ca6f3-2537-4b04-b3dc-21832d244e7e.sock'), ('ROS_PYTHON_VERSION', '3'), ('VSCODE_GIT_ASKPASS_MAIN', '/home/joon/.vscode-server/bin/bf9252a2fb45be6893dd8870c0bf37e2e1766d61/extensions/git/dist/askpass-main.js'), ('VSCODE_GIT_ASKPASS_NODE', '/home/joon/.vscode-server/bin/bf9252a2fb45be6893dd8870c0bf37e2e1766d61/node'), ('PYDEVD_DISABLE_FILE_VALIDATION', '1'), ('BUNDLED_DEBUGPY_PATH', '/home/joon/.vscode-server/extensions/ms-python.debugpy-2025.16.0-linux-x64/bundled/libs/debugpy'), ('VSCODE_PYTHON_AUTOACTIVATE_GUARD', '1'), ('DBUS_SESSION_BUS_ADDRESS', 'unix:path=/run/user/1000/bus'), ('COLORTERM', 'truecolor'), ('WSL_DISTRO_NAME', 'Ubuntu-22.04'), ('WAYLAND_DISPLAY', 'wayland-0'), ('COLCON_PREFIX_PATH', '/home/joon/mission_hard/mission_hard/install:/home/joon/automotive_software_final/install'), ('ROS_DISTRO', 'humble'), ('LOGNAME', 'joon'), ('NAME', 'Joon'), ('WSL_INTEROP', '/run/WSL/523_interop'), ('PULSE_SERVER', 'unix:/mnt/wslg/PulseServer'), ('_', '/usr/bin/colcon'), ('ROS_VERSION', '2'), ('CLAUDE_CODE_SSE_PORT', '20257'), ('TERM', 'xterm-256color'), ('ROS_LOCALHOST_ONLY', '0'), ('PATH', '/opt/ros/humble/bin:/usr/bin:/usr/bin:/home/joon/.vscode-server/data/User/globalStorage/github.copilot-chat/debugCommand:/home/joon/.vscode-server/data/User/globalStorage/github.copilot-chat/copilotCli:/home/joon/.vscode-server/bin/bf9252a2fb45be6893dd8870c0bf37e2e1766d61/bin/remote-cli:/home/joon/.local/bin:/usr/bin:/usr/bin:/usr/local/sbin:/usr/local/bin:/usr/sbin:/usr/bin:/sbin:/bin:/usr/games:/usr/local/games:/usr/lib/wsl/lib:/mnt/c/WINDOWS/system32:/mnt/c/WINDOWS:/mnt/c/WINDOWS/System32/Wbem:/mnt/c/WINDOWS/System32/WindowsPowerShell/v1.0/:/mnt/c/WINDOWS/System32/OpenSSH/:/mnt/c/Program Files/MATLAB/R2024b/bin:/mnt/c/Program Files/nodejs/:/mnt/c/Program Files/Git/cmd:/mnt/c/Users/ksyj0/AppData/Local/Programs/Python/Python312/Scripts/:/mnt/c/Users/ksyj0/AppData/Local/Programs/Python/Python312/:/mnt/c/Users/ksyj0/AppData/Local/Programs/Python/Launcher/:/mnt/c/Users/ksyj0/AppData/Local/Microsoft/WindowsApps:/mnt/c/Users/ksyj0/AppData/Local/Programs/Microsoft VS Code/bin:/mnt/c/Users/ksyj0/AppData/Roaming/npm:/mnt/c/Users/ksyj0/AppData/Local/SOOP:/mnt/c/Users/ksyj0/AppData/Local/Programs/Kiro/bin:/snap/bin:/home/joon/.vscode-server/extensions/ms-python.debugpy-2025.16.0-linux-x64/bundled/scripts/noConfigScripts'), ('XDG_RUNTIME_DIR', '/run/user/1000/'), ('DISPLAY', ':0'), ('VSCODE_DEBUGPY_ADAPTER_ENDPOINTS', '/home/joon/.vscode-server/extensions/ms-python.debugpy-2025.16.0-linux-x64/.noConfigDebugAdapterEndpoints/endpoint-5f6b0efddf9f6982.txt'), ('LANG', 'en_US.UTF-8'), ('PYTHONSTARTUP', '/home/joon/.vscode-server/data/User/workspaceStorage/6032d0949a26c1de4974618490f207f6-1/ms-python.python/pythonrc.py'), ('LS_COLORS', 'rs=0:di=01;34:ln=01;36:mh=00:pi=40;33:so=01;35:do=01;35:bd=40;33;01:cd=40;33;01:or=40;31;01:mi=00:su=37;41:sg=30;43:ca=30;41:tw=30;42:ow=34;42:st=37;44:ex=01;32:*.tar=01;31:*.tgz=01;31:*.arc=01;31:*.arj=01;31:*.taz=01;31:*.lha=01;31:*.lz4=01;31:*.lzh=01;31:*.lzma=01;31:*.tlz=01;31:*.txz=01;31:*.tzo=01;31:*.t7z=01;31:*.zip=01;31:*.z=01;31:*.dz=01;31:*.gz=01;31:*.lrz=01;31:*.lz=01;31:*.lzo=01;31:*.xz=01;31:*.zst=01;31:*.tzst=01;31:*.bz2=01;31:*.bz=01;31:*.tbz=01;31:*.tbz2=01;31:*.tz=01;31:*.deb=01;31:*.rpm=01;31:*.jar=01;31:*.war=01;31:*.ear=01;31:*.sar=01;31:*.rar=01;31:*.alz=01;31:*.ace=01;31:*.zoo=01;31:*.cpio=01;31:*.7z=01;31:*.rz=01;31:*.cab=01;31:*.wim=01;31:*.swm=01;31:*.dwm=01;31:*.esd=01;31:*.jpg=01;35:*.jpeg=01;35:*.mjpg=01;35:*.mjpeg=01;35:*.gif=01;35:*.bmp=01;35:*.pbm=01;35:*.pgm=01;35:*.ppm=01;35:*.tga=01;35:*.xbm=01;35:*.xpm=01;35:*.tif=01;35:*.tiff=01;35:*.png=01;35:*.svg=01;35:*.svgz=01;35:*.mng=01;35:*.pcx=01;35:*.mov=01;35:*.mpg=01;35:*.mpeg=01;35:*.m2v=01;35:*.mkv=01;35:*.webm=01;35:*.webp=01;35:*.ogm=01;35:*.mp4=01;35:*.m4v=01;35:*.mp4v=01;35:*.vob=01;35:*.qt=01;35:*.nuv=01;35:*.wmv=01;35:*.asf=01;35:*.rm=01;35:*.rmvb=01;35:*.flc=01;35:*.avi=01;35:*.fli=01;35:*.flv=01;35:*.gl=01;35:*.dl=01;35:*.xcf=01;35:*.xwd=01;35:*.yuv=01;35:*.cgm=01;35:*.emf=01;35:*.ogv=01;35:*.ogx=01;35:*.aac=00;36:*.au=00;36:*.flac=00;36:*.m4a=00;36:*.mid=00;36:*.midi=00;36:*.mka=00;36:*.mp3=00;36:*.mpc=00;36:*.ogg=00;36:*.ra=00;36:*.wav=00;36:*.oga=00;36:*.opus=00;36:*.spx=00;36:*.xspf=00;36:'), ('VSCODE_GIT_IPC_HANDLE', '/run/user/1000/vscode-git-167d3a068c.sock'), ('TERM_PROGRAM', 'vscode'), ('AMENT_PREFIX_PATH', '/home/joon/mission_hard/mission_hard/install/simulator:/home/joon/mission_hard/mission_hard/install/mission_manager:/home/joon/mission_hard/mission_hard/install/evaluation:/home/joon/mission_hard/mission_hard/install/autonomous_driving:/home/joon/mission_hard/mission_hard/install/ad_msgs:/home/joon/automotive_software_final/install/simulator:/home/joon/automotive_software_final/install/mission_manager:/home/joon/automotive_software_final/install/evaluation:/home/joon/automotive_software_final/install/autonomous_driving:/home/joon/automotive_software_final/install/ad_msgs:/opt/ros/humble'), ('SHELL', '/bin/bash'), ('LESSCLOSE', '/usr/bin/lesspipe %s %s'), ('VSCODE_GIT_ASKPASS_EXTRA_ARGS', ''), ('PWD', '/home/joon/mission_hard/mission_hard/build/autonomous_driving'), ('ENABLE_IDE_INTEGRATION', 'true'), ('XDG_DATA_DIRS', '/usr/local/share:/usr/share:/var/lib/snapd/desktop'), ('PYTHONPATH', '/home/joon/mission_hard/mission_hard/install/ad_msgs/local/lib/python3.10/dist-packages:/home/joon/automotive_software_final/install/ad_msgs/local/lib/python3.10/dist-packages:/opt/ros/humble/lib/python3.10/site-packages:/opt/ros/humble/local/lib/python3.10/dist-packages'), ('COLCON', '1'), ('WSL2_GUI_APPS_ENABLED', '1'), ('HOSTTYPE', 'x86_64'), ('CMAKE_PREFIX_PATH', '/home/joon/mission_hard/mission_hard/install/ad_msgs:/home/joon/mission_hard/mission_hard/install/simulator:/home/joon/mission_hard/mission_hard/install/mission_manager:/home/joon/mission_hard/mission_hard/install/evaluation:/home/joon/mission_hard/mission_hard/install/autonomous_driving:/home/joon/automotive_software_final/install/simulator:/home/joon/automotive_software_final/install/mission_manager:/home/joon/automotive_software_final/install/evaluation:/home/joon/automotive_software_final/install/autonomous_driving:/home/joon/automotive_software_final/install/ad_msgs:/opt/ros/humble'), ('WSLENV', 'VSCODE_WSL_EXT_LOCATION/up')]), 'shell': False}
[10.397337] (autonomous_driving) StdoutLine: {'line': b'-- Install configuration: ""\n'}
[10.397869] (autonomous_driving) StdoutLine: {'line': b'-- Execute custom install script\n'}
[10.398239] (autonomous_driving) StdoutLine: {'line': b'-- Up-to-date symlink: /home/joon/mission_hard/mission_hard/install/autonomous_driving/lib/autonomous_driving/lane_processor_node\n'}
[10.398739] (autonomous_driving) StdoutLine: {'line': b'-- Up-to-date symlink: /home/joon/mission_hard/mission_hard/install/autonomous_driving/share/autonomous_driving/launch/autonomous_driving.launch.xml\n'}
[10.399005] (autonomous_driving) StdoutLine: {'line': b'-- Up-to-date symlink: /home/joon/mission_hard/mission_hard/install/autonomous_driving/share/autonomous_driving/launch/autonomous_driving.launch.xml:Zone.Identifier\n'}
[10.399314] (autonomous_driving) StdoutLine: {'line': b'-- Up-to-date symlink: /home/joon/mission_hard/mission_hard/install/autonomous_driving/share/autonomous_driving/launch/autonomous_driving.launch.xml:Zone.Identifier:Zone.Identifier\n'}
[10.399634] (autonomous_driving) StdoutLine: {'line': b'-- Up-to-date symlink: /home/joon/mission_hard/mission_hard/install/autonomous_driving/share/autonomous_driving/launch/manual_driving.launch.xml\n'}
[10.399705] (autonomous_driving) StdoutLine: {'line': b'-- Up-to-date symlink: /home/joon/mission_hard/mission_hard/install/autonomous_driving/share/autonomous_driving/launch/manual_driving.launch.xml:Zone.Identifier\n'}
[10.399749] (autonomous_driving) StdoutLine: {'line': b'-- Up-to-date symlink: /home/joon/mission_hard/mission_hard/install/autonomous_driving/share/autonomous_driving/launch/manual_driving.launch.xml:Zone.Identifier:Zone.Identifier\n'}
[10.400036] (autonomous_driving) StdoutLine: {'line': b'-- Up-to-date symlink: /home/joon/mission_hard/mission_hard/install/autonomous_driving/lib/autonomous_driving/simultaneous_inputs.py\n'}
[10.400138] (autonomous_driving) StdoutLine: {'line': b'-- Up-to-date symlink: /home/joon/mission_hard/mission_hard/install/autonomous_driving/share/ament_index/resource_index/package_run_dependencies/autonomous_driving\n'}
[10.400473] (autonomous_driving) StdoutLine: {'line': b'-- Up-to-date symlink: /home/joon/mission_hard/mission_hard/install/autonomous_driving/share/ament_index/resource_index/parent_prefix_path/autonomous_driving\n'}
[10.400607] (autonomous_driving) StdoutLine: {'line': b'-- Up-to-date symlink: /home/joon/mission_hard/mission_hard/install/autonomous_driving/share/autonomous_driving/environment/ament_prefix_path.sh\n'}
[10.400738] (autonomous_driving) StdoutLine: {'line': b'-- Up-to-date symlink: /home/joon/mission_hard/mission_hard/install/autonomous_driving/share/autonomous_driving/environment/ament_prefix_path.dsv\n'}
[10.400963] (autonomous_driving) StdoutLine: {'line': b'-- Up-to-date symlink: /home/joon/mission_hard/mission_hard/install/autonomous_driving/share/autonomous_driving/environment/path.sh\n'}
[10.401151] (autonomous_driving) StdoutLine: {'line': b'-- Up-to-date symlink: /home/joon/mission_hard/mission_hard/install/autonomous_driving/share/autonomous_driving/environment/path.dsv\n'}
[10.401283] (autonomous_driving) StdoutLine: {'line': b'-- Up-to-date symlink: /home/joon/mission_hard/mission_hard/install/autonomous_driving/share/autonomous_driving/local_setup.bash\n'}
[10.401436] (autonomous_driving) StdoutLine: {'line': b'-- Up-to-date symlink: /home/joon/mission_hard/mission_hard/install/autonomous_driving/share/autonomous_driving/local_setup.sh\n'}
[10.401711] (autonomous_driving) StdoutLine: {'line': b'-- Up-to-date symlink: /home/joon/mission_hard/mission_hard/install/autonomous_driving/share/autonomous_driving/local_setup.zsh\n'}
[10.401933] (autonomous_driving) StdoutLine: {'line': b'-- Up-to-date symlink: /home/joon/mission_hard/mission_hard/install/autonomous_driving/share/autonomous_driving/local_setup.dsv\n'}
[10.402030] (autonomous_driving) StdoutLine: {'line': b'-- Symlinking: /home/joon/mission_hard/mission_hard/install/autonomous_driving/share/autonomous_driving/package.dsv\n'}
[10.412962] (autonomous_driving) StdoutLine: {'line': b'-- Up-to-date symlink: /home/joon/mission_hard/mission_hard/install/autonomous_driving/share/ament_index/resource_index/packages/autonomous_driving\n'}
[10.413414] (autonomous_driving) StdoutLine: {'line': b'-- Up-to-date symlink: /home/joon/mission_hard/mission_hard/install/autonomous_driving/share/autonomous_driving/cmake/autonomous_drivingConfig.cmake\n'}
[10.413766] (autonomous_driving) StdoutLine: {'line': b'-- Up-to-date symlink: /home/joon/mission_hard/mission_hard/install/autonomous_driving/share/autonomous_driving/cmake/autonomous_drivingConfig-version.cmake\n'}
[10.413892] (autonomous_driving) StdoutLine: {'line': b'-- Up-to-date symlink: /home/joon/mission_hard/mission_hard/install/autonomous_driving/share/autonomous_driving/package.xml\n'}
[10.416944] (autonomous_driving) CommandEnded: {'returncode': 0}
[10.433985] (autonomous_driving) JobEnded: {'identifier': 'autonomous_driving', 'rc': 0}
[10.435259] (-) EventReactorShutdown: {}
