[0.000000] (-) TimerEvent: {}
[0.000366] (ad_msgs) JobQueued: {'identifier': 'ad_msgs', 'dependencies': OrderedDict()}
[0.000423] (autonomous_driving) JobQueued: {'identifier': 'autonomous_driving', 'dependencies': OrderedDict([('ad_msgs', '/home/joon/automotive_software_final/install/ad_msgs')])}
[0.000461] (evaluation) JobQueued: {'identifier': 'evaluation', 'dependencies': OrderedDict([('ad_msgs', '/home/joon/automotive_software_final/install/ad_msgs')])}
[0.000496] (mission_manager) JobQueued: {'identifier': 'mission_manager', 'dependencies': OrderedDict([('ad_msgs', '/home/joon/automotive_software_final/install/ad_msgs')])}
[0.000531] (simulator) JobQueued: {'identifier': 'simulator', 'dependencies': OrderedDict([('ad_msgs', '/home/joon/automotive_software_final/install/ad_msgs')])}
[0.000566] (ad_msgs) JobStarted: {'identifier': 'ad_msgs'}
[0.006752] (ad_msgs) JobProgress: {'identifier': 'ad_msgs', 'progress': 'cmake'}
[0.008028] (ad_msgs) JobProgress: {'identifier': 'ad_msgs', 'progress': 'build'}
[0.008073] (ad_msgs) Command: {'cmd': ['/usr/bin/cmake', '--build', '/home/joon/automotive_software_final/build/ad_msgs', '--', '-j16', '-l16'], 'cwd': '/home/joon/automotive_software_final/build/ad_msgs', 'env': OrderedDict([('PYTHON_BASIC_REPL', '1'), ('LESSOPEN', '| /usr/bin/lesspipe %s'), ('USER', 'joon'), ('GIT_ASKPASS', '/home/joon/.vscode-server/bin/bf9252a2fb45be6893dd8870c0bf37e2e1766d61/extensions/git/dist/askpass.sh'), ('SHLVL', '1'), ('LD_LIBRARY_PATH', '/home/joon/automotive_software_final/install/ad_msgs/lib:/usr/lib/x86_64-linux-gnu/gazebo-11/plugins:/opt/ros/humble/opt/rviz_ogre_vendor/lib:/opt/ros/humble/lib/x86_64-linux-gnu:/opt/ros/humble/lib'), ('MOTD_SHOWN', 'update-motd'), ('HOME', '/home/joon'), ('OLDPWD', '/home/joon'), ('TERM_PROGRAM_VERSION', '1.106.3'), ('VSCODE_IPC_HOOK_CLI', '/run/user/1000/vscode-ipc-f7f9cbe5-4653-43e4-8169-5a27ae5858d9.sock'), ('ROS_PYTHON_VERSION', '3'), ('VSCODE_GIT_ASKPASS_MAIN', '/home/joon/.vscode-server/bin/bf9252a2fb45be6893dd8870c0bf37e2e1766d61/extensions/git/dist/askpass-main.js'), ('VSCODE_GIT_ASKPASS_NODE', '/home/joon/.vscode-server/bin/bf9252a2fb45be6893dd8870c0bf37e2e1766d61/node'), ('PYDEVD_DISABLE_FILE_VALIDATION', '1'), ('BUNDLED_DEBUGPY_PATH', '/home/joon/.vscode-server/extensions/ms-python.debugpy-2025.16.0-linux-x64/bundled/libs/debugpy'), ('VSCODE_PYTHON_AUTOACTIVATE_GUARD', '1'), ('DBUS_SESSION_BUS_ADDRESS', 'unix:path=/run/user/1000/bus'), ('COLORTERM', 'truecolor'), ('WSL_DISTRO_NAME', 'Ubuntu-22.04'), ('WAYLAND_DISPLAY', 'wayland-0'), ('COLCON_PREFIX_PATH', '/home/joon/automotive_software_final/install'), ('ROS_DISTRO', 'humble'), ('LOGNAME', 'joon'), ('NAME', 'Joon'), ('WSL_INTEROP', '/run/WSL/525_interop'), ('PULSE_SERVER', 'unix:/mnt/wslg/PulseServer'), ('_', '/usr/bin/colcon'), ('ROS_VERSION', '2'), ('CLAUDE_CODE_SSE_PORT', '42086'), ('TERM', 'xterm-256color'), ('ROS_LOCALHOST_ONLY', '0'), ('PATH', '/opt/ros/humble/bin:/usr/bin:/usr/bin:/home/joon/.vscode-server/data/User/globalStorage/github.copilot-chat/debugCommand:/home/joon/.vscode-server/data/User/globalStorage/github.copilot-chat/copilotCli:/home/joon/.vscode-server/bin/bf9252a2fb45be6893dd8870c0bf37e2e1766d61/bin/remote-cli:/home/joon/.local/bin:/usr/bin:/usr/bin:/usr/local/sbin:/usr/local/bin:/usr/sbin:/usr/bin:/sbin:/bin:/usr/games:/usr/local/games:/usr/lib/wsl/lib:/mnt/c/WINDOWS/system32:/mnt/c/WINDOWS:/mnt/c/WINDOWS/System32/Wbem:/mnt/c/WINDOWS/System32/WindowsPowerShell/v1.0/:/mnt/c/WINDOWS/System32/OpenSSH/:/mnt/c/Program Files/MATLAB/R2024b/bin:/mnt/c/Program Files/nodejs/:/mnt/c/Program Files/Git/cmd:/mnt/c/Users/ksyj0/AppData/Local/Programs/Python/Python312/Scripts/:/mnt/c/Users/ksyj0/AppData/Local/Programs/Python/Python312/:/mnt/c/Users/ksyj0/AppData/Local/Programs/Python/Launcher/:/mnt/c/Users/ksyj0/AppData/Local/Microsoft/WindowsApps:/mnt/c/Users/ksyj0/AppData/Local/Programs/Microsoft VS Code/bin:/mnt/c/Users/ksyj0/AppData/Roaming/npm:/mnt/c/Users/ksyj0/AppData/Local/SOOP:/mnt/c/Users/ksyj0/AppData/Local/Programs/Kiro/bin:/snap/bin:/home/joon/.vscode-server/extensions/ms-python.debugpy-2025.16.0-linux-x64/bundled/scripts/noConfigScripts'), ('XDG_RUNTIME_DIR', '/run/user/1000/'), ('DISPLAY', ':0'), ('VSCODE_DEBUGPY_ADAPTER_ENDPOINTS', '/home/joon/.vscode-server/extensions/ms-python.debugpy-2025.16.0-linux-x64/.noConfigDebugAdapterEndpoints/endpoint-5f6b0efddf9f6982.txt'), ('LANG', 'en_US.UTF-8'), ('PYTHONSTARTUP', '/home/joon/.vscode-server/data/User/workspaceStorage/6032d0949a26c1de4974618490f207f6-1/ms-python.python/pythonrc.py'), ('LS_COLORS', 'rs=0:di=01;34:ln=01;36:mh=00:pi=40;33:so=01;35:do=01;35:bd=40;33;01:cd=40;33;01:or=40;31;01:mi=00:su=37;41:sg=30;43:ca=30;41:tw=30;42:ow=34;42:st=37;44:ex=01;32:*.tar=01;31:*.tgz=01;31:*.arc=01;31:*.arj=01;31:*.taz=01;31:*.lha=01;31:*.lz4=01;31:*.lzh=01;31:*.lzma=01;31:*.tlz=01;31:*.txz=01;31:*.tzo=01;31:*.t7z=01;31:*.zip=01;31:*.z=01;31:*.dz=01;31:*.gz=01;31:*.lrz=01;31:*.lz=01;31:*.lzo=01;31:*.xz=01;31:*.zst=01;31:*.tzst=01;31:*.bz2=01;31:*.bz=01;31:*.tbz=01;31:*.tbz2=01;31:*.tz=01;31:*.deb=01;31:*.rpm=01;31:*.jar=01;31:*.war=01;31:*.ear=01;31:*.sar=01;31:*.rar=01;31:*.alz=01;31:*.ace=01;31:*.zoo=01;31:*.cpio=01;31:*.7z=01;31:*.rz=01;31:*.cab=01;31:*.wim=01;31:*.swm=01;31:*.dwm=01;31:*.esd=01;31:*.jpg=01;35:*.jpeg=01;35:*.mjpg=01;35:*.mjpeg=01;35:*.gif=01;35:*.bmp=01;35:*.pbm=01;35:*.pgm=01;35:*.ppm=01;35:*.tga=01;35:*.xbm=01;35:*.xpm=01;35:*.tif=01;35:*.tiff=01;35:*.png=01;35:*.svg=01;35:*.svgz=01;35:*.mng=01;35:*.pcx=01;35:*.mov=01;35:*.mpg=01;35:*.mpeg=01;35:*.m2v=01;35:*.mkv=01;35:*.webm=01;35:*.webp=01;35:*.ogm=01;35:*.mp4=01;35:*.m4v=01;35:*.mp4v=01;35:*.vob=01;35:*.qt=01;35:*.nuv=01;35:*.wmv=01;35:*.asf=01;35:*.rm=01;35:*.rmvb=01;35:*.flc=01;35:*.avi=01;35:*.fli=01;35:*.flv=01;35:*.gl=01;35:*.dl=01;35:*.xcf=01;35:*.xwd=01;35:*.yuv=01;35:*.cgm=01;35:*.emf=01;35:*.ogv=01;35:*.ogx=01;35:*.aac=00;36:*.au=00;36:*.flac=00;36:*.m4a=00;36:*.mid=00;36:*.midi=00;36:*.mka=00;36:*.mp3=00;36:*.mpc=00;36:*.ogg=00;36:*.ra=00;36:*.wav=00;36:*.oga=00;36:*.opus=00;36:*.spx=00;36:*.xspf=00;36:'), ('VSCODE_GIT_IPC_HANDLE', '/run/user/1000/vscode-git-167d3a068c.sock'), ('TERM_PROGRAM', 'vscode'), ('AMENT_PREFIX_PATH', '/home/joon/automotive_software_final/install/simulator:/home/joon/automotive_software_final/install/mission_manager:/home/joon/automotive_software_final/install/evaluation:/home/joon/automotive_software_final/install/autonomous_driving:/home/joon/automotive_software_final/install/ad_msgs:/opt/ros/humble'), ('SHELL', '/bin/bash'), ('LESSCLOSE', '/usr/bin/lesspipe %s %s'), ('VSCODE_GIT_ASKPASS_EXTRA_ARGS', ''), ('PWD', '/home/joon/automotive_software_final/build/ad_msgs'), ('ENABLE_IDE_INTEGRATION', 'true'), ('XDG_DATA_DIRS', '/usr/local/share:/usr/share:/var/lib/snapd/desktop'), ('PYTHONPATH', '/home/joon/automotive_software_final/install/ad_msgs/local/lib/python3.10/dist-packages:/opt/ros/humble/lib/python3.10/site-packages:/opt/ros/humble/local/lib/python3.10/dist-packages'), ('COLCON', '1'), ('WSL2_GUI_APPS_ENABLED', '1'), ('HOSTTYPE', 'x86_64'), ('CMAKE_PREFIX_PATH', '/home/joon/automotive_software_final/install/simulator:/home/joon/automotive_software_final/install/mission_manager:/home/joon/automotive_software_final/install/evaluation:/home/joon/automotive_software_final/install/autonomous_driving:/home/joon/automotive_software_final/install/ad_msgs:/opt/ros/humble'), ('WSLENV', 'VSCODE_WSL_EXT_LOCATION/up')]), 'shell': False}
[0.054283] (ad_msgs) StdoutLine: {'line': b'[  0%] Built target ad_msgs__cpp\n'}
[0.057041] (ad_msgs) StdoutLine: {'line': b'[ 12%] Built target ad_msgs__rosidl_generator_c\n'}
[0.060533] (ad_msgs) StdoutLine: {'line': b'[ 12%] Built target ament_cmake_python_symlink_ad_msgs\n'}
[0.083110] (ad_msgs) StdoutLine: {'line': b'[ 46%] Built target ad_msgs__rosidl_typesupport_cpp\n'}
[0.083366] (ad_msgs) StdoutLine: {'line': b'[ 47%] Built target ad_msgs__rosidl_typesupport_introspection_cpp\n'}
[0.083463] (ad_msgs) StdoutLine: {'line': b'[ 47%] Built target ad_msgs__rosidl_typesupport_fastrtps_cpp\n'}
[0.083839] (ad_msgs) StdoutLine: {'line': b'[ 59%] Built target ad_msgs__rosidl_typesupport_introspection_c\n'}
[0.085850] (ad_msgs) StdoutLine: {'line': b'[ 71%] Built target ad_msgs__rosidl_typesupport_fastrtps_c\n'}
[0.087985] (ad_msgs) StdoutLine: {'line': b'[ 82%] Built target ad_msgs__rosidl_typesupport_c\n'}
[0.097559] (-) TimerEvent: {}
[0.105764] (ad_msgs) StdoutLine: {'line': b'[ 82%] Built target ad_msgs\n'}
[0.125814] (ad_msgs) StdoutLine: {'line': b'[ 83%] Built target ad_msgs__py\n'}
[0.150955] (ad_msgs) StdoutLine: {'line': b'[ 94%] Built target ad_msgs__rosidl_generator_py\n'}
[0.173060] (ad_msgs) StdoutLine: {'line': b'[ 98%] Built target ad_msgs__rosidl_typesupport_introspection_c__pyext\n'}
[0.173242] (ad_msgs) StdoutLine: {'line': b'[ 98%] Built target ad_msgs__rosidl_typesupport_fastrtps_c__pyext\n'}
[0.173506] (ad_msgs) StdoutLine: {'line': b'[100%] Built target ad_msgs__rosidl_typesupport_c__pyext\n'}
[0.197770] (-) TimerEvent: {}
[0.271150] (ad_msgs) StdoutLine: {'line': b'running egg_info\n'}
[0.271744] (ad_msgs) StdoutLine: {'line': b'writing ad_msgs.egg-info/PKG-INFO\n'}
[0.272093] (ad_msgs) StdoutLine: {'line': b'writing dependency_links to ad_msgs.egg-info/dependency_links.txt\n'}
[0.272139] (ad_msgs) StdoutLine: {'line': b'writing top-level names to ad_msgs.egg-info/top_level.txt\n'}
[0.273852] (ad_msgs) StdoutLine: {'line': b"reading manifest file 'ad_msgs.egg-info/SOURCES.txt'\n"}
[0.274393] (ad_msgs) StdoutLine: {'line': b"writing manifest file 'ad_msgs.egg-info/SOURCES.txt'\n"}
[0.295097] (ad_msgs) StdoutLine: {'line': b'[100%] Built target ament_cmake_python_build_ad_msgs_egg\n'}
[0.297869] (-) TimerEvent: {}
[0.304157] (ad_msgs) CommandEnded: {'returncode': 0}
[0.305191] (ad_msgs) JobProgress: {'identifier': 'ad_msgs', 'progress': 'install'}
[0.311847] (ad_msgs) Command: {'cmd': ['/usr/bin/cmake', '--install', '/home/joon/automotive_software_final/build/ad_msgs'], 'cwd': '/home/joon/automotive_software_final/build/ad_msgs', 'env': OrderedDict([('PYTHON_BASIC_REPL', '1'), ('LESSOPEN', '| /usr/bin/lesspipe %s'), ('USER', 'joon'), ('GIT_ASKPASS', '/home/joon/.vscode-server/bin/bf9252a2fb45be6893dd8870c0bf37e2e1766d61/extensions/git/dist/askpass.sh'), ('SHLVL', '1'), ('LD_LIBRARY_PATH', '/home/joon/automotive_software_final/install/ad_msgs/lib:/usr/lib/x86_64-linux-gnu/gazebo-11/plugins:/opt/ros/humble/opt/rviz_ogre_vendor/lib:/opt/ros/humble/lib/x86_64-linux-gnu:/opt/ros/humble/lib'), ('MOTD_SHOWN', 'update-motd'), ('HOME', '/home/joon'), ('OLDPWD', '/home/joon'), ('TERM_PROGRAM_VERSION', '1.106.3'), ('VSCODE_IPC_HOOK_CLI', '/run/user/1000/vscode-ipc-f7f9cbe5-4653-43e4-8169-5a27ae5858d9.sock'), ('ROS_PYTHON_VERSION', '3'), ('VSCODE_GIT_ASKPASS_MAIN', '/home/joon/.vscode-server/bin/bf9252a2fb45be6893dd8870c0bf37e2e1766d61/extensions/git/dist/askpass-main.js'), ('VSCODE_GIT_ASKPASS_NODE', '/home/joon/.vscode-server/bin/bf9252a2fb45be6893dd8870c0bf37e2e1766d61/node'), ('PYDEVD_DISABLE_FILE_VALIDATION', '1'), ('BUNDLED_DEBUGPY_PATH', '/home/joon/.vscode-server/extensions/ms-python.debugpy-2025.16.0-linux-x64/bundled/libs/debugpy'), ('VSCODE_PYTHON_AUTOACTIVATE_GUARD', '1'), ('DBUS_SESSION_BUS_ADDRESS', 'unix:path=/run/user/1000/bus'), ('COLORTERM', 'truecolor'), ('WSL_DISTRO_NAME', 'Ubuntu-22.04'), ('WAYLAND_DISPLAY', 'wayland-0'), ('COLCON_PREFIX_PATH', '/home/joon/automotive_software_final/install'), ('ROS_DISTRO', 'humble'), ('LOGNAME', 'joon'), ('NAME', 'Joon'), ('WSL_INTEROP', '/run/WSL/525_interop'), ('PULSE_SERVER', 'unix:/mnt/wslg/PulseServer'), ('_', '/usr/bin/colcon'), ('ROS_VERSION', '2'), ('CLAUDE_CODE_SSE_PORT', '42086'), ('TERM', 'xterm-256color'), ('ROS_LOCALHOST_ONLY', '0'), ('PATH', '/opt/ros/humble/bin:/usr/bin:/usr/bin:/home/joon/.vscode-server/data/User/globalStorage/github.copilot-chat/debugCommand:/home/joon/.vscode-server/data/User/globalStorage/github.copilot-chat/copilotCli:/home/joon/.vscode-server/bin/bf9252a2fb45be6893dd8870c0bf37e2e1766d61/bin/remote-cli:/home/joon/.local/bin:/usr/bin:/usr/bin:/usr/local/sbin:/usr/local/bin:/usr/sbin:/usr/bin:/sbin:/bin:/usr/games:/usr/local/games:/usr/lib/wsl/lib:/mnt/c/WINDOWS/system32:/mnt/c/WINDOWS:/mnt/c/WINDOWS/System32/Wbem:/mnt/c/WINDOWS/System32/WindowsPowerShell/v1.0/:/mnt/c/WINDOWS/System32/OpenSSH/:/mnt/c/Program Files/MATLAB/R2024b/bin:/mnt/c/Program Files/nodejs/:/mnt/c/Program Files/Git/cmd:/mnt/c/Users/ksyj0/AppData/Local/Programs/Python/Python312/Scripts/:/mnt/c/Users/ksyj0/AppData/Local/Programs/Python/Python312/:/mnt/c/Users/ksyj0/AppData/Local/Programs/Python/Launcher/:/mnt/c/Users/ksyj0/AppData/Local/Microsoft/WindowsApps:/mnt/c/Users/ksyj0/AppData/Local/Programs/Microsoft VS Code/bin:/mnt/c/Users/ksyj0/AppData/Roaming/npm:/mnt/c/Users/ksyj0/AppData/Local/SOOP:/mnt/c/Users/ksyj0/AppData/Local/Programs/Kiro/bin:/snap/bin:/home/joon/.vscode-server/extensions/ms-python.debugpy-2025.16.0-linux-x64/bundled/scripts/noConfigScripts'), ('XDG_RUNTIME_DIR', '/run/user/1000/'), ('DISPLAY', ':0'), ('VSCODE_DEBUGPY_ADAPTER_ENDPOINTS', '/home/joon/.vscode-server/extensions/ms-python.debugpy-2025.16.0-linux-x64/.noConfigDebugAdapterEndpoints/endpoint-5f6b0efddf9f6982.txt'), ('LANG', 'en_US.UTF-8'), ('PYTHONSTARTUP', '/home/joon/.vscode-server/data/User/workspaceStorage/6032d0949a26c1de4974618490f207f6-1/ms-python.python/pythonrc.py'), ('LS_COLORS', 'rs=0:di=01;34:ln=01;36:mh=00:pi=40;33:so=01;35:do=01;35:bd=40;33;01:cd=40;33;01:or=40;31;01:mi=00:su=37;41:sg=30;43:ca=30;41:tw=30;42:ow=34;42:st=37;44:ex=01;32:*.tar=01;31:*.tgz=01;31:*.arc=01;31:*.arj=01;31:*.taz=01;31:*.lha=01;31:*.lz4=01;31:*.lzh=01;31:*.lzma=01;31:*.tlz=01;31:*.txz=01;31:*.tzo=01;31:*.t7z=01;31:*.zip=01;31:*.z=01;31:*.dz=01;31:*.gz=01;31:*.lrz=01;31:*.lz=01;31:*.lzo=01;31:*.xz=01;31:*.zst=01;31:*.tzst=01;31:*.bz2=01;31:*.bz=01;31:*.tbz=01;31:*.tbz2=01;31:*.tz=01;31:*.deb=01;31:*.rpm=01;31:*.jar=01;31:*.war=01;31:*.ear=01;31:*.sar=01;31:*.rar=01;31:*.alz=01;31:*.ace=01;31:*.zoo=01;31:*.cpio=01;31:*.7z=01;31:*.rz=01;31:*.cab=01;31:*.wim=01;31:*.swm=01;31:*.dwm=01;31:*.esd=01;31:*.jpg=01;35:*.jpeg=01;35:*.mjpg=01;35:*.mjpeg=01;35:*.gif=01;35:*.bmp=01;35:*.pbm=01;35:*.pgm=01;35:*.ppm=01;35:*.tga=01;35:*.xbm=01;35:*.xpm=01;35:*.tif=01;35:*.tiff=01;35:*.png=01;35:*.svg=01;35:*.svgz=01;35:*.mng=01;35:*.pcx=01;35:*.mov=01;35:*.mpg=01;35:*.mpeg=01;35:*.m2v=01;35:*.mkv=01;35:*.webm=01;35:*.webp=01;35:*.ogm=01;35:*.mp4=01;35:*.m4v=01;35:*.mp4v=01;35:*.vob=01;35:*.qt=01;35:*.nuv=01;35:*.wmv=01;35:*.asf=01;35:*.rm=01;35:*.rmvb=01;35:*.flc=01;35:*.avi=01;35:*.fli=01;35:*.flv=01;35:*.gl=01;35:*.dl=01;35:*.xcf=01;35:*.xwd=01;35:*.yuv=01;35:*.cgm=01;35:*.emf=01;35:*.ogv=01;35:*.ogx=01;35:*.aac=00;36:*.au=00;36:*.flac=00;36:*.m4a=00;36:*.mid=00;36:*.midi=00;36:*.mka=00;36:*.mp3=00;36:*.mpc=00;36:*.ogg=00;36:*.ra=00;36:*.wav=00;36:*.oga=00;36:*.opus=00;36:*.spx=00;36:*.xspf=00;36:'), ('VSCODE_GIT_IPC_HANDLE', '/run/user/1000/vscode-git-167d3a068c.sock'), ('TERM_PROGRAM', 'vscode'), ('AMENT_PREFIX_PATH', '/home/joon/automotive_software_final/install/simulator:/home/joon/automotive_software_final/install/mission_manager:/home/joon/automotive_software_final/install/evaluation:/home/joon/automotive_software_final/install/autonomous_driving:/home/joon/automotive_software_final/install/ad_msgs:/opt/ros/humble'), ('SHELL', '/bin/bash'), ('LESSCLOSE', '/usr/bin/lesspipe %s %s'), ('VSCODE_GIT_ASKPASS_EXTRA_ARGS', ''), ('PWD', '/home/joon/automotive_software_final/build/ad_msgs'), ('ENABLE_IDE_INTEGRATION', 'true'), ('XDG_DATA_DIRS', '/usr/local/share:/usr/share:/var/lib/snapd/desktop'), ('PYTHONPATH', '/home/joon/automotive_software_final/install/ad_msgs/local/lib/python3.10/dist-packages:/opt/ros/humble/lib/python3.10/site-packages:/opt/ros/humble/local/lib/python3.10/dist-packages'), ('COLCON', '1'), ('WSL2_GUI_APPS_ENABLED', '1'), ('HOSTTYPE', 'x86_64'), ('CMAKE_PREFIX_PATH', '/home/joon/automotive_software_final/install/simulator:/home/joon/automotive_software_final/install/mission_manager:/home/joon/automotive_software_final/install/evaluation:/home/joon/automotive_software_final/install/autonomous_driving:/home/joon/automotive_software_final/install/ad_msgs:/opt/ros/humble'), ('WSLENV', 'VSCODE_WSL_EXT_LOCATION/up')]), 'shell': False}
[0.318265] (ad_msgs) StdoutLine: {'line': b'-- Install configuration: ""\n'}
[0.318992] (ad_msgs) StdoutLine: {'line': b'-- Execute custom install script\n'}
[0.319219] (ad_msgs) StdoutLine: {'line': b'-- Up-to-date symlink: /home/joon/automotive_software_final/install/ad_msgs/share/ament_index/resource_index/rosidl_interfaces/ad_msgs\n'}
[0.319741] (ad_msgs) StdoutLine: {'line': b'-- Up-to-date symlink: /home/joon/automotive_software_final/install/ad_msgs/include/ad_msgs/ad_msgs/msg/detail/lane_point_data__functions.h\n'}
[0.319847] (ad_msgs) StdoutLine: {'line': b'-- Up-to-date symlink: /home/joon/automotive_software_final/install/ad_msgs/include/ad_msgs/ad_msgs/msg/detail/lane_point_data__struct.h\n'}
[0.319931] (ad_msgs) StdoutLine: {'line': b'-- Up-to-date symlink: /home/joon/automotive_software_final/install/ad_msgs/include/ad_msgs/ad_msgs/msg/detail/lane_point_data__type_support.h\n'}
[0.320074] (ad_msgs) StdoutLine: {'line': b'-- Up-to-date symlink: /home/joon/automotive_software_final/install/ad_msgs/include/ad_msgs/ad_msgs/msg/detail/lane_point_data_array__functions.h\n'}
[0.320128] (ad_msgs) StdoutLine: {'line': b'-- Up-to-date symlink: /home/joon/automotive_software_final/install/ad_msgs/include/ad_msgs/ad_msgs/msg/detail/lane_point_data_array__struct.h\n'}
[0.320212] (ad_msgs) StdoutLine: {'line': b'-- Up-to-date symlink: /home/joon/automotive_software_final/install/ad_msgs/include/ad_msgs/ad_msgs/msg/detail/lane_point_data_array__type_support.h\n'}
[0.320283] (ad_msgs) StdoutLine: {'line': b'-- Up-to-date symlink: /home/joon/automotive_software_final/install/ad_msgs/include/ad_msgs/ad_msgs/msg/detail/mission__functions.h\n'}
[0.320356] (ad_msgs) StdoutLine: {'line': b'-- Up-to-date symlink: /home/joon/automotive_software_final/install/ad_msgs/include/ad_msgs/ad_msgs/msg/detail/mission__struct.h\n'}
[0.320647] (ad_msgs) StdoutLine: {'line': b'-- Up-to-date symlink: /home/joon/automotive_software_final/install/ad_msgs/include/ad_msgs/ad_msgs/msg/detail/mission__type_support.h\n'}
[0.320692] (ad_msgs) StdoutLine: {'line': b'-- Up-to-date symlink: /home/joon/automotive_software_final/install/ad_msgs/include/ad_msgs/ad_msgs/msg/detail/mission_display__functions.h\n'}
[0.320719] (ad_msgs) StdoutLine: {'line': b'-- Up-to-date symlink: /home/joon/automotive_software_final/install/ad_msgs/include/ad_msgs/ad_msgs/msg/detail/mission_display__struct.h\n'}
[0.320767] (ad_msgs) StdoutLine: {'line': b'-- Up-to-date symlink: /home/joon/automotive_software_final/install/ad_msgs/include/ad_msgs/ad_msgs/msg/detail/mission_display__type_support.h\n'}
[0.320851] (ad_msgs) StdoutLine: {'line': b'-- Up-to-date symlink: /home/joon/automotive_software_final/install/ad_msgs/include/ad_msgs/ad_msgs/msg/detail/mission_object__functions.h\n'}
[0.321054] (ad_msgs) StdoutLine: {'line': b'-- Up-to-date symlink: /home/joon/automotive_software_final/install/ad_msgs/include/ad_msgs/ad_msgs/msg/detail/mission_object__struct.h\n'}
[0.321109] (ad_msgs) StdoutLine: {'line': b'-- Up-to-date symlink: /home/joon/automotive_software_final/install/ad_msgs/include/ad_msgs/ad_msgs/msg/detail/mission_object__type_support.h\n'}
[0.321200] (ad_msgs) StdoutLine: {'line': b'-- Up-to-date symlink: /home/joon/automotive_software_final/install/ad_msgs/include/ad_msgs/ad_msgs/msg/detail/mission_region__functions.h\n'}
[0.321281] (ad_msgs) StdoutLine: {'line': b'-- Up-to-date symlink: /home/joon/automotive_software_final/install/ad_msgs/include/ad_msgs/ad_msgs/msg/detail/mission_region__struct.h\n'}
[0.321354] (ad_msgs) StdoutLine: {'line': b'-- Up-to-date symlink: /home/joon/automotive_software_final/install/ad_msgs/include/ad_msgs/ad_msgs/msg/detail/mission_region__type_support.h\n'}
[0.321437] (ad_msgs) StdoutLine: {'line': b'-- Up-to-date symlink: /home/joon/automotive_software_final/install/ad_msgs/include/ad_msgs/ad_msgs/msg/detail/polyfit_lane_data__functions.h\n'}
[0.321518] (ad_msgs) StdoutLine: {'line': b'-- Up-to-date symlink: /home/joon/automotive_software_final/install/ad_msgs/include/ad_msgs/ad_msgs/msg/detail/polyfit_lane_data__struct.h\n'}
[0.321631] (ad_msgs) StdoutLine: {'line': b'-- Up-to-date symlink: /home/joon/automotive_software_final/install/ad_msgs/include/ad_msgs/ad_msgs/msg/detail/polyfit_lane_data__type_support.h\n'}
[0.321704] (ad_msgs) StdoutLine: {'line': b'-- Up-to-date symlink: /home/joon/automotive_software_final/install/ad_msgs/include/ad_msgs/ad_msgs/msg/detail/polyfit_lane_data_array__functions.h\n'}
[0.321767] (ad_msgs) StdoutLine: {'line': b'-- Up-to-date symlink: /home/joon/automotive_software_final/install/ad_msgs/include/ad_msgs/ad_msgs/msg/detail/polyfit_lane_data_array__struct.h\n'}
[0.321801] (ad_msgs) StdoutLine: {'line': b'-- Up-to-date symlink: /home/joon/automotive_software_final/install/ad_msgs/include/ad_msgs/ad_msgs/msg/detail/polyfit_lane_data_array__type_support.h\n'}
[0.321951] (ad_msgs) StdoutLine: {'line': b'-- Up-to-date symlink: /home/joon/automotive_software_final/install/ad_msgs/include/ad_msgs/ad_msgs/msg/detail/vehicle_command__functions.h\n'}
[0.321995] (ad_msgs) StdoutLine: {'line': b'-- Up-to-date symlink: /home/joon/automotive_software_final/install/ad_msgs/include/ad_msgs/ad_msgs/msg/detail/vehicle_command__struct.h\n'}
[0.322080] (ad_msgs) StdoutLine: {'line': b'-- Up-to-date symlink: /home/joon/automotive_software_final/install/ad_msgs/include/ad_msgs/ad_msgs/msg/detail/vehicle_command__type_support.h\n'}
[0.322164] (ad_msgs) StdoutLine: {'line': b'-- Up-to-date symlink: /home/joon/automotive_software_final/install/ad_msgs/include/ad_msgs/ad_msgs/msg/detail/vehicle_state__functions.h\n'}
[0.322248] (ad_msgs) StdoutLine: {'line': b'-- Up-to-date symlink: /home/joon/automotive_software_final/install/ad_msgs/include/ad_msgs/ad_msgs/msg/detail/vehicle_state__struct.h\n'}
[0.322330] (ad_msgs) StdoutLine: {'line': b'-- Up-to-date symlink: /home/joon/automotive_software_final/install/ad_msgs/include/ad_msgs/ad_msgs/msg/detail/vehicle_state__type_support.h\n'}
[0.322413] (ad_msgs) StdoutLine: {'line': b'-- Up-to-date symlink: /home/joon/automotive_software_final/install/ad_msgs/include/ad_msgs/ad_msgs/msg/lane_point_data.h\n'}
[0.322494] (ad_msgs) StdoutLine: {'line': b'-- Up-to-date symlink: /home/joon/automotive_software_final/install/ad_msgs/include/ad_msgs/ad_msgs/msg/lane_point_data_array.h\n'}
[0.322575] (ad_msgs) StdoutLine: {'line': b'-- Up-to-date symlink: /home/joon/automotive_software_final/install/ad_msgs/include/ad_msgs/ad_msgs/msg/mission.h\n'}
[0.322656] (ad_msgs) StdoutLine: {'line': b'-- Up-to-date symlink: /home/joon/automotive_software_final/install/ad_msgs/include/ad_msgs/ad_msgs/msg/mission_display.h\n'}
[0.322787] (ad_msgs) StdoutLine: {'line': b'-- Up-to-date symlink: /home/joon/automotive_software_final/install/ad_msgs/include/ad_msgs/ad_msgs/msg/mission_object.h\n'}
[0.322930] (ad_msgs) StdoutLine: {'line': b'-- Up-to-date symlink: /home/joon/automotive_software_final/install/ad_msgs/include/ad_msgs/ad_msgs/msg/mission_region.h\n'}
[0.322967] (ad_msgs) StdoutLine: {'line': b'-- Up-to-date symlink: /home/joon/automotive_software_final/install/ad_msgs/include/ad_msgs/ad_msgs/msg/polyfit_lane_data.h\n'}
[0.322994] (ad_msgs) StdoutLine: {'line': b'-- Up-to-date symlink: /home/joon/automotive_software_final/install/ad_msgs/include/ad_msgs/ad_msgs/msg/polyfit_lane_data_array.h\n'}
[0.323018] (ad_msgs) StdoutLine: {'line': b'-- Up-to-date symlink: /home/joon/automotive_software_final/install/ad_msgs/include/ad_msgs/ad_msgs/msg/rosidl_generator_c__visibility_control.h\n'}
[0.323043] (ad_msgs) StdoutLine: {'line': b'-- Up-to-date symlink: /home/joon/automotive_software_final/install/ad_msgs/include/ad_msgs/ad_msgs/msg/vehicle_command.h\n'}
[0.323068] (ad_msgs) StdoutLine: {'line': b'-- Up-to-date symlink: /home/joon/automotive_software_final/install/ad_msgs/include/ad_msgs/ad_msgs/msg/vehicle_state.h\n'}
[0.323108] (ad_msgs) StdoutLine: {'line': b'-- Up-to-date symlink: /home/joon/automotive_software_final/install/ad_msgs/share/ad_msgs/environment/library_path.sh\n'}
[0.323238] (ad_msgs) StdoutLine: {'line': b'-- Up-to-date symlink: /home/joon/automotive_software_final/install/ad_msgs/share/ad_msgs/environment/library_path.dsv\n'}
[0.323273] (ad_msgs) StdoutLine: {'line': b'-- Up-to-date symlink: /home/joon/automotive_software_final/install/ad_msgs/include/ad_msgs/ad_msgs/msg/detail/lane_point_data__rosidl_typesupport_fastrtps_c.h\n'}
[0.323303] (ad_msgs) StdoutLine: {'line': b'-- Up-to-date symlink: /home/joon/automotive_software_final/install/ad_msgs/include/ad_msgs/ad_msgs/msg/detail/lane_point_data_array__rosidl_typesupport_fastrtps_c.h\n'}
[0.323462] (ad_msgs) StdoutLine: {'line': b'-- Up-to-date symlink: /home/joon/automotive_software_final/install/ad_msgs/include/ad_msgs/ad_msgs/msg/detail/mission__rosidl_typesupport_fastrtps_c.h\n'}
[0.323560] (ad_msgs) StdoutLine: {'line': b'-- Up-to-date symlink: /home/joon/automotive_software_final/install/ad_msgs/include/ad_msgs/ad_msgs/msg/detail/mission_display__rosidl_typesupport_fastrtps_c.h\n'}
[0.323644] (ad_msgs) StdoutLine: {'line': b'-- Up-to-date symlink: /home/joon/automotive_software_final/install/ad_msgs/include/ad_msgs/ad_msgs/msg/detail/mission_object__rosidl_typesupport_fastrtps_c.h\n'}
[0.323776] (ad_msgs) StdoutLine: {'line': b'-- Up-to-date symlink: /home/joon/automotive_software_final/install/ad_msgs/include/ad_msgs/ad_msgs/msg/detail/mission_region__rosidl_typesupport_fastrtps_c.h\n'}
[0.323932] (ad_msgs) StdoutLine: {'line': b'-- Up-to-date symlink: /home/joon/automotive_software_final/install/ad_msgs/include/ad_msgs/ad_msgs/msg/detail/polyfit_lane_data__rosidl_typesupport_fastrtps_c.h\n'}
[0.323985] (ad_msgs) StdoutLine: {'line': b'-- Up-to-date symlink: /home/joon/automotive_software_final/install/ad_msgs/include/ad_msgs/ad_msgs/msg/detail/polyfit_lane_data_array__rosidl_typesupport_fastrtps_c.h\n'}
[0.324012] (ad_msgs) StdoutLine: {'line': b'-- Up-to-date symlink: /home/joon/automotive_software_final/install/ad_msgs/include/ad_msgs/ad_msgs/msg/detail/vehicle_command__rosidl_typesupport_fastrtps_c.h\n'}
[0.324038] (ad_msgs) StdoutLine: {'line': b'-- Up-to-date symlink: /home/joon/automotive_software_final/install/ad_msgs/include/ad_msgs/ad_msgs/msg/detail/vehicle_state__rosidl_typesupport_fastrtps_c.h\n'}
[0.324062] (ad_msgs) StdoutLine: {'line': b'-- Up-to-date symlink: /home/joon/automotive_software_final/install/ad_msgs/include/ad_msgs/ad_msgs/msg/rosidl_typesupport_fastrtps_c__visibility_control.h\n'}
[0.324216] (ad_msgs) StdoutLine: {'line': b'-- Up-to-date symlink: /home/joon/automotive_software_final/install/ad_msgs/include/ad_msgs/ad_msgs/msg/detail/lane_point_data__rosidl_typesupport_introspection_c.h\n'}
[0.324309] (ad_msgs) StdoutLine: {'line': b'-- Up-to-date symlink: /home/joon/automotive_software_final/install/ad_msgs/include/ad_msgs/ad_msgs/msg/detail/lane_point_data_array__rosidl_typesupport_introspection_c.h\n'}
[0.324484] (ad_msgs) StdoutLine: {'line': b'-- Up-to-date symlink: /home/joon/automotive_software_final/install/ad_msgs/include/ad_msgs/ad_msgs/msg/detail/mission__rosidl_typesupport_introspection_c.h\n'}
[0.324593] (ad_msgs) StdoutLine: {'line': b'-- Up-to-date symlink: /home/joon/automotive_software_final/install/ad_msgs/include/ad_msgs/ad_msgs/msg/detail/mission_display__rosidl_typesupport_introspection_c.h\n'}
[0.324723] (ad_msgs) StdoutLine: {'line': b'-- Up-to-date symlink: /home/joon/automotive_software_final/install/ad_msgs/include/ad_msgs/ad_msgs/msg/detail/mission_object__rosidl_typesupport_introspection_c.h\n'}
[0.324893] (ad_msgs) StdoutLine: {'line': b'-- Up-to-date symlink: /home/joon/automotive_software_final/install/ad_msgs/include/ad_msgs/ad_msgs/msg/detail/mission_region__rosidl_typesupport_introspection_c.h\n'}
[0.324949] (ad_msgs) StdoutLine: {'line': b'-- Up-to-date symlink: /home/joon/automotive_software_final/install/ad_msgs/include/ad_msgs/ad_msgs/msg/detail/polyfit_lane_data__rosidl_typesupport_introspection_c.h\n'}
[0.325024] (ad_msgs) StdoutLine: {'line': b'-- Up-to-date symlink: /home/joon/automotive_software_final/install/ad_msgs/include/ad_msgs/ad_msgs/msg/detail/polyfit_lane_data_array__rosidl_typesupport_introspection_c.h\n'}
[0.325106] (ad_msgs) StdoutLine: {'line': b'-- Up-to-date symlink: /home/joon/automotive_software_final/install/ad_msgs/include/ad_msgs/ad_msgs/msg/detail/vehicle_command__rosidl_typesupport_introspection_c.h\n'}
[0.325189] (ad_msgs) StdoutLine: {'line': b'-- Up-to-date symlink: /home/joon/automotive_software_final/install/ad_msgs/include/ad_msgs/ad_msgs/msg/detail/vehicle_state__rosidl_typesupport_introspection_c.h\n'}
[0.325216] (ad_msgs) StdoutLine: {'line': b'-- Up-to-date symlink: /home/joon/automotive_software_final/install/ad_msgs/include/ad_msgs/ad_msgs/msg/rosidl_typesupport_introspection_c__visibility_control.h\n'}
[0.325421] (ad_msgs) StdoutLine: {'line': b'-- Up-to-date symlink: /home/joon/automotive_software_final/install/ad_msgs/include/ad_msgs/ad_msgs/msg/detail/lane_point_data__builder.hpp\n'}
[0.325519] (ad_msgs) StdoutLine: {'line': b'-- Up-to-date symlink: /home/joon/automotive_software_final/install/ad_msgs/include/ad_msgs/ad_msgs/msg/detail/lane_point_data__struct.hpp\n'}
[0.325651] (ad_msgs) StdoutLine: {'line': b'-- Up-to-date symlink: /home/joon/automotive_software_final/install/ad_msgs/include/ad_msgs/ad_msgs/msg/detail/lane_point_data__traits.hpp\n'}
[0.325714] (ad_msgs) StdoutLine: {'line': b'-- Up-to-date symlink: /home/joon/automotive_software_final/install/ad_msgs/include/ad_msgs/ad_msgs/msg/detail/lane_point_data__type_support.hpp\n'}
[0.325860] (ad_msgs) StdoutLine: {'line': b'-- Up-to-date symlink: /home/joon/automotive_software_final/install/ad_msgs/include/ad_msgs/ad_msgs/msg/detail/lane_point_data_array__builder.hpp\n'}
[0.326046] (ad_msgs) StdoutLine: {'line': b'-- Up-to-date symlink: /home/joon/automotive_software_final/install/ad_msgs/include/ad_msgs/ad_msgs/msg/detail/lane_point_data_array__struct.hpp\n'}
[0.326200] (ad_msgs) StdoutLine: {'line': b'-- Up-to-date symlink: /home/joon/automotive_software_final/install/ad_msgs/include/ad_msgs/ad_msgs/msg/detail/lane_point_data_array__traits.hpp\n'}
[0.326234] (ad_msgs) StdoutLine: {'line': b'-- Up-to-date symlink: /home/joon/automotive_software_final/install/ad_msgs/include/ad_msgs/ad_msgs/msg/detail/lane_point_data_array__type_support.hpp\n'}
[0.326261] (ad_msgs) StdoutLine: {'line': b'-- Up-to-date symlink: /home/joon/automotive_software_final/install/ad_msgs/include/ad_msgs/ad_msgs/msg/detail/mission__builder.hpp\n'}
[0.326329] (ad_msgs) StdoutLine: {'line': b'-- Up-to-date symlink: /home/joon/automotive_software_final/install/ad_msgs/include/ad_msgs/ad_msgs/msg/detail/mission__struct.hpp\n'}
[0.326390] (ad_msgs) StdoutLine: {'line': b'-- Up-to-date symlink: /home/joon/automotive_software_final/install/ad_msgs/include/ad_msgs/ad_msgs/msg/detail/mission__traits.hpp\n'}
[0.326519] (ad_msgs) StdoutLine: {'line': b'-- Up-to-date symlink: /home/joon/automotive_software_final/install/ad_msgs/include/ad_msgs/ad_msgs/msg/detail/mission__type_support.hpp\n'}
[0.326579] (ad_msgs) StdoutLine: {'line': b'-- Up-to-date symlink: /home/joon/automotive_software_final/install/ad_msgs/include/ad_msgs/ad_msgs/msg/detail/mission_display__builder.hpp\n'}
[0.326662] (ad_msgs) StdoutLine: {'line': b'-- Up-to-date symlink: /home/joon/automotive_software_final/install/ad_msgs/include/ad_msgs/ad_msgs/msg/detail/mission_display__struct.hpp\n'}
[0.326743] (ad_msgs) StdoutLine: {'line': b'-- Up-to-date symlink: /home/joon/automotive_software_final/install/ad_msgs/include/ad_msgs/ad_msgs/msg/detail/mission_display__traits.hpp\n'}
[0.326924] (ad_msgs) StdoutLine: {'line': b'-- Up-to-date symlink: /home/joon/automotive_software_final/install/ad_msgs/include/ad_msgs/ad_msgs/msg/detail/mission_display__type_support.hpp\n'}
[0.327060] (ad_msgs) StdoutLine: {'line': b'-- Up-to-date symlink: /home/joon/automotive_software_final/install/ad_msgs/include/ad_msgs/ad_msgs/msg/detail/mission_object__builder.hpp\n'}
[0.327183] (ad_msgs) StdoutLine: {'line': b'-- Up-to-date symlink: /home/joon/automotive_software_final/install/ad_msgs/include/ad_msgs/ad_msgs/msg/detail/mission_object__struct.hpp\n'}
[0.327267] (ad_msgs) StdoutLine: {'line': b'-- Up-to-date symlink: /home/joon/automotive_software_final/install/ad_msgs/include/ad_msgs/ad_msgs/msg/detail/mission_object__traits.hpp\n'}
[0.327432] (ad_msgs) StdoutLine: {'line': b'-- Up-to-date symlink: /home/joon/automotive_software_final/install/ad_msgs/include/ad_msgs/ad_msgs/msg/detail/mission_object__type_support.hpp\n'}
[0.327485] (ad_msgs) StdoutLine: {'line': b'-- Up-to-date symlink: /home/joon/automotive_software_final/install/ad_msgs/include/ad_msgs/ad_msgs/msg/detail/mission_region__builder.hpp\n'}
[0.327556] (ad_msgs) StdoutLine: {'line': b'-- Up-to-date symlink: /home/joon/automotive_software_final/install/ad_msgs/include/ad_msgs/ad_msgs/msg/detail/mission_region__struct.hpp\n'}
[0.327589] (ad_msgs) StdoutLine: {'line': b'-- Up-to-date symlink: /home/joon/automotive_software_final/install/ad_msgs/include/ad_msgs/ad_msgs/msg/detail/mission_region__traits.hpp\n'}
[0.327617] (ad_msgs) StdoutLine: {'line': b'-- Up-to-date symlink: /home/joon/automotive_software_final/install/ad_msgs/include/ad_msgs/ad_msgs/msg/detail/mission_region__type_support.hpp\n'}
[0.327642] (ad_msgs) StdoutLine: {'line': b'-- Up-to-date symlink: /home/joon/automotive_software_final/install/ad_msgs/include/ad_msgs/ad_msgs/msg/detail/polyfit_lane_data__builder.hpp\n'}
[0.327668] (ad_msgs) StdoutLine: {'line': b'-- Up-to-date symlink: /home/joon/automotive_software_final/install/ad_msgs/include/ad_msgs/ad_msgs/msg/detail/polyfit_lane_data__struct.hpp\n'}
[0.327843] (ad_msgs) StdoutLine: {'line': b'-- Up-to-date symlink: /home/joon/automotive_software_final/install/ad_msgs/include/ad_msgs/ad_msgs/msg/detail/polyfit_lane_data__traits.hpp\n'}
[0.327942] (ad_msgs) StdoutLine: {'line': b'-- Up-to-date symlink: /home/joon/automotive_software_final/install/ad_msgs/include/ad_msgs/ad_msgs/msg/detail/polyfit_lane_data__type_support.hpp\n'}
[0.328138] (ad_msgs) StdoutLine: {'line': b'-- Up-to-date symlink: /home/joon/automotive_software_final/install/ad_msgs/include/ad_msgs/ad_msgs/msg/detail/polyfit_lane_data_array__builder.hpp\n'}
[0.328208] (ad_msgs) StdoutLine: {'line': b'-- Up-to-date symlink: /home/joon/automotive_software_final/install/ad_msgs/include/ad_msgs/ad_msgs/msg/detail/polyfit_lane_data_array__struct.hpp\n'}
[0.328279] (ad_msgs) StdoutLine: {'line': b'-- Up-to-date symlink: /home/joon/automotive_software_final/install/ad_msgs/include/ad_msgs/ad_msgs/msg/detail/polyfit_lane_data_array__traits.hpp\n'}
[0.328456] (ad_msgs) StdoutLine: {'line': b'-- Up-to-date symlink: /home/joon/automotive_software_final/install/ad_msgs/include/ad_msgs/ad_msgs/msg/detail/polyfit_lane_data_array__type_support.hpp\n'}
[0.328548] (ad_msgs) StdoutLine: {'line': b'-- Up-to-date symlink: /home/joon/automotive_software_final/install/ad_msgs/include/ad_msgs/ad_msgs/msg/detail/vehicle_command__builder.hpp\n'}
[0.328585] (ad_msgs) StdoutLine: {'line': b'-- Up-to-date symlink: /home/joon/automotive_software_final/install/ad_msgs/include/ad_msgs/ad_msgs/msg/detail/vehicle_command__struct.hpp\n'}
[0.328837] (ad_msgs) StdoutLine: {'line': b'-- Up-to-date symlink: /home/joon/automotive_software_final/install/ad_msgs/include/ad_msgs/ad_msgs/msg/detail/vehicle_command__traits.hpp\n'}
[0.328898] (ad_msgs) StdoutLine: {'line': b'-- Up-to-date symlink: /home/joon/automotive_software_final/install/ad_msgs/include/ad_msgs/ad_msgs/msg/detail/vehicle_command__type_support.hpp\n'}
[0.328929] (ad_msgs) StdoutLine: {'line': b'-- Up-to-date symlink: /home/joon/automotive_software_final/install/ad_msgs/include/ad_msgs/ad_msgs/msg/detail/vehicle_state__builder.hpp\n'}
[0.328957] (ad_msgs) StdoutLine: {'line': b'-- Up-to-date symlink: /home/joon/automotive_software_final/install/ad_msgs/include/ad_msgs/ad_msgs/msg/detail/vehicle_state__struct.hpp\n'}
[0.328983] (ad_msgs) StdoutLine: {'line': b'-- Up-to-date symlink: /home/joon/automotive_software_final/install/ad_msgs/include/ad_msgs/ad_msgs/msg/detail/vehicle_state__traits.hpp\n'}
[0.329010] (ad_msgs) StdoutLine: {'line': b'-- Up-to-date symlink: /home/joon/automotive_software_final/install/ad_msgs/include/ad_msgs/ad_msgs/msg/detail/vehicle_state__type_support.hpp\n'}
[0.329035] (ad_msgs) StdoutLine: {'line': b'-- Up-to-date symlink: /home/joon/automotive_software_final/install/ad_msgs/include/ad_msgs/ad_msgs/msg/lane_point_data.hpp\n'}
[0.329159] (ad_msgs) StdoutLine: {'line': b'-- Up-to-date symlink: /home/joon/automotive_software_final/install/ad_msgs/include/ad_msgs/ad_msgs/msg/lane_point_data_array.hpp\n'}
[0.329355] (ad_msgs) StdoutLine: {'line': b'-- Up-to-date symlink: /home/joon/automotive_software_final/install/ad_msgs/include/ad_msgs/ad_msgs/msg/mission.hpp\n'}
[0.329512] (ad_msgs) StdoutLine: {'line': b'-- Up-to-date symlink: /home/joon/automotive_software_final/install/ad_msgs/include/ad_msgs/ad_msgs/msg/mission_display.hpp\n'}
[0.329642] (ad_msgs) StdoutLine: {'line': b'-- Up-to-date symlink: /home/joon/automotive_software_final/install/ad_msgs/include/ad_msgs/ad_msgs/msg/mission_object.hpp\n'}
[0.329853] (ad_msgs) StdoutLine: {'line': b'-- Up-to-date symlink: /home/joon/automotive_software_final/install/ad_msgs/include/ad_msgs/ad_msgs/msg/mission_region.hpp\n'}
[0.329951] (ad_msgs) StdoutLine: {'line': b'-- Up-to-date symlink: /home/joon/automotive_software_final/install/ad_msgs/include/ad_msgs/ad_msgs/msg/polyfit_lane_data.hpp\n'}
[0.330136] (ad_msgs) StdoutLine: {'line': b'-- Up-to-date symlink: /home/joon/automotive_software_final/install/ad_msgs/include/ad_msgs/ad_msgs/msg/polyfit_lane_data_array.hpp\n'}
[0.330180] (ad_msgs) StdoutLine: {'line': b'-- Up-to-date symlink: /home/joon/automotive_software_final/install/ad_msgs/include/ad_msgs/ad_msgs/msg/rosidl_generator_cpp__visibility_control.hpp\n'}
[0.330211] (ad_msgs) StdoutLine: {'line': b'-- Up-to-date symlink: /home/joon/automotive_software_final/install/ad_msgs/include/ad_msgs/ad_msgs/msg/vehicle_command.hpp\n'}
[0.330241] (ad_msgs) StdoutLine: {'line': b'-- Up-to-date symlink: /home/joon/automotive_software_final/install/ad_msgs/include/ad_msgs/ad_msgs/msg/vehicle_state.hpp\n'}
[0.330381] (ad_msgs) StdoutLine: {'line': b'-- Up-to-date symlink: /home/joon/automotive_software_final/install/ad_msgs/include/ad_msgs/ad_msgs/msg/detail/lane_point_data__rosidl_typesupport_fastrtps_cpp.hpp\n'}
[0.330563] (ad_msgs) StdoutLine: {'line': b'-- Up-to-date symlink: /home/joon/automotive_software_final/install/ad_msgs/include/ad_msgs/ad_msgs/msg/detail/lane_point_data_array__rosidl_typesupport_fastrtps_cpp.hpp\n'}
[0.330778] (ad_msgs) StdoutLine: {'line': b'-- Up-to-date symlink: /home/joon/automotive_software_final/install/ad_msgs/include/ad_msgs/ad_msgs/msg/detail/mission__rosidl_typesupport_fastrtps_cpp.hpp\n'}
[0.330835] (ad_msgs) StdoutLine: {'line': b'-- Up-to-date symlink: /home/joon/automotive_software_final/install/ad_msgs/include/ad_msgs/ad_msgs/msg/detail/mission_display__rosidl_typesupport_fastrtps_cpp.hpp\n'}
[0.330868] (ad_msgs) StdoutLine: {'line': b'-- Up-to-date symlink: /home/joon/automotive_software_final/install/ad_msgs/include/ad_msgs/ad_msgs/msg/detail/mission_object__rosidl_typesupport_fastrtps_cpp.hpp\n'}
[0.330987] (ad_msgs) StdoutLine: {'line': b'-- Up-to-date symlink: /home/joon/automotive_software_final/install/ad_msgs/include/ad_msgs/ad_msgs/msg/detail/mission_region__rosidl_typesupport_fastrtps_cpp.hpp\n'}
[0.331029] (ad_msgs) StdoutLine: {'line': b'-- Up-to-date symlink: /home/joon/automotive_software_final/install/ad_msgs/include/ad_msgs/ad_msgs/msg/detail/polyfit_lane_data__rosidl_typesupport_fastrtps_cpp.hpp\n'}
[0.331113] (ad_msgs) StdoutLine: {'line': b'-- Up-to-date symlink: /home/joon/automotive_software_final/install/ad_msgs/include/ad_msgs/ad_msgs/msg/detail/polyfit_lane_data_array__rosidl_typesupport_fastrtps_cpp.hpp\n'}
[0.331158] (ad_msgs) StdoutLine: {'line': b'-- Up-to-date symlink: /home/joon/automotive_software_final/install/ad_msgs/include/ad_msgs/ad_msgs/msg/detail/vehicle_command__rosidl_typesupport_fastrtps_cpp.hpp\n'}
[0.331266] (ad_msgs) StdoutLine: {'line': b'-- Up-to-date symlink: /home/joon/automotive_software_final/install/ad_msgs/include/ad_msgs/ad_msgs/msg/detail/vehicle_state__rosidl_typesupport_fastrtps_cpp.hpp\n'}
[0.331421] (ad_msgs) StdoutLine: {'line': b'-- Up-to-date symlink: /home/joon/automotive_software_final/install/ad_msgs/include/ad_msgs/ad_msgs/msg/rosidl_typesupport_fastrtps_cpp__visibility_control.h\n'}
[0.331577] (ad_msgs) StdoutLine: {'line': b'-- Up-to-date symlink: /home/joon/automotive_software_final/install/ad_msgs/include/ad_msgs/ad_msgs/msg/detail/lane_point_data__rosidl_typesupport_introspection_cpp.hpp\n'}
[0.331775] (ad_msgs) StdoutLine: {'line': b'-- Up-to-date symlink: /home/joon/automotive_software_final/install/ad_msgs/include/ad_msgs/ad_msgs/msg/detail/lane_point_data_array__rosidl_typesupport_introspection_cpp.hpp\n'}
[0.331965] (ad_msgs) StdoutLine: {'line': b'-- Up-to-date symlink: /home/joon/automotive_software_final/install/ad_msgs/include/ad_msgs/ad_msgs/msg/detail/mission__rosidl_typesupport_introspection_cpp.hpp\n'}
[0.332013] (ad_msgs) StdoutLine: {'line': b'-- Up-to-date symlink: /home/joon/automotive_software_final/install/ad_msgs/include/ad_msgs/ad_msgs/msg/detail/mission_display__rosidl_typesupport_introspection_cpp.hpp\n'}
[0.332044] (ad_msgs) StdoutLine: {'line': b'-- Up-to-date symlink: /home/joon/automotive_software_final/install/ad_msgs/include/ad_msgs/ad_msgs/msg/detail/mission_object__rosidl_typesupport_introspection_cpp.hpp\n'}
[0.332215] (ad_msgs) StdoutLine: {'line': b'-- Up-to-date symlink: /home/joon/automotive_software_final/install/ad_msgs/include/ad_msgs/ad_msgs/msg/detail/mission_region__rosidl_typesupport_introspection_cpp.hpp\n'}
[0.332334] (ad_msgs) StdoutLine: {'line': b'-- Up-to-date symlink: /home/joon/automotive_software_final/install/ad_msgs/include/ad_msgs/ad_msgs/msg/detail/polyfit_lane_data__rosidl_typesupport_introspection_cpp.hpp\n'}
[0.332371] (ad_msgs) StdoutLine: {'line': b'-- Up-to-date symlink: /home/joon/automotive_software_final/install/ad_msgs/include/ad_msgs/ad_msgs/msg/detail/polyfit_lane_data_array__rosidl_typesupport_introspection_cpp.hpp\n'}
[0.332502] (ad_msgs) StdoutLine: {'line': b'-- Up-to-date symlink: /home/joon/automotive_software_final/install/ad_msgs/include/ad_msgs/ad_msgs/msg/detail/vehicle_command__rosidl_typesupport_introspection_cpp.hpp\n'}
[0.332546] (ad_msgs) StdoutLine: {'line': b'-- Up-to-date symlink: /home/joon/automotive_software_final/install/ad_msgs/include/ad_msgs/ad_msgs/msg/detail/vehicle_state__rosidl_typesupport_introspection_cpp.hpp\n'}
[0.332659] (ad_msgs) StdoutLine: {'line': b'-- Up-to-date symlink: /home/joon/automotive_software_final/install/ad_msgs/share/ad_msgs/environment/pythonpath.sh\n'}
[0.332798] (ad_msgs) StdoutLine: {'line': b'-- Up-to-date symlink: /home/joon/automotive_software_final/install/ad_msgs/share/ad_msgs/environment/pythonpath.dsv\n'}
[0.332967] (ad_msgs) StdoutLine: {'line': b'-- Up-to-date symlink: /home/joon/automotive_software_final/install/ad_msgs/local/lib/python3.10/dist-packages/ad_msgs-0.0.0-py3.10.egg-info/PKG-INFO\n'}
[0.333132] (ad_msgs) StdoutLine: {'line': b'-- Up-to-date symlink: /home/joon/automotive_software_final/install/ad_msgs/local/lib/python3.10/dist-packages/ad_msgs-0.0.0-py3.10.egg-info/SOURCES.txt\n'}
[0.333315] (ad_msgs) StdoutLine: {'line': b'-- Up-to-date symlink: /home/joon/automotive_software_final/install/ad_msgs/local/lib/python3.10/dist-packages/ad_msgs-0.0.0-py3.10.egg-info/dependency_links.txt\n'}
[0.333361] (ad_msgs) StdoutLine: {'line': b'-- Up-to-date symlink: /home/joon/automotive_software_final/install/ad_msgs/local/lib/python3.10/dist-packages/ad_msgs-0.0.0-py3.10.egg-info/top_level.txt\n'}
[0.333901] (ad_msgs) StdoutLine: {'line': b'-- Up-to-date symlink: /home/joon/automotive_software_final/install/ad_msgs/local/lib/python3.10/dist-packages/ad_msgs/__init__.py\n'}
[0.334143] (ad_msgs) StdoutLine: {'line': b'-- Up-to-date symlink: /home/joon/automotive_software_final/install/ad_msgs/local/lib/python3.10/dist-packages/ad_msgs/_ad_msgs_s.ep.rosidl_typesupport_c.c\n'}
[0.334274] (ad_msgs) StdoutLine: {'line': b'-- Up-to-date symlink: /home/joon/automotive_software_final/install/ad_msgs/local/lib/python3.10/dist-packages/ad_msgs/_ad_msgs_s.ep.rosidl_typesupport_fastrtps_c.c\n'}
[0.334457] (ad_msgs) StdoutLine: {'line': b'-- Up-to-date symlink: /home/joon/automotive_software_final/install/ad_msgs/local/lib/python3.10/dist-packages/ad_msgs/_ad_msgs_s.ep.rosidl_typesupport_introspection_c.c\n'}
[0.334508] (ad_msgs) StdoutLine: {'line': b'-- Up-to-date symlink: /home/joon/automotive_software_final/install/ad_msgs/local/lib/python3.10/dist-packages/ad_msgs/ad_msgs_s__rosidl_typesupport_c.cpython-310-x86_64-linux-gnu.so\n'}
[0.334542] (ad_msgs) StdoutLine: {'line': b'-- Up-to-date symlink: /home/joon/automotive_software_final/install/ad_msgs/local/lib/python3.10/dist-packages/ad_msgs/ad_msgs_s__rosidl_typesupport_fastrtps_c.cpython-310-x86_64-linux-gnu.so\n'}
[0.334646] (ad_msgs) StdoutLine: {'line': b'-- Up-to-date symlink: /home/joon/automotive_software_final/install/ad_msgs/local/lib/python3.10/dist-packages/ad_msgs/ad_msgs_s__rosidl_typesupport_introspection_c.cpython-310-x86_64-linux-gnu.so\n'}
[0.334747] (ad_msgs) StdoutLine: {'line': b'-- Up-to-date symlink: /home/joon/automotive_software_final/install/ad_msgs/local/lib/python3.10/dist-packages/ad_msgs/libad_msgs__rosidl_generator_py.so\n'}
[0.334922] (ad_msgs) StdoutLine: {'line': b'-- Up-to-date symlink: /home/joon/automotive_software_final/install/ad_msgs/local/lib/python3.10/dist-packages/ad_msgs/msg/__init__.py\n'}
[0.334969] (ad_msgs) StdoutLine: {'line': b'-- Up-to-date symlink: /home/joon/automotive_software_final/install/ad_msgs/local/lib/python3.10/dist-packages/ad_msgs/msg/_lane_point_data.py\n'}
[0.335074] (ad_msgs) StdoutLine: {'line': b'-- Up-to-date symlink: /home/joon/automotive_software_final/install/ad_msgs/local/lib/python3.10/dist-packages/ad_msgs/msg/_lane_point_data_array.py\n'}
[0.335150] (ad_msgs) StdoutLine: {'line': b'-- Up-to-date symlink: /home/joon/automotive_software_final/install/ad_msgs/local/lib/python3.10/dist-packages/ad_msgs/msg/_lane_point_data_array_s.c\n'}
[0.335304] (ad_msgs) StdoutLine: {'line': b'-- Up-to-date symlink: /home/joon/automotive_software_final/install/ad_msgs/local/lib/python3.10/dist-packages/ad_msgs/msg/_lane_point_data_s.c\n'}
[0.335400] (ad_msgs) StdoutLine: {'line': b'-- Up-to-date symlink: /home/joon/automotive_software_final/install/ad_msgs/local/lib/python3.10/dist-packages/ad_msgs/msg/_mission.py\n'}
[0.335491] (ad_msgs) StdoutLine: {'line': b'-- Up-to-date symlink: /home/joon/automotive_software_final/install/ad_msgs/local/lib/python3.10/dist-packages/ad_msgs/msg/_mission_display.py\n'}
[0.335596] (ad_msgs) StdoutLine: {'line': b'-- Up-to-date symlink: /home/joon/automotive_software_final/install/ad_msgs/local/lib/python3.10/dist-packages/ad_msgs/msg/_mission_display_s.c\n'}
[0.335759] (ad_msgs) StdoutLine: {'line': b'-- Up-to-date symlink: /home/joon/automotive_software_final/install/ad_msgs/local/lib/python3.10/dist-packages/ad_msgs/msg/_mission_object.py\n'}
[0.335810] (ad_msgs) StdoutLine: {'line': b'-- Up-to-date symlink: /home/joon/automotive_software_final/install/ad_msgs/local/lib/python3.10/dist-packages/ad_msgs/msg/_mission_object_s.c\n'}
[0.335844] (ad_msgs) StdoutLine: {'line': b'-- Up-to-date symlink: /home/joon/automotive_software_final/install/ad_msgs/local/lib/python3.10/dist-packages/ad_msgs/msg/_mission_region.py\n'}
[0.335918] (ad_msgs) StdoutLine: {'line': b'-- Up-to-date symlink: /home/joon/automotive_software_final/install/ad_msgs/local/lib/python3.10/dist-packages/ad_msgs/msg/_mission_region_s.c\n'}
[0.336020] (ad_msgs) StdoutLine: {'line': b'-- Up-to-date symlink: /home/joon/automotive_software_final/install/ad_msgs/local/lib/python3.10/dist-packages/ad_msgs/msg/_mission_s.c\n'}
[0.336112] (ad_msgs) StdoutLine: {'line': b'-- Up-to-date symlink: /home/joon/automotive_software_final/install/ad_msgs/local/lib/python3.10/dist-packages/ad_msgs/msg/_polyfit_lane_data.py\n'}
[0.336293] (ad_msgs) StdoutLine: {'line': b'-- Up-to-date symlink: /home/joon/automotive_software_final/install/ad_msgs/local/lib/python3.10/dist-packages/ad_msgs/msg/_polyfit_lane_data_array.py\n'}
[0.336355] (ad_msgs) StdoutLine: {'line': b'-- Up-to-date symlink: /home/joon/automotive_software_final/install/ad_msgs/local/lib/python3.10/dist-packages/ad_msgs/msg/_polyfit_lane_data_array_s.c\n'}
[0.336448] (ad_msgs) StdoutLine: {'line': b'-- Up-to-date symlink: /home/joon/automotive_software_final/install/ad_msgs/local/lib/python3.10/dist-packages/ad_msgs/msg/_polyfit_lane_data_s.c\n'}
[0.336554] (ad_msgs) StdoutLine: {'line': b'-- Up-to-date symlink: /home/joon/automotive_software_final/install/ad_msgs/local/lib/python3.10/dist-packages/ad_msgs/msg/_vehicle_command.py\n'}
[0.336657] (ad_msgs) StdoutLine: {'line': b'-- Up-to-date symlink: /home/joon/automotive_software_final/install/ad_msgs/local/lib/python3.10/dist-packages/ad_msgs/msg/_vehicle_command_s.c\n'}
[0.336836] (ad_msgs) StdoutLine: {'line': b'-- Up-to-date symlink: /home/joon/automotive_software_final/install/ad_msgs/local/lib/python3.10/dist-packages/ad_msgs/msg/_vehicle_state.py\n'}
[0.336888] (ad_msgs) StdoutLine: {'line': b'-- Up-to-date symlink: /home/joon/automotive_software_final/install/ad_msgs/local/lib/python3.10/dist-packages/ad_msgs/msg/_vehicle_state_s.c\n'}
[0.336923] (ad_msgs) StdoutLine: {'line': b'-- Up-to-date symlink: /home/joon/automotive_software_final/install/ad_msgs/local/lib/python3.10/dist-packages/ad_msgs/ad_msgs_s__rosidl_typesupport_fastrtps_c.cpython-310-x86_64-linux-gnu.so\n'}
[0.336957] (ad_msgs) StdoutLine: {'line': b'-- Up-to-date symlink: /home/joon/automotive_software_final/install/ad_msgs/local/lib/python3.10/dist-packages/ad_msgs/ad_msgs_s__rosidl_typesupport_introspection_c.cpython-310-x86_64-linux-gnu.so\n'}
[0.337063] (ad_msgs) StdoutLine: {'line': b'-- Up-to-date symlink: /home/joon/automotive_software_final/install/ad_msgs/local/lib/python3.10/dist-packages/ad_msgs/ad_msgs_s__rosidl_typesupport_c.cpython-310-x86_64-linux-gnu.so\n'}
[0.337348] (ad_msgs) StdoutLine: {'line': b'-- Up-to-date symlink: /home/joon/automotive_software_final/install/ad_msgs/share/ad_msgs/msg/VehicleState.idl\n'}
[0.337669] (ad_msgs) StdoutLine: {'line': b'-- Up-to-date symlink: /home/joon/automotive_software_final/install/ad_msgs/share/ad_msgs/msg/VehicleCommand.idl\n'}
[0.337762] (ad_msgs) StdoutLine: {'line': b'-- Up-to-date symlink: /home/joon/automotive_software_final/install/ad_msgs/share/ad_msgs/msg/Mission.idl\n'}
[0.337846] (ad_msgs) StdoutLine: {'line': b'-- Up-to-date symlink: /home/joon/automotive_software_final/install/ad_msgs/share/ad_msgs/msg/MissionObject.idl\n'}
[0.338007] (ad_msgs) StdoutLine: {'line': b'-- Up-to-date symlink: /home/joon/automotive_software_final/install/ad_msgs/share/ad_msgs/msg/MissionRegion.idl\n'}
[0.338062] (ad_msgs) StdoutLine: {'line': b'-- Up-to-date symlink: /home/joon/automotive_software_final/install/ad_msgs/share/ad_msgs/msg/MissionDisplay.idl\n'}
[0.338240] (ad_msgs) StdoutLine: {'line': b'-- Up-to-date symlink: /home/joon/automotive_software_final/install/ad_msgs/share/ad_msgs/msg/PolyfitLaneData.idl\n'}
[0.338291] (ad_msgs) StdoutLine: {'line': b'-- Up-to-date symlink: /home/joon/automotive_software_final/install/ad_msgs/share/ad_msgs/msg/LanePointData.idl\n'}
[0.338460] (ad_msgs) StdoutLine: {'line': b'-- Up-to-date symlink: /home/joon/automotive_software_final/install/ad_msgs/share/ad_msgs/msg/LanePointDataArray.idl\n'}
[0.338509] (ad_msgs) StdoutLine: {'line': b'-- Up-to-date symlink: /home/joon/automotive_software_final/install/ad_msgs/share/ad_msgs/msg/PolyfitLaneDataArray.idl\n'}
[0.338662] (ad_msgs) StdoutLine: {'line': b'-- Up-to-date symlink: /home/joon/automotive_software_final/install/ad_msgs/share/ad_msgs/msg/VehicleState.msg\n'}
[0.338714] (ad_msgs) StdoutLine: {'line': b'-- Up-to-date symlink: /home/joon/automotive_software_final/install/ad_msgs/share/ad_msgs/msg/VehicleCommand.msg\n'}
[0.338877] (ad_msgs) StdoutLine: {'line': b'-- Up-to-date symlink: /home/joon/automotive_software_final/install/ad_msgs/share/ad_msgs/msg/Mission.msg\n'}
[0.339132] (ad_msgs) StdoutLine: {'line': b'-- Up-to-date symlink: /home/joon/automotive_software_final/install/ad_msgs/share/ad_msgs/msg/MissionObject.msg\n'}
[0.339287] (ad_msgs) StdoutLine: {'line': b'-- Up-to-date symlink: /home/joon/automotive_software_final/install/ad_msgs/share/ad_msgs/msg/MissionRegion.msg\n'}
[0.339428] (ad_msgs) StdoutLine: {'line': b'-- Up-to-date symlink: /home/joon/automotive_software_final/install/ad_msgs/share/ad_msgs/msg/MissionDisplay.msg\n'}
[0.339543] (ad_msgs) StdoutLine: {'line': b'-- Up-to-date symlink: /home/joon/automotive_software_final/install/ad_msgs/share/ad_msgs/msg/PolyfitLaneData.msg\n'}
[0.339749] (ad_msgs) StdoutLine: {'line': b'-- Up-to-date symlink: /home/joon/automotive_software_final/install/ad_msgs/share/ad_msgs/msg/LanePointData.msg\n'}
[0.339999] (ad_msgs) StdoutLine: {'line': b'-- Up-to-date symlink: /home/joon/automotive_software_final/install/ad_msgs/share/ad_msgs/msg/LanePointDataArray.msg\n'}
[0.340108] (ad_msgs) StdoutLine: {'line': b'-- Up-to-date symlink: /home/joon/automotive_software_final/install/ad_msgs/share/ad_msgs/msg/PolyfitLaneDataArray.msg\n'}
[0.340258] (ad_msgs) StdoutLine: {'line': b'-- Up-to-date symlink: /home/joon/automotive_software_final/install/ad_msgs/share/ament_index/resource_index/package_run_dependencies/ad_msgs\n'}
[0.340364] (ad_msgs) StdoutLine: {'line': b'-- Up-to-date symlink: /home/joon/automotive_software_final/install/ad_msgs/share/ament_index/resource_index/parent_prefix_path/ad_msgs\n'}
[0.340568] (ad_msgs) StdoutLine: {'line': b'-- Up-to-date symlink: /home/joon/automotive_software_final/install/ad_msgs/share/ad_msgs/environment/ament_prefix_path.sh\n'}
[0.340617] (ad_msgs) StdoutLine: {'line': b'-- Up-to-date symlink: /home/joon/automotive_software_final/install/ad_msgs/share/ad_msgs/environment/ament_prefix_path.dsv\n'}
[0.340712] (ad_msgs) StdoutLine: {'line': b'-- Up-to-date symlink: /home/joon/automotive_software_final/install/ad_msgs/share/ad_msgs/environment/path.sh\n'}
[0.340818] (ad_msgs) StdoutLine: {'line': b'-- Up-to-date symlink: /home/joon/automotive_software_final/install/ad_msgs/share/ad_msgs/environment/path.dsv\n'}
[0.340911] (ad_msgs) StdoutLine: {'line': b'-- Up-to-date symlink: /home/joon/automotive_software_final/install/ad_msgs/share/ad_msgs/local_setup.bash\n'}
[0.341078] (ad_msgs) StdoutLine: {'line': b'-- Up-to-date symlink: /home/joon/automotive_software_final/install/ad_msgs/share/ad_msgs/local_setup.sh\n'}
[0.341123] (ad_msgs) StdoutLine: {'line': b'-- Up-to-date symlink: /home/joon/automotive_software_final/install/ad_msgs/share/ad_msgs/local_setup.zsh\n'}
[0.341156] (ad_msgs) StdoutLine: {'line': b'-- Up-to-date symlink: /home/joon/automotive_software_final/install/ad_msgs/share/ad_msgs/local_setup.dsv\n'}
[0.341188] (ad_msgs) StdoutLine: {'line': b'-- Symlinking: /home/joon/automotive_software_final/install/ad_msgs/share/ad_msgs/package.dsv\n'}
[0.348889] (ad_msgs) StdoutLine: {'line': b'-- Up-to-date symlink: /home/joon/automotive_software_final/install/ad_msgs/share/ament_index/resource_index/packages/ad_msgs\n'}
[0.349381] (ad_msgs) StdoutLine: {'line': b'-- Up-to-date symlink: /home/joon/automotive_software_final/install/ad_msgs/share/ad_msgs/cmake/rosidl_cmake-extras.cmake\n'}
[0.349497] (ad_msgs) StdoutLine: {'line': b'-- Up-to-date symlink: /home/joon/automotive_software_final/install/ad_msgs/share/ad_msgs/cmake/ament_cmake_export_dependencies-extras.cmake\n'}
[0.349616] (ad_msgs) StdoutLine: {'line': b'-- Up-to-date symlink: /home/joon/automotive_software_final/install/ad_msgs/share/ad_msgs/cmake/ament_cmake_export_include_directories-extras.cmake\n'}
[0.349676] (ad_msgs) StdoutLine: {'line': b'-- Up-to-date symlink: /home/joon/automotive_software_final/install/ad_msgs/share/ad_msgs/cmake/ament_cmake_export_libraries-extras.cmake\n'}
[0.349709] (ad_msgs) StdoutLine: {'line': b'-- Up-to-date symlink: /home/joon/automotive_software_final/install/ad_msgs/share/ad_msgs/cmake/ament_cmake_export_targets-extras.cmake\n'}
[0.349801] (ad_msgs) StdoutLine: {'line': b'-- Up-to-date symlink: /home/joon/automotive_software_final/install/ad_msgs/share/ad_msgs/cmake/rosidl_cmake_export_typesupport_targets-extras.cmake\n'}
[0.349973] (ad_msgs) StdoutLine: {'line': b'-- Up-to-date symlink: /home/joon/automotive_software_final/install/ad_msgs/share/ad_msgs/cmake/rosidl_cmake_export_typesupport_libraries-extras.cmake\n'}
[0.350148] (ad_msgs) StdoutLine: {'line': b'-- Up-to-date symlink: /home/joon/automotive_software_final/install/ad_msgs/share/ad_msgs/cmake/ad_msgsConfig.cmake\n'}
[0.350205] (ad_msgs) StdoutLine: {'line': b'-- Up-to-date symlink: /home/joon/automotive_software_final/install/ad_msgs/share/ad_msgs/cmake/ad_msgsConfig-version.cmake\n'}
[0.350237] (ad_msgs) StdoutLine: {'line': b'-- Up-to-date symlink: /home/joon/automotive_software_final/install/ad_msgs/share/ad_msgs/package.xml\n'}
[0.350276] (ad_msgs) StdoutLine: {'line': b'-- Up-to-date: /home/joon/automotive_software_final/install/ad_msgs/lib/libad_msgs__rosidl_generator_c.so\n'}
[0.350420] (ad_msgs) StdoutLine: {'line': b'-- Up-to-date: /home/joon/automotive_software_final/install/ad_msgs/lib/libad_msgs__rosidl_typesupport_fastrtps_c.so\n'}
[0.350511] (ad_msgs) StdoutLine: {'line': b'-- Up-to-date: /home/joon/automotive_software_final/install/ad_msgs/lib/libad_msgs__rosidl_typesupport_introspection_c.so\n'}
[0.350714] (ad_msgs) StdoutLine: {'line': b'-- Up-to-date: /home/joon/automotive_software_final/install/ad_msgs/lib/libad_msgs__rosidl_typesupport_c.so\n'}
[0.350994] (ad_msgs) StdoutLine: {'line': b'-- Up-to-date: /home/joon/automotive_software_final/install/ad_msgs/lib/libad_msgs__rosidl_typesupport_fastrtps_cpp.so\n'}
[0.351146] (ad_msgs) StdoutLine: {'line': b'-- Up-to-date: /home/joon/automotive_software_final/install/ad_msgs/lib/libad_msgs__rosidl_typesupport_introspection_cpp.so\n'}
[0.351190] (ad_msgs) StdoutLine: {'line': b'-- Up-to-date: /home/joon/automotive_software_final/install/ad_msgs/lib/libad_msgs__rosidl_typesupport_cpp.so\n'}
[0.375920] (ad_msgs) StdoutLine: {'line': b"Listing '/home/joon/automotive_software_final/install/ad_msgs/local/lib/python3.10/dist-packages/ad_msgs'...\n"}
[0.376076] (ad_msgs) StdoutLine: {'line': b"Listing '/home/joon/automotive_software_final/install/ad_msgs/local/lib/python3.10/dist-packages/ad_msgs/msg'...\n"}
[0.379553] (ad_msgs) StdoutLine: {'line': b'-- Up-to-date: /home/joon/automotive_software_final/install/ad_msgs/lib/libad_msgs__rosidl_generator_py.so\n'}
[0.379782] (ad_msgs) StdoutLine: {'line': b'-- Up-to-date: /home/joon/automotive_software_final/install/ad_msgs/share/ad_msgs/cmake/export_ad_msgs__rosidl_generator_cExport.cmake\n'}
[0.379860] (ad_msgs) StdoutLine: {'line': b'-- Up-to-date: /home/joon/automotive_software_final/install/ad_msgs/share/ad_msgs/cmake/export_ad_msgs__rosidl_generator_cExport-noconfig.cmake\n'}
[0.380036] (ad_msgs) StdoutLine: {'line': b'-- Up-to-date: /home/joon/automotive_software_final/install/ad_msgs/share/ad_msgs/cmake/export_ad_msgs__rosidl_typesupport_fastrtps_cExport.cmake\n'}
[0.380087] (ad_msgs) StdoutLine: {'line': b'-- Up-to-date: /home/joon/automotive_software_final/install/ad_msgs/share/ad_msgs/cmake/export_ad_msgs__rosidl_typesupport_fastrtps_cExport-noconfig.cmake\n'}
[0.380136] (ad_msgs) StdoutLine: {'line': b'-- Up-to-date: /home/joon/automotive_software_final/install/ad_msgs/share/ad_msgs/cmake/ad_msgs__rosidl_typesupport_introspection_cExport.cmake\n'}
[0.380229] (ad_msgs) StdoutLine: {'line': b'-- Up-to-date: /home/joon/automotive_software_final/install/ad_msgs/share/ad_msgs/cmake/ad_msgs__rosidl_typesupport_introspection_cExport-noconfig.cmake\n'}
[0.380388] (ad_msgs) StdoutLine: {'line': b'-- Up-to-date: /home/joon/automotive_software_final/install/ad_msgs/share/ad_msgs/cmake/ad_msgs__rosidl_typesupport_cExport.cmake\n'}
[0.380434] (ad_msgs) StdoutLine: {'line': b'-- Up-to-date: /home/joon/automotive_software_final/install/ad_msgs/share/ad_msgs/cmake/ad_msgs__rosidl_typesupport_cExport-noconfig.cmake\n'}
[0.380522] (ad_msgs) StdoutLine: {'line': b'-- Up-to-date: /home/joon/automotive_software_final/install/ad_msgs/share/ad_msgs/cmake/export_ad_msgs__rosidl_generator_cppExport.cmake\n'}
[0.380554] (ad_msgs) StdoutLine: {'line': b'-- Up-to-date: /home/joon/automotive_software_final/install/ad_msgs/share/ad_msgs/cmake/export_ad_msgs__rosidl_typesupport_fastrtps_cppExport.cmake\n'}
[0.380584] (ad_msgs) StdoutLine: {'line': b'-- Up-to-date: /home/joon/automotive_software_final/install/ad_msgs/share/ad_msgs/cmake/export_ad_msgs__rosidl_typesupport_fastrtps_cppExport-noconfig.cmake\n'}
[0.380701] (ad_msgs) StdoutLine: {'line': b'-- Up-to-date: /home/joon/automotive_software_final/install/ad_msgs/share/ad_msgs/cmake/ad_msgs__rosidl_typesupport_introspection_cppExport.cmake\n'}
[0.380784] (ad_msgs) StdoutLine: {'line': b'-- Up-to-date: /home/joon/automotive_software_final/install/ad_msgs/share/ad_msgs/cmake/ad_msgs__rosidl_typesupport_introspection_cppExport-noconfig.cmake\n'}
[0.380876] (ad_msgs) StdoutLine: {'line': b'-- Up-to-date: /home/joon/automotive_software_final/install/ad_msgs/share/ad_msgs/cmake/ad_msgs__rosidl_typesupport_cppExport.cmake\n'}
[0.380967] (ad_msgs) StdoutLine: {'line': b'-- Up-to-date: /home/joon/automotive_software_final/install/ad_msgs/share/ad_msgs/cmake/ad_msgs__rosidl_typesupport_cppExport-noconfig.cmake\n'}
[0.381153] (ad_msgs) StdoutLine: {'line': b'-- Up-to-date: /home/joon/automotive_software_final/install/ad_msgs/share/ad_msgs/cmake/export_ad_msgs__rosidl_generator_pyExport.cmake\n'}
[0.381204] (ad_msgs) StdoutLine: {'line': b'-- Up-to-date: /home/joon/automotive_software_final/install/ad_msgs/share/ad_msgs/cmake/export_ad_msgs__rosidl_generator_pyExport-noconfig.cmake\n'}
[0.382854] (ad_msgs) CommandEnded: {'returncode': 0}
[0.398020] (-) TimerEvent: {}
[0.401149] (ad_msgs) JobEnded: {'identifier': 'ad_msgs', 'rc': 0}
[0.401764] (autonomous_driving) JobStarted: {'identifier': 'autonomous_driving'}
[0.405302] (evaluation) JobStarted: {'identifier': 'evaluation'}
[0.408379] (mission_manager) JobStarted: {'identifier': 'mission_manager'}
[0.412657] (simulator) JobStarted: {'identifier': 'simulator'}
[0.498166] (-) TimerEvent: {}
[0.500521] (evaluation) JobProgress: {'identifier': 'evaluation', 'progress': 'cmake'}
[0.501060] (evaluation) JobProgress: {'identifier': 'evaluation', 'progress': 'build'}
[0.501787] (evaluation) Command: {'cmd': ['/usr/bin/cmake', '--build', '/home/joon/automotive_software_final/build/evaluation', '--', '-j16', '-l16'], 'cwd': '/home/joon/automotive_software_final/build/evaluation', 'env': OrderedDict([('PYTHON_BASIC_REPL', '1'), ('LESSOPEN', '| /usr/bin/lesspipe %s'), ('USER', 'joon'), ('GIT_ASKPASS', '/home/joon/.vscode-server/bin/bf9252a2fb45be6893dd8870c0bf37e2e1766d61/extensions/git/dist/askpass.sh'), ('SHLVL', '1'), ('LD_LIBRARY_PATH', '/home/joon/automotive_software_final/install/ad_msgs/lib:/usr/lib/x86_64-linux-gnu/gazebo-11/plugins:/opt/ros/humble/opt/rviz_ogre_vendor/lib:/opt/ros/humble/lib/x86_64-linux-gnu:/opt/ros/humble/lib'), ('MOTD_SHOWN', 'update-motd'), ('HOME', '/home/joon'), ('OLDPWD', '/home/joon'), ('TERM_PROGRAM_VERSION', '1.106.3'), ('VSCODE_IPC_HOOK_CLI', '/run/user/1000/vscode-ipc-f7f9cbe5-4653-43e4-8169-5a27ae5858d9.sock'), ('ROS_PYTHON_VERSION', '3'), ('VSCODE_GIT_ASKPASS_MAIN', '/home/joon/.vscode-server/bin/bf9252a2fb45be6893dd8870c0bf37e2e1766d61/extensions/git/dist/askpass-main.js'), ('VSCODE_GIT_ASKPASS_NODE', '/home/joon/.vscode-server/bin/bf9252a2fb45be6893dd8870c0bf37e2e1766d61/node'), ('PYDEVD_DISABLE_FILE_VALIDATION', '1'), ('BUNDLED_DEBUGPY_PATH', '/home/joon/.vscode-server/extensions/ms-python.debugpy-2025.16.0-linux-x64/bundled/libs/debugpy'), ('VSCODE_PYTHON_AUTOACTIVATE_GUARD', '1'), ('DBUS_SESSION_BUS_ADDRESS', 'unix:path=/run/user/1000/bus'), ('COLORTERM', 'truecolor'), ('WSL_DISTRO_NAME', 'Ubuntu-22.04'), ('WAYLAND_DISPLAY', 'wayland-0'), ('COLCON_PREFIX_PATH', '/home/joon/automotive_software_final/install'), ('ROS_DISTRO', 'humble'), ('LOGNAME', 'joon'), ('NAME', 'Joon'), ('WSL_INTEROP', '/run/WSL/525_interop'), ('PULSE_SERVER', 'unix:/mnt/wslg/PulseServer'), ('_', '/usr/bin/colcon'), ('ROS_VERSION', '2'), ('CLAUDE_CODE_SSE_PORT', '42086'), ('TERM', 'xterm-256color'), ('ROS_LOCALHOST_ONLY', '0'), ('PATH', '/opt/ros/humble/bin:/usr/bin:/usr/bin:/home/joon/.vscode-server/data/User/globalStorage/github.copilot-chat/debugCommand:/home/joon/.vscode-server/data/User/globalStorage/github.copilot-chat/copilotCli:/home/joon/.vscode-server/bin/bf9252a2fb45be6893dd8870c0bf37e2e1766d61/bin/remote-cli:/home/joon/.local/bin:/usr/bin:/usr/bin:/usr/local/sbin:/usr/local/bin:/usr/sbin:/usr/bin:/sbin:/bin:/usr/games:/usr/local/games:/usr/lib/wsl/lib:/mnt/c/WINDOWS/system32:/mnt/c/WINDOWS:/mnt/c/WINDOWS/System32/Wbem:/mnt/c/WINDOWS/System32/WindowsPowerShell/v1.0/:/mnt/c/WINDOWS/System32/OpenSSH/:/mnt/c/Program Files/MATLAB/R2024b/bin:/mnt/c/Program Files/nodejs/:/mnt/c/Program Files/Git/cmd:/mnt/c/Users/ksyj0/AppData/Local/Programs/Python/Python312/Scripts/:/mnt/c/Users/ksyj0/AppData/Local/Programs/Python/Python312/:/mnt/c/Users/ksyj0/AppData/Local/Programs/Python/Launcher/:/mnt/c/Users/ksyj0/AppData/Local/Microsoft/WindowsApps:/mnt/c/Users/ksyj0/AppData/Local/Programs/Microsoft VS Code/bin:/mnt/c/Users/ksyj0/AppData/Roaming/npm:/mnt/c/Users/ksyj0/AppData/Local/SOOP:/mnt/c/Users/ksyj0/AppData/Local/Programs/Kiro/bin:/snap/bin:/home/joon/.vscode-server/extensions/ms-python.debugpy-2025.16.0-linux-x64/bundled/scripts/noConfigScripts'), ('XDG_RUNTIME_DIR', '/run/user/1000/'), ('DISPLAY', ':0'), ('VSCODE_DEBUGPY_ADAPTER_ENDPOINTS', '/home/joon/.vscode-server/extensions/ms-python.debugpy-2025.16.0-linux-x64/.noConfigDebugAdapterEndpoints/endpoint-5f6b0efddf9f6982.txt'), ('LANG', 'en_US.UTF-8'), ('PYTHONSTARTUP', '/home/joon/.vscode-server/data/User/workspaceStorage/6032d0949a26c1de4974618490f207f6-1/ms-python.python/pythonrc.py'), ('LS_COLORS', 'rs=0:di=01;34:ln=01;36:mh=00:pi=40;33:so=01;35:do=01;35:bd=40;33;01:cd=40;33;01:or=40;31;01:mi=00:su=37;41:sg=30;43:ca=30;41:tw=30;42:ow=34;42:st=37;44:ex=01;32:*.tar=01;31:*.tgz=01;31:*.arc=01;31:*.arj=01;31:*.taz=01;31:*.lha=01;31:*.lz4=01;31:*.lzh=01;31:*.lzma=01;31:*.tlz=01;31:*.txz=01;31:*.tzo=01;31:*.t7z=01;31:*.zip=01;31:*.z=01;31:*.dz=01;31:*.gz=01;31:*.lrz=01;31:*.lz=01;31:*.lzo=01;31:*.xz=01;31:*.zst=01;31:*.tzst=01;31:*.bz2=01;31:*.bz=01;31:*.tbz=01;31:*.tbz2=01;31:*.tz=01;31:*.deb=01;31:*.rpm=01;31:*.jar=01;31:*.war=01;31:*.ear=01;31:*.sar=01;31:*.rar=01;31:*.alz=01;31:*.ace=01;31:*.zoo=01;31:*.cpio=01;31:*.7z=01;31:*.rz=01;31:*.cab=01;31:*.wim=01;31:*.swm=01;31:*.dwm=01;31:*.esd=01;31:*.jpg=01;35:*.jpeg=01;35:*.mjpg=01;35:*.mjpeg=01;35:*.gif=01;35:*.bmp=01;35:*.pbm=01;35:*.pgm=01;35:*.ppm=01;35:*.tga=01;35:*.xbm=01;35:*.xpm=01;35:*.tif=01;35:*.tiff=01;35:*.png=01;35:*.svg=01;35:*.svgz=01;35:*.mng=01;35:*.pcx=01;35:*.mov=01;35:*.mpg=01;35:*.mpeg=01;35:*.m2v=01;35:*.mkv=01;35:*.webm=01;35:*.webp=01;35:*.ogm=01;35:*.mp4=01;35:*.m4v=01;35:*.mp4v=01;35:*.vob=01;35:*.qt=01;35:*.nuv=01;35:*.wmv=01;35:*.asf=01;35:*.rm=01;35:*.rmvb=01;35:*.flc=01;35:*.avi=01;35:*.fli=01;35:*.flv=01;35:*.gl=01;35:*.dl=01;35:*.xcf=01;35:*.xwd=01;35:*.yuv=01;35:*.cgm=01;35:*.emf=01;35:*.ogv=01;35:*.ogx=01;35:*.aac=00;36:*.au=00;36:*.flac=00;36:*.m4a=00;36:*.mid=00;36:*.midi=00;36:*.mka=00;36:*.mp3=00;36:*.mpc=00;36:*.ogg=00;36:*.ra=00;36:*.wav=00;36:*.oga=00;36:*.opus=00;36:*.spx=00;36:*.xspf=00;36:'), ('VSCODE_GIT_IPC_HANDLE', '/run/user/1000/vscode-git-167d3a068c.sock'), ('TERM_PROGRAM', 'vscode'), ('AMENT_PREFIX_PATH', '/home/joon/automotive_software_final/install/simulator:/home/joon/automotive_software_final/install/mission_manager:/home/joon/automotive_software_final/install/evaluation:/home/joon/automotive_software_final/install/autonomous_driving:/home/joon/automotive_software_final/install/ad_msgs:/opt/ros/humble'), ('SHELL', '/bin/bash'), ('LESSCLOSE', '/usr/bin/lesspipe %s %s'), ('VSCODE_GIT_ASKPASS_EXTRA_ARGS', ''), ('PWD', '/home/joon/automotive_software_final/build/evaluation'), ('ENABLE_IDE_INTEGRATION', 'true'), ('XDG_DATA_DIRS', '/usr/local/share:/usr/share:/var/lib/snapd/desktop'), ('PYTHONPATH', '/home/joon/automotive_software_final/install/ad_msgs/local/lib/python3.10/dist-packages:/opt/ros/humble/lib/python3.10/site-packages:/opt/ros/humble/local/lib/python3.10/dist-packages'), ('COLCON', '1'), ('WSL2_GUI_APPS_ENABLED', '1'), ('HOSTTYPE', 'x86_64'), ('CMAKE_PREFIX_PATH', '/home/joon/automotive_software_final/install/ad_msgs:/home/joon/automotive_software_final/install/simulator:/home/joon/automotive_software_final/install/mission_manager:/home/joon/automotive_software_final/install/evaluation:/home/joon/automotive_software_final/install/autonomous_driving:/opt/ros/humble'), ('WSLENV', 'VSCODE_WSL_EXT_LOCATION/up')]), 'shell': False}
[0.503252] (autonomous_driving) JobProgress: {'identifier': 'autonomous_driving', 'progress': 'cmake'}
[0.503571] (autonomous_driving) JobProgress: {'identifier': 'autonomous_driving', 'progress': 'build'}
[0.504451] (autonomous_driving) Command: {'cmd': ['/usr/bin/cmake', '--build', '/home/joon/automotive_software_final/build/autonomous_driving', '--', '-j16', '-l16'], 'cwd': '/home/joon/automotive_software_final/build/autonomous_driving', 'env': OrderedDict([('PYTHON_BASIC_REPL', '1'), ('LESSOPEN', '| /usr/bin/lesspipe %s'), ('USER', 'joon'), ('GIT_ASKPASS', '/home/joon/.vscode-server/bin/bf9252a2fb45be6893dd8870c0bf37e2e1766d61/extensions/git/dist/askpass.sh'), ('SHLVL', '1'), ('LD_LIBRARY_PATH', '/home/joon/automotive_software_final/install/ad_msgs/lib:/usr/lib/x86_64-linux-gnu/gazebo-11/plugins:/opt/ros/humble/opt/rviz_ogre_vendor/lib:/opt/ros/humble/lib/x86_64-linux-gnu:/opt/ros/humble/lib'), ('MOTD_SHOWN', 'update-motd'), ('HOME', '/home/joon'), ('OLDPWD', '/home/joon'), ('TERM_PROGRAM_VERSION', '1.106.3'), ('VSCODE_IPC_HOOK_CLI', '/run/user/1000/vscode-ipc-f7f9cbe5-4653-43e4-8169-5a27ae5858d9.sock'), ('ROS_PYTHON_VERSION', '3'), ('VSCODE_GIT_ASKPASS_MAIN', '/home/joon/.vscode-server/bin/bf9252a2fb45be6893dd8870c0bf37e2e1766d61/extensions/git/dist/askpass-main.js'), ('VSCODE_GIT_ASKPASS_NODE', '/home/joon/.vscode-server/bin/bf9252a2fb45be6893dd8870c0bf37e2e1766d61/node'), ('PYDEVD_DISABLE_FILE_VALIDATION', '1'), ('BUNDLED_DEBUGPY_PATH', '/home/joon/.vscode-server/extensions/ms-python.debugpy-2025.16.0-linux-x64/bundled/libs/debugpy'), ('VSCODE_PYTHON_AUTOACTIVATE_GUARD', '1'), ('DBUS_SESSION_BUS_ADDRESS', 'unix:path=/run/user/1000/bus'), ('COLORTERM', 'truecolor'), ('WSL_DISTRO_NAME', 'Ubuntu-22.04'), ('WAYLAND_DISPLAY', 'wayland-0'), ('COLCON_PREFIX_PATH', '/home/joon/automotive_software_final/install'), ('ROS_DISTRO', 'humble'), ('LOGNAME', 'joon'), ('NAME', 'Joon'), ('WSL_INTEROP', '/run/WSL/525_interop'), ('PULSE_SERVER', 'unix:/mnt/wslg/PulseServer'), ('_', '/usr/bin/colcon'), ('ROS_VERSION', '2'), ('CLAUDE_CODE_SSE_PORT', '42086'), ('TERM', 'xterm-256color'), ('ROS_LOCALHOST_ONLY', '0'), ('PATH', '/opt/ros/humble/bin:/usr/bin:/usr/bin:/home/joon/.vscode-server/data/User/globalStorage/github.copilot-chat/debugCommand:/home/joon/.vscode-server/data/User/globalStorage/github.copilot-chat/copilotCli:/home/joon/.vscode-server/bin/bf9252a2fb45be6893dd8870c0bf37e2e1766d61/bin/remote-cli:/home/joon/.local/bin:/usr/bin:/usr/bin:/usr/local/sbin:/usr/local/bin:/usr/sbin:/usr/bin:/sbin:/bin:/usr/games:/usr/local/games:/usr/lib/wsl/lib:/mnt/c/WINDOWS/system32:/mnt/c/WINDOWS:/mnt/c/WINDOWS/System32/Wbem:/mnt/c/WINDOWS/System32/WindowsPowerShell/v1.0/:/mnt/c/WINDOWS/System32/OpenSSH/:/mnt/c/Program Files/MATLAB/R2024b/bin:/mnt/c/Program Files/nodejs/:/mnt/c/Program Files/Git/cmd:/mnt/c/Users/ksyj0/AppData/Local/Programs/Python/Python312/Scripts/:/mnt/c/Users/ksyj0/AppData/Local/Programs/Python/Python312/:/mnt/c/Users/ksyj0/AppData/Local/Programs/Python/Launcher/:/mnt/c/Users/ksyj0/AppData/Local/Microsoft/WindowsApps:/mnt/c/Users/ksyj0/AppData/Local/Programs/Microsoft VS Code/bin:/mnt/c/Users/ksyj0/AppData/Roaming/npm:/mnt/c/Users/ksyj0/AppData/Local/SOOP:/mnt/c/Users/ksyj0/AppData/Local/Programs/Kiro/bin:/snap/bin:/home/joon/.vscode-server/extensions/ms-python.debugpy-2025.16.0-linux-x64/bundled/scripts/noConfigScripts'), ('XDG_RUNTIME_DIR', '/run/user/1000/'), ('DISPLAY', ':0'), ('VSCODE_DEBUGPY_ADAPTER_ENDPOINTS', '/home/joon/.vscode-server/extensions/ms-python.debugpy-2025.16.0-linux-x64/.noConfigDebugAdapterEndpoints/endpoint-5f6b0efddf9f6982.txt'), ('LANG', 'en_US.UTF-8'), ('PYTHONSTARTUP', '/home/joon/.vscode-server/data/User/workspaceStorage/6032d0949a26c1de4974618490f207f6-1/ms-python.python/pythonrc.py'), ('LS_COLORS', 'rs=0:di=01;34:ln=01;36:mh=00:pi=40;33:so=01;35:do=01;35:bd=40;33;01:cd=40;33;01:or=40;31;01:mi=00:su=37;41:sg=30;43:ca=30;41:tw=30;42:ow=34;42:st=37;44:ex=01;32:*.tar=01;31:*.tgz=01;31:*.arc=01;31:*.arj=01;31:*.taz=01;31:*.lha=01;31:*.lz4=01;31:*.lzh=01;31:*.lzma=01;31:*.tlz=01;31:*.txz=01;31:*.tzo=01;31:*.t7z=01;31:*.zip=01;31:*.z=01;31:*.dz=01;31:*.gz=01;31:*.lrz=01;31:*.lz=01;31:*.lzo=01;31:*.xz=01;31:*.zst=01;31:*.tzst=01;31:*.bz2=01;31:*.bz=01;31:*.tbz=01;31:*.tbz2=01;31:*.tz=01;31:*.deb=01;31:*.rpm=01;31:*.jar=01;31:*.war=01;31:*.ear=01;31:*.sar=01;31:*.rar=01;31:*.alz=01;31:*.ace=01;31:*.zoo=01;31:*.cpio=01;31:*.7z=01;31:*.rz=01;31:*.cab=01;31:*.wim=01;31:*.swm=01;31:*.dwm=01;31:*.esd=01;31:*.jpg=01;35:*.jpeg=01;35:*.mjpg=01;35:*.mjpeg=01;35:*.gif=01;35:*.bmp=01;35:*.pbm=01;35:*.pgm=01;35:*.ppm=01;35:*.tga=01;35:*.xbm=01;35:*.xpm=01;35:*.tif=01;35:*.tiff=01;35:*.png=01;35:*.svg=01;35:*.svgz=01;35:*.mng=01;35:*.pcx=01;35:*.mov=01;35:*.mpg=01;35:*.mpeg=01;35:*.m2v=01;35:*.mkv=01;35:*.webm=01;35:*.webp=01;35:*.ogm=01;35:*.mp4=01;35:*.m4v=01;35:*.mp4v=01;35:*.vob=01;35:*.qt=01;35:*.nuv=01;35:*.wmv=01;35:*.asf=01;35:*.rm=01;35:*.rmvb=01;35:*.flc=01;35:*.avi=01;35:*.fli=01;35:*.flv=01;35:*.gl=01;35:*.dl=01;35:*.xcf=01;35:*.xwd=01;35:*.yuv=01;35:*.cgm=01;35:*.emf=01;35:*.ogv=01;35:*.ogx=01;35:*.aac=00;36:*.au=00;36:*.flac=00;36:*.m4a=00;36:*.mid=00;36:*.midi=00;36:*.mka=00;36:*.mp3=00;36:*.mpc=00;36:*.ogg=00;36:*.ra=00;36:*.wav=00;36:*.oga=00;36:*.opus=00;36:*.spx=00;36:*.xspf=00;36:'), ('VSCODE_GIT_IPC_HANDLE', '/run/user/1000/vscode-git-167d3a068c.sock'), ('TERM_PROGRAM', 'vscode'), ('AMENT_PREFIX_PATH', '/home/joon/automotive_software_final/install/simulator:/home/joon/automotive_software_final/install/mission_manager:/home/joon/automotive_software_final/install/evaluation:/home/joon/automotive_software_final/install/autonomous_driving:/home/joon/automotive_software_final/install/ad_msgs:/opt/ros/humble'), ('SHELL', '/bin/bash'), ('LESSCLOSE', '/usr/bin/lesspipe %s %s'), ('VSCODE_GIT_ASKPASS_EXTRA_ARGS', ''), ('PWD', '/home/joon/automotive_software_final/build/autonomous_driving'), ('ENABLE_IDE_INTEGRATION', 'true'), ('XDG_DATA_DIRS', '/usr/local/share:/usr/share:/var/lib/snapd/desktop'), ('PYTHONPATH', '/home/joon/automotive_software_final/install/ad_msgs/local/lib/python3.10/dist-packages:/opt/ros/humble/lib/python3.10/site-packages:/opt/ros/humble/local/lib/python3.10/dist-packages'), ('COLCON', '1'), ('WSL2_GUI_APPS_ENABLED', '1'), ('HOSTTYPE', 'x86_64'), ('CMAKE_PREFIX_PATH', '/home/joon/automotive_software_final/install/ad_msgs:/home/joon/automotive_software_final/install/simulator:/home/joon/automotive_software_final/install/mission_manager:/home/joon/automotive_software_final/install/evaluation:/home/joon/automotive_software_final/install/autonomous_driving:/opt/ros/humble'), ('WSLENV', 'VSCODE_WSL_EXT_LOCATION/up')]), 'shell': False}
[0.507696] (mission_manager) JobProgress: {'identifier': 'mission_manager', 'progress': 'cmake'}
[0.508609] (mission_manager) JobProgress: {'identifier': 'mission_manager', 'progress': 'build'}
[0.508664] (mission_manager) Command: {'cmd': ['/usr/bin/cmake', '--build', '/home/joon/automotive_software_final/build/mission_manager', '--', '-j16', '-l16'], 'cwd': '/home/joon/automotive_software_final/build/mission_manager', 'env': OrderedDict([('PYTHON_BASIC_REPL', '1'), ('LESSOPEN', '| /usr/bin/lesspipe %s'), ('USER', 'joon'), ('GIT_ASKPASS', '/home/joon/.vscode-server/bin/bf9252a2fb45be6893dd8870c0bf37e2e1766d61/extensions/git/dist/askpass.sh'), ('SHLVL', '1'), ('LD_LIBRARY_PATH', '/home/joon/automotive_software_final/install/ad_msgs/lib:/usr/lib/x86_64-linux-gnu/gazebo-11/plugins:/opt/ros/humble/opt/rviz_ogre_vendor/lib:/opt/ros/humble/lib/x86_64-linux-gnu:/opt/ros/humble/lib'), ('MOTD_SHOWN', 'update-motd'), ('HOME', '/home/joon'), ('OLDPWD', '/home/joon'), ('TERM_PROGRAM_VERSION', '1.106.3'), ('VSCODE_IPC_HOOK_CLI', '/run/user/1000/vscode-ipc-f7f9cbe5-4653-43e4-8169-5a27ae5858d9.sock'), ('ROS_PYTHON_VERSION', '3'), ('VSCODE_GIT_ASKPASS_MAIN', '/home/joon/.vscode-server/bin/bf9252a2fb45be6893dd8870c0bf37e2e1766d61/extensions/git/dist/askpass-main.js'), ('VSCODE_GIT_ASKPASS_NODE', '/home/joon/.vscode-server/bin/bf9252a2fb45be6893dd8870c0bf37e2e1766d61/node'), ('PYDEVD_DISABLE_FILE_VALIDATION', '1'), ('BUNDLED_DEBUGPY_PATH', '/home/joon/.vscode-server/extensions/ms-python.debugpy-2025.16.0-linux-x64/bundled/libs/debugpy'), ('VSCODE_PYTHON_AUTOACTIVATE_GUARD', '1'), ('DBUS_SESSION_BUS_ADDRESS', 'unix:path=/run/user/1000/bus'), ('COLORTERM', 'truecolor'), ('WSL_DISTRO_NAME', 'Ubuntu-22.04'), ('WAYLAND_DISPLAY', 'wayland-0'), ('COLCON_PREFIX_PATH', '/home/joon/automotive_software_final/install'), ('ROS_DISTRO', 'humble'), ('LOGNAME', 'joon'), ('NAME', 'Joon'), ('WSL_INTEROP', '/run/WSL/525_interop'), ('PULSE_SERVER', 'unix:/mnt/wslg/PulseServer'), ('_', '/usr/bin/colcon'), ('ROS_VERSION', '2'), ('CLAUDE_CODE_SSE_PORT', '42086'), ('TERM', 'xterm-256color'), ('ROS_LOCALHOST_ONLY', '0'), ('PATH', '/opt/ros/humble/bin:/usr/bin:/usr/bin:/home/joon/.vscode-server/data/User/globalStorage/github.copilot-chat/debugCommand:/home/joon/.vscode-server/data/User/globalStorage/github.copilot-chat/copilotCli:/home/joon/.vscode-server/bin/bf9252a2fb45be6893dd8870c0bf37e2e1766d61/bin/remote-cli:/home/joon/.local/bin:/usr/bin:/usr/bin:/usr/local/sbin:/usr/local/bin:/usr/sbin:/usr/bin:/sbin:/bin:/usr/games:/usr/local/games:/usr/lib/wsl/lib:/mnt/c/WINDOWS/system32:/mnt/c/WINDOWS:/mnt/c/WINDOWS/System32/Wbem:/mnt/c/WINDOWS/System32/WindowsPowerShell/v1.0/:/mnt/c/WINDOWS/System32/OpenSSH/:/mnt/c/Program Files/MATLAB/R2024b/bin:/mnt/c/Program Files/nodejs/:/mnt/c/Program Files/Git/cmd:/mnt/c/Users/ksyj0/AppData/Local/Programs/Python/Python312/Scripts/:/mnt/c/Users/ksyj0/AppData/Local/Programs/Python/Python312/:/mnt/c/Users/ksyj0/AppData/Local/Programs/Python/Launcher/:/mnt/c/Users/ksyj0/AppData/Local/Microsoft/WindowsApps:/mnt/c/Users/ksyj0/AppData/Local/Programs/Microsoft VS Code/bin:/mnt/c/Users/ksyj0/AppData/Roaming/npm:/mnt/c/Users/ksyj0/AppData/Local/SOOP:/mnt/c/Users/ksyj0/AppData/Local/Programs/Kiro/bin:/snap/bin:/home/joon/.vscode-server/extensions/ms-python.debugpy-2025.16.0-linux-x64/bundled/scripts/noConfigScripts'), ('XDG_RUNTIME_DIR', '/run/user/1000/'), ('DISPLAY', ':0'), ('VSCODE_DEBUGPY_ADAPTER_ENDPOINTS', '/home/joon/.vscode-server/extensions/ms-python.debugpy-2025.16.0-linux-x64/.noConfigDebugAdapterEndpoints/endpoint-5f6b0efddf9f6982.txt'), ('LANG', 'en_US.UTF-8'), ('PYTHONSTARTUP', '/home/joon/.vscode-server/data/User/workspaceStorage/6032d0949a26c1de4974618490f207f6-1/ms-python.python/pythonrc.py'), ('LS_COLORS', 'rs=0:di=01;34:ln=01;36:mh=00:pi=40;33:so=01;35:do=01;35:bd=40;33;01:cd=40;33;01:or=40;31;01:mi=00:su=37;41:sg=30;43:ca=30;41:tw=30;42:ow=34;42:st=37;44:ex=01;32:*.tar=01;31:*.tgz=01;31:*.arc=01;31:*.arj=01;31:*.taz=01;31:*.lha=01;31:*.lz4=01;31:*.lzh=01;31:*.lzma=01;31:*.tlz=01;31:*.txz=01;31:*.tzo=01;31:*.t7z=01;31:*.zip=01;31:*.z=01;31:*.dz=01;31:*.gz=01;31:*.lrz=01;31:*.lz=01;31:*.lzo=01;31:*.xz=01;31:*.zst=01;31:*.tzst=01;31:*.bz2=01;31:*.bz=01;31:*.tbz=01;31:*.tbz2=01;31:*.tz=01;31:*.deb=01;31:*.rpm=01;31:*.jar=01;31:*.war=01;31:*.ear=01;31:*.sar=01;31:*.rar=01;31:*.alz=01;31:*.ace=01;31:*.zoo=01;31:*.cpio=01;31:*.7z=01;31:*.rz=01;31:*.cab=01;31:*.wim=01;31:*.swm=01;31:*.dwm=01;31:*.esd=01;31:*.jpg=01;35:*.jpeg=01;35:*.mjpg=01;35:*.mjpeg=01;35:*.gif=01;35:*.bmp=01;35:*.pbm=01;35:*.pgm=01;35:*.ppm=01;35:*.tga=01;35:*.xbm=01;35:*.xpm=01;35:*.tif=01;35:*.tiff=01;35:*.png=01;35:*.svg=01;35:*.svgz=01;35:*.mng=01;35:*.pcx=01;35:*.mov=01;35:*.mpg=01;35:*.mpeg=01;35:*.m2v=01;35:*.mkv=01;35:*.webm=01;35:*.webp=01;35:*.ogm=01;35:*.mp4=01;35:*.m4v=01;35:*.mp4v=01;35:*.vob=01;35:*.qt=01;35:*.nuv=01;35:*.wmv=01;35:*.asf=01;35:*.rm=01;35:*.rmvb=01;35:*.flc=01;35:*.avi=01;35:*.fli=01;35:*.flv=01;35:*.gl=01;35:*.dl=01;35:*.xcf=01;35:*.xwd=01;35:*.yuv=01;35:*.cgm=01;35:*.emf=01;35:*.ogv=01;35:*.ogx=01;35:*.aac=00;36:*.au=00;36:*.flac=00;36:*.m4a=00;36:*.mid=00;36:*.midi=00;36:*.mka=00;36:*.mp3=00;36:*.mpc=00;36:*.ogg=00;36:*.ra=00;36:*.wav=00;36:*.oga=00;36:*.opus=00;36:*.spx=00;36:*.xspf=00;36:'), ('VSCODE_GIT_IPC_HANDLE', '/run/user/1000/vscode-git-167d3a068c.sock'), ('TERM_PROGRAM', 'vscode'), ('AMENT_PREFIX_PATH', '/home/joon/automotive_software_final/install/simulator:/home/joon/automotive_software_final/install/mission_manager:/home/joon/automotive_software_final/install/evaluation:/home/joon/automotive_software_final/install/autonomous_driving:/home/joon/automotive_software_final/install/ad_msgs:/opt/ros/humble'), ('SHELL', '/bin/bash'), ('LESSCLOSE', '/usr/bin/lesspipe %s %s'), ('VSCODE_GIT_ASKPASS_EXTRA_ARGS', ''), ('PWD', '/home/joon/automotive_software_final/build/mission_manager'), ('ENABLE_IDE_INTEGRATION', 'true'), ('XDG_DATA_DIRS', '/usr/local/share:/usr/share:/var/lib/snapd/desktop'), ('PYTHONPATH', '/home/joon/automotive_software_final/install/ad_msgs/local/lib/python3.10/dist-packages:/opt/ros/humble/lib/python3.10/site-packages:/opt/ros/humble/local/lib/python3.10/dist-packages'), ('COLCON', '1'), ('WSL2_GUI_APPS_ENABLED', '1'), ('HOSTTYPE', 'x86_64'), ('CMAKE_PREFIX_PATH', '/home/joon/automotive_software_final/install/ad_msgs:/home/joon/automotive_software_final/install/simulator:/home/joon/automotive_software_final/install/mission_manager:/home/joon/automotive_software_final/install/evaluation:/home/joon/automotive_software_final/install/autonomous_driving:/opt/ros/humble'), ('WSLENV', 'VSCODE_WSL_EXT_LOCATION/up')]), 'shell': False}
[0.526778] (simulator) JobProgress: {'identifier': 'simulator', 'progress': 'cmake'}
[0.527498] (simulator) JobProgress: {'identifier': 'simulator', 'progress': 'build'}
[0.528297] (simulator) Command: {'cmd': ['/usr/bin/cmake', '--build', '/home/joon/automotive_software_final/build/simulator', '--', '-j16', '-l16'], 'cwd': '/home/joon/automotive_software_final/build/simulator', 'env': OrderedDict([('PYTHON_BASIC_REPL', '1'), ('LESSOPEN', '| /usr/bin/lesspipe %s'), ('USER', 'joon'), ('GIT_ASKPASS', '/home/joon/.vscode-server/bin/bf9252a2fb45be6893dd8870c0bf37e2e1766d61/extensions/git/dist/askpass.sh'), ('SHLVL', '1'), ('LD_LIBRARY_PATH', '/home/joon/automotive_software_final/install/ad_msgs/lib:/usr/lib/x86_64-linux-gnu/gazebo-11/plugins:/opt/ros/humble/opt/rviz_ogre_vendor/lib:/opt/ros/humble/lib/x86_64-linux-gnu:/opt/ros/humble/lib'), ('MOTD_SHOWN', 'update-motd'), ('HOME', '/home/joon'), ('OLDPWD', '/home/joon'), ('TERM_PROGRAM_VERSION', '1.106.3'), ('VSCODE_IPC_HOOK_CLI', '/run/user/1000/vscode-ipc-f7f9cbe5-4653-43e4-8169-5a27ae5858d9.sock'), ('ROS_PYTHON_VERSION', '3'), ('VSCODE_GIT_ASKPASS_MAIN', '/home/joon/.vscode-server/bin/bf9252a2fb45be6893dd8870c0bf37e2e1766d61/extensions/git/dist/askpass-main.js'), ('VSCODE_GIT_ASKPASS_NODE', '/home/joon/.vscode-server/bin/bf9252a2fb45be6893dd8870c0bf37e2e1766d61/node'), ('PYDEVD_DISABLE_FILE_VALIDATION', '1'), ('BUNDLED_DEBUGPY_PATH', '/home/joon/.vscode-server/extensions/ms-python.debugpy-2025.16.0-linux-x64/bundled/libs/debugpy'), ('VSCODE_PYTHON_AUTOACTIVATE_GUARD', '1'), ('DBUS_SESSION_BUS_ADDRESS', 'unix:path=/run/user/1000/bus'), ('COLORTERM', 'truecolor'), ('WSL_DISTRO_NAME', 'Ubuntu-22.04'), ('WAYLAND_DISPLAY', 'wayland-0'), ('COLCON_PREFIX_PATH', '/home/joon/automotive_software_final/install'), ('ROS_DISTRO', 'humble'), ('LOGNAME', 'joon'), ('NAME', 'Joon'), ('WSL_INTEROP', '/run/WSL/525_interop'), ('PULSE_SERVER', 'unix:/mnt/wslg/PulseServer'), ('_', '/usr/bin/colcon'), ('ROS_VERSION', '2'), ('CLAUDE_CODE_SSE_PORT', '42086'), ('TERM', 'xterm-256color'), ('ROS_LOCALHOST_ONLY', '0'), ('PATH', '/opt/ros/humble/bin:/usr/bin:/usr/bin:/home/joon/.vscode-server/data/User/globalStorage/github.copilot-chat/debugCommand:/home/joon/.vscode-server/data/User/globalStorage/github.copilot-chat/copilotCli:/home/joon/.vscode-server/bin/bf9252a2fb45be6893dd8870c0bf37e2e1766d61/bin/remote-cli:/home/joon/.local/bin:/usr/bin:/usr/bin:/usr/local/sbin:/usr/local/bin:/usr/sbin:/usr/bin:/sbin:/bin:/usr/games:/usr/local/games:/usr/lib/wsl/lib:/mnt/c/WINDOWS/system32:/mnt/c/WINDOWS:/mnt/c/WINDOWS/System32/Wbem:/mnt/c/WINDOWS/System32/WindowsPowerShell/v1.0/:/mnt/c/WINDOWS/System32/OpenSSH/:/mnt/c/Program Files/MATLAB/R2024b/bin:/mnt/c/Program Files/nodejs/:/mnt/c/Program Files/Git/cmd:/mnt/c/Users/ksyj0/AppData/Local/Programs/Python/Python312/Scripts/:/mnt/c/Users/ksyj0/AppData/Local/Programs/Python/Python312/:/mnt/c/Users/ksyj0/AppData/Local/Programs/Python/Launcher/:/mnt/c/Users/ksyj0/AppData/Local/Microsoft/WindowsApps:/mnt/c/Users/ksyj0/AppData/Local/Programs/Microsoft VS Code/bin:/mnt/c/Users/ksyj0/AppData/Roaming/npm:/mnt/c/Users/ksyj0/AppData/Local/SOOP:/mnt/c/Users/ksyj0/AppData/Local/Programs/Kiro/bin:/snap/bin:/home/joon/.vscode-server/extensions/ms-python.debugpy-2025.16.0-linux-x64/bundled/scripts/noConfigScripts'), ('XDG_RUNTIME_DIR', '/run/user/1000/'), ('DISPLAY', ':0'), ('VSCODE_DEBUGPY_ADAPTER_ENDPOINTS', '/home/joon/.vscode-server/extensions/ms-python.debugpy-2025.16.0-linux-x64/.noConfigDebugAdapterEndpoints/endpoint-5f6b0efddf9f6982.txt'), ('LANG', 'en_US.UTF-8'), ('PYTHONSTARTUP', '/home/joon/.vscode-server/data/User/workspaceStorage/6032d0949a26c1de4974618490f207f6-1/ms-python.python/pythonrc.py'), ('LS_COLORS', 'rs=0:di=01;34:ln=01;36:mh=00:pi=40;33:so=01;35:do=01;35:bd=40;33;01:cd=40;33;01:or=40;31;01:mi=00:su=37;41:sg=30;43:ca=30;41:tw=30;42:ow=34;42:st=37;44:ex=01;32:*.tar=01;31:*.tgz=01;31:*.arc=01;31:*.arj=01;31:*.taz=01;31:*.lha=01;31:*.lz4=01;31:*.lzh=01;31:*.lzma=01;31:*.tlz=01;31:*.txz=01;31:*.tzo=01;31:*.t7z=01;31:*.zip=01;31:*.z=01;31:*.dz=01;31:*.gz=01;31:*.lrz=01;31:*.lz=01;31:*.lzo=01;31:*.xz=01;31:*.zst=01;31:*.tzst=01;31:*.bz2=01;31:*.bz=01;31:*.tbz=01;31:*.tbz2=01;31:*.tz=01;31:*.deb=01;31:*.rpm=01;31:*.jar=01;31:*.war=01;31:*.ear=01;31:*.sar=01;31:*.rar=01;31:*.alz=01;31:*.ace=01;31:*.zoo=01;31:*.cpio=01;31:*.7z=01;31:*.rz=01;31:*.cab=01;31:*.wim=01;31:*.swm=01;31:*.dwm=01;31:*.esd=01;31:*.jpg=01;35:*.jpeg=01;35:*.mjpg=01;35:*.mjpeg=01;35:*.gif=01;35:*.bmp=01;35:*.pbm=01;35:*.pgm=01;35:*.ppm=01;35:*.tga=01;35:*.xbm=01;35:*.xpm=01;35:*.tif=01;35:*.tiff=01;35:*.png=01;35:*.svg=01;35:*.svgz=01;35:*.mng=01;35:*.pcx=01;35:*.mov=01;35:*.mpg=01;35:*.mpeg=01;35:*.m2v=01;35:*.mkv=01;35:*.webm=01;35:*.webp=01;35:*.ogm=01;35:*.mp4=01;35:*.m4v=01;35:*.mp4v=01;35:*.vob=01;35:*.qt=01;35:*.nuv=01;35:*.wmv=01;35:*.asf=01;35:*.rm=01;35:*.rmvb=01;35:*.flc=01;35:*.avi=01;35:*.fli=01;35:*.flv=01;35:*.gl=01;35:*.dl=01;35:*.xcf=01;35:*.xwd=01;35:*.yuv=01;35:*.cgm=01;35:*.emf=01;35:*.ogv=01;35:*.ogx=01;35:*.aac=00;36:*.au=00;36:*.flac=00;36:*.m4a=00;36:*.mid=00;36:*.midi=00;36:*.mka=00;36:*.mp3=00;36:*.mpc=00;36:*.ogg=00;36:*.ra=00;36:*.wav=00;36:*.oga=00;36:*.opus=00;36:*.spx=00;36:*.xspf=00;36:'), ('VSCODE_GIT_IPC_HANDLE', '/run/user/1000/vscode-git-167d3a068c.sock'), ('TERM_PROGRAM', 'vscode'), ('AMENT_PREFIX_PATH', '/home/joon/automotive_software_final/install/simulator:/home/joon/automotive_software_final/install/mission_manager:/home/joon/automotive_software_final/install/evaluation:/home/joon/automotive_software_final/install/autonomous_driving:/home/joon/automotive_software_final/install/ad_msgs:/opt/ros/humble'), ('SHELL', '/bin/bash'), ('LESSCLOSE', '/usr/bin/lesspipe %s %s'), ('VSCODE_GIT_ASKPASS_EXTRA_ARGS', ''), ('PWD', '/home/joon/automotive_software_final/build/simulator'), ('ENABLE_IDE_INTEGRATION', 'true'), ('XDG_DATA_DIRS', '/usr/local/share:/usr/share:/var/lib/snapd/desktop'), ('PYTHONPATH', '/home/joon/automotive_software_final/install/ad_msgs/local/lib/python3.10/dist-packages:/opt/ros/humble/lib/python3.10/site-packages:/opt/ros/humble/local/lib/python3.10/dist-packages'), ('COLCON', '1'), ('WSL2_GUI_APPS_ENABLED', '1'), ('HOSTTYPE', 'x86_64'), ('CMAKE_PREFIX_PATH', '/home/joon/automotive_software_final/install/ad_msgs:/home/joon/automotive_software_final/install/simulator:/home/joon/automotive_software_final/install/mission_manager:/home/joon/automotive_software_final/install/evaluation:/home/joon/automotive_software_final/install/autonomous_driving:/opt/ros/humble'), ('WSLENV', 'VSCODE_WSL_EXT_LOCATION/up')]), 'shell': False}
[0.540550] (autonomous_driving) StdoutLine: {'line': b'\x1b[35m\x1b[1mConsolidate compiler generated dependencies of target autonomous_driving\x1b[0m\n'}
[0.548457] (evaluation) StdoutLine: {'line': b'[100%] Built target evaluation\n'}
[0.556994] (autonomous_driving) StdoutLine: {'line': b'[ 33%] \x1b[32mBuilding CXX object CMakeFiles/autonomous_driving.dir/src/lane_processor.cpp.o\x1b[0m\n'}
[0.560178] (evaluation) CommandEnded: {'returncode': 0}
[0.569412] (mission_manager) StdoutLine: {'line': b'[100%] Built target mission_manager\n'}
[0.571168] (evaluation) JobProgress: {'identifier': 'evaluation', 'progress': 'install'}
[0.571534] (evaluation) Command: {'cmd': ['/usr/bin/cmake', '--install', '/home/joon/automotive_software_final/build/evaluation'], 'cwd': '/home/joon/automotive_software_final/build/evaluation', 'env': OrderedDict([('PYTHON_BASIC_REPL', '1'), ('LESSOPEN', '| /usr/bin/lesspipe %s'), ('USER', 'joon'), ('GIT_ASKPASS', '/home/joon/.vscode-server/bin/bf9252a2fb45be6893dd8870c0bf37e2e1766d61/extensions/git/dist/askpass.sh'), ('SHLVL', '1'), ('LD_LIBRARY_PATH', '/home/joon/automotive_software_final/install/ad_msgs/lib:/usr/lib/x86_64-linux-gnu/gazebo-11/plugins:/opt/ros/humble/opt/rviz_ogre_vendor/lib:/opt/ros/humble/lib/x86_64-linux-gnu:/opt/ros/humble/lib'), ('MOTD_SHOWN', 'update-motd'), ('HOME', '/home/joon'), ('OLDPWD', '/home/joon'), ('TERM_PROGRAM_VERSION', '1.106.3'), ('VSCODE_IPC_HOOK_CLI', '/run/user/1000/vscode-ipc-f7f9cbe5-4653-43e4-8169-5a27ae5858d9.sock'), ('ROS_PYTHON_VERSION', '3'), ('VSCODE_GIT_ASKPASS_MAIN', '/home/joon/.vscode-server/bin/bf9252a2fb45be6893dd8870c0bf37e2e1766d61/extensions/git/dist/askpass-main.js'), ('VSCODE_GIT_ASKPASS_NODE', '/home/joon/.vscode-server/bin/bf9252a2fb45be6893dd8870c0bf37e2e1766d61/node'), ('PYDEVD_DISABLE_FILE_VALIDATION', '1'), ('BUNDLED_DEBUGPY_PATH', '/home/joon/.vscode-server/extensions/ms-python.debugpy-2025.16.0-linux-x64/bundled/libs/debugpy'), ('VSCODE_PYTHON_AUTOACTIVATE_GUARD', '1'), ('DBUS_SESSION_BUS_ADDRESS', 'unix:path=/run/user/1000/bus'), ('COLORTERM', 'truecolor'), ('WSL_DISTRO_NAME', 'Ubuntu-22.04'), ('WAYLAND_DISPLAY', 'wayland-0'), ('COLCON_PREFIX_PATH', '/home/joon/automotive_software_final/install'), ('ROS_DISTRO', 'humble'), ('LOGNAME', 'joon'), ('NAME', 'Joon'), ('WSL_INTEROP', '/run/WSL/525_interop'), ('PULSE_SERVER', 'unix:/mnt/wslg/PulseServer'), ('_', '/usr/bin/colcon'), ('ROS_VERSION', '2'), ('CLAUDE_CODE_SSE_PORT', '42086'), ('TERM', 'xterm-256color'), ('ROS_LOCALHOST_ONLY', '0'), ('PATH', '/opt/ros/humble/bin:/usr/bin:/usr/bin:/home/joon/.vscode-server/data/User/globalStorage/github.copilot-chat/debugCommand:/home/joon/.vscode-server/data/User/globalStorage/github.copilot-chat/copilotCli:/home/joon/.vscode-server/bin/bf9252a2fb45be6893dd8870c0bf37e2e1766d61/bin/remote-cli:/home/joon/.local/bin:/usr/bin:/usr/bin:/usr/local/sbin:/usr/local/bin:/usr/sbin:/usr/bin:/sbin:/bin:/usr/games:/usr/local/games:/usr/lib/wsl/lib:/mnt/c/WINDOWS/system32:/mnt/c/WINDOWS:/mnt/c/WINDOWS/System32/Wbem:/mnt/c/WINDOWS/System32/WindowsPowerShell/v1.0/:/mnt/c/WINDOWS/System32/OpenSSH/:/mnt/c/Program Files/MATLAB/R2024b/bin:/mnt/c/Program Files/nodejs/:/mnt/c/Program Files/Git/cmd:/mnt/c/Users/ksyj0/AppData/Local/Programs/Python/Python312/Scripts/:/mnt/c/Users/ksyj0/AppData/Local/Programs/Python/Python312/:/mnt/c/Users/ksyj0/AppData/Local/Programs/Python/Launcher/:/mnt/c/Users/ksyj0/AppData/Local/Microsoft/WindowsApps:/mnt/c/Users/ksyj0/AppData/Local/Programs/Microsoft VS Code/bin:/mnt/c/Users/ksyj0/AppData/Roaming/npm:/mnt/c/Users/ksyj0/AppData/Local/SOOP:/mnt/c/Users/ksyj0/AppData/Local/Programs/Kiro/bin:/snap/bin:/home/joon/.vscode-server/extensions/ms-python.debugpy-2025.16.0-linux-x64/bundled/scripts/noConfigScripts'), ('XDG_RUNTIME_DIR', '/run/user/1000/'), ('DISPLAY', ':0'), ('VSCODE_DEBUGPY_ADAPTER_ENDPOINTS', '/home/joon/.vscode-server/extensions/ms-python.debugpy-2025.16.0-linux-x64/.noConfigDebugAdapterEndpoints/endpoint-5f6b0efddf9f6982.txt'), ('LANG', 'en_US.UTF-8'), ('PYTHONSTARTUP', '/home/joon/.vscode-server/data/User/workspaceStorage/6032d0949a26c1de4974618490f207f6-1/ms-python.python/pythonrc.py'), ('LS_COLORS', 'rs=0:di=01;34:ln=01;36:mh=00:pi=40;33:so=01;35:do=01;35:bd=40;33;01:cd=40;33;01:or=40;31;01:mi=00:su=37;41:sg=30;43:ca=30;41:tw=30;42:ow=34;42:st=37;44:ex=01;32:*.tar=01;31:*.tgz=01;31:*.arc=01;31:*.arj=01;31:*.taz=01;31:*.lha=01;31:*.lz4=01;31:*.lzh=01;31:*.lzma=01;31:*.tlz=01;31:*.txz=01;31:*.tzo=01;31:*.t7z=01;31:*.zip=01;31:*.z=01;31:*.dz=01;31:*.gz=01;31:*.lrz=01;31:*.lz=01;31:*.lzo=01;31:*.xz=01;31:*.zst=01;31:*.tzst=01;31:*.bz2=01;31:*.bz=01;31:*.tbz=01;31:*.tbz2=01;31:*.tz=01;31:*.deb=01;31:*.rpm=01;31:*.jar=01;31:*.war=01;31:*.ear=01;31:*.sar=01;31:*.rar=01;31:*.alz=01;31:*.ace=01;31:*.zoo=01;31:*.cpio=01;31:*.7z=01;31:*.rz=01;31:*.cab=01;31:*.wim=01;31:*.swm=01;31:*.dwm=01;31:*.esd=01;31:*.jpg=01;35:*.jpeg=01;35:*.mjpg=01;35:*.mjpeg=01;35:*.gif=01;35:*.bmp=01;35:*.pbm=01;35:*.pgm=01;35:*.ppm=01;35:*.tga=01;35:*.xbm=01;35:*.xpm=01;35:*.tif=01;35:*.tiff=01;35:*.png=01;35:*.svg=01;35:*.svgz=01;35:*.mng=01;35:*.pcx=01;35:*.mov=01;35:*.mpg=01;35:*.mpeg=01;35:*.m2v=01;35:*.mkv=01;35:*.webm=01;35:*.webp=01;35:*.ogm=01;35:*.mp4=01;35:*.m4v=01;35:*.mp4v=01;35:*.vob=01;35:*.qt=01;35:*.nuv=01;35:*.wmv=01;35:*.asf=01;35:*.rm=01;35:*.rmvb=01;35:*.flc=01;35:*.avi=01;35:*.fli=01;35:*.flv=01;35:*.gl=01;35:*.dl=01;35:*.xcf=01;35:*.xwd=01;35:*.yuv=01;35:*.cgm=01;35:*.emf=01;35:*.ogv=01;35:*.ogx=01;35:*.aac=00;36:*.au=00;36:*.flac=00;36:*.m4a=00;36:*.mid=00;36:*.midi=00;36:*.mka=00;36:*.mp3=00;36:*.mpc=00;36:*.ogg=00;36:*.ra=00;36:*.wav=00;36:*.oga=00;36:*.opus=00;36:*.spx=00;36:*.xspf=00;36:'), ('VSCODE_GIT_IPC_HANDLE', '/run/user/1000/vscode-git-167d3a068c.sock'), ('TERM_PROGRAM', 'vscode'), ('AMENT_PREFIX_PATH', '/home/joon/automotive_software_final/install/simulator:/home/joon/automotive_software_final/install/mission_manager:/home/joon/automotive_software_final/install/evaluation:/home/joon/automotive_software_final/install/autonomous_driving:/home/joon/automotive_software_final/install/ad_msgs:/opt/ros/humble'), ('SHELL', '/bin/bash'), ('LESSCLOSE', '/usr/bin/lesspipe %s %s'), ('VSCODE_GIT_ASKPASS_EXTRA_ARGS', ''), ('PWD', '/home/joon/automotive_software_final/build/evaluation'), ('ENABLE_IDE_INTEGRATION', 'true'), ('XDG_DATA_DIRS', '/usr/local/share:/usr/share:/var/lib/snapd/desktop'), ('PYTHONPATH', '/home/joon/automotive_software_final/install/ad_msgs/local/lib/python3.10/dist-packages:/opt/ros/humble/lib/python3.10/site-packages:/opt/ros/humble/local/lib/python3.10/dist-packages'), ('COLCON', '1'), ('WSL2_GUI_APPS_ENABLED', '1'), ('HOSTTYPE', 'x86_64'), ('CMAKE_PREFIX_PATH', '/home/joon/automotive_software_final/install/ad_msgs:/home/joon/automotive_software_final/install/simulator:/home/joon/automotive_software_final/install/mission_manager:/home/joon/automotive_software_final/install/evaluation:/home/joon/automotive_software_final/install/autonomous_driving:/opt/ros/humble'), ('WSLENV', 'VSCODE_WSL_EXT_LOCATION/up')]), 'shell': False}
[0.573357] (mission_manager) CommandEnded: {'returncode': 0}
[0.574604] (mission_manager) JobProgress: {'identifier': 'mission_manager', 'progress': 'install'}
[0.575023] (mission_manager) Command: {'cmd': ['/usr/bin/cmake', '--install', '/home/joon/automotive_software_final/build/mission_manager'], 'cwd': '/home/joon/automotive_software_final/build/mission_manager', 'env': OrderedDict([('PYTHON_BASIC_REPL', '1'), ('LESSOPEN', '| /usr/bin/lesspipe %s'), ('USER', 'joon'), ('GIT_ASKPASS', '/home/joon/.vscode-server/bin/bf9252a2fb45be6893dd8870c0bf37e2e1766d61/extensions/git/dist/askpass.sh'), ('SHLVL', '1'), ('LD_LIBRARY_PATH', '/home/joon/automotive_software_final/install/ad_msgs/lib:/usr/lib/x86_64-linux-gnu/gazebo-11/plugins:/opt/ros/humble/opt/rviz_ogre_vendor/lib:/opt/ros/humble/lib/x86_64-linux-gnu:/opt/ros/humble/lib'), ('MOTD_SHOWN', 'update-motd'), ('HOME', '/home/joon'), ('OLDPWD', '/home/joon'), ('TERM_PROGRAM_VERSION', '1.106.3'), ('VSCODE_IPC_HOOK_CLI', '/run/user/1000/vscode-ipc-f7f9cbe5-4653-43e4-8169-5a27ae5858d9.sock'), ('ROS_PYTHON_VERSION', '3'), ('VSCODE_GIT_ASKPASS_MAIN', '/home/joon/.vscode-server/bin/bf9252a2fb45be6893dd8870c0bf37e2e1766d61/extensions/git/dist/askpass-main.js'), ('VSCODE_GIT_ASKPASS_NODE', '/home/joon/.vscode-server/bin/bf9252a2fb45be6893dd8870c0bf37e2e1766d61/node'), ('PYDEVD_DISABLE_FILE_VALIDATION', '1'), ('BUNDLED_DEBUGPY_PATH', '/home/joon/.vscode-server/extensions/ms-python.debugpy-2025.16.0-linux-x64/bundled/libs/debugpy'), ('VSCODE_PYTHON_AUTOACTIVATE_GUARD', '1'), ('DBUS_SESSION_BUS_ADDRESS', 'unix:path=/run/user/1000/bus'), ('COLORTERM', 'truecolor'), ('WSL_DISTRO_NAME', 'Ubuntu-22.04'), ('WAYLAND_DISPLAY', 'wayland-0'), ('COLCON_PREFIX_PATH', '/home/joon/automotive_software_final/install'), ('ROS_DISTRO', 'humble'), ('LOGNAME', 'joon'), ('NAME', 'Joon'), ('WSL_INTEROP', '/run/WSL/525_interop'), ('PULSE_SERVER', 'unix:/mnt/wslg/PulseServer'), ('_', '/usr/bin/colcon'), ('ROS_VERSION', '2'), ('CLAUDE_CODE_SSE_PORT', '42086'), ('TERM', 'xterm-256color'), ('ROS_LOCALHOST_ONLY', '0'), ('PATH', '/opt/ros/humble/bin:/usr/bin:/usr/bin:/home/joon/.vscode-server/data/User/globalStorage/github.copilot-chat/debugCommand:/home/joon/.vscode-server/data/User/globalStorage/github.copilot-chat/copilotCli:/home/joon/.vscode-server/bin/bf9252a2fb45be6893dd8870c0bf37e2e1766d61/bin/remote-cli:/home/joon/.local/bin:/usr/bin:/usr/bin:/usr/local/sbin:/usr/local/bin:/usr/sbin:/usr/bin:/sbin:/bin:/usr/games:/usr/local/games:/usr/lib/wsl/lib:/mnt/c/WINDOWS/system32:/mnt/c/WINDOWS:/mnt/c/WINDOWS/System32/Wbem:/mnt/c/WINDOWS/System32/WindowsPowerShell/v1.0/:/mnt/c/WINDOWS/System32/OpenSSH/:/mnt/c/Program Files/MATLAB/R2024b/bin:/mnt/c/Program Files/nodejs/:/mnt/c/Program Files/Git/cmd:/mnt/c/Users/ksyj0/AppData/Local/Programs/Python/Python312/Scripts/:/mnt/c/Users/ksyj0/AppData/Local/Programs/Python/Python312/:/mnt/c/Users/ksyj0/AppData/Local/Programs/Python/Launcher/:/mnt/c/Users/ksyj0/AppData/Local/Microsoft/WindowsApps:/mnt/c/Users/ksyj0/AppData/Local/Programs/Microsoft VS Code/bin:/mnt/c/Users/ksyj0/AppData/Roaming/npm:/mnt/c/Users/ksyj0/AppData/Local/SOOP:/mnt/c/Users/ksyj0/AppData/Local/Programs/Kiro/bin:/snap/bin:/home/joon/.vscode-server/extensions/ms-python.debugpy-2025.16.0-linux-x64/bundled/scripts/noConfigScripts'), ('XDG_RUNTIME_DIR', '/run/user/1000/'), ('DISPLAY', ':0'), ('VSCODE_DEBUGPY_ADAPTER_ENDPOINTS', '/home/joon/.vscode-server/extensions/ms-python.debugpy-2025.16.0-linux-x64/.noConfigDebugAdapterEndpoints/endpoint-5f6b0efddf9f6982.txt'), ('LANG', 'en_US.UTF-8'), ('PYTHONSTARTUP', '/home/joon/.vscode-server/data/User/workspaceStorage/6032d0949a26c1de4974618490f207f6-1/ms-python.python/pythonrc.py'), ('LS_COLORS', 'rs=0:di=01;34:ln=01;36:mh=00:pi=40;33:so=01;35:do=01;35:bd=40;33;01:cd=40;33;01:or=40;31;01:mi=00:su=37;41:sg=30;43:ca=30;41:tw=30;42:ow=34;42:st=37;44:ex=01;32:*.tar=01;31:*.tgz=01;31:*.arc=01;31:*.arj=01;31:*.taz=01;31:*.lha=01;31:*.lz4=01;31:*.lzh=01;31:*.lzma=01;31:*.tlz=01;31:*.txz=01;31:*.tzo=01;31:*.t7z=01;31:*.zip=01;31:*.z=01;31:*.dz=01;31:*.gz=01;31:*.lrz=01;31:*.lz=01;31:*.lzo=01;31:*.xz=01;31:*.zst=01;31:*.tzst=01;31:*.bz2=01;31:*.bz=01;31:*.tbz=01;31:*.tbz2=01;31:*.tz=01;31:*.deb=01;31:*.rpm=01;31:*.jar=01;31:*.war=01;31:*.ear=01;31:*.sar=01;31:*.rar=01;31:*.alz=01;31:*.ace=01;31:*.zoo=01;31:*.cpio=01;31:*.7z=01;31:*.rz=01;31:*.cab=01;31:*.wim=01;31:*.swm=01;31:*.dwm=01;31:*.esd=01;31:*.jpg=01;35:*.jpeg=01;35:*.mjpg=01;35:*.mjpeg=01;35:*.gif=01;35:*.bmp=01;35:*.pbm=01;35:*.pgm=01;35:*.ppm=01;35:*.tga=01;35:*.xbm=01;35:*.xpm=01;35:*.tif=01;35:*.tiff=01;35:*.png=01;35:*.svg=01;35:*.svgz=01;35:*.mng=01;35:*.pcx=01;35:*.mov=01;35:*.mpg=01;35:*.mpeg=01;35:*.m2v=01;35:*.mkv=01;35:*.webm=01;35:*.webp=01;35:*.ogm=01;35:*.mp4=01;35:*.m4v=01;35:*.mp4v=01;35:*.vob=01;35:*.qt=01;35:*.nuv=01;35:*.wmv=01;35:*.asf=01;35:*.rm=01;35:*.rmvb=01;35:*.flc=01;35:*.avi=01;35:*.fli=01;35:*.flv=01;35:*.gl=01;35:*.dl=01;35:*.xcf=01;35:*.xwd=01;35:*.yuv=01;35:*.cgm=01;35:*.emf=01;35:*.ogv=01;35:*.ogx=01;35:*.aac=00;36:*.au=00;36:*.flac=00;36:*.m4a=00;36:*.mid=00;36:*.midi=00;36:*.mka=00;36:*.mp3=00;36:*.mpc=00;36:*.ogg=00;36:*.ra=00;36:*.wav=00;36:*.oga=00;36:*.opus=00;36:*.spx=00;36:*.xspf=00;36:'), ('VSCODE_GIT_IPC_HANDLE', '/run/user/1000/vscode-git-167d3a068c.sock'), ('TERM_PROGRAM', 'vscode'), ('AMENT_PREFIX_PATH', '/home/joon/automotive_software_final/install/simulator:/home/joon/automotive_software_final/install/mission_manager:/home/joon/automotive_software_final/install/evaluation:/home/joon/automotive_software_final/install/autonomous_driving:/home/joon/automotive_software_final/install/ad_msgs:/opt/ros/humble'), ('SHELL', '/bin/bash'), ('LESSCLOSE', '/usr/bin/lesspipe %s %s'), ('VSCODE_GIT_ASKPASS_EXTRA_ARGS', ''), ('PWD', '/home/joon/automotive_software_final/build/mission_manager'), ('ENABLE_IDE_INTEGRATION', 'true'), ('XDG_DATA_DIRS', '/usr/local/share:/usr/share:/var/lib/snapd/desktop'), ('PYTHONPATH', '/home/joon/automotive_software_final/install/ad_msgs/local/lib/python3.10/dist-packages:/opt/ros/humble/lib/python3.10/site-packages:/opt/ros/humble/local/lib/python3.10/dist-packages'), ('COLCON', '1'), ('WSL2_GUI_APPS_ENABLED', '1'), ('HOSTTYPE', 'x86_64'), ('CMAKE_PREFIX_PATH', '/home/joon/automotive_software_final/install/ad_msgs:/home/joon/automotive_software_final/install/simulator:/home/joon/automotive_software_final/install/mission_manager:/home/joon/automotive_software_final/install/evaluation:/home/joon/automotive_software_final/install/autonomous_driving:/opt/ros/humble'), ('WSLENV', 'VSCODE_WSL_EXT_LOCATION/up')]), 'shell': False}
[0.578961] (evaluation) StdoutLine: {'line': b'-- Install configuration: ""\n'}
[0.579171] (evaluation) StdoutLine: {'line': b'-- Execute custom install script\n'}
[0.579267] (evaluation) StdoutLine: {'line': b'-- Up-to-date symlink: /home/joon/automotive_software_final/install/evaluation/lib/evaluation/evaluation\n'}
[0.580500] (evaluation) StdoutLine: {'line': b'-- Up-to-date symlink: /home/joon/automotive_software_final/install/evaluation/share/evaluation/launch/evaluation.launch.xml\n'}
[0.580876] (evaluation) StdoutLine: {'line': b'-- Up-to-date symlink: /home/joon/automotive_software_final/install/evaluation/share/evaluation/launch/evaluation.launch.xml:Zone.Identifier\n'}
[0.581116] (simulator) StdoutLine: {'line': b'[ 42%] Built target lane_detection\n'}
[0.581709] (evaluation) StdoutLine: {'line': b'-- Up-to-date symlink: /home/joon/automotive_software_final/install/evaluation/share/ament_index/resource_index/package_run_dependencies/evaluation\n'}
[0.581810] (evaluation) StdoutLine: {'line': b'-- Up-to-date symlink: /home/joon/automotive_software_final/install/evaluation/share/ament_index/resource_index/parent_prefix_path/evaluation\n'}
[0.582071] (evaluation) StdoutLine: {'line': b'-- Up-to-date symlink: /home/joon/automotive_software_final/install/evaluation/share/evaluation/environment/ament_prefix_path.sh\n'}
[0.582555] (evaluation) StdoutLine: {'line': b'-- Up-to-date symlink: /home/joon/automotive_software_final/install/evaluation/share/evaluation/environment/ament_prefix_path.dsv\n'}
[0.582846] (simulator) StdoutLine: {'line': b'[ 71%] Built target vehicle\n'}
[0.583178] (evaluation) StdoutLine: {'line': b'-- Up-to-date symlink: /home/joon/automotive_software_final/install/evaluation/share/evaluation/environment/path.sh\n'}
[0.583438] (evaluation) StdoutLine: {'line': b'-- Up-to-date symlink: /home/joon/automotive_software_final/install/evaluation/share/evaluation/environment/path.dsv\n'}
[0.583676] (evaluation) StdoutLine: {'line': b'-- Up-to-date symlink: /home/joon/automotive_software_final/install/evaluation/share/evaluation/local_setup.bash\n'}
[0.583981] (evaluation) StdoutLine: {'line': b'-- Up-to-date symlink: /home/joon/automotive_software_final/install/evaluation/share/evaluation/local_setup.sh\n'}
[0.584074] (evaluation) StdoutLine: {'line': b'-- Up-to-date symlink: /home/joon/automotive_software_final/install/evaluation/share/evaluation/local_setup.zsh\n'}
[0.584149] (evaluation) StdoutLine: {'line': b'-- Up-to-date symlink: /home/joon/automotive_software_final/install/evaluation/share/evaluation/local_setup.dsv\n'}
[0.584385] (evaluation) StdoutLine: {'line': b'-- Symlinking: /home/joon/automotive_software_final/install/evaluation/share/evaluation/package.dsv\n'}
[0.584782] (simulator) StdoutLine: {'line': b'[100%] Built target display\n'}
[0.584846] (mission_manager) StdoutLine: {'line': b'-- Install configuration: ""\n'}
[0.585057] (mission_manager) StdoutLine: {'line': b'-- Execute custom install script\n'}
[0.585377] (mission_manager) StdoutLine: {'line': b'-- Up-to-date symlink: /home/joon/automotive_software_final/install/mission_manager/lib/mission_manager/mission_manager\n'}
[0.585659] (mission_manager) StdoutLine: {'line': b'-- Up-to-date symlink: /home/joon/automotive_software_final/install/mission_manager/share/mission_manager/launch/mission_manager.launch.xml\n'}
[0.585723] (mission_manager) StdoutLine: {'line': b'-- Up-to-date symlink: /home/joon/automotive_software_final/install/mission_manager/share/mission_manager/launch/mission_manager.launch.xml:Zone.Identifier\n'}
[0.586160] (mission_manager) StdoutLine: {'line': b'-- Up-to-date symlink: /home/joon/automotive_software_final/install/mission_manager/share/ament_index/resource_index/package_run_dependencies/mission_manager\n'}
[0.586400] (mission_manager) StdoutLine: {'line': b'-- Up-to-date symlink: /home/joon/automotive_software_final/install/mission_manager/share/ament_index/resource_index/parent_prefix_path/mission_manager\n'}
[0.586675] (mission_manager) StdoutLine: {'line': b'-- Up-to-date symlink: /home/joon/automotive_software_final/install/mission_manager/share/mission_manager/environment/ament_prefix_path.sh\n'}
[0.586808] (mission_manager) StdoutLine: {'line': b'-- Up-to-date symlink: /home/joon/automotive_software_final/install/mission_manager/share/mission_manager/environment/ament_prefix_path.dsv\n'}
[0.587048] (mission_manager) StdoutLine: {'line': b'-- Up-to-date symlink: /home/joon/automotive_software_final/install/mission_manager/share/mission_manager/environment/path.sh\n'}
[0.587216] (mission_manager) StdoutLine: {'line': b'-- Up-to-date symlink: /home/joon/automotive_software_final/install/mission_manager/share/mission_manager/environment/path.dsv\n'}
[0.587270] (mission_manager) StdoutLine: {'line': b'-- Up-to-date symlink: /home/joon/automotive_software_final/install/mission_manager/share/mission_manager/local_setup.bash\n'}
[0.587304] (mission_manager) StdoutLine: {'line': b'-- Up-to-date symlink: /home/joon/automotive_software_final/install/mission_manager/share/mission_manager/local_setup.sh\n'}
[0.587334] (mission_manager) StdoutLine: {'line': b'-- Up-to-date symlink: /home/joon/automotive_software_final/install/mission_manager/share/mission_manager/local_setup.zsh\n'}
[0.587362] (mission_manager) StdoutLine: {'line': b'-- Up-to-date symlink: /home/joon/automotive_software_final/install/mission_manager/share/mission_manager/local_setup.dsv\n'}
[0.587390] (mission_manager) StdoutLine: {'line': b'-- Symlinking: /home/joon/automotive_software_final/install/mission_manager/share/mission_manager/package.dsv\n'}
[0.591345] (evaluation) StdoutLine: {'line': b'-- Up-to-date symlink: /home/joon/automotive_software_final/install/evaluation/share/ament_index/resource_index/packages/evaluation\n'}
[0.591845] (evaluation) StdoutLine: {'line': b'-- Up-to-date symlink: /home/joon/automotive_software_final/install/evaluation/share/evaluation/cmake/evaluationConfig.cmake\n'}
[0.592165] (evaluation) StdoutLine: {'line': b'-- Up-to-date symlink: /home/joon/automotive_software_final/install/evaluation/share/evaluation/cmake/evaluationConfig-version.cmake\n'}
[0.592297] (evaluation) StdoutLine: {'line': b'-- Up-to-date symlink: /home/joon/automotive_software_final/install/evaluation/share/evaluation/package.xml\n'}
[0.595199] (evaluation) CommandEnded: {'returncode': 0}
[0.595668] (mission_manager) StdoutLine: {'line': b'-- Up-to-date symlink: /home/joon/automotive_software_final/install/mission_manager/share/ament_index/resource_index/packages/mission_manager\n'}
[0.595800] (mission_manager) StdoutLine: {'line': b'-- Up-to-date symlink: /home/joon/automotive_software_final/install/mission_manager/share/mission_manager/cmake/mission_managerConfig.cmake\n'}
[0.596091] (mission_manager) StdoutLine: {'line': b'-- Up-to-date symlink: /home/joon/automotive_software_final/install/mission_manager/share/mission_manager/cmake/mission_managerConfig-version.cmake\n'}
[0.596139] (mission_manager) StdoutLine: {'line': b'-- Up-to-date symlink: /home/joon/automotive_software_final/install/mission_manager/share/mission_manager/package.xml\n'}
[0.598283] (-) TimerEvent: {}
[0.607724] (evaluation) JobEnded: {'identifier': 'evaluation', 'rc': 0}
[0.609245] (simulator) CommandEnded: {'returncode': 0}
[0.610237] (simulator) JobProgress: {'identifier': 'simulator', 'progress': 'install'}
[0.611459] (simulator) Command: {'cmd': ['/usr/bin/cmake', '--install', '/home/joon/automotive_software_final/build/simulator'], 'cwd': '/home/joon/automotive_software_final/build/simulator', 'env': OrderedDict([('PYTHON_BASIC_REPL', '1'), ('LESSOPEN', '| /usr/bin/lesspipe %s'), ('USER', 'joon'), ('GIT_ASKPASS', '/home/joon/.vscode-server/bin/bf9252a2fb45be6893dd8870c0bf37e2e1766d61/extensions/git/dist/askpass.sh'), ('SHLVL', '1'), ('LD_LIBRARY_PATH', '/home/joon/automotive_software_final/install/ad_msgs/lib:/usr/lib/x86_64-linux-gnu/gazebo-11/plugins:/opt/ros/humble/opt/rviz_ogre_vendor/lib:/opt/ros/humble/lib/x86_64-linux-gnu:/opt/ros/humble/lib'), ('MOTD_SHOWN', 'update-motd'), ('HOME', '/home/joon'), ('OLDPWD', '/home/joon'), ('TERM_PROGRAM_VERSION', '1.106.3'), ('VSCODE_IPC_HOOK_CLI', '/run/user/1000/vscode-ipc-f7f9cbe5-4653-43e4-8169-5a27ae5858d9.sock'), ('ROS_PYTHON_VERSION', '3'), ('VSCODE_GIT_ASKPASS_MAIN', '/home/joon/.vscode-server/bin/bf9252a2fb45be6893dd8870c0bf37e2e1766d61/extensions/git/dist/askpass-main.js'), ('VSCODE_GIT_ASKPASS_NODE', '/home/joon/.vscode-server/bin/bf9252a2fb45be6893dd8870c0bf37e2e1766d61/node'), ('PYDEVD_DISABLE_FILE_VALIDATION', '1'), ('BUNDLED_DEBUGPY_PATH', '/home/joon/.vscode-server/extensions/ms-python.debugpy-2025.16.0-linux-x64/bundled/libs/debugpy'), ('VSCODE_PYTHON_AUTOACTIVATE_GUARD', '1'), ('DBUS_SESSION_BUS_ADDRESS', 'unix:path=/run/user/1000/bus'), ('COLORTERM', 'truecolor'), ('WSL_DISTRO_NAME', 'Ubuntu-22.04'), ('WAYLAND_DISPLAY', 'wayland-0'), ('COLCON_PREFIX_PATH', '/home/joon/automotive_software_final/install'), ('ROS_DISTRO', 'humble'), ('LOGNAME', 'joon'), ('NAME', 'Joon'), ('WSL_INTEROP', '/run/WSL/525_interop'), ('PULSE_SERVER', 'unix:/mnt/wslg/PulseServer'), ('_', '/usr/bin/colcon'), ('ROS_VERSION', '2'), ('CLAUDE_CODE_SSE_PORT', '42086'), ('TERM', 'xterm-256color'), ('ROS_LOCALHOST_ONLY', '0'), ('PATH', '/opt/ros/humble/bin:/usr/bin:/usr/bin:/home/joon/.vscode-server/data/User/globalStorage/github.copilot-chat/debugCommand:/home/joon/.vscode-server/data/User/globalStorage/github.copilot-chat/copilotCli:/home/joon/.vscode-server/bin/bf9252a2fb45be6893dd8870c0bf37e2e1766d61/bin/remote-cli:/home/joon/.local/bin:/usr/bin:/usr/bin:/usr/local/sbin:/usr/local/bin:/usr/sbin:/usr/bin:/sbin:/bin:/usr/games:/usr/local/games:/usr/lib/wsl/lib:/mnt/c/WINDOWS/system32:/mnt/c/WINDOWS:/mnt/c/WINDOWS/System32/Wbem:/mnt/c/WINDOWS/System32/WindowsPowerShell/v1.0/:/mnt/c/WINDOWS/System32/OpenSSH/:/mnt/c/Program Files/MATLAB/R2024b/bin:/mnt/c/Program Files/nodejs/:/mnt/c/Program Files/Git/cmd:/mnt/c/Users/ksyj0/AppData/Local/Programs/Python/Python312/Scripts/:/mnt/c/Users/ksyj0/AppData/Local/Programs/Python/Python312/:/mnt/c/Users/ksyj0/AppData/Local/Programs/Python/Launcher/:/mnt/c/Users/ksyj0/AppData/Local/Microsoft/WindowsApps:/mnt/c/Users/ksyj0/AppData/Local/Programs/Microsoft VS Code/bin:/mnt/c/Users/ksyj0/AppData/Roaming/npm:/mnt/c/Users/ksyj0/AppData/Local/SOOP:/mnt/c/Users/ksyj0/AppData/Local/Programs/Kiro/bin:/snap/bin:/home/joon/.vscode-server/extensions/ms-python.debugpy-2025.16.0-linux-x64/bundled/scripts/noConfigScripts'), ('XDG_RUNTIME_DIR', '/run/user/1000/'), ('DISPLAY', ':0'), ('VSCODE_DEBUGPY_ADAPTER_ENDPOINTS', '/home/joon/.vscode-server/extensions/ms-python.debugpy-2025.16.0-linux-x64/.noConfigDebugAdapterEndpoints/endpoint-5f6b0efddf9f6982.txt'), ('LANG', 'en_US.UTF-8'), ('PYTHONSTARTUP', '/home/joon/.vscode-server/data/User/workspaceStorage/6032d0949a26c1de4974618490f207f6-1/ms-python.python/pythonrc.py'), ('LS_COLORS', 'rs=0:di=01;34:ln=01;36:mh=00:pi=40;33:so=01;35:do=01;35:bd=40;33;01:cd=40;33;01:or=40;31;01:mi=00:su=37;41:sg=30;43:ca=30;41:tw=30;42:ow=34;42:st=37;44:ex=01;32:*.tar=01;31:*.tgz=01;31:*.arc=01;31:*.arj=01;31:*.taz=01;31:*.lha=01;31:*.lz4=01;31:*.lzh=01;31:*.lzma=01;31:*.tlz=01;31:*.txz=01;31:*.tzo=01;31:*.t7z=01;31:*.zip=01;31:*.z=01;31:*.dz=01;31:*.gz=01;31:*.lrz=01;31:*.lz=01;31:*.lzo=01;31:*.xz=01;31:*.zst=01;31:*.tzst=01;31:*.bz2=01;31:*.bz=01;31:*.tbz=01;31:*.tbz2=01;31:*.tz=01;31:*.deb=01;31:*.rpm=01;31:*.jar=01;31:*.war=01;31:*.ear=01;31:*.sar=01;31:*.rar=01;31:*.alz=01;31:*.ace=01;31:*.zoo=01;31:*.cpio=01;31:*.7z=01;31:*.rz=01;31:*.cab=01;31:*.wim=01;31:*.swm=01;31:*.dwm=01;31:*.esd=01;31:*.jpg=01;35:*.jpeg=01;35:*.mjpg=01;35:*.mjpeg=01;35:*.gif=01;35:*.bmp=01;35:*.pbm=01;35:*.pgm=01;35:*.ppm=01;35:*.tga=01;35:*.xbm=01;35:*.xpm=01;35:*.tif=01;35:*.tiff=01;35:*.png=01;35:*.svg=01;35:*.svgz=01;35:*.mng=01;35:*.pcx=01;35:*.mov=01;35:*.mpg=01;35:*.mpeg=01;35:*.m2v=01;35:*.mkv=01;35:*.webm=01;35:*.webp=01;35:*.ogm=01;35:*.mp4=01;35:*.m4v=01;35:*.mp4v=01;35:*.vob=01;35:*.qt=01;35:*.nuv=01;35:*.wmv=01;35:*.asf=01;35:*.rm=01;35:*.rmvb=01;35:*.flc=01;35:*.avi=01;35:*.fli=01;35:*.flv=01;35:*.gl=01;35:*.dl=01;35:*.xcf=01;35:*.xwd=01;35:*.yuv=01;35:*.cgm=01;35:*.emf=01;35:*.ogv=01;35:*.ogx=01;35:*.aac=00;36:*.au=00;36:*.flac=00;36:*.m4a=00;36:*.mid=00;36:*.midi=00;36:*.mka=00;36:*.mp3=00;36:*.mpc=00;36:*.ogg=00;36:*.ra=00;36:*.wav=00;36:*.oga=00;36:*.opus=00;36:*.spx=00;36:*.xspf=00;36:'), ('VSCODE_GIT_IPC_HANDLE', '/run/user/1000/vscode-git-167d3a068c.sock'), ('TERM_PROGRAM', 'vscode'), ('AMENT_PREFIX_PATH', '/home/joon/automotive_software_final/install/simulator:/home/joon/automotive_software_final/install/mission_manager:/home/joon/automotive_software_final/install/evaluation:/home/joon/automotive_software_final/install/autonomous_driving:/home/joon/automotive_software_final/install/ad_msgs:/opt/ros/humble'), ('SHELL', '/bin/bash'), ('LESSCLOSE', '/usr/bin/lesspipe %s %s'), ('VSCODE_GIT_ASKPASS_EXTRA_ARGS', ''), ('PWD', '/home/joon/automotive_software_final/build/simulator'), ('ENABLE_IDE_INTEGRATION', 'true'), ('XDG_DATA_DIRS', '/usr/local/share:/usr/share:/var/lib/snapd/desktop'), ('PYTHONPATH', '/home/joon/automotive_software_final/install/ad_msgs/local/lib/python3.10/dist-packages:/opt/ros/humble/lib/python3.10/site-packages:/opt/ros/humble/local/lib/python3.10/dist-packages'), ('COLCON', '1'), ('WSL2_GUI_APPS_ENABLED', '1'), ('HOSTTYPE', 'x86_64'), ('CMAKE_PREFIX_PATH', '/home/joon/automotive_software_final/install/ad_msgs:/home/joon/automotive_software_final/install/simulator:/home/joon/automotive_software_final/install/mission_manager:/home/joon/automotive_software_final/install/evaluation:/home/joon/automotive_software_final/install/autonomous_driving:/opt/ros/humble'), ('WSLENV', 'VSCODE_WSL_EXT_LOCATION/up')]), 'shell': False}
[0.613448] (mission_manager) CommandEnded: {'returncode': 0}
[0.617819] (simulator) StdoutLine: {'line': b'-- Install configuration: ""\n'}
[0.618100] (simulator) StdoutLine: {'line': b'-- Execute custom install script\n'}
[0.618267] (simulator) StdoutLine: {'line': b'-- Up-to-date symlink: /home/joon/automotive_software_final/install/simulator/lib/simulator/vehicle\n'}
[0.618823] (simulator) StdoutLine: {'line': b'-- Up-to-date symlink: /home/joon/automotive_software_final/install/simulator/lib/simulator/lane_detection\n'}
[0.619259] (simulator) StdoutLine: {'line': b'-- Up-to-date symlink: /home/joon/automotive_software_final/install/simulator/lib/simulator/display\n'}
[0.619560] (simulator) StdoutLine: {'line': b'-- Up-to-date symlink: /home/joon/automotive_software_final/install/simulator/share/simulator/launch/simulation.launch.xml\n'}
[0.619682] (simulator) StdoutLine: {'line': b'-- Up-to-date symlink: /home/joon/automotive_software_final/install/simulator/share/simulator/launch/simulation.launch.xml:Zone.Identifier\n'}
[0.620314] (simulator) StdoutLine: {'line': b'-- Up-to-date symlink: /home/joon/automotive_software_final/install/simulator/share/ament_index/resource_index/package_run_dependencies/simulator\n'}
[0.620439] (simulator) StdoutLine: {'line': b'-- Up-to-date symlink: /home/joon/automotive_software_final/install/simulator/share/ament_index/resource_index/parent_prefix_path/simulator\n'}
[0.620541] (simulator) StdoutLine: {'line': b'-- Up-to-date symlink: /home/joon/automotive_software_final/install/simulator/share/simulator/environment/ament_prefix_path.sh\n'}
[0.620920] (simulator) StdoutLine: {'line': b'-- Up-to-date symlink: /home/joon/automotive_software_final/install/simulator/share/simulator/environment/ament_prefix_path.dsv\n'}
[0.621021] (simulator) StdoutLine: {'line': b'-- Up-to-date symlink: /home/joon/automotive_software_final/install/simulator/share/simulator/environment/path.sh\n'}
[0.621121] (simulator) StdoutLine: {'line': b'-- Up-to-date symlink: /home/joon/automotive_software_final/install/simulator/share/simulator/environment/path.dsv\n'}
[0.621221] (simulator) StdoutLine: {'line': b'-- Up-to-date symlink: /home/joon/automotive_software_final/install/simulator/share/simulator/local_setup.bash\n'}
[0.621299] (simulator) StdoutLine: {'line': b'-- Up-to-date symlink: /home/joon/automotive_software_final/install/simulator/share/simulator/local_setup.sh\n'}
[0.621377] (simulator) StdoutLine: {'line': b'-- Up-to-date symlink: /home/joon/automotive_software_final/install/simulator/share/simulator/local_setup.zsh\n'}
[0.621453] (simulator) StdoutLine: {'line': b'-- Up-to-date symlink: /home/joon/automotive_software_final/install/simulator/share/simulator/local_setup.dsv\n'}
[0.621552] (simulator) StdoutLine: {'line': b'-- Symlinking: /home/joon/automotive_software_final/install/simulator/share/simulator/package.dsv\n'}
[0.628740] (simulator) StdoutLine: {'line': b'-- Up-to-date symlink: /home/joon/automotive_software_final/install/simulator/share/ament_index/resource_index/packages/simulator\n'}
[0.629453] (simulator) StdoutLine: {'line': b'-- Up-to-date symlink: /home/joon/automotive_software_final/install/simulator/share/simulator/cmake/simulatorConfig.cmake\n'}
[0.629572] (simulator) StdoutLine: {'line': b'-- Up-to-date symlink: /home/joon/automotive_software_final/install/simulator/share/simulator/cmake/simulatorConfig-version.cmake\n'}
[0.629816] (mission_manager) JobEnded: {'identifier': 'mission_manager', 'rc': 0}
[0.630239] (simulator) StdoutLine: {'line': b'-- Up-to-date symlink: /home/joon/automotive_software_final/install/simulator/share/simulator/package.xml\n'}
[0.631283] (simulator) CommandEnded: {'returncode': 0}
[0.641210] (simulator) JobEnded: {'identifier': 'simulator', 'rc': 0}
[0.698465] (-) TimerEvent: {}
[0.799024] (-) TimerEvent: {}
[0.899481] (-) TimerEvent: {}
[1.000027] (-) TimerEvent: {}
[1.100459] (-) TimerEvent: {}
[1.200920] (-) TimerEvent: {}
[1.301346] (-) TimerEvent: {}
[1.401822] (-) TimerEvent: {}
[1.502273] (-) TimerEvent: {}
[1.602723] (-) TimerEvent: {}
[1.703132] (-) TimerEvent: {}
[1.803524] (-) TimerEvent: {}
[1.903932] (-) TimerEvent: {}
[2.004382] (-) TimerEvent: {}
[2.104778] (-) TimerEvent: {}
[2.205392] (-) TimerEvent: {}
[2.305895] (-) TimerEvent: {}
[2.406473] (-) TimerEvent: {}
[2.506927] (-) TimerEvent: {}
[2.607308] (-) TimerEvent: {}
[2.707731] (-) TimerEvent: {}
[2.808149] (-) TimerEvent: {}
[2.908680] (-) TimerEvent: {}
[3.009094] (-) TimerEvent: {}
[3.109522] (-) TimerEvent: {}
[3.209887] (-) TimerEvent: {}
[3.310269] (-) TimerEvent: {}
[3.410625] (-) TimerEvent: {}
[3.511013] (-) TimerEvent: {}
[3.611393] (-) TimerEvent: {}
[3.711809] (-) TimerEvent: {}
[3.812264] (-) TimerEvent: {}
[3.912708] (-) TimerEvent: {}
[4.013181] (-) TimerEvent: {}
[4.113717] (-) TimerEvent: {}
[4.214118] (-) TimerEvent: {}
[4.314464] (-) TimerEvent: {}
[4.414923] (-) TimerEvent: {}
[4.515409] (-) TimerEvent: {}
[4.615853] (-) TimerEvent: {}
[4.716294] (-) TimerEvent: {}
[4.816773] (-) TimerEvent: {}
[4.917238] (-) TimerEvent: {}
[5.017699] (-) TimerEvent: {}
[5.118148] (-) TimerEvent: {}
[5.218652] (-) TimerEvent: {}
[5.319074] (-) TimerEvent: {}
[5.419474] (-) TimerEvent: {}
[5.519911] (-) TimerEvent: {}
[5.527734] (autonomous_driving) StdoutLine: {'line': b'[ 66%] \x1b[32m\x1b[1mLinking CXX executable autonomous_driving\x1b[0m\n'}
[5.620200] (-) TimerEvent: {}
[5.720823] (-) TimerEvent: {}
[5.821529] (-) TimerEvent: {}
[5.921986] (-) TimerEvent: {}
[5.951761] (autonomous_driving) StdoutLine: {'line': b'[100%] Built target autonomous_driving\n'}
[5.960753] (autonomous_driving) CommandEnded: {'returncode': 0}
[5.961119] (autonomous_driving) JobProgress: {'identifier': 'autonomous_driving', 'progress': 'install'}
[5.962081] (autonomous_driving) Command: {'cmd': ['/usr/bin/cmake', '--install', '/home/joon/automotive_software_final/build/autonomous_driving'], 'cwd': '/home/joon/automotive_software_final/build/autonomous_driving', 'env': OrderedDict([('PYTHON_BASIC_REPL', '1'), ('LESSOPEN', '| /usr/bin/lesspipe %s'), ('USER', 'joon'), ('GIT_ASKPASS', '/home/joon/.vscode-server/bin/bf9252a2fb45be6893dd8870c0bf37e2e1766d61/extensions/git/dist/askpass.sh'), ('SHLVL', '1'), ('LD_LIBRARY_PATH', '/home/joon/automotive_software_final/install/ad_msgs/lib:/usr/lib/x86_64-linux-gnu/gazebo-11/plugins:/opt/ros/humble/opt/rviz_ogre_vendor/lib:/opt/ros/humble/lib/x86_64-linux-gnu:/opt/ros/humble/lib'), ('MOTD_SHOWN', 'update-motd'), ('HOME', '/home/joon'), ('OLDPWD', '/home/joon'), ('TERM_PROGRAM_VERSION', '1.106.3'), ('VSCODE_IPC_HOOK_CLI', '/run/user/1000/vscode-ipc-f7f9cbe5-4653-43e4-8169-5a27ae5858d9.sock'), ('ROS_PYTHON_VERSION', '3'), ('VSCODE_GIT_ASKPASS_MAIN', '/home/joon/.vscode-server/bin/bf9252a2fb45be6893dd8870c0bf37e2e1766d61/extensions/git/dist/askpass-main.js'), ('VSCODE_GIT_ASKPASS_NODE', '/home/joon/.vscode-server/bin/bf9252a2fb45be6893dd8870c0bf37e2e1766d61/node'), ('PYDEVD_DISABLE_FILE_VALIDATION', '1'), ('BUNDLED_DEBUGPY_PATH', '/home/joon/.vscode-server/extensions/ms-python.debugpy-2025.16.0-linux-x64/bundled/libs/debugpy'), ('VSCODE_PYTHON_AUTOACTIVATE_GUARD', '1'), ('DBUS_SESSION_BUS_ADDRESS', 'unix:path=/run/user/1000/bus'), ('COLORTERM', 'truecolor'), ('WSL_DISTRO_NAME', 'Ubuntu-22.04'), ('WAYLAND_DISPLAY', 'wayland-0'), ('COLCON_PREFIX_PATH', '/home/joon/automotive_software_final/install'), ('ROS_DISTRO', 'humble'), ('LOGNAME', 'joon'), ('NAME', 'Joon'), ('WSL_INTEROP', '/run/WSL/525_interop'), ('PULSE_SERVER', 'unix:/mnt/wslg/PulseServer'), ('_', '/usr/bin/colcon'), ('ROS_VERSION', '2'), ('CLAUDE_CODE_SSE_PORT', '42086'), ('TERM', 'xterm-256color'), ('ROS_LOCALHOST_ONLY', '0'), ('PATH', '/opt/ros/humble/bin:/usr/bin:/usr/bin:/home/joon/.vscode-server/data/User/globalStorage/github.copilot-chat/debugCommand:/home/joon/.vscode-server/data/User/globalStorage/github.copilot-chat/copilotCli:/home/joon/.vscode-server/bin/bf9252a2fb45be6893dd8870c0bf37e2e1766d61/bin/remote-cli:/home/joon/.local/bin:/usr/bin:/usr/bin:/usr/local/sbin:/usr/local/bin:/usr/sbin:/usr/bin:/sbin:/bin:/usr/games:/usr/local/games:/usr/lib/wsl/lib:/mnt/c/WINDOWS/system32:/mnt/c/WINDOWS:/mnt/c/WINDOWS/System32/Wbem:/mnt/c/WINDOWS/System32/WindowsPowerShell/v1.0/:/mnt/c/WINDOWS/System32/OpenSSH/:/mnt/c/Program Files/MATLAB/R2024b/bin:/mnt/c/Program Files/nodejs/:/mnt/c/Program Files/Git/cmd:/mnt/c/Users/ksyj0/AppData/Local/Programs/Python/Python312/Scripts/:/mnt/c/Users/ksyj0/AppData/Local/Programs/Python/Python312/:/mnt/c/Users/ksyj0/AppData/Local/Programs/Python/Launcher/:/mnt/c/Users/ksyj0/AppData/Local/Microsoft/WindowsApps:/mnt/c/Users/ksyj0/AppData/Local/Programs/Microsoft VS Code/bin:/mnt/c/Users/ksyj0/AppData/Roaming/npm:/mnt/c/Users/ksyj0/AppData/Local/SOOP:/mnt/c/Users/ksyj0/AppData/Local/Programs/Kiro/bin:/snap/bin:/home/joon/.vscode-server/extensions/ms-python.debugpy-2025.16.0-linux-x64/bundled/scripts/noConfigScripts'), ('XDG_RUNTIME_DIR', '/run/user/1000/'), ('DISPLAY', ':0'), ('VSCODE_DEBUGPY_ADAPTER_ENDPOINTS', '/home/joon/.vscode-server/extensions/ms-python.debugpy-2025.16.0-linux-x64/.noConfigDebugAdapterEndpoints/endpoint-5f6b0efddf9f6982.txt'), ('LANG', 'en_US.UTF-8'), ('PYTHONSTARTUP', '/home/joon/.vscode-server/data/User/workspaceStorage/6032d0949a26c1de4974618490f207f6-1/ms-python.python/pythonrc.py'), ('LS_COLORS', 'rs=0:di=01;34:ln=01;36:mh=00:pi=40;33:so=01;35:do=01;35:bd=40;33;01:cd=40;33;01:or=40;31;01:mi=00:su=37;41:sg=30;43:ca=30;41:tw=30;42:ow=34;42:st=37;44:ex=01;32:*.tar=01;31:*.tgz=01;31:*.arc=01;31:*.arj=01;31:*.taz=01;31:*.lha=01;31:*.lz4=01;31:*.lzh=01;31:*.lzma=01;31:*.tlz=01;31:*.txz=01;31:*.tzo=01;31:*.t7z=01;31:*.zip=01;31:*.z=01;31:*.dz=01;31:*.gz=01;31:*.lrz=01;31:*.lz=01;31:*.lzo=01;31:*.xz=01;31:*.zst=01;31:*.tzst=01;31:*.bz2=01;31:*.bz=01;31:*.tbz=01;31:*.tbz2=01;31:*.tz=01;31:*.deb=01;31:*.rpm=01;31:*.jar=01;31:*.war=01;31:*.ear=01;31:*.sar=01;31:*.rar=01;31:*.alz=01;31:*.ace=01;31:*.zoo=01;31:*.cpio=01;31:*.7z=01;31:*.rz=01;31:*.cab=01;31:*.wim=01;31:*.swm=01;31:*.dwm=01;31:*.esd=01;31:*.jpg=01;35:*.jpeg=01;35:*.mjpg=01;35:*.mjpeg=01;35:*.gif=01;35:*.bmp=01;35:*.pbm=01;35:*.pgm=01;35:*.ppm=01;35:*.tga=01;35:*.xbm=01;35:*.xpm=01;35:*.tif=01;35:*.tiff=01;35:*.png=01;35:*.svg=01;35:*.svgz=01;35:*.mng=01;35:*.pcx=01;35:*.mov=01;35:*.mpg=01;35:*.mpeg=01;35:*.m2v=01;35:*.mkv=01;35:*.webm=01;35:*.webp=01;35:*.ogm=01;35:*.mp4=01;35:*.m4v=01;35:*.mp4v=01;35:*.vob=01;35:*.qt=01;35:*.nuv=01;35:*.wmv=01;35:*.asf=01;35:*.rm=01;35:*.rmvb=01;35:*.flc=01;35:*.avi=01;35:*.fli=01;35:*.flv=01;35:*.gl=01;35:*.dl=01;35:*.xcf=01;35:*.xwd=01;35:*.yuv=01;35:*.cgm=01;35:*.emf=01;35:*.ogv=01;35:*.ogx=01;35:*.aac=00;36:*.au=00;36:*.flac=00;36:*.m4a=00;36:*.mid=00;36:*.midi=00;36:*.mka=00;36:*.mp3=00;36:*.mpc=00;36:*.ogg=00;36:*.ra=00;36:*.wav=00;36:*.oga=00;36:*.opus=00;36:*.spx=00;36:*.xspf=00;36:'), ('VSCODE_GIT_IPC_HANDLE', '/run/user/1000/vscode-git-167d3a068c.sock'), ('TERM_PROGRAM', 'vscode'), ('AMENT_PREFIX_PATH', '/home/joon/automotive_software_final/install/simulator:/home/joon/automotive_software_final/install/mission_manager:/home/joon/automotive_software_final/install/evaluation:/home/joon/automotive_software_final/install/autonomous_driving:/home/joon/automotive_software_final/install/ad_msgs:/opt/ros/humble'), ('SHELL', '/bin/bash'), ('LESSCLOSE', '/usr/bin/lesspipe %s %s'), ('VSCODE_GIT_ASKPASS_EXTRA_ARGS', ''), ('PWD', '/home/joon/automotive_software_final/build/autonomous_driving'), ('ENABLE_IDE_INTEGRATION', 'true'), ('XDG_DATA_DIRS', '/usr/local/share:/usr/share:/var/lib/snapd/desktop'), ('PYTHONPATH', '/home/joon/automotive_software_final/install/ad_msgs/local/lib/python3.10/dist-packages:/opt/ros/humble/lib/python3.10/site-packages:/opt/ros/humble/local/lib/python3.10/dist-packages'), ('COLCON', '1'), ('WSL2_GUI_APPS_ENABLED', '1'), ('HOSTTYPE', 'x86_64'), ('CMAKE_PREFIX_PATH', '/home/joon/automotive_software_final/install/ad_msgs:/home/joon/automotive_software_final/install/simulator:/home/joon/automotive_software_final/install/mission_manager:/home/joon/automotive_software_final/install/evaluation:/home/joon/automotive_software_final/install/autonomous_driving:/opt/ros/humble'), ('WSLENV', 'VSCODE_WSL_EXT_LOCATION/up')]), 'shell': False}
[5.967752] (autonomous_driving) StdoutLine: {'line': b'-- Install configuration: "Release"\n'}
[5.968269] (autonomous_driving) StdoutLine: {'line': b'-- Execute custom install script\n'}
[5.968381] (autonomous_driving) StdoutLine: {'line': b'-- Up-to-date symlink: /home/joon/automotive_software_final/install/autonomous_driving/lib/autonomous_driving/autonomous_driving\n'}
[5.968464] (autonomous_driving) StdoutLine: {'line': b'-- Up-to-date symlink: /home/joon/automotive_software_final/install/autonomous_driving/share/autonomous_driving/launch/autonomous_driving.launch.xml\n'}
[5.968746] (autonomous_driving) StdoutLine: {'line': b'-- Up-to-date symlink: /home/joon/automotive_software_final/install/autonomous_driving/share/autonomous_driving/launch/autonomous_driving.launch.xml:Zone.Identifier\n'}
[5.968902] (autonomous_driving) StdoutLine: {'line': b'-- Up-to-date symlink: /home/joon/automotive_software_final/install/autonomous_driving/share/autonomous_driving/launch/manual_driving.launch.xml\n'}
[5.969164] (autonomous_driving) StdoutLine: {'line': b'-- Up-to-date symlink: /home/joon/automotive_software_final/install/autonomous_driving/share/autonomous_driving/launch/manual_driving.launch.xml:Zone.Identifier\n'}
[5.969267] (autonomous_driving) StdoutLine: {'line': b'-- Up-to-date symlink: /home/joon/automotive_software_final/install/autonomous_driving/lib/autonomous_driving/simultaneous_inputs.py\n'}
[5.969350] (autonomous_driving) StdoutLine: {'line': b'-- Up-to-date symlink: /home/joon/automotive_software_final/install/autonomous_driving/share/ament_index/resource_index/package_run_dependencies/autonomous_driving\n'}
[5.969471] (autonomous_driving) StdoutLine: {'line': b'-- Up-to-date symlink: /home/joon/automotive_software_final/install/autonomous_driving/share/ament_index/resource_index/parent_prefix_path/autonomous_driving\n'}
[5.969501] (autonomous_driving) StdoutLine: {'line': b'-- Up-to-date symlink: /home/joon/automotive_software_final/install/autonomous_driving/share/autonomous_driving/environment/ament_prefix_path.sh\n'}
[5.969562] (autonomous_driving) StdoutLine: {'line': b'-- Up-to-date symlink: /home/joon/automotive_software_final/install/autonomous_driving/share/autonomous_driving/environment/ament_prefix_path.dsv\n'}
[5.969651] (autonomous_driving) StdoutLine: {'line': b'-- Up-to-date symlink: /home/joon/automotive_software_final/install/autonomous_driving/share/autonomous_driving/environment/path.sh\n'}
[5.969685] (autonomous_driving) StdoutLine: {'line': b'-- Up-to-date symlink: /home/joon/automotive_software_final/install/autonomous_driving/share/autonomous_driving/environment/path.dsv\n'}
[5.969841] (autonomous_driving) StdoutLine: {'line': b'-- Up-to-date symlink: /home/joon/automotive_software_final/install/autonomous_driving/share/autonomous_driving/local_setup.bash\n'}
[5.970020] (autonomous_driving) StdoutLine: {'line': b'-- Up-to-date symlink: /home/joon/automotive_software_final/install/autonomous_driving/share/autonomous_driving/local_setup.sh\n'}
[5.970062] (autonomous_driving) StdoutLine: {'line': b'-- Up-to-date symlink: /home/joon/automotive_software_final/install/autonomous_driving/share/autonomous_driving/local_setup.zsh\n'}
[5.970098] (autonomous_driving) StdoutLine: {'line': b'-- Up-to-date symlink: /home/joon/automotive_software_final/install/autonomous_driving/share/autonomous_driving/local_setup.dsv\n'}
[5.970125] (autonomous_driving) StdoutLine: {'line': b'-- Symlinking: /home/joon/automotive_software_final/install/autonomous_driving/share/autonomous_driving/package.dsv\n'}
[5.976165] (autonomous_driving) StdoutLine: {'line': b'-- Up-to-date symlink: /home/joon/automotive_software_final/install/autonomous_driving/share/ament_index/resource_index/packages/autonomous_driving\n'}
[5.976267] (autonomous_driving) StdoutLine: {'line': b'-- Up-to-date symlink: /home/joon/automotive_software_final/install/autonomous_driving/share/autonomous_driving/cmake/autonomous_drivingConfig.cmake\n'}
[5.976381] (autonomous_driving) StdoutLine: {'line': b'-- Up-to-date symlink: /home/joon/automotive_software_final/install/autonomous_driving/share/autonomous_driving/cmake/autonomous_drivingConfig-version.cmake\n'}
[5.976419] (autonomous_driving) StdoutLine: {'line': b'-- Up-to-date symlink: /home/joon/automotive_software_final/install/autonomous_driving/share/autonomous_driving/package.xml\n'}
[5.978180] (autonomous_driving) CommandEnded: {'returncode': 0}
[5.985528] (autonomous_driving) JobEnded: {'identifier': 'autonomous_driving', 'rc': 0}
[5.986461] (-) EventReactorShutdown: {}
