[0.000000] (-) TimerEvent: {}
[0.001017] (ad_msgs) JobQueued: {'identifier': 'ad_msgs', 'dependencies': OrderedDict()}
[0.001134] (autonomous_driving) JobQueued: {'identifier': 'autonomous_driving', 'dependencies': OrderedDict([('ad_msgs', '/home/joon/automotive_software_final/install/ad_msgs')])}
[0.001166] (evaluation) JobQueued: {'identifier': 'evaluation', 'dependencies': OrderedDict([('ad_msgs', '/home/joon/automotive_software_final/install/ad_msgs')])}
[0.001189] (mission_manager) JobQueued: {'identifier': 'mission_manager', 'dependencies': OrderedDict([('ad_msgs', '/home/joon/automotive_software_final/install/ad_msgs')])}
[0.001207] (simulator) JobQueued: {'identifier': 'simulator', 'dependencies': OrderedDict([('ad_msgs', '/home/joon/automotive_software_final/install/ad_msgs')])}
[0.001227] (ad_msgs) JobStarted: {'identifier': 'ad_msgs'}
[0.028145] (ad_msgs) JobProgress: {'identifier': 'ad_msgs', 'progress': 'cmake'}
[0.033111] (ad_msgs) JobProgress: {'identifier': 'ad_msgs', 'progress': 'build'}
[0.034573] (ad_msgs) Command: {'cmd': ['/usr/bin/cmake', '--build', '/home/joon/automotive_software_final/build/ad_msgs', '--', '-j16', '-l16'], 'cwd': '/home/joon/automotive_software_final/build/ad_msgs', 'env': OrderedDict([('PYTHON_BASIC_REPL', '1'), ('LESSOPEN', '| /usr/bin/lesspipe %s'), ('USER', 'joon'), ('GIT_ASKPASS', '/home/joon/.vscode-server/bin/bf9252a2fb45be6893dd8870c0bf37e2e1766d61/extensions/git/dist/askpass.sh'), ('SHLVL', '1'), ('LD_LIBRARY_PATH', '/home/joon/automotive_software_final/install/ad_msgs/lib:/usr/lib/x86_64-linux-gnu/gazebo-11/plugins:/opt/ros/humble/opt/rviz_ogre_vendor/lib:/opt/ros/humble/lib/x86_64-linux-gnu:/opt/ros/humble/lib'), ('MOTD_SHOWN', 'update-motd'), ('HOME', '/home/joon'), ('OLDPWD', '/home/joon'), ('TERM_PROGRAM_VERSION', '1.106.3'), ('VSCODE_IPC_HOOK_CLI', '/run/user/1000/vscode-ipc-0155f966-3159-4d63-89a6-b9bb8cd84403.sock'), ('ROS_PYTHON_VERSION', '3'), ('VSCODE_GIT_ASKPASS_MAIN', '/home/joon/.vscode-server/bin/bf9252a2fb45be6893dd8870c0bf37e2e1766d61/extensions/git/dist/askpass-main.js'), ('VSCODE_GIT_ASKPASS_NODE', '/home/joon/.vscode-server/bin/bf9252a2fb45be6893dd8870c0bf37e2e1766d61/node'), ('PYDEVD_DISABLE_FILE_VALIDATION', '1'), ('BUNDLED_DEBUGPY_PATH', '/home/joon/.vscode-server/extensions/ms-python.debugpy-2025.16.0-linux-x64/bundled/libs/debugpy'), ('VSCODE_PYTHON_AUTOACTIVATE_GUARD', '1'), ('DBUS_SESSION_BUS_ADDRESS', 'unix:path=/run/user/1000/bus'), ('COLORTERM', 'truecolor'), ('WSL_DISTRO_NAME', 'Ubuntu-22.04'), ('WAYLAND_DISPLAY', 'wayland-0'), ('COLCON_PREFIX_PATH', '/home/joon/automotive_software_final/install'), ('ROS_DISTRO', 'humble'), ('LOGNAME', 'joon'), ('NAME', 'Joon'), ('WSL_INTEROP', '/run/WSL/503_interop'), ('PULSE_SERVER', 'unix:/mnt/wslg/PulseServer'), ('_', '/usr/bin/colcon'), ('ROS_VERSION', '2'), ('CLAUDE_CODE_SSE_PORT', '51465'), ('TERM', 'xterm-256color'), ('ROS_LOCALHOST_ONLY', '0'), ('PATH', '/opt/ros/humble/bin:/usr/bin:/usr/bin:/home/joon/.vscode-server/data/User/globalStorage/github.copilot-chat/debugCommand:/home/joon/.vscode-server/data/User/globalStorage/github.copilot-chat/copilotCli:/home/joon/.vscode-server/bin/bf9252a2fb45be6893dd8870c0bf37e2e1766d61/bin/remote-cli:/home/joon/.local/bin:/usr/bin:/usr/bin:/usr/local/sbin:/usr/local/bin:/usr/sbin:/usr/bin:/sbin:/bin:/usr/games:/usr/local/games:/usr/lib/wsl/lib:/mnt/c/WINDOWS/system32:/mnt/c/WINDOWS:/mnt/c/WINDOWS/System32/Wbem:/mnt/c/WINDOWS/System32/WindowsPowerShell/v1.0/:/mnt/c/WINDOWS/System32/OpenSSH/:/mnt/c/Program Files/MATLAB/R2024b/bin:/mnt/c/Program Files/nodejs/:/mnt/c/Program Files/Git/cmd:/mnt/c/Users/ksyj0/AppData/Local/Programs/Python/Python312/Scripts/:/mnt/c/Users/ksyj0/AppData/Local/Programs/Python/Python312/:/mnt/c/Users/ksyj0/AppData/Local/Programs/Python/Launcher/:/mnt/c/Users/ksyj0/AppData/Local/Microsoft/WindowsApps:/mnt/c/Users/ksyj0/AppData/Local/Programs/Microsoft VS Code/bin:/mnt/c/Users/ksyj0/AppData/Roaming/npm:/mnt/c/Users/ksyj0/AppData/Local/SOOP:/mnt/c/Users/ksyj0/AppData/Local/Programs/Kiro/bin:/snap/bin:/home/joon/.vscode-server/extensions/ms-python.debugpy-2025.16.0-linux-x64/bundled/scripts/noConfigScripts'), ('XDG_RUNTIME_DIR', '/run/user/1000/'), ('DISPLAY', ':0'), ('VSCODE_DEBUGPY_ADAPTER_ENDPOINTS', '/home/joon/.vscode-server/extensions/ms-python.debugpy-2025.16.0-linux-x64/.noConfigDebugAdapterEndpoints/endpoint-5f6b0efddf9f6982.txt'), ('LANG', 'en_US.UTF-8'), ('PYTHONSTARTUP', '/home/joon/.vscode-server/data/User/workspaceStorage/6032d0949a26c1de4974618490f207f6-1/ms-python.python/pythonrc.py'), ('LS_COLORS', 'rs=0:di=01;34:ln=01;36:mh=00:pi=40;33:so=01;35:do=01;35:bd=40;33;01:cd=40;33;01:or=40;31;01:mi=00:su=37;41:sg=30;43:ca=30;41:tw=30;42:ow=34;42:st=37;44:ex=01;32:*.tar=01;31:*.tgz=01;31:*.arc=01;31:*.arj=01;31:*.taz=01;31:*.lha=01;31:*.lz4=01;31:*.lzh=01;31:*.lzma=01;31:*.tlz=01;31:*.txz=01;31:*.tzo=01;31:*.t7z=01;31:*.zip=01;31:*.z=01;31:*.dz=01;31:*.gz=01;31:*.lrz=01;31:*.lz=01;31:*.lzo=01;31:*.xz=01;31:*.zst=01;31:*.tzst=01;31:*.bz2=01;31:*.bz=01;31:*.tbz=01;31:*.tbz2=01;31:*.tz=01;31:*.deb=01;31:*.rpm=01;31:*.jar=01;31:*.war=01;31:*.ear=01;31:*.sar=01;31:*.rar=01;31:*.alz=01;31:*.ace=01;31:*.zoo=01;31:*.cpio=01;31:*.7z=01;31:*.rz=01;31:*.cab=01;31:*.wim=01;31:*.swm=01;31:*.dwm=01;31:*.esd=01;31:*.jpg=01;35:*.jpeg=01;35:*.mjpg=01;35:*.mjpeg=01;35:*.gif=01;35:*.bmp=01;35:*.pbm=01;35:*.pgm=01;35:*.ppm=01;35:*.tga=01;35:*.xbm=01;35:*.xpm=01;35:*.tif=01;35:*.tiff=01;35:*.png=01;35:*.svg=01;35:*.svgz=01;35:*.mng=01;35:*.pcx=01;35:*.mov=01;35:*.mpg=01;35:*.mpeg=01;35:*.m2v=01;35:*.mkv=01;35:*.webm=01;35:*.webp=01;35:*.ogm=01;35:*.mp4=01;35:*.m4v=01;35:*.mp4v=01;35:*.vob=01;35:*.qt=01;35:*.nuv=01;35:*.wmv=01;35:*.asf=01;35:*.rm=01;35:*.rmvb=01;35:*.flc=01;35:*.avi=01;35:*.fli=01;35:*.flv=01;35:*.gl=01;35:*.dl=01;35:*.xcf=01;35:*.xwd=01;35:*.yuv=01;35:*.cgm=01;35:*.emf=01;35:*.ogv=01;35:*.ogx=01;35:*.aac=00;36:*.au=00;36:*.flac=00;36:*.m4a=00;36:*.mid=00;36:*.midi=00;36:*.mka=00;36:*.mp3=00;36:*.mpc=00;36:*.ogg=00;36:*.ra=00;36:*.wav=00;36:*.oga=00;36:*.opus=00;36:*.spx=00;36:*.xspf=00;36:'), ('VSCODE_GIT_IPC_HANDLE', '/run/user/1000/vscode-git-167d3a068c.sock'), ('TERM_PROGRAM', 'vscode'), ('AMENT_PREFIX_PATH', '/home/joon/automotive_software_final/install/simulator:/home/joon/automotive_software_final/install/mission_manager:/home/joon/automotive_software_final/install/evaluation:/home/joon/automotive_software_final/install/autonomous_driving:/home/joon/automotive_software_final/install/ad_msgs:/opt/ros/humble'), ('SHELL', '/bin/bash'), ('LESSCLOSE', '/usr/bin/lesspipe %s %s'), ('VSCODE_GIT_ASKPASS_EXTRA_ARGS', ''), ('PWD', '/home/joon/automotive_software_final/build/ad_msgs'), ('ENABLE_IDE_INTEGRATION', 'true'), ('XDG_DATA_DIRS', '/usr/local/share:/usr/share:/var/lib/snapd/desktop'), ('PYTHONPATH', '/home/joon/automotive_software_final/install/ad_msgs/local/lib/python3.10/dist-packages:/opt/ros/humble/lib/python3.10/site-packages:/opt/ros/humble/local/lib/python3.10/dist-packages'), ('COLCON', '1'), ('WSL2_GUI_APPS_ENABLED', '1'), ('HOSTTYPE', 'x86_64'), ('CMAKE_PREFIX_PATH', '/home/joon/automotive_software_final/install/simulator:/home/joon/automotive_software_final/install/mission_manager:/home/joon/automotive_software_final/install/evaluation:/home/joon/automotive_software_final/install/autonomous_driving:/home/joon/automotive_software_final/install/ad_msgs:/opt/ros/humble'), ('WSLENV', 'VSCODE_WSL_EXT_LOCATION/up')]), 'shell': False}
[0.098073] (-) TimerEvent: {}
[0.198717] (-) TimerEvent: {}
[0.282180] (ad_msgs) StdoutLine: {'line': b'[  0%] Built target ad_msgs__cpp\n'}
[0.287408] (ad_msgs) StdoutLine: {'line': b'[  0%] Built target ament_cmake_python_symlink_ad_msgs\n'}
[0.299519] (-) TimerEvent: {}
[0.305567] (ad_msgs) StdoutLine: {'line': b'[ 12%] Built target ad_msgs__rosidl_generator_c\n'}
[0.344894] (ad_msgs) StdoutLine: {'line': b'[ 24%] Built target ad_msgs__rosidl_typesupport_fastrtps_cpp\n'}
[0.347972] (ad_msgs) StdoutLine: {'line': b'[ 35%] Built target ad_msgs__rosidl_typesupport_cpp\n'}
[0.351077] (ad_msgs) StdoutLine: {'line': b'[ 47%] Built target ad_msgs__rosidl_typesupport_introspection_cpp\n'}
[0.364878] (ad_msgs) StdoutLine: {'line': b'[ 68%] Built target ad_msgs__rosidl_typesupport_fastrtps_c\n'}
[0.365389] (ad_msgs) StdoutLine: {'line': b'[ 70%] Built target ad_msgs__rosidl_typesupport_c\n'}
[0.369038] (ad_msgs) StdoutLine: {'line': b'[ 82%] Built target ad_msgs__rosidl_typesupport_introspection_c\n'}
[0.395250] (ad_msgs) StdoutLine: {'line': b'[ 82%] Built target ad_msgs\n'}
[0.399646] (-) TimerEvent: {}
[0.430985] (ad_msgs) StdoutLine: {'line': b'[ 83%] Built target ad_msgs__py\n'}
[0.472488] (ad_msgs) StdoutLine: {'line': b'[ 94%] Built target ad_msgs__rosidl_generator_py\n'}
[0.499786] (-) TimerEvent: {}
[0.507211] (ad_msgs) StdoutLine: {'line': b'[ 96%] Built target ad_msgs__rosidl_typesupport_c__pyext\n'}
[0.513892] (ad_msgs) StdoutLine: {'line': b'[ 98%] Built target ad_msgs__rosidl_typesupport_fastrtps_c__pyext\n'}
[0.514975] (ad_msgs) StdoutLine: {'line': b'[100%] Built target ad_msgs__rosidl_typesupport_introspection_c__pyext\n'}
[0.599931] (-) TimerEvent: {}
[0.674541] (ad_msgs) StdoutLine: {'line': b'running egg_info\n'}
[0.675950] (ad_msgs) StdoutLine: {'line': b'writing ad_msgs.egg-info/PKG-INFO\n'}
[0.677011] (ad_msgs) StdoutLine: {'line': b'writing dependency_links to ad_msgs.egg-info/dependency_links.txt\n'}
[0.677521] (ad_msgs) StdoutLine: {'line': b'writing top-level names to ad_msgs.egg-info/top_level.txt\n'}
[0.684827] (ad_msgs) StdoutLine: {'line': b"reading manifest file 'ad_msgs.egg-info/SOURCES.txt'\n"}
[0.686034] (ad_msgs) StdoutLine: {'line': b"writing manifest file 'ad_msgs.egg-info/SOURCES.txt'\n"}
[0.700091] (-) TimerEvent: {}
[0.718768] (ad_msgs) StdoutLine: {'line': b'[100%] Built target ament_cmake_python_build_ad_msgs_egg\n'}
[0.734639] (ad_msgs) CommandEnded: {'returncode': 0}
[0.737119] (ad_msgs) JobProgress: {'identifier': 'ad_msgs', 'progress': 'install'}
[0.748535] (ad_msgs) Command: {'cmd': ['/usr/bin/cmake', '--install', '/home/joon/automotive_software_final/build/ad_msgs'], 'cwd': '/home/joon/automotive_software_final/build/ad_msgs', 'env': OrderedDict([('PYTHON_BASIC_REPL', '1'), ('LESSOPEN', '| /usr/bin/lesspipe %s'), ('USER', 'joon'), ('GIT_ASKPASS', '/home/joon/.vscode-server/bin/bf9252a2fb45be6893dd8870c0bf37e2e1766d61/extensions/git/dist/askpass.sh'), ('SHLVL', '1'), ('LD_LIBRARY_PATH', '/home/joon/automotive_software_final/install/ad_msgs/lib:/usr/lib/x86_64-linux-gnu/gazebo-11/plugins:/opt/ros/humble/opt/rviz_ogre_vendor/lib:/opt/ros/humble/lib/x86_64-linux-gnu:/opt/ros/humble/lib'), ('MOTD_SHOWN', 'update-motd'), ('HOME', '/home/joon'), ('OLDPWD', '/home/joon'), ('TERM_PROGRAM_VERSION', '1.106.3'), ('VSCODE_IPC_HOOK_CLI', '/run/user/1000/vscode-ipc-0155f966-3159-4d63-89a6-b9bb8cd84403.sock'), ('ROS_PYTHON_VERSION', '3'), ('VSCODE_GIT_ASKPASS_MAIN', '/home/joon/.vscode-server/bin/bf9252a2fb45be6893dd8870c0bf37e2e1766d61/extensions/git/dist/askpass-main.js'), ('VSCODE_GIT_ASKPASS_NODE', '/home/joon/.vscode-server/bin/bf9252a2fb45be6893dd8870c0bf37e2e1766d61/node'), ('PYDEVD_DISABLE_FILE_VALIDATION', '1'), ('BUNDLED_DEBUGPY_PATH', '/home/joon/.vscode-server/extensions/ms-python.debugpy-2025.16.0-linux-x64/bundled/libs/debugpy'), ('VSCODE_PYTHON_AUTOACTIVATE_GUARD', '1'), ('DBUS_SESSION_BUS_ADDRESS', 'unix:path=/run/user/1000/bus'), ('COLORTERM', 'truecolor'), ('WSL_DISTRO_NAME', 'Ubuntu-22.04'), ('WAYLAND_DISPLAY', 'wayland-0'), ('COLCON_PREFIX_PATH', '/home/joon/automotive_software_final/install'), ('ROS_DISTRO', 'humble'), ('LOGNAME', 'joon'), ('NAME', 'Joon'), ('WSL_INTEROP', '/run/WSL/503_interop'), ('PULSE_SERVER', 'unix:/mnt/wslg/PulseServer'), ('_', '/usr/bin/colcon'), ('ROS_VERSION', '2'), ('CLAUDE_CODE_SSE_PORT', '51465'), ('TERM', 'xterm-256color'), ('ROS_LOCALHOST_ONLY', '0'), ('PATH', '/opt/ros/humble/bin:/usr/bin:/usr/bin:/home/joon/.vscode-server/data/User/globalStorage/github.copilot-chat/debugCommand:/home/joon/.vscode-server/data/User/globalStorage/github.copilot-chat/copilotCli:/home/joon/.vscode-server/bin/bf9252a2fb45be6893dd8870c0bf37e2e1766d61/bin/remote-cli:/home/joon/.local/bin:/usr/bin:/usr/bin:/usr/local/sbin:/usr/local/bin:/usr/sbin:/usr/bin:/sbin:/bin:/usr/games:/usr/local/games:/usr/lib/wsl/lib:/mnt/c/WINDOWS/system32:/mnt/c/WINDOWS:/mnt/c/WINDOWS/System32/Wbem:/mnt/c/WINDOWS/System32/WindowsPowerShell/v1.0/:/mnt/c/WINDOWS/System32/OpenSSH/:/mnt/c/Program Files/MATLAB/R2024b/bin:/mnt/c/Program Files/nodejs/:/mnt/c/Program Files/Git/cmd:/mnt/c/Users/ksyj0/AppData/Local/Programs/Python/Python312/Scripts/:/mnt/c/Users/ksyj0/AppData/Local/Programs/Python/Python312/:/mnt/c/Users/ksyj0/AppData/Local/Programs/Python/Launcher/:/mnt/c/Users/ksyj0/AppData/Local/Microsoft/WindowsApps:/mnt/c/Users/ksyj0/AppData/Local/Programs/Microsoft VS Code/bin:/mnt/c/Users/ksyj0/AppData/Roaming/npm:/mnt/c/Users/ksyj0/AppData/Local/SOOP:/mnt/c/Users/ksyj0/AppData/Local/Programs/Kiro/bin:/snap/bin:/home/joon/.vscode-server/extensions/ms-python.debugpy-2025.16.0-linux-x64/bundled/scripts/noConfigScripts'), ('XDG_RUNTIME_DIR', '/run/user/1000/'), ('DISPLAY', ':0'), ('VSCODE_DEBUGPY_ADAPTER_ENDPOINTS', '/home/joon/.vscode-server/extensions/ms-python.debugpy-2025.16.0-linux-x64/.noConfigDebugAdapterEndpoints/endpoint-5f6b0efddf9f6982.txt'), ('LANG', 'en_US.UTF-8'), ('PYTHONSTARTUP', '/home/joon/.vscode-server/data/User/workspaceStorage/6032d0949a26c1de4974618490f207f6-1/ms-python.python/pythonrc.py'), ('LS_COLORS', 'rs=0:di=01;34:ln=01;36:mh=00:pi=40;33:so=01;35:do=01;35:bd=40;33;01:cd=40;33;01:or=40;31;01:mi=00:su=37;41:sg=30;43:ca=30;41:tw=30;42:ow=34;42:st=37;44:ex=01;32:*.tar=01;31:*.tgz=01;31:*.arc=01;31:*.arj=01;31:*.taz=01;31:*.lha=01;31:*.lz4=01;31:*.lzh=01;31:*.lzma=01;31:*.tlz=01;31:*.txz=01;31:*.tzo=01;31:*.t7z=01;31:*.zip=01;31:*.z=01;31:*.dz=01;31:*.gz=01;31:*.lrz=01;31:*.lz=01;31:*.lzo=01;31:*.xz=01;31:*.zst=01;31:*.tzst=01;31:*.bz2=01;31:*.bz=01;31:*.tbz=01;31:*.tbz2=01;31:*.tz=01;31:*.deb=01;31:*.rpm=01;31:*.jar=01;31:*.war=01;31:*.ear=01;31:*.sar=01;31:*.rar=01;31:*.alz=01;31:*.ace=01;31:*.zoo=01;31:*.cpio=01;31:*.7z=01;31:*.rz=01;31:*.cab=01;31:*.wim=01;31:*.swm=01;31:*.dwm=01;31:*.esd=01;31:*.jpg=01;35:*.jpeg=01;35:*.mjpg=01;35:*.mjpeg=01;35:*.gif=01;35:*.bmp=01;35:*.pbm=01;35:*.pgm=01;35:*.ppm=01;35:*.tga=01;35:*.xbm=01;35:*.xpm=01;35:*.tif=01;35:*.tiff=01;35:*.png=01;35:*.svg=01;35:*.svgz=01;35:*.mng=01;35:*.pcx=01;35:*.mov=01;35:*.mpg=01;35:*.mpeg=01;35:*.m2v=01;35:*.mkv=01;35:*.webm=01;35:*.webp=01;35:*.ogm=01;35:*.mp4=01;35:*.m4v=01;35:*.mp4v=01;35:*.vob=01;35:*.qt=01;35:*.nuv=01;35:*.wmv=01;35:*.asf=01;35:*.rm=01;35:*.rmvb=01;35:*.flc=01;35:*.avi=01;35:*.fli=01;35:*.flv=01;35:*.gl=01;35:*.dl=01;35:*.xcf=01;35:*.xwd=01;35:*.yuv=01;35:*.cgm=01;35:*.emf=01;35:*.ogv=01;35:*.ogx=01;35:*.aac=00;36:*.au=00;36:*.flac=00;36:*.m4a=00;36:*.mid=00;36:*.midi=00;36:*.mka=00;36:*.mp3=00;36:*.mpc=00;36:*.ogg=00;36:*.ra=00;36:*.wav=00;36:*.oga=00;36:*.opus=00;36:*.spx=00;36:*.xspf=00;36:'), ('VSCODE_GIT_IPC_HANDLE', '/run/user/1000/vscode-git-167d3a068c.sock'), ('TERM_PROGRAM', 'vscode'), ('AMENT_PREFIX_PATH', '/home/joon/automotive_software_final/install/simulator:/home/joon/automotive_software_final/install/mission_manager:/home/joon/automotive_software_final/install/evaluation:/home/joon/automotive_software_final/install/autonomous_driving:/home/joon/automotive_software_final/install/ad_msgs:/opt/ros/humble'), ('SHELL', '/bin/bash'), ('LESSCLOSE', '/usr/bin/lesspipe %s %s'), ('VSCODE_GIT_ASKPASS_EXTRA_ARGS', ''), ('PWD', '/home/joon/automotive_software_final/build/ad_msgs'), ('ENABLE_IDE_INTEGRATION', 'true'), ('XDG_DATA_DIRS', '/usr/local/share:/usr/share:/var/lib/snapd/desktop'), ('PYTHONPATH', '/home/joon/automotive_software_final/install/ad_msgs/local/lib/python3.10/dist-packages:/opt/ros/humble/lib/python3.10/site-packages:/opt/ros/humble/local/lib/python3.10/dist-packages'), ('COLCON', '1'), ('WSL2_GUI_APPS_ENABLED', '1'), ('HOSTTYPE', 'x86_64'), ('CMAKE_PREFIX_PATH', '/home/joon/automotive_software_final/install/simulator:/home/joon/automotive_software_final/install/mission_manager:/home/joon/automotive_software_final/install/evaluation:/home/joon/automotive_software_final/install/autonomous_driving:/home/joon/automotive_software_final/install/ad_msgs:/opt/ros/humble'), ('WSLENV', 'VSCODE_WSL_EXT_LOCATION/up')]), 'shell': False}
[0.759880] (ad_msgs) StdoutLine: {'line': b'-- Install configuration: ""\n'}
[0.763077] (ad_msgs) StdoutLine: {'line': b'-- Execute custom install script\n'}
[0.764130] (ad_msgs) StdoutLine: {'line': b'-- Up-to-date symlink: /home/joon/automotive_software_final/install/ad_msgs/share/ament_index/resource_index/rosidl_interfaces/ad_msgs\n'}
[0.766628] (ad_msgs) StdoutLine: {'line': b'-- Up-to-date symlink: /home/joon/automotive_software_final/install/ad_msgs/include/ad_msgs/ad_msgs/msg/detail/lane_point_data__functions.h\n'}
[0.767082] (ad_msgs) StdoutLine: {'line': b'-- Up-to-date symlink: /home/joon/automotive_software_final/install/ad_msgs/include/ad_msgs/ad_msgs/msg/detail/lane_point_data__struct.h\n'}
[0.767523] (ad_msgs) StdoutLine: {'line': b'-- Up-to-date symlink: /home/joon/automotive_software_final/install/ad_msgs/include/ad_msgs/ad_msgs/msg/detail/lane_point_data__type_support.h\n'}
[0.767877] (ad_msgs) StdoutLine: {'line': b'-- Up-to-date symlink: /home/joon/automotive_software_final/install/ad_msgs/include/ad_msgs/ad_msgs/msg/detail/lane_point_data_array__functions.h\n'}
[0.768181] (ad_msgs) StdoutLine: {'line': b'-- Up-to-date symlink: /home/joon/automotive_software_final/install/ad_msgs/include/ad_msgs/ad_msgs/msg/detail/lane_point_data_array__struct.h\n'}
[0.768459] (ad_msgs) StdoutLine: {'line': b'-- Up-to-date symlink: /home/joon/automotive_software_final/install/ad_msgs/include/ad_msgs/ad_msgs/msg/detail/lane_point_data_array__type_support.h\n'}
[0.768864] (ad_msgs) StdoutLine: {'line': b'-- Up-to-date symlink: /home/joon/automotive_software_final/install/ad_msgs/include/ad_msgs/ad_msgs/msg/detail/mission__functions.h\n'}
[0.769175] (ad_msgs) StdoutLine: {'line': b'-- Up-to-date symlink: /home/joon/automotive_software_final/install/ad_msgs/include/ad_msgs/ad_msgs/msg/detail/mission__struct.h\n'}
[0.769852] (ad_msgs) StdoutLine: {'line': b'-- Up-to-date symlink: /home/joon/automotive_software_final/install/ad_msgs/include/ad_msgs/ad_msgs/msg/detail/mission__type_support.h\n'}
[0.770283] (ad_msgs) StdoutLine: {'line': b'-- Up-to-date symlink: /home/joon/automotive_software_final/install/ad_msgs/include/ad_msgs/ad_msgs/msg/detail/mission_display__functions.h\n'}
[0.770416] (ad_msgs) StdoutLine: {'line': b'-- Up-to-date symlink: /home/joon/automotive_software_final/install/ad_msgs/include/ad_msgs/ad_msgs/msg/detail/mission_display__struct.h\n'}
[0.770478] (ad_msgs) StdoutLine: {'line': b'-- Up-to-date symlink: /home/joon/automotive_software_final/install/ad_msgs/include/ad_msgs/ad_msgs/msg/detail/mission_display__type_support.h\n'}
[0.770564] (ad_msgs) StdoutLine: {'line': b'-- Up-to-date symlink: /home/joon/automotive_software_final/install/ad_msgs/include/ad_msgs/ad_msgs/msg/detail/mission_object__functions.h\n'}
[0.770651] (ad_msgs) StdoutLine: {'line': b'-- Up-to-date symlink: /home/joon/automotive_software_final/install/ad_msgs/include/ad_msgs/ad_msgs/msg/detail/mission_object__struct.h\n'}
[0.770851] (ad_msgs) StdoutLine: {'line': b'-- Up-to-date symlink: /home/joon/automotive_software_final/install/ad_msgs/include/ad_msgs/ad_msgs/msg/detail/mission_object__type_support.h\n'}
[0.771145] (ad_msgs) StdoutLine: {'line': b'-- Up-to-date symlink: /home/joon/automotive_software_final/install/ad_msgs/include/ad_msgs/ad_msgs/msg/detail/mission_region__functions.h\n'}
[0.771251] (ad_msgs) StdoutLine: {'line': b'-- Up-to-date symlink: /home/joon/automotive_software_final/install/ad_msgs/include/ad_msgs/ad_msgs/msg/detail/mission_region__struct.h\n'}
[0.771479] (ad_msgs) StdoutLine: {'line': b'-- Up-to-date symlink: /home/joon/automotive_software_final/install/ad_msgs/include/ad_msgs/ad_msgs/msg/detail/mission_region__type_support.h\n'}
[0.771566] (ad_msgs) StdoutLine: {'line': b'-- Up-to-date symlink: /home/joon/automotive_software_final/install/ad_msgs/include/ad_msgs/ad_msgs/msg/detail/polyfit_lane_data__functions.h\n'}
[0.771807] (ad_msgs) StdoutLine: {'line': b'-- Up-to-date symlink: /home/joon/automotive_software_final/install/ad_msgs/include/ad_msgs/ad_msgs/msg/detail/polyfit_lane_data__struct.h\n'}
[0.771913] (ad_msgs) StdoutLine: {'line': b'-- Up-to-date symlink: /home/joon/automotive_software_final/install/ad_msgs/include/ad_msgs/ad_msgs/msg/detail/polyfit_lane_data__type_support.h\n'}
[0.772150] (ad_msgs) StdoutLine: {'line': b'-- Up-to-date symlink: /home/joon/automotive_software_final/install/ad_msgs/include/ad_msgs/ad_msgs/msg/detail/polyfit_lane_data_array__functions.h\n'}
[0.772236] (ad_msgs) StdoutLine: {'line': b'-- Up-to-date symlink: /home/joon/automotive_software_final/install/ad_msgs/include/ad_msgs/ad_msgs/msg/detail/polyfit_lane_data_array__struct.h\n'}
[0.772460] (ad_msgs) StdoutLine: {'line': b'-- Up-to-date symlink: /home/joon/automotive_software_final/install/ad_msgs/include/ad_msgs/ad_msgs/msg/detail/polyfit_lane_data_array__type_support.h\n'}
[0.772764] (ad_msgs) StdoutLine: {'line': b'-- Up-to-date symlink: /home/joon/automotive_software_final/install/ad_msgs/include/ad_msgs/ad_msgs/msg/detail/vehicle_command__functions.h\n'}
[0.772895] (ad_msgs) StdoutLine: {'line': b'-- Up-to-date symlink: /home/joon/automotive_software_final/install/ad_msgs/include/ad_msgs/ad_msgs/msg/detail/vehicle_command__struct.h\n'}
[0.773200] (ad_msgs) StdoutLine: {'line': b'-- Up-to-date symlink: /home/joon/automotive_software_final/install/ad_msgs/include/ad_msgs/ad_msgs/msg/detail/vehicle_command__type_support.h\n'}
[0.773304] (ad_msgs) StdoutLine: {'line': b'-- Up-to-date symlink: /home/joon/automotive_software_final/install/ad_msgs/include/ad_msgs/ad_msgs/msg/detail/vehicle_state__functions.h\n'}
[0.773458] (ad_msgs) StdoutLine: {'line': b'-- Up-to-date symlink: /home/joon/automotive_software_final/install/ad_msgs/include/ad_msgs/ad_msgs/msg/detail/vehicle_state__struct.h\n'}
[0.773695] (ad_msgs) StdoutLine: {'line': b'-- Up-to-date symlink: /home/joon/automotive_software_final/install/ad_msgs/include/ad_msgs/ad_msgs/msg/detail/vehicle_state__type_support.h\n'}
[0.775018] (ad_msgs) StdoutLine: {'line': b'-- Up-to-date symlink: /home/joon/automotive_software_final/install/ad_msgs/include/ad_msgs/ad_msgs/msg/lane_point_data.h\n'}
[0.777537] (ad_msgs) StdoutLine: {'line': b'-- Up-to-date symlink: /home/joon/automotive_software_final/install/ad_msgs/include/ad_msgs/ad_msgs/msg/lane_point_data_array.h\n'}
[0.777732] (ad_msgs) StdoutLine: {'line': b'-- Up-to-date symlink: /home/joon/automotive_software_final/install/ad_msgs/include/ad_msgs/ad_msgs/msg/mission.h\n'}
[0.777798] (ad_msgs) StdoutLine: {'line': b'-- Up-to-date symlink: /home/joon/automotive_software_final/install/ad_msgs/include/ad_msgs/ad_msgs/msg/mission_display.h\n'}
[0.777853] (ad_msgs) StdoutLine: {'line': b'-- Up-to-date symlink: /home/joon/automotive_software_final/install/ad_msgs/include/ad_msgs/ad_msgs/msg/mission_object.h\n'}
[0.777906] (ad_msgs) StdoutLine: {'line': b'-- Up-to-date symlink: /home/joon/automotive_software_final/install/ad_msgs/include/ad_msgs/ad_msgs/msg/mission_region.h\n'}
[0.778840] (ad_msgs) StdoutLine: {'line': b'-- Up-to-date symlink: /home/joon/automotive_software_final/install/ad_msgs/include/ad_msgs/ad_msgs/msg/polyfit_lane_data.h\n'}
[0.779360] (ad_msgs) StdoutLine: {'line': b'-- Up-to-date symlink: /home/joon/automotive_software_final/install/ad_msgs/include/ad_msgs/ad_msgs/msg/polyfit_lane_data_array.h\n'}
[0.779494] (ad_msgs) StdoutLine: {'line': b'-- Up-to-date symlink: /home/joon/automotive_software_final/install/ad_msgs/include/ad_msgs/ad_msgs/msg/rosidl_generator_c__visibility_control.h\n'}
[0.779563] (ad_msgs) StdoutLine: {'line': b'-- Up-to-date symlink: /home/joon/automotive_software_final/install/ad_msgs/include/ad_msgs/ad_msgs/msg/vehicle_command.h\n'}
[0.780034] (ad_msgs) StdoutLine: {'line': b'-- Up-to-date symlink: /home/joon/automotive_software_final/install/ad_msgs/include/ad_msgs/ad_msgs/msg/vehicle_state.h\n'}
[0.780428] (ad_msgs) StdoutLine: {'line': b'-- Up-to-date symlink: /home/joon/automotive_software_final/install/ad_msgs/share/ad_msgs/environment/library_path.sh\n'}
[0.780636] (ad_msgs) StdoutLine: {'line': b'-- Up-to-date symlink: /home/joon/automotive_software_final/install/ad_msgs/share/ad_msgs/environment/library_path.dsv\n'}
[0.781687] (ad_msgs) StdoutLine: {'line': b'-- Up-to-date symlink: /home/joon/automotive_software_final/install/ad_msgs/include/ad_msgs/ad_msgs/msg/detail/lane_point_data__rosidl_typesupport_fastrtps_c.h\n'}
[0.781981] (ad_msgs) StdoutLine: {'line': b'-- Up-to-date symlink: /home/joon/automotive_software_final/install/ad_msgs/include/ad_msgs/ad_msgs/msg/detail/lane_point_data_array__rosidl_typesupport_fastrtps_c.h\n'}
[0.782227] (ad_msgs) StdoutLine: {'line': b'-- Up-to-date symlink: /home/joon/automotive_software_final/install/ad_msgs/include/ad_msgs/ad_msgs/msg/detail/mission__rosidl_typesupport_fastrtps_c.h\n'}
[0.782500] (ad_msgs) StdoutLine: {'line': b'-- Up-to-date symlink: /home/joon/automotive_software_final/install/ad_msgs/include/ad_msgs/ad_msgs/msg/detail/mission_display__rosidl_typesupport_fastrtps_c.h\n'}
[0.782778] (ad_msgs) StdoutLine: {'line': b'-- Up-to-date symlink: /home/joon/automotive_software_final/install/ad_msgs/include/ad_msgs/ad_msgs/msg/detail/mission_object__rosidl_typesupport_fastrtps_c.h\n'}
[0.783056] (ad_msgs) StdoutLine: {'line': b'-- Up-to-date symlink: /home/joon/automotive_software_final/install/ad_msgs/include/ad_msgs/ad_msgs/msg/detail/mission_region__rosidl_typesupport_fastrtps_c.h\n'}
[0.783263] (ad_msgs) StdoutLine: {'line': b'-- Up-to-date symlink: /home/joon/automotive_software_final/install/ad_msgs/include/ad_msgs/ad_msgs/msg/detail/polyfit_lane_data__rosidl_typesupport_fastrtps_c.h\n'}
[0.783488] (ad_msgs) StdoutLine: {'line': b'-- Up-to-date symlink: /home/joon/automotive_software_final/install/ad_msgs/include/ad_msgs/ad_msgs/msg/detail/polyfit_lane_data_array__rosidl_typesupport_fastrtps_c.h\n'}
[0.783687] (ad_msgs) StdoutLine: {'line': b'-- Up-to-date symlink: /home/joon/automotive_software_final/install/ad_msgs/include/ad_msgs/ad_msgs/msg/detail/vehicle_command__rosidl_typesupport_fastrtps_c.h\n'}
[0.783951] (ad_msgs) StdoutLine: {'line': b'-- Up-to-date symlink: /home/joon/automotive_software_final/install/ad_msgs/include/ad_msgs/ad_msgs/msg/detail/vehicle_state__rosidl_typesupport_fastrtps_c.h\n'}
[0.784131] (ad_msgs) StdoutLine: {'line': b'-- Up-to-date symlink: /home/joon/automotive_software_final/install/ad_msgs/include/ad_msgs/ad_msgs/msg/rosidl_typesupport_fastrtps_c__visibility_control.h\n'}
[0.784667] (ad_msgs) StdoutLine: {'line': b'-- Up-to-date symlink: /home/joon/automotive_software_final/install/ad_msgs/include/ad_msgs/ad_msgs/msg/detail/lane_point_data__rosidl_typesupport_introspection_c.h\n'}
[0.784994] (ad_msgs) StdoutLine: {'line': b'-- Up-to-date symlink: /home/joon/automotive_software_final/install/ad_msgs/include/ad_msgs/ad_msgs/msg/detail/lane_point_data_array__rosidl_typesupport_introspection_c.h\n'}
[0.785403] (ad_msgs) StdoutLine: {'line': b'-- Up-to-date symlink: /home/joon/automotive_software_final/install/ad_msgs/include/ad_msgs/ad_msgs/msg/detail/mission__rosidl_typesupport_introspection_c.h\n'}
[0.785699] (ad_msgs) StdoutLine: {'line': b'-- Up-to-date symlink: /home/joon/automotive_software_final/install/ad_msgs/include/ad_msgs/ad_msgs/msg/detail/mission_display__rosidl_typesupport_introspection_c.h\n'}
[0.786508] (ad_msgs) StdoutLine: {'line': b'-- Up-to-date symlink: /home/joon/automotive_software_final/install/ad_msgs/include/ad_msgs/ad_msgs/msg/detail/mission_object__rosidl_typesupport_introspection_c.h\n'}
[0.786881] (ad_msgs) StdoutLine: {'line': b'-- Up-to-date symlink: /home/joon/automotive_software_final/install/ad_msgs/include/ad_msgs/ad_msgs/msg/detail/mission_region__rosidl_typesupport_introspection_c.h\n'}
[0.786969] (ad_msgs) StdoutLine: {'line': b'-- Up-to-date symlink: /home/joon/automotive_software_final/install/ad_msgs/include/ad_msgs/ad_msgs/msg/detail/polyfit_lane_data__rosidl_typesupport_introspection_c.h\n'}
[0.787031] (ad_msgs) StdoutLine: {'line': b'-- Up-to-date symlink: /home/joon/automotive_software_final/install/ad_msgs/include/ad_msgs/ad_msgs/msg/detail/polyfit_lane_data_array__rosidl_typesupport_introspection_c.h\n'}
[0.787088] (ad_msgs) StdoutLine: {'line': b'-- Up-to-date symlink: /home/joon/automotive_software_final/install/ad_msgs/include/ad_msgs/ad_msgs/msg/detail/vehicle_command__rosidl_typesupport_introspection_c.h\n'}
[0.787154] (ad_msgs) StdoutLine: {'line': b'-- Up-to-date symlink: /home/joon/automotive_software_final/install/ad_msgs/include/ad_msgs/ad_msgs/msg/detail/vehicle_state__rosidl_typesupport_introspection_c.h\n'}
[0.787208] (ad_msgs) StdoutLine: {'line': b'-- Up-to-date symlink: /home/joon/automotive_software_final/install/ad_msgs/include/ad_msgs/ad_msgs/msg/rosidl_typesupport_introspection_c__visibility_control.h\n'}
[0.787810] (ad_msgs) StdoutLine: {'line': b'-- Up-to-date symlink: /home/joon/automotive_software_final/install/ad_msgs/include/ad_msgs/ad_msgs/msg/detail/lane_point_data__builder.hpp\n'}
[0.788002] (ad_msgs) StdoutLine: {'line': b'-- Up-to-date symlink: /home/joon/automotive_software_final/install/ad_msgs/include/ad_msgs/ad_msgs/msg/detail/lane_point_data__struct.hpp\n'}
[0.788166] (ad_msgs) StdoutLine: {'line': b'-- Up-to-date symlink: /home/joon/automotive_software_final/install/ad_msgs/include/ad_msgs/ad_msgs/msg/detail/lane_point_data__traits.hpp\n'}
[0.788391] (ad_msgs) StdoutLine: {'line': b'-- Up-to-date symlink: /home/joon/automotive_software_final/install/ad_msgs/include/ad_msgs/ad_msgs/msg/detail/lane_point_data__type_support.hpp\n'}
[0.788656] (ad_msgs) StdoutLine: {'line': b'-- Up-to-date symlink: /home/joon/automotive_software_final/install/ad_msgs/include/ad_msgs/ad_msgs/msg/detail/lane_point_data_array__builder.hpp\n'}
[0.788975] (ad_msgs) StdoutLine: {'line': b'-- Up-to-date symlink: /home/joon/automotive_software_final/install/ad_msgs/include/ad_msgs/ad_msgs/msg/detail/lane_point_data_array__struct.hpp\n'}
[0.789166] (ad_msgs) StdoutLine: {'line': b'-- Up-to-date symlink: /home/joon/automotive_software_final/install/ad_msgs/include/ad_msgs/ad_msgs/msg/detail/lane_point_data_array__traits.hpp\n'}
[0.789385] (ad_msgs) StdoutLine: {'line': b'-- Up-to-date symlink: /home/joon/automotive_software_final/install/ad_msgs/include/ad_msgs/ad_msgs/msg/detail/lane_point_data_array__type_support.hpp\n'}
[0.789637] (ad_msgs) StdoutLine: {'line': b'-- Up-to-date symlink: /home/joon/automotive_software_final/install/ad_msgs/include/ad_msgs/ad_msgs/msg/detail/mission__builder.hpp\n'}
[0.789935] (ad_msgs) StdoutLine: {'line': b'-- Up-to-date symlink: /home/joon/automotive_software_final/install/ad_msgs/include/ad_msgs/ad_msgs/msg/detail/mission__struct.hpp\n'}
[0.790207] (ad_msgs) StdoutLine: {'line': b'-- Up-to-date symlink: /home/joon/automotive_software_final/install/ad_msgs/include/ad_msgs/ad_msgs/msg/detail/mission__traits.hpp\n'}
[0.790412] (ad_msgs) StdoutLine: {'line': b'-- Up-to-date symlink: /home/joon/automotive_software_final/install/ad_msgs/include/ad_msgs/ad_msgs/msg/detail/mission__type_support.hpp\n'}
[0.790642] (ad_msgs) StdoutLine: {'line': b'-- Up-to-date symlink: /home/joon/automotive_software_final/install/ad_msgs/include/ad_msgs/ad_msgs/msg/detail/mission_display__builder.hpp\n'}
[0.790830] (ad_msgs) StdoutLine: {'line': b'-- Up-to-date symlink: /home/joon/automotive_software_final/install/ad_msgs/include/ad_msgs/ad_msgs/msg/detail/mission_display__struct.hpp\n'}
[0.791009] (ad_msgs) StdoutLine: {'line': b'-- Up-to-date symlink: /home/joon/automotive_software_final/install/ad_msgs/include/ad_msgs/ad_msgs/msg/detail/mission_display__traits.hpp\n'}
[0.791227] (ad_msgs) StdoutLine: {'line': b'-- Up-to-date symlink: /home/joon/automotive_software_final/install/ad_msgs/include/ad_msgs/ad_msgs/msg/detail/mission_display__type_support.hpp\n'}
[0.791423] (ad_msgs) StdoutLine: {'line': b'-- Up-to-date symlink: /home/joon/automotive_software_final/install/ad_msgs/include/ad_msgs/ad_msgs/msg/detail/mission_object__builder.hpp\n'}
[0.791643] (ad_msgs) StdoutLine: {'line': b'-- Up-to-date symlink: /home/joon/automotive_software_final/install/ad_msgs/include/ad_msgs/ad_msgs/msg/detail/mission_object__struct.hpp\n'}
[0.791832] (ad_msgs) StdoutLine: {'line': b'-- Up-to-date symlink: /home/joon/automotive_software_final/install/ad_msgs/include/ad_msgs/ad_msgs/msg/detail/mission_object__traits.hpp\n'}
[0.792009] (ad_msgs) StdoutLine: {'line': b'-- Up-to-date symlink: /home/joon/automotive_software_final/install/ad_msgs/include/ad_msgs/ad_msgs/msg/detail/mission_object__type_support.hpp\n'}
[0.792136] (ad_msgs) StdoutLine: {'line': b'-- Up-to-date symlink: /home/joon/automotive_software_final/install/ad_msgs/include/ad_msgs/ad_msgs/msg/detail/mission_region__builder.hpp\n'}
[0.792296] (ad_msgs) StdoutLine: {'line': b'-- Up-to-date symlink: /home/joon/automotive_software_final/install/ad_msgs/include/ad_msgs/ad_msgs/msg/detail/mission_region__struct.hpp\n'}
[0.792503] (ad_msgs) StdoutLine: {'line': b'-- Up-to-date symlink: /home/joon/automotive_software_final/install/ad_msgs/include/ad_msgs/ad_msgs/msg/detail/mission_region__traits.hpp\n'}
[0.792767] (ad_msgs) StdoutLine: {'line': b'-- Up-to-date symlink: /home/joon/automotive_software_final/install/ad_msgs/include/ad_msgs/ad_msgs/msg/detail/mission_region__type_support.hpp\n'}
[0.793014] (ad_msgs) StdoutLine: {'line': b'-- Up-to-date symlink: /home/joon/automotive_software_final/install/ad_msgs/include/ad_msgs/ad_msgs/msg/detail/polyfit_lane_data__builder.hpp\n'}
[0.793230] (ad_msgs) StdoutLine: {'line': b'-- Up-to-date symlink: /home/joon/automotive_software_final/install/ad_msgs/include/ad_msgs/ad_msgs/msg/detail/polyfit_lane_data__struct.hpp\n'}
[0.793475] (ad_msgs) StdoutLine: {'line': b'-- Up-to-date symlink: /home/joon/automotive_software_final/install/ad_msgs/include/ad_msgs/ad_msgs/msg/detail/polyfit_lane_data__traits.hpp\n'}
[0.793739] (ad_msgs) StdoutLine: {'line': b'-- Up-to-date symlink: /home/joon/automotive_software_final/install/ad_msgs/include/ad_msgs/ad_msgs/msg/detail/polyfit_lane_data__type_support.hpp\n'}
[0.793972] (ad_msgs) StdoutLine: {'line': b'-- Up-to-date symlink: /home/joon/automotive_software_final/install/ad_msgs/include/ad_msgs/ad_msgs/msg/detail/polyfit_lane_data_array__builder.hpp\n'}
[0.794244] (ad_msgs) StdoutLine: {'line': b'-- Up-to-date symlink: /home/joon/automotive_software_final/install/ad_msgs/include/ad_msgs/ad_msgs/msg/detail/polyfit_lane_data_array__struct.hpp\n'}
[0.794375] (ad_msgs) StdoutLine: {'line': b'-- Up-to-date symlink: /home/joon/automotive_software_final/install/ad_msgs/include/ad_msgs/ad_msgs/msg/detail/polyfit_lane_data_array__traits.hpp\n'}
[0.794596] (ad_msgs) StdoutLine: {'line': b'-- Up-to-date symlink: /home/joon/automotive_software_final/install/ad_msgs/include/ad_msgs/ad_msgs/msg/detail/polyfit_lane_data_array__type_support.hpp\n'}
[0.794810] (ad_msgs) StdoutLine: {'line': b'-- Up-to-date symlink: /home/joon/automotive_software_final/install/ad_msgs/include/ad_msgs/ad_msgs/msg/detail/vehicle_command__builder.hpp\n'}
[0.795031] (ad_msgs) StdoutLine: {'line': b'-- Up-to-date symlink: /home/joon/automotive_software_final/install/ad_msgs/include/ad_msgs/ad_msgs/msg/detail/vehicle_command__struct.hpp\n'}
[0.795235] (ad_msgs) StdoutLine: {'line': b'-- Up-to-date symlink: /home/joon/automotive_software_final/install/ad_msgs/include/ad_msgs/ad_msgs/msg/detail/vehicle_command__traits.hpp\n'}
[0.795354] (ad_msgs) StdoutLine: {'line': b'-- Up-to-date symlink: /home/joon/automotive_software_final/install/ad_msgs/include/ad_msgs/ad_msgs/msg/detail/vehicle_command__type_support.hpp\n'}
[0.795507] (ad_msgs) StdoutLine: {'line': b'-- Up-to-date symlink: /home/joon/automotive_software_final/install/ad_msgs/include/ad_msgs/ad_msgs/msg/detail/vehicle_state__builder.hpp\n'}
[0.795712] (ad_msgs) StdoutLine: {'line': b'-- Up-to-date symlink: /home/joon/automotive_software_final/install/ad_msgs/include/ad_msgs/ad_msgs/msg/detail/vehicle_state__struct.hpp\n'}
[0.795876] (ad_msgs) StdoutLine: {'line': b'-- Up-to-date symlink: /home/joon/automotive_software_final/install/ad_msgs/include/ad_msgs/ad_msgs/msg/detail/vehicle_state__traits.hpp\n'}
[0.796116] (ad_msgs) StdoutLine: {'line': b'-- Up-to-date symlink: /home/joon/automotive_software_final/install/ad_msgs/include/ad_msgs/ad_msgs/msg/detail/vehicle_state__type_support.hpp\n'}
[0.796295] (ad_msgs) StdoutLine: {'line': b'-- Up-to-date symlink: /home/joon/automotive_software_final/install/ad_msgs/include/ad_msgs/ad_msgs/msg/lane_point_data.hpp\n'}
[0.796503] (ad_msgs) StdoutLine: {'line': b'-- Up-to-date symlink: /home/joon/automotive_software_final/install/ad_msgs/include/ad_msgs/ad_msgs/msg/lane_point_data_array.hpp\n'}
[0.796879] (ad_msgs) StdoutLine: {'line': b'-- Up-to-date symlink: /home/joon/automotive_software_final/install/ad_msgs/include/ad_msgs/ad_msgs/msg/mission.hpp\n'}
[0.797146] (ad_msgs) StdoutLine: {'line': b'-- Up-to-date symlink: /home/joon/automotive_software_final/install/ad_msgs/include/ad_msgs/ad_msgs/msg/mission_display.hpp\n'}
[0.797351] (ad_msgs) StdoutLine: {'line': b'-- Up-to-date symlink: /home/joon/automotive_software_final/install/ad_msgs/include/ad_msgs/ad_msgs/msg/mission_object.hpp\n'}
[0.797586] (ad_msgs) StdoutLine: {'line': b'-- Up-to-date symlink: /home/joon/automotive_software_final/install/ad_msgs/include/ad_msgs/ad_msgs/msg/mission_region.hpp\n'}
[0.797787] (ad_msgs) StdoutLine: {'line': b'-- Up-to-date symlink: /home/joon/automotive_software_final/install/ad_msgs/include/ad_msgs/ad_msgs/msg/polyfit_lane_data.hpp\n'}
[0.797974] (ad_msgs) StdoutLine: {'line': b'-- Up-to-date symlink: /home/joon/automotive_software_final/install/ad_msgs/include/ad_msgs/ad_msgs/msg/polyfit_lane_data_array.hpp\n'}
[0.798211] (ad_msgs) StdoutLine: {'line': b'-- Up-to-date symlink: /home/joon/automotive_software_final/install/ad_msgs/include/ad_msgs/ad_msgs/msg/rosidl_generator_cpp__visibility_control.hpp\n'}
[0.798377] (ad_msgs) StdoutLine: {'line': b'-- Up-to-date symlink: /home/joon/automotive_software_final/install/ad_msgs/include/ad_msgs/ad_msgs/msg/vehicle_command.hpp\n'}
[0.798628] (ad_msgs) StdoutLine: {'line': b'-- Up-to-date symlink: /home/joon/automotive_software_final/install/ad_msgs/include/ad_msgs/ad_msgs/msg/vehicle_state.hpp\n'}
[0.800186] (ad_msgs) StdoutLine: {'line': b'-- Up-to-date symlink: /home/joon/automotive_software_final/install/ad_msgs/include/ad_msgs/ad_msgs/msg/detail/lane_point_data__rosidl_typesupport_fastrtps_cpp.hpp\n'}
[0.800329] (-) TimerEvent: {}
[0.800661] (ad_msgs) StdoutLine: {'line': b'-- Up-to-date symlink: /home/joon/automotive_software_final/install/ad_msgs/include/ad_msgs/ad_msgs/msg/detail/lane_point_data_array__rosidl_typesupport_fastrtps_cpp.hpp\n'}
[0.801203] (ad_msgs) StdoutLine: {'line': b'-- Up-to-date symlink: /home/joon/automotive_software_final/install/ad_msgs/include/ad_msgs/ad_msgs/msg/detail/mission__rosidl_typesupport_fastrtps_cpp.hpp\n'}
[0.801501] (ad_msgs) StdoutLine: {'line': b'-- Up-to-date symlink: /home/joon/automotive_software_final/install/ad_msgs/include/ad_msgs/ad_msgs/msg/detail/mission_display__rosidl_typesupport_fastrtps_cpp.hpp\n'}
[0.801870] (ad_msgs) StdoutLine: {'line': b'-- Up-to-date symlink: /home/joon/automotive_software_final/install/ad_msgs/include/ad_msgs/ad_msgs/msg/detail/mission_object__rosidl_typesupport_fastrtps_cpp.hpp\n'}
[0.802149] (ad_msgs) StdoutLine: {'line': b'-- Up-to-date symlink: /home/joon/automotive_software_final/install/ad_msgs/include/ad_msgs/ad_msgs/msg/detail/mission_region__rosidl_typesupport_fastrtps_cpp.hpp\n'}
[0.802498] (ad_msgs) StdoutLine: {'line': b'-- Up-to-date symlink: /home/joon/automotive_software_final/install/ad_msgs/include/ad_msgs/ad_msgs/msg/detail/polyfit_lane_data__rosidl_typesupport_fastrtps_cpp.hpp\n'}
[0.802593] (ad_msgs) StdoutLine: {'line': b'-- Up-to-date symlink: /home/joon/automotive_software_final/install/ad_msgs/include/ad_msgs/ad_msgs/msg/detail/polyfit_lane_data_array__rosidl_typesupport_fastrtps_cpp.hpp\n'}
[0.802772] (ad_msgs) StdoutLine: {'line': b'-- Up-to-date symlink: /home/joon/automotive_software_final/install/ad_msgs/include/ad_msgs/ad_msgs/msg/detail/vehicle_command__rosidl_typesupport_fastrtps_cpp.hpp\n'}
[0.802998] (ad_msgs) StdoutLine: {'line': b'-- Up-to-date symlink: /home/joon/automotive_software_final/install/ad_msgs/include/ad_msgs/ad_msgs/msg/detail/vehicle_state__rosidl_typesupport_fastrtps_cpp.hpp\n'}
[0.803248] (ad_msgs) StdoutLine: {'line': b'-- Up-to-date symlink: /home/joon/automotive_software_final/install/ad_msgs/include/ad_msgs/ad_msgs/msg/rosidl_typesupport_fastrtps_cpp__visibility_control.h\n'}
[0.803889] (ad_msgs) StdoutLine: {'line': b'-- Up-to-date symlink: /home/joon/automotive_software_final/install/ad_msgs/include/ad_msgs/ad_msgs/msg/detail/lane_point_data__rosidl_typesupport_introspection_cpp.hpp\n'}
[0.804088] (ad_msgs) StdoutLine: {'line': b'-- Up-to-date symlink: /home/joon/automotive_software_final/install/ad_msgs/include/ad_msgs/ad_msgs/msg/detail/lane_point_data_array__rosidl_typesupport_introspection_cpp.hpp\n'}
[0.804266] (ad_msgs) StdoutLine: {'line': b'-- Up-to-date symlink: /home/joon/automotive_software_final/install/ad_msgs/include/ad_msgs/ad_msgs/msg/detail/mission__rosidl_typesupport_introspection_cpp.hpp\n'}
[0.804532] (ad_msgs) StdoutLine: {'line': b'-- Up-to-date symlink: /home/joon/automotive_software_final/install/ad_msgs/include/ad_msgs/ad_msgs/msg/detail/mission_display__rosidl_typesupport_introspection_cpp.hpp\n'}
[0.804911] (ad_msgs) StdoutLine: {'line': b'-- Up-to-date symlink: /home/joon/automotive_software_final/install/ad_msgs/include/ad_msgs/ad_msgs/msg/detail/mission_object__rosidl_typesupport_introspection_cpp.hpp\n'}
[0.805141] (ad_msgs) StdoutLine: {'line': b'-- Up-to-date symlink: /home/joon/automotive_software_final/install/ad_msgs/include/ad_msgs/ad_msgs/msg/detail/mission_region__rosidl_typesupport_introspection_cpp.hpp\n'}
[0.805526] (ad_msgs) StdoutLine: {'line': b'-- Up-to-date symlink: /home/joon/automotive_software_final/install/ad_msgs/include/ad_msgs/ad_msgs/msg/detail/polyfit_lane_data__rosidl_typesupport_introspection_cpp.hpp\n'}
[0.805746] (ad_msgs) StdoutLine: {'line': b'-- Up-to-date symlink: /home/joon/automotive_software_final/install/ad_msgs/include/ad_msgs/ad_msgs/msg/detail/polyfit_lane_data_array__rosidl_typesupport_introspection_cpp.hpp\n'}
[0.805999] (ad_msgs) StdoutLine: {'line': b'-- Up-to-date symlink: /home/joon/automotive_software_final/install/ad_msgs/include/ad_msgs/ad_msgs/msg/detail/vehicle_command__rosidl_typesupport_introspection_cpp.hpp\n'}
[0.806063] (ad_msgs) StdoutLine: {'line': b'-- Up-to-date symlink: /home/joon/automotive_software_final/install/ad_msgs/include/ad_msgs/ad_msgs/msg/detail/vehicle_state__rosidl_typesupport_introspection_cpp.hpp\n'}
[0.806119] (ad_msgs) StdoutLine: {'line': b'-- Up-to-date symlink: /home/joon/automotive_software_final/install/ad_msgs/share/ad_msgs/environment/pythonpath.sh\n'}
[0.806462] (ad_msgs) StdoutLine: {'line': b'-- Up-to-date symlink: /home/joon/automotive_software_final/install/ad_msgs/share/ad_msgs/environment/pythonpath.dsv\n'}
[0.807009] (ad_msgs) StdoutLine: {'line': b'-- Up-to-date symlink: /home/joon/automotive_software_final/install/ad_msgs/local/lib/python3.10/dist-packages/ad_msgs-0.0.0-py3.10.egg-info/PKG-INFO\n'}
[0.807247] (ad_msgs) StdoutLine: {'line': b'-- Up-to-date symlink: /home/joon/automotive_software_final/install/ad_msgs/local/lib/python3.10/dist-packages/ad_msgs-0.0.0-py3.10.egg-info/SOURCES.txt\n'}
[0.807348] (ad_msgs) StdoutLine: {'line': b'-- Up-to-date symlink: /home/joon/automotive_software_final/install/ad_msgs/local/lib/python3.10/dist-packages/ad_msgs-0.0.0-py3.10.egg-info/dependency_links.txt\n'}
[0.807523] (ad_msgs) StdoutLine: {'line': b'-- Up-to-date symlink: /home/joon/automotive_software_final/install/ad_msgs/local/lib/python3.10/dist-packages/ad_msgs-0.0.0-py3.10.egg-info/top_level.txt\n'}
[0.808525] (ad_msgs) StdoutLine: {'line': b'-- Up-to-date symlink: /home/joon/automotive_software_final/install/ad_msgs/local/lib/python3.10/dist-packages/ad_msgs/__init__.py\n'}
[0.809377] (ad_msgs) StdoutLine: {'line': b'-- Up-to-date symlink: /home/joon/automotive_software_final/install/ad_msgs/local/lib/python3.10/dist-packages/ad_msgs/_ad_msgs_s.ep.rosidl_typesupport_c.c\n'}
[0.809492] (ad_msgs) StdoutLine: {'line': b'-- Up-to-date symlink: /home/joon/automotive_software_final/install/ad_msgs/local/lib/python3.10/dist-packages/ad_msgs/_ad_msgs_s.ep.rosidl_typesupport_fastrtps_c.c\n'}
[0.809569] (ad_msgs) StdoutLine: {'line': b'-- Up-to-date symlink: /home/joon/automotive_software_final/install/ad_msgs/local/lib/python3.10/dist-packages/ad_msgs/_ad_msgs_s.ep.rosidl_typesupport_introspection_c.c\n'}
[0.809805] (ad_msgs) StdoutLine: {'line': b'-- Up-to-date symlink: /home/joon/automotive_software_final/install/ad_msgs/local/lib/python3.10/dist-packages/ad_msgs/ad_msgs_s__rosidl_typesupport_c.cpython-310-x86_64-linux-gnu.so\n'}
[0.810057] (ad_msgs) StdoutLine: {'line': b'-- Up-to-date symlink: /home/joon/automotive_software_final/install/ad_msgs/local/lib/python3.10/dist-packages/ad_msgs/ad_msgs_s__rosidl_typesupport_fastrtps_c.cpython-310-x86_64-linux-gnu.so\n'}
[0.810256] (ad_msgs) StdoutLine: {'line': b'-- Up-to-date symlink: /home/joon/automotive_software_final/install/ad_msgs/local/lib/python3.10/dist-packages/ad_msgs/ad_msgs_s__rosidl_typesupport_introspection_c.cpython-310-x86_64-linux-gnu.so\n'}
[0.810454] (ad_msgs) StdoutLine: {'line': b'-- Up-to-date symlink: /home/joon/automotive_software_final/install/ad_msgs/local/lib/python3.10/dist-packages/ad_msgs/libad_msgs__rosidl_generator_py.so\n'}
[0.810646] (ad_msgs) StdoutLine: {'line': b'-- Up-to-date symlink: /home/joon/automotive_software_final/install/ad_msgs/local/lib/python3.10/dist-packages/ad_msgs/msg/__init__.py\n'}
[0.810909] (ad_msgs) StdoutLine: {'line': b'-- Up-to-date symlink: /home/joon/automotive_software_final/install/ad_msgs/local/lib/python3.10/dist-packages/ad_msgs/msg/_lane_point_data.py\n'}
[0.811156] (ad_msgs) StdoutLine: {'line': b'-- Up-to-date symlink: /home/joon/automotive_software_final/install/ad_msgs/local/lib/python3.10/dist-packages/ad_msgs/msg/_lane_point_data_array.py\n'}
[0.811592] (ad_msgs) StdoutLine: {'line': b'-- Up-to-date symlink: /home/joon/automotive_software_final/install/ad_msgs/local/lib/python3.10/dist-packages/ad_msgs/msg/_lane_point_data_array_s.c\n'}
[0.811788] (ad_msgs) StdoutLine: {'line': b'-- Up-to-date symlink: /home/joon/automotive_software_final/install/ad_msgs/local/lib/python3.10/dist-packages/ad_msgs/msg/_lane_point_data_s.c\n'}
[0.812087] (ad_msgs) StdoutLine: {'line': b'-- Up-to-date symlink: /home/joon/automotive_software_final/install/ad_msgs/local/lib/python3.10/dist-packages/ad_msgs/msg/_mission.py\n'}
[0.812702] (ad_msgs) StdoutLine: {'line': b'-- Up-to-date symlink: /home/joon/automotive_software_final/install/ad_msgs/local/lib/python3.10/dist-packages/ad_msgs/msg/_mission_display.py\n'}
[0.813083] (ad_msgs) StdoutLine: {'line': b'-- Up-to-date symlink: /home/joon/automotive_software_final/install/ad_msgs/local/lib/python3.10/dist-packages/ad_msgs/msg/_mission_display_s.c\n'}
[0.813423] (ad_msgs) StdoutLine: {'line': b'-- Up-to-date symlink: /home/joon/automotive_software_final/install/ad_msgs/local/lib/python3.10/dist-packages/ad_msgs/msg/_mission_object.py\n'}
[0.813830] (ad_msgs) StdoutLine: {'line': b'-- Up-to-date symlink: /home/joon/automotive_software_final/install/ad_msgs/local/lib/python3.10/dist-packages/ad_msgs/msg/_mission_object_s.c\n'}
[0.814188] (ad_msgs) StdoutLine: {'line': b'-- Up-to-date symlink: /home/joon/automotive_software_final/install/ad_msgs/local/lib/python3.10/dist-packages/ad_msgs/msg/_mission_region.py\n'}
[0.814311] (ad_msgs) StdoutLine: {'line': b'-- Up-to-date symlink: /home/joon/automotive_software_final/install/ad_msgs/local/lib/python3.10/dist-packages/ad_msgs/msg/_mission_region_s.c\n'}
[0.814464] (ad_msgs) StdoutLine: {'line': b'-- Up-to-date symlink: /home/joon/automotive_software_final/install/ad_msgs/local/lib/python3.10/dist-packages/ad_msgs/msg/_mission_s.c\n'}
[0.814699] (ad_msgs) StdoutLine: {'line': b'-- Up-to-date symlink: /home/joon/automotive_software_final/install/ad_msgs/local/lib/python3.10/dist-packages/ad_msgs/msg/_polyfit_lane_data.py\n'}
[0.814915] (ad_msgs) StdoutLine: {'line': b'-- Up-to-date symlink: /home/joon/automotive_software_final/install/ad_msgs/local/lib/python3.10/dist-packages/ad_msgs/msg/_polyfit_lane_data_array.py\n'}
[0.815125] (ad_msgs) StdoutLine: {'line': b'-- Up-to-date symlink: /home/joon/automotive_software_final/install/ad_msgs/local/lib/python3.10/dist-packages/ad_msgs/msg/_polyfit_lane_data_array_s.c\n'}
[0.815296] (ad_msgs) StdoutLine: {'line': b'-- Up-to-date symlink: /home/joon/automotive_software_final/install/ad_msgs/local/lib/python3.10/dist-packages/ad_msgs/msg/_polyfit_lane_data_s.c\n'}
[0.815507] (ad_msgs) StdoutLine: {'line': b'-- Up-to-date symlink: /home/joon/automotive_software_final/install/ad_msgs/local/lib/python3.10/dist-packages/ad_msgs/msg/_vehicle_command.py\n'}
[0.815571] (ad_msgs) StdoutLine: {'line': b'-- Up-to-date symlink: /home/joon/automotive_software_final/install/ad_msgs/local/lib/python3.10/dist-packages/ad_msgs/msg/_vehicle_command_s.c\n'}
[0.815698] (ad_msgs) StdoutLine: {'line': b'-- Up-to-date symlink: /home/joon/automotive_software_final/install/ad_msgs/local/lib/python3.10/dist-packages/ad_msgs/msg/_vehicle_state.py\n'}
[0.815896] (ad_msgs) StdoutLine: {'line': b'-- Up-to-date symlink: /home/joon/automotive_software_final/install/ad_msgs/local/lib/python3.10/dist-packages/ad_msgs/msg/_vehicle_state_s.c\n'}
[0.816597] (ad_msgs) StdoutLine: {'line': b'-- Up-to-date symlink: /home/joon/automotive_software_final/install/ad_msgs/local/lib/python3.10/dist-packages/ad_msgs/ad_msgs_s__rosidl_typesupport_fastrtps_c.cpython-310-x86_64-linux-gnu.so\n'}
[0.817154] (ad_msgs) StdoutLine: {'line': b'-- Up-to-date symlink: /home/joon/automotive_software_final/install/ad_msgs/local/lib/python3.10/dist-packages/ad_msgs/ad_msgs_s__rosidl_typesupport_introspection_c.cpython-310-x86_64-linux-gnu.so\n'}
[0.817775] (ad_msgs) StdoutLine: {'line': b'-- Up-to-date symlink: /home/joon/automotive_software_final/install/ad_msgs/local/lib/python3.10/dist-packages/ad_msgs/ad_msgs_s__rosidl_typesupport_c.cpython-310-x86_64-linux-gnu.so\n'}
[0.818334] (ad_msgs) StdoutLine: {'line': b'-- Up-to-date symlink: /home/joon/automotive_software_final/install/ad_msgs/share/ad_msgs/msg/VehicleState.idl\n'}
[0.818672] (ad_msgs) StdoutLine: {'line': b'-- Up-to-date symlink: /home/joon/automotive_software_final/install/ad_msgs/share/ad_msgs/msg/VehicleCommand.idl\n'}
[0.818867] (ad_msgs) StdoutLine: {'line': b'-- Up-to-date symlink: /home/joon/automotive_software_final/install/ad_msgs/share/ad_msgs/msg/Mission.idl\n'}
[0.819226] (ad_msgs) StdoutLine: {'line': b'-- Up-to-date symlink: /home/joon/automotive_software_final/install/ad_msgs/share/ad_msgs/msg/MissionObject.idl\n'}
[0.819486] (ad_msgs) StdoutLine: {'line': b'-- Up-to-date symlink: /home/joon/automotive_software_final/install/ad_msgs/share/ad_msgs/msg/MissionRegion.idl\n'}
[0.819730] (ad_msgs) StdoutLine: {'line': b'-- Up-to-date symlink: /home/joon/automotive_software_final/install/ad_msgs/share/ad_msgs/msg/MissionDisplay.idl\n'}
[0.819940] (ad_msgs) StdoutLine: {'line': b'-- Up-to-date symlink: /home/joon/automotive_software_final/install/ad_msgs/share/ad_msgs/msg/PolyfitLaneData.idl\n'}
[0.820159] (ad_msgs) StdoutLine: {'line': b'-- Up-to-date symlink: /home/joon/automotive_software_final/install/ad_msgs/share/ad_msgs/msg/LanePointData.idl\n'}
[0.820489] (ad_msgs) StdoutLine: {'line': b'-- Up-to-date symlink: /home/joon/automotive_software_final/install/ad_msgs/share/ad_msgs/msg/LanePointDataArray.idl\n'}
[0.820779] (ad_msgs) StdoutLine: {'line': b'-- Up-to-date symlink: /home/joon/automotive_software_final/install/ad_msgs/share/ad_msgs/msg/PolyfitLaneDataArray.idl\n'}
[0.821164] (ad_msgs) StdoutLine: {'line': b'-- Up-to-date symlink: /home/joon/automotive_software_final/install/ad_msgs/share/ad_msgs/msg/VehicleState.msg\n'}
[0.821456] (ad_msgs) StdoutLine: {'line': b'-- Up-to-date symlink: /home/joon/automotive_software_final/install/ad_msgs/share/ad_msgs/msg/VehicleCommand.msg\n'}
[0.821789] (ad_msgs) StdoutLine: {'line': b'-- Up-to-date symlink: /home/joon/automotive_software_final/install/ad_msgs/share/ad_msgs/msg/Mission.msg\n'}
[0.822013] (ad_msgs) StdoutLine: {'line': b'-- Up-to-date symlink: /home/joon/automotive_software_final/install/ad_msgs/share/ad_msgs/msg/MissionObject.msg\n'}
[0.822237] (ad_msgs) StdoutLine: {'line': b'-- Up-to-date symlink: /home/joon/automotive_software_final/install/ad_msgs/share/ad_msgs/msg/MissionRegion.msg\n'}
[0.822451] (ad_msgs) StdoutLine: {'line': b'-- Up-to-date symlink: /home/joon/automotive_software_final/install/ad_msgs/share/ad_msgs/msg/MissionDisplay.msg\n'}
[0.822643] (ad_msgs) StdoutLine: {'line': b'-- Up-to-date symlink: /home/joon/automotive_software_final/install/ad_msgs/share/ad_msgs/msg/PolyfitLaneData.msg\n'}
[0.822878] (ad_msgs) StdoutLine: {'line': b'-- Up-to-date symlink: /home/joon/automotive_software_final/install/ad_msgs/share/ad_msgs/msg/LanePointData.msg\n'}
[0.823117] (ad_msgs) StdoutLine: {'line': b'-- Up-to-date symlink: /home/joon/automotive_software_final/install/ad_msgs/share/ad_msgs/msg/LanePointDataArray.msg\n'}
[0.823334] (ad_msgs) StdoutLine: {'line': b'-- Up-to-date symlink: /home/joon/automotive_software_final/install/ad_msgs/share/ad_msgs/msg/PolyfitLaneDataArray.msg\n'}
[0.823520] (ad_msgs) StdoutLine: {'line': b'-- Up-to-date symlink: /home/joon/automotive_software_final/install/ad_msgs/share/ament_index/resource_index/package_run_dependencies/ad_msgs\n'}
[0.823769] (ad_msgs) StdoutLine: {'line': b'-- Up-to-date symlink: /home/joon/automotive_software_final/install/ad_msgs/share/ament_index/resource_index/parent_prefix_path/ad_msgs\n'}
[0.824012] (ad_msgs) StdoutLine: {'line': b'-- Up-to-date symlink: /home/joon/automotive_software_final/install/ad_msgs/share/ad_msgs/environment/ament_prefix_path.sh\n'}
[0.824200] (ad_msgs) StdoutLine: {'line': b'-- Up-to-date symlink: /home/joon/automotive_software_final/install/ad_msgs/share/ad_msgs/environment/ament_prefix_path.dsv\n'}
[0.824428] (ad_msgs) StdoutLine: {'line': b'-- Up-to-date symlink: /home/joon/automotive_software_final/install/ad_msgs/share/ad_msgs/environment/path.sh\n'}
[0.824625] (ad_msgs) StdoutLine: {'line': b'-- Up-to-date symlink: /home/joon/automotive_software_final/install/ad_msgs/share/ad_msgs/environment/path.dsv\n'}
[0.824928] (ad_msgs) StdoutLine: {'line': b'-- Up-to-date symlink: /home/joon/automotive_software_final/install/ad_msgs/share/ad_msgs/local_setup.bash\n'}
[0.825115] (ad_msgs) StdoutLine: {'line': b'-- Up-to-date symlink: /home/joon/automotive_software_final/install/ad_msgs/share/ad_msgs/local_setup.sh\n'}
[0.825336] (ad_msgs) StdoutLine: {'line': b'-- Up-to-date symlink: /home/joon/automotive_software_final/install/ad_msgs/share/ad_msgs/local_setup.zsh\n'}
[0.825539] (ad_msgs) StdoutLine: {'line': b'-- Up-to-date symlink: /home/joon/automotive_software_final/install/ad_msgs/share/ad_msgs/local_setup.dsv\n'}
[0.825701] (ad_msgs) StdoutLine: {'line': b'-- Symlinking: /home/joon/automotive_software_final/install/ad_msgs/share/ad_msgs/package.dsv\n'}
[0.835890] (ad_msgs) StdoutLine: {'line': b'-- Up-to-date symlink: /home/joon/automotive_software_final/install/ad_msgs/share/ament_index/resource_index/packages/ad_msgs\n'}
[0.836314] (ad_msgs) StdoutLine: {'line': b'-- Up-to-date symlink: /home/joon/automotive_software_final/install/ad_msgs/share/ad_msgs/cmake/rosidl_cmake-extras.cmake\n'}
[0.836640] (ad_msgs) StdoutLine: {'line': b'-- Up-to-date symlink: /home/joon/automotive_software_final/install/ad_msgs/share/ad_msgs/cmake/ament_cmake_export_dependencies-extras.cmake\n'}
[0.836786] (ad_msgs) StdoutLine: {'line': b'-- Up-to-date symlink: /home/joon/automotive_software_final/install/ad_msgs/share/ad_msgs/cmake/ament_cmake_export_include_directories-extras.cmake\n'}
[0.837024] (ad_msgs) StdoutLine: {'line': b'-- Up-to-date symlink: /home/joon/automotive_software_final/install/ad_msgs/share/ad_msgs/cmake/ament_cmake_export_libraries-extras.cmake\n'}
[0.837273] (ad_msgs) StdoutLine: {'line': b'-- Up-to-date symlink: /home/joon/automotive_software_final/install/ad_msgs/share/ad_msgs/cmake/ament_cmake_export_targets-extras.cmake\n'}
[0.837485] (ad_msgs) StdoutLine: {'line': b'-- Up-to-date symlink: /home/joon/automotive_software_final/install/ad_msgs/share/ad_msgs/cmake/rosidl_cmake_export_typesupport_targets-extras.cmake\n'}
[0.837751] (ad_msgs) StdoutLine: {'line': b'-- Up-to-date symlink: /home/joon/automotive_software_final/install/ad_msgs/share/ad_msgs/cmake/rosidl_cmake_export_typesupport_libraries-extras.cmake\n'}
[0.838015] (ad_msgs) StdoutLine: {'line': b'-- Up-to-date symlink: /home/joon/automotive_software_final/install/ad_msgs/share/ad_msgs/cmake/ad_msgsConfig.cmake\n'}
[0.838242] (ad_msgs) StdoutLine: {'line': b'-- Up-to-date symlink: /home/joon/automotive_software_final/install/ad_msgs/share/ad_msgs/cmake/ad_msgsConfig-version.cmake\n'}
[0.838443] (ad_msgs) StdoutLine: {'line': b'-- Up-to-date symlink: /home/joon/automotive_software_final/install/ad_msgs/share/ad_msgs/package.xml\n'}
[0.839011] (ad_msgs) StdoutLine: {'line': b'-- Up-to-date: /home/joon/automotive_software_final/install/ad_msgs/lib/libad_msgs__rosidl_generator_c.so\n'}
[0.839532] (ad_msgs) StdoutLine: {'line': b'-- Up-to-date: /home/joon/automotive_software_final/install/ad_msgs/lib/libad_msgs__rosidl_typesupport_fastrtps_c.so\n'}
[0.839935] (ad_msgs) StdoutLine: {'line': b'-- Up-to-date: /home/joon/automotive_software_final/install/ad_msgs/lib/libad_msgs__rosidl_typesupport_introspection_c.so\n'}
[0.840362] (ad_msgs) StdoutLine: {'line': b'-- Up-to-date: /home/joon/automotive_software_final/install/ad_msgs/lib/libad_msgs__rosidl_typesupport_c.so\n'}
[0.840820] (ad_msgs) StdoutLine: {'line': b'-- Up-to-date: /home/joon/automotive_software_final/install/ad_msgs/lib/libad_msgs__rosidl_typesupport_fastrtps_cpp.so\n'}
[0.841178] (ad_msgs) StdoutLine: {'line': b'-- Up-to-date: /home/joon/automotive_software_final/install/ad_msgs/lib/libad_msgs__rosidl_typesupport_introspection_cpp.so\n'}
[0.841604] (ad_msgs) StdoutLine: {'line': b'-- Up-to-date: /home/joon/automotive_software_final/install/ad_msgs/lib/libad_msgs__rosidl_typesupport_cpp.so\n'}
[0.886605] (ad_msgs) StdoutLine: {'line': b"Listing '/home/joon/automotive_software_final/install/ad_msgs/local/lib/python3.10/dist-packages/ad_msgs'...\n"}
[0.886885] (ad_msgs) StdoutLine: {'line': b"Listing '/home/joon/automotive_software_final/install/ad_msgs/local/lib/python3.10/dist-packages/ad_msgs/msg'...\n"}
[0.892785] (ad_msgs) StdoutLine: {'line': b'-- Up-to-date: /home/joon/automotive_software_final/install/ad_msgs/lib/libad_msgs__rosidl_generator_py.so\n'}
[0.894057] (ad_msgs) StdoutLine: {'line': b'-- Up-to-date: /home/joon/automotive_software_final/install/ad_msgs/share/ad_msgs/cmake/export_ad_msgs__rosidl_generator_cExport.cmake\n'}
[0.894437] (ad_msgs) StdoutLine: {'line': b'-- Up-to-date: /home/joon/automotive_software_final/install/ad_msgs/share/ad_msgs/cmake/export_ad_msgs__rosidl_generator_cExport-noconfig.cmake\n'}
[0.895290] (ad_msgs) StdoutLine: {'line': b'-- Up-to-date: /home/joon/automotive_software_final/install/ad_msgs/share/ad_msgs/cmake/export_ad_msgs__rosidl_typesupport_fastrtps_cExport.cmake\n'}
[0.895623] (ad_msgs) StdoutLine: {'line': b'-- Up-to-date: /home/joon/automotive_software_final/install/ad_msgs/share/ad_msgs/cmake/export_ad_msgs__rosidl_typesupport_fastrtps_cExport-noconfig.cmake\n'}
[0.896536] (ad_msgs) StdoutLine: {'line': b'-- Up-to-date: /home/joon/automotive_software_final/install/ad_msgs/share/ad_msgs/cmake/ad_msgs__rosidl_typesupport_introspection_cExport.cmake\n'}
[0.896923] (ad_msgs) StdoutLine: {'line': b'-- Up-to-date: /home/joon/automotive_software_final/install/ad_msgs/share/ad_msgs/cmake/ad_msgs__rosidl_typesupport_introspection_cExport-noconfig.cmake\n'}
[0.897844] (ad_msgs) StdoutLine: {'line': b'-- Up-to-date: /home/joon/automotive_software_final/install/ad_msgs/share/ad_msgs/cmake/ad_msgs__rosidl_typesupport_cExport.cmake\n'}
[0.898074] (ad_msgs) StdoutLine: {'line': b'-- Up-to-date: /home/joon/automotive_software_final/install/ad_msgs/share/ad_msgs/cmake/ad_msgs__rosidl_typesupport_cExport-noconfig.cmake\n'}
[0.899025] (ad_msgs) StdoutLine: {'line': b'-- Up-to-date: /home/joon/automotive_software_final/install/ad_msgs/share/ad_msgs/cmake/export_ad_msgs__rosidl_generator_cppExport.cmake\n'}
[0.899863] (ad_msgs) StdoutLine: {'line': b'-- Up-to-date: /home/joon/automotive_software_final/install/ad_msgs/share/ad_msgs/cmake/export_ad_msgs__rosidl_typesupport_fastrtps_cppExport.cmake\n'}
[0.900193] (ad_msgs) StdoutLine: {'line': b'-- Up-to-date: /home/joon/automotive_software_final/install/ad_msgs/share/ad_msgs/cmake/export_ad_msgs__rosidl_typesupport_fastrtps_cppExport-noconfig.cmake\n'}
[0.900447] (-) TimerEvent: {}
[0.901189] (ad_msgs) StdoutLine: {'line': b'-- Up-to-date: /home/joon/automotive_software_final/install/ad_msgs/share/ad_msgs/cmake/ad_msgs__rosidl_typesupport_introspection_cppExport.cmake\n'}
[0.901392] (ad_msgs) StdoutLine: {'line': b'-- Up-to-date: /home/joon/automotive_software_final/install/ad_msgs/share/ad_msgs/cmake/ad_msgs__rosidl_typesupport_introspection_cppExport-noconfig.cmake\n'}
[0.902582] (ad_msgs) StdoutLine: {'line': b'-- Up-to-date: /home/joon/automotive_software_final/install/ad_msgs/share/ad_msgs/cmake/ad_msgs__rosidl_typesupport_cppExport.cmake\n'}
[0.902909] (ad_msgs) StdoutLine: {'line': b'-- Up-to-date: /home/joon/automotive_software_final/install/ad_msgs/share/ad_msgs/cmake/ad_msgs__rosidl_typesupport_cppExport-noconfig.cmake\n'}
[0.903672] (ad_msgs) StdoutLine: {'line': b'-- Up-to-date: /home/joon/automotive_software_final/install/ad_msgs/share/ad_msgs/cmake/export_ad_msgs__rosidl_generator_pyExport.cmake\n'}
[0.903960] (ad_msgs) StdoutLine: {'line': b'-- Up-to-date: /home/joon/automotive_software_final/install/ad_msgs/share/ad_msgs/cmake/export_ad_msgs__rosidl_generator_pyExport-noconfig.cmake\n'}
[0.906943] (ad_msgs) CommandEnded: {'returncode': 0}
[0.950880] (ad_msgs) JobEnded: {'identifier': 'ad_msgs', 'rc': 0}
[0.954332] (autonomous_driving) JobStarted: {'identifier': 'autonomous_driving'}
[0.958584] (evaluation) JobStarted: {'identifier': 'evaluation'}
[0.971751] (mission_manager) JobStarted: {'identifier': 'mission_manager'}
[0.979391] (simulator) JobStarted: {'identifier': 'simulator'}
[1.000719] (-) TimerEvent: {}
[1.043366] (autonomous_driving) JobProgress: {'identifier': 'autonomous_driving', 'progress': 'cmake'}
[1.045460] (autonomous_driving) JobProgress: {'identifier': 'autonomous_driving', 'progress': 'build'}
[1.045994] (autonomous_driving) Command: {'cmd': ['/usr/bin/cmake', '--build', '/home/joon/automotive_software_final/build/autonomous_driving', '--', '-j16', '-l16'], 'cwd': '/home/joon/automotive_software_final/build/autonomous_driving', 'env': OrderedDict([('PYTHON_BASIC_REPL', '1'), ('LESSOPEN', '| /usr/bin/lesspipe %s'), ('USER', 'joon'), ('GIT_ASKPASS', '/home/joon/.vscode-server/bin/bf9252a2fb45be6893dd8870c0bf37e2e1766d61/extensions/git/dist/askpass.sh'), ('SHLVL', '1'), ('LD_LIBRARY_PATH', '/home/joon/automotive_software_final/install/ad_msgs/lib:/usr/lib/x86_64-linux-gnu/gazebo-11/plugins:/opt/ros/humble/opt/rviz_ogre_vendor/lib:/opt/ros/humble/lib/x86_64-linux-gnu:/opt/ros/humble/lib'), ('MOTD_SHOWN', 'update-motd'), ('HOME', '/home/joon'), ('OLDPWD', '/home/joon'), ('TERM_PROGRAM_VERSION', '1.106.3'), ('VSCODE_IPC_HOOK_CLI', '/run/user/1000/vscode-ipc-0155f966-3159-4d63-89a6-b9bb8cd84403.sock'), ('ROS_PYTHON_VERSION', '3'), ('VSCODE_GIT_ASKPASS_MAIN', '/home/joon/.vscode-server/bin/bf9252a2fb45be6893dd8870c0bf37e2e1766d61/extensions/git/dist/askpass-main.js'), ('VSCODE_GIT_ASKPASS_NODE', '/home/joon/.vscode-server/bin/bf9252a2fb45be6893dd8870c0bf37e2e1766d61/node'), ('PYDEVD_DISABLE_FILE_VALIDATION', '1'), ('BUNDLED_DEBUGPY_PATH', '/home/joon/.vscode-server/extensions/ms-python.debugpy-2025.16.0-linux-x64/bundled/libs/debugpy'), ('VSCODE_PYTHON_AUTOACTIVATE_GUARD', '1'), ('DBUS_SESSION_BUS_ADDRESS', 'unix:path=/run/user/1000/bus'), ('COLORTERM', 'truecolor'), ('WSL_DISTRO_NAME', 'Ubuntu-22.04'), ('WAYLAND_DISPLAY', 'wayland-0'), ('COLCON_PREFIX_PATH', '/home/joon/automotive_software_final/install'), ('ROS_DISTRO', 'humble'), ('LOGNAME', 'joon'), ('NAME', 'Joon'), ('WSL_INTEROP', '/run/WSL/503_interop'), ('PULSE_SERVER', 'unix:/mnt/wslg/PulseServer'), ('_', '/usr/bin/colcon'), ('ROS_VERSION', '2'), ('CLAUDE_CODE_SSE_PORT', '51465'), ('TERM', 'xterm-256color'), ('ROS_LOCALHOST_ONLY', '0'), ('PATH', '/opt/ros/humble/bin:/usr/bin:/usr/bin:/home/joon/.vscode-server/data/User/globalStorage/github.copilot-chat/debugCommand:/home/joon/.vscode-server/data/User/globalStorage/github.copilot-chat/copilotCli:/home/joon/.vscode-server/bin/bf9252a2fb45be6893dd8870c0bf37e2e1766d61/bin/remote-cli:/home/joon/.local/bin:/usr/bin:/usr/bin:/usr/local/sbin:/usr/local/bin:/usr/sbin:/usr/bin:/sbin:/bin:/usr/games:/usr/local/games:/usr/lib/wsl/lib:/mnt/c/WINDOWS/system32:/mnt/c/WINDOWS:/mnt/c/WINDOWS/System32/Wbem:/mnt/c/WINDOWS/System32/WindowsPowerShell/v1.0/:/mnt/c/WINDOWS/System32/OpenSSH/:/mnt/c/Program Files/MATLAB/R2024b/bin:/mnt/c/Program Files/nodejs/:/mnt/c/Program Files/Git/cmd:/mnt/c/Users/ksyj0/AppData/Local/Programs/Python/Python312/Scripts/:/mnt/c/Users/ksyj0/AppData/Local/Programs/Python/Python312/:/mnt/c/Users/ksyj0/AppData/Local/Programs/Python/Launcher/:/mnt/c/Users/ksyj0/AppData/Local/Microsoft/WindowsApps:/mnt/c/Users/ksyj0/AppData/Local/Programs/Microsoft VS Code/bin:/mnt/c/Users/ksyj0/AppData/Roaming/npm:/mnt/c/Users/ksyj0/AppData/Local/SOOP:/mnt/c/Users/ksyj0/AppData/Local/Programs/Kiro/bin:/snap/bin:/home/joon/.vscode-server/extensions/ms-python.debugpy-2025.16.0-linux-x64/bundled/scripts/noConfigScripts'), ('XDG_RUNTIME_DIR', '/run/user/1000/'), ('DISPLAY', ':0'), ('VSCODE_DEBUGPY_ADAPTER_ENDPOINTS', '/home/joon/.vscode-server/extensions/ms-python.debugpy-2025.16.0-linux-x64/.noConfigDebugAdapterEndpoints/endpoint-5f6b0efddf9f6982.txt'), ('LANG', 'en_US.UTF-8'), ('PYTHONSTARTUP', '/home/joon/.vscode-server/data/User/workspaceStorage/6032d0949a26c1de4974618490f207f6-1/ms-python.python/pythonrc.py'), ('LS_COLORS', 'rs=0:di=01;34:ln=01;36:mh=00:pi=40;33:so=01;35:do=01;35:bd=40;33;01:cd=40;33;01:or=40;31;01:mi=00:su=37;41:sg=30;43:ca=30;41:tw=30;42:ow=34;42:st=37;44:ex=01;32:*.tar=01;31:*.tgz=01;31:*.arc=01;31:*.arj=01;31:*.taz=01;31:*.lha=01;31:*.lz4=01;31:*.lzh=01;31:*.lzma=01;31:*.tlz=01;31:*.txz=01;31:*.tzo=01;31:*.t7z=01;31:*.zip=01;31:*.z=01;31:*.dz=01;31:*.gz=01;31:*.lrz=01;31:*.lz=01;31:*.lzo=01;31:*.xz=01;31:*.zst=01;31:*.tzst=01;31:*.bz2=01;31:*.bz=01;31:*.tbz=01;31:*.tbz2=01;31:*.tz=01;31:*.deb=01;31:*.rpm=01;31:*.jar=01;31:*.war=01;31:*.ear=01;31:*.sar=01;31:*.rar=01;31:*.alz=01;31:*.ace=01;31:*.zoo=01;31:*.cpio=01;31:*.7z=01;31:*.rz=01;31:*.cab=01;31:*.wim=01;31:*.swm=01;31:*.dwm=01;31:*.esd=01;31:*.jpg=01;35:*.jpeg=01;35:*.mjpg=01;35:*.mjpeg=01;35:*.gif=01;35:*.bmp=01;35:*.pbm=01;35:*.pgm=01;35:*.ppm=01;35:*.tga=01;35:*.xbm=01;35:*.xpm=01;35:*.tif=01;35:*.tiff=01;35:*.png=01;35:*.svg=01;35:*.svgz=01;35:*.mng=01;35:*.pcx=01;35:*.mov=01;35:*.mpg=01;35:*.mpeg=01;35:*.m2v=01;35:*.mkv=01;35:*.webm=01;35:*.webp=01;35:*.ogm=01;35:*.mp4=01;35:*.m4v=01;35:*.mp4v=01;35:*.vob=01;35:*.qt=01;35:*.nuv=01;35:*.wmv=01;35:*.asf=01;35:*.rm=01;35:*.rmvb=01;35:*.flc=01;35:*.avi=01;35:*.fli=01;35:*.flv=01;35:*.gl=01;35:*.dl=01;35:*.xcf=01;35:*.xwd=01;35:*.yuv=01;35:*.cgm=01;35:*.emf=01;35:*.ogv=01;35:*.ogx=01;35:*.aac=00;36:*.au=00;36:*.flac=00;36:*.m4a=00;36:*.mid=00;36:*.midi=00;36:*.mka=00;36:*.mp3=00;36:*.mpc=00;36:*.ogg=00;36:*.ra=00;36:*.wav=00;36:*.oga=00;36:*.opus=00;36:*.spx=00;36:*.xspf=00;36:'), ('VSCODE_GIT_IPC_HANDLE', '/run/user/1000/vscode-git-167d3a068c.sock'), ('TERM_PROGRAM', 'vscode'), ('AMENT_PREFIX_PATH', '/home/joon/automotive_software_final/install/simulator:/home/joon/automotive_software_final/install/mission_manager:/home/joon/automotive_software_final/install/evaluation:/home/joon/automotive_software_final/install/autonomous_driving:/home/joon/automotive_software_final/install/ad_msgs:/opt/ros/humble'), ('SHELL', '/bin/bash'), ('LESSCLOSE', '/usr/bin/lesspipe %s %s'), ('VSCODE_GIT_ASKPASS_EXTRA_ARGS', ''), ('PWD', '/home/joon/automotive_software_final/build/autonomous_driving'), ('ENABLE_IDE_INTEGRATION', 'true'), ('XDG_DATA_DIRS', '/usr/local/share:/usr/share:/var/lib/snapd/desktop'), ('PYTHONPATH', '/home/joon/automotive_software_final/install/ad_msgs/local/lib/python3.10/dist-packages:/opt/ros/humble/lib/python3.10/site-packages:/opt/ros/humble/local/lib/python3.10/dist-packages'), ('COLCON', '1'), ('WSL2_GUI_APPS_ENABLED', '1'), ('HOSTTYPE', 'x86_64'), ('CMAKE_PREFIX_PATH', '/home/joon/automotive_software_final/install/ad_msgs:/home/joon/automotive_software_final/install/simulator:/home/joon/automotive_software_final/install/mission_manager:/home/joon/automotive_software_final/install/evaluation:/home/joon/automotive_software_final/install/autonomous_driving:/opt/ros/humble'), ('WSLENV', 'VSCODE_WSL_EXT_LOCATION/up')]), 'shell': False}
[1.051212] (evaluation) JobProgress: {'identifier': 'evaluation', 'progress': 'cmake'}
[1.053139] (evaluation) JobProgress: {'identifier': 'evaluation', 'progress': 'build'}
[1.054886] (evaluation) Command: {'cmd': ['/usr/bin/cmake', '--build', '/home/joon/automotive_software_final/build/evaluation', '--', '-j16', '-l16'], 'cwd': '/home/joon/automotive_software_final/build/evaluation', 'env': OrderedDict([('PYTHON_BASIC_REPL', '1'), ('LESSOPEN', '| /usr/bin/lesspipe %s'), ('USER', 'joon'), ('GIT_ASKPASS', '/home/joon/.vscode-server/bin/bf9252a2fb45be6893dd8870c0bf37e2e1766d61/extensions/git/dist/askpass.sh'), ('SHLVL', '1'), ('LD_LIBRARY_PATH', '/home/joon/automotive_software_final/install/ad_msgs/lib:/usr/lib/x86_64-linux-gnu/gazebo-11/plugins:/opt/ros/humble/opt/rviz_ogre_vendor/lib:/opt/ros/humble/lib/x86_64-linux-gnu:/opt/ros/humble/lib'), ('MOTD_SHOWN', 'update-motd'), ('HOME', '/home/joon'), ('OLDPWD', '/home/joon'), ('TERM_PROGRAM_VERSION', '1.106.3'), ('VSCODE_IPC_HOOK_CLI', '/run/user/1000/vscode-ipc-0155f966-3159-4d63-89a6-b9bb8cd84403.sock'), ('ROS_PYTHON_VERSION', '3'), ('VSCODE_GIT_ASKPASS_MAIN', '/home/joon/.vscode-server/bin/bf9252a2fb45be6893dd8870c0bf37e2e1766d61/extensions/git/dist/askpass-main.js'), ('VSCODE_GIT_ASKPASS_NODE', '/home/joon/.vscode-server/bin/bf9252a2fb45be6893dd8870c0bf37e2e1766d61/node'), ('PYDEVD_DISABLE_FILE_VALIDATION', '1'), ('BUNDLED_DEBUGPY_PATH', '/home/joon/.vscode-server/extensions/ms-python.debugpy-2025.16.0-linux-x64/bundled/libs/debugpy'), ('VSCODE_PYTHON_AUTOACTIVATE_GUARD', '1'), ('DBUS_SESSION_BUS_ADDRESS', 'unix:path=/run/user/1000/bus'), ('COLORTERM', 'truecolor'), ('WSL_DISTRO_NAME', 'Ubuntu-22.04'), ('WAYLAND_DISPLAY', 'wayland-0'), ('COLCON_PREFIX_PATH', '/home/joon/automotive_software_final/install'), ('ROS_DISTRO', 'humble'), ('LOGNAME', 'joon'), ('NAME', 'Joon'), ('WSL_INTEROP', '/run/WSL/503_interop'), ('PULSE_SERVER', 'unix:/mnt/wslg/PulseServer'), ('_', '/usr/bin/colcon'), ('ROS_VERSION', '2'), ('CLAUDE_CODE_SSE_PORT', '51465'), ('TERM', 'xterm-256color'), ('ROS_LOCALHOST_ONLY', '0'), ('PATH', '/opt/ros/humble/bin:/usr/bin:/usr/bin:/home/joon/.vscode-server/data/User/globalStorage/github.copilot-chat/debugCommand:/home/joon/.vscode-server/data/User/globalStorage/github.copilot-chat/copilotCli:/home/joon/.vscode-server/bin/bf9252a2fb45be6893dd8870c0bf37e2e1766d61/bin/remote-cli:/home/joon/.local/bin:/usr/bin:/usr/bin:/usr/local/sbin:/usr/local/bin:/usr/sbin:/usr/bin:/sbin:/bin:/usr/games:/usr/local/games:/usr/lib/wsl/lib:/mnt/c/WINDOWS/system32:/mnt/c/WINDOWS:/mnt/c/WINDOWS/System32/Wbem:/mnt/c/WINDOWS/System32/WindowsPowerShell/v1.0/:/mnt/c/WINDOWS/System32/OpenSSH/:/mnt/c/Program Files/MATLAB/R2024b/bin:/mnt/c/Program Files/nodejs/:/mnt/c/Program Files/Git/cmd:/mnt/c/Users/ksyj0/AppData/Local/Programs/Python/Python312/Scripts/:/mnt/c/Users/ksyj0/AppData/Local/Programs/Python/Python312/:/mnt/c/Users/ksyj0/AppData/Local/Programs/Python/Launcher/:/mnt/c/Users/ksyj0/AppData/Local/Microsoft/WindowsApps:/mnt/c/Users/ksyj0/AppData/Local/Programs/Microsoft VS Code/bin:/mnt/c/Users/ksyj0/AppData/Roaming/npm:/mnt/c/Users/ksyj0/AppData/Local/SOOP:/mnt/c/Users/ksyj0/AppData/Local/Programs/Kiro/bin:/snap/bin:/home/joon/.vscode-server/extensions/ms-python.debugpy-2025.16.0-linux-x64/bundled/scripts/noConfigScripts'), ('XDG_RUNTIME_DIR', '/run/user/1000/'), ('DISPLAY', ':0'), ('VSCODE_DEBUGPY_ADAPTER_ENDPOINTS', '/home/joon/.vscode-server/extensions/ms-python.debugpy-2025.16.0-linux-x64/.noConfigDebugAdapterEndpoints/endpoint-5f6b0efddf9f6982.txt'), ('LANG', 'en_US.UTF-8'), ('PYTHONSTARTUP', '/home/joon/.vscode-server/data/User/workspaceStorage/6032d0949a26c1de4974618490f207f6-1/ms-python.python/pythonrc.py'), ('LS_COLORS', 'rs=0:di=01;34:ln=01;36:mh=00:pi=40;33:so=01;35:do=01;35:bd=40;33;01:cd=40;33;01:or=40;31;01:mi=00:su=37;41:sg=30;43:ca=30;41:tw=30;42:ow=34;42:st=37;44:ex=01;32:*.tar=01;31:*.tgz=01;31:*.arc=01;31:*.arj=01;31:*.taz=01;31:*.lha=01;31:*.lz4=01;31:*.lzh=01;31:*.lzma=01;31:*.tlz=01;31:*.txz=01;31:*.tzo=01;31:*.t7z=01;31:*.zip=01;31:*.z=01;31:*.dz=01;31:*.gz=01;31:*.lrz=01;31:*.lz=01;31:*.lzo=01;31:*.xz=01;31:*.zst=01;31:*.tzst=01;31:*.bz2=01;31:*.bz=01;31:*.tbz=01;31:*.tbz2=01;31:*.tz=01;31:*.deb=01;31:*.rpm=01;31:*.jar=01;31:*.war=01;31:*.ear=01;31:*.sar=01;31:*.rar=01;31:*.alz=01;31:*.ace=01;31:*.zoo=01;31:*.cpio=01;31:*.7z=01;31:*.rz=01;31:*.cab=01;31:*.wim=01;31:*.swm=01;31:*.dwm=01;31:*.esd=01;31:*.jpg=01;35:*.jpeg=01;35:*.mjpg=01;35:*.mjpeg=01;35:*.gif=01;35:*.bmp=01;35:*.pbm=01;35:*.pgm=01;35:*.ppm=01;35:*.tga=01;35:*.xbm=01;35:*.xpm=01;35:*.tif=01;35:*.tiff=01;35:*.png=01;35:*.svg=01;35:*.svgz=01;35:*.mng=01;35:*.pcx=01;35:*.mov=01;35:*.mpg=01;35:*.mpeg=01;35:*.m2v=01;35:*.mkv=01;35:*.webm=01;35:*.webp=01;35:*.ogm=01;35:*.mp4=01;35:*.m4v=01;35:*.mp4v=01;35:*.vob=01;35:*.qt=01;35:*.nuv=01;35:*.wmv=01;35:*.asf=01;35:*.rm=01;35:*.rmvb=01;35:*.flc=01;35:*.avi=01;35:*.fli=01;35:*.flv=01;35:*.gl=01;35:*.dl=01;35:*.xcf=01;35:*.xwd=01;35:*.yuv=01;35:*.cgm=01;35:*.emf=01;35:*.ogv=01;35:*.ogx=01;35:*.aac=00;36:*.au=00;36:*.flac=00;36:*.m4a=00;36:*.mid=00;36:*.midi=00;36:*.mka=00;36:*.mp3=00;36:*.mpc=00;36:*.ogg=00;36:*.ra=00;36:*.wav=00;36:*.oga=00;36:*.opus=00;36:*.spx=00;36:*.xspf=00;36:'), ('VSCODE_GIT_IPC_HANDLE', '/run/user/1000/vscode-git-167d3a068c.sock'), ('TERM_PROGRAM', 'vscode'), ('AMENT_PREFIX_PATH', '/home/joon/automotive_software_final/install/simulator:/home/joon/automotive_software_final/install/mission_manager:/home/joon/automotive_software_final/install/evaluation:/home/joon/automotive_software_final/install/autonomous_driving:/home/joon/automotive_software_final/install/ad_msgs:/opt/ros/humble'), ('SHELL', '/bin/bash'), ('LESSCLOSE', '/usr/bin/lesspipe %s %s'), ('VSCODE_GIT_ASKPASS_EXTRA_ARGS', ''), ('PWD', '/home/joon/automotive_software_final/build/evaluation'), ('ENABLE_IDE_INTEGRATION', 'true'), ('XDG_DATA_DIRS', '/usr/local/share:/usr/share:/var/lib/snapd/desktop'), ('PYTHONPATH', '/home/joon/automotive_software_final/install/ad_msgs/local/lib/python3.10/dist-packages:/opt/ros/humble/lib/python3.10/site-packages:/opt/ros/humble/local/lib/python3.10/dist-packages'), ('COLCON', '1'), ('WSL2_GUI_APPS_ENABLED', '1'), ('HOSTTYPE', 'x86_64'), ('CMAKE_PREFIX_PATH', '/home/joon/automotive_software_final/install/ad_msgs:/home/joon/automotive_software_final/install/simulator:/home/joon/automotive_software_final/install/mission_manager:/home/joon/automotive_software_final/install/evaluation:/home/joon/automotive_software_final/install/autonomous_driving:/opt/ros/humble'), ('WSLENV', 'VSCODE_WSL_EXT_LOCATION/up')]), 'shell': False}
[1.069222] (mission_manager) JobProgress: {'identifier': 'mission_manager', 'progress': 'cmake'}
[1.071263] (mission_manager) JobProgress: {'identifier': 'mission_manager', 'progress': 'build'}
[1.072768] (mission_manager) Command: {'cmd': ['/usr/bin/cmake', '--build', '/home/joon/automotive_software_final/build/mission_manager', '--', '-j16', '-l16'], 'cwd': '/home/joon/automotive_software_final/build/mission_manager', 'env': OrderedDict([('PYTHON_BASIC_REPL', '1'), ('LESSOPEN', '| /usr/bin/lesspipe %s'), ('USER', 'joon'), ('GIT_ASKPASS', '/home/joon/.vscode-server/bin/bf9252a2fb45be6893dd8870c0bf37e2e1766d61/extensions/git/dist/askpass.sh'), ('SHLVL', '1'), ('LD_LIBRARY_PATH', '/home/joon/automotive_software_final/install/ad_msgs/lib:/usr/lib/x86_64-linux-gnu/gazebo-11/plugins:/opt/ros/humble/opt/rviz_ogre_vendor/lib:/opt/ros/humble/lib/x86_64-linux-gnu:/opt/ros/humble/lib'), ('MOTD_SHOWN', 'update-motd'), ('HOME', '/home/joon'), ('OLDPWD', '/home/joon'), ('TERM_PROGRAM_VERSION', '1.106.3'), ('VSCODE_IPC_HOOK_CLI', '/run/user/1000/vscode-ipc-0155f966-3159-4d63-89a6-b9bb8cd84403.sock'), ('ROS_PYTHON_VERSION', '3'), ('VSCODE_GIT_ASKPASS_MAIN', '/home/joon/.vscode-server/bin/bf9252a2fb45be6893dd8870c0bf37e2e1766d61/extensions/git/dist/askpass-main.js'), ('VSCODE_GIT_ASKPASS_NODE', '/home/joon/.vscode-server/bin/bf9252a2fb45be6893dd8870c0bf37e2e1766d61/node'), ('PYDEVD_DISABLE_FILE_VALIDATION', '1'), ('BUNDLED_DEBUGPY_PATH', '/home/joon/.vscode-server/extensions/ms-python.debugpy-2025.16.0-linux-x64/bundled/libs/debugpy'), ('VSCODE_PYTHON_AUTOACTIVATE_GUARD', '1'), ('DBUS_SESSION_BUS_ADDRESS', 'unix:path=/run/user/1000/bus'), ('COLORTERM', 'truecolor'), ('WSL_DISTRO_NAME', 'Ubuntu-22.04'), ('WAYLAND_DISPLAY', 'wayland-0'), ('COLCON_PREFIX_PATH', '/home/joon/automotive_software_final/install'), ('ROS_DISTRO', 'humble'), ('LOGNAME', 'joon'), ('NAME', 'Joon'), ('WSL_INTEROP', '/run/WSL/503_interop'), ('PULSE_SERVER', 'unix:/mnt/wslg/PulseServer'), ('_', '/usr/bin/colcon'), ('ROS_VERSION', '2'), ('CLAUDE_CODE_SSE_PORT', '51465'), ('TERM', 'xterm-256color'), ('ROS_LOCALHOST_ONLY', '0'), ('PATH', '/opt/ros/humble/bin:/usr/bin:/usr/bin:/home/joon/.vscode-server/data/User/globalStorage/github.copilot-chat/debugCommand:/home/joon/.vscode-server/data/User/globalStorage/github.copilot-chat/copilotCli:/home/joon/.vscode-server/bin/bf9252a2fb45be6893dd8870c0bf37e2e1766d61/bin/remote-cli:/home/joon/.local/bin:/usr/bin:/usr/bin:/usr/local/sbin:/usr/local/bin:/usr/sbin:/usr/bin:/sbin:/bin:/usr/games:/usr/local/games:/usr/lib/wsl/lib:/mnt/c/WINDOWS/system32:/mnt/c/WINDOWS:/mnt/c/WINDOWS/System32/Wbem:/mnt/c/WINDOWS/System32/WindowsPowerShell/v1.0/:/mnt/c/WINDOWS/System32/OpenSSH/:/mnt/c/Program Files/MATLAB/R2024b/bin:/mnt/c/Program Files/nodejs/:/mnt/c/Program Files/Git/cmd:/mnt/c/Users/ksyj0/AppData/Local/Programs/Python/Python312/Scripts/:/mnt/c/Users/ksyj0/AppData/Local/Programs/Python/Python312/:/mnt/c/Users/ksyj0/AppData/Local/Programs/Python/Launcher/:/mnt/c/Users/ksyj0/AppData/Local/Microsoft/WindowsApps:/mnt/c/Users/ksyj0/AppData/Local/Programs/Microsoft VS Code/bin:/mnt/c/Users/ksyj0/AppData/Roaming/npm:/mnt/c/Users/ksyj0/AppData/Local/SOOP:/mnt/c/Users/ksyj0/AppData/Local/Programs/Kiro/bin:/snap/bin:/home/joon/.vscode-server/extensions/ms-python.debugpy-2025.16.0-linux-x64/bundled/scripts/noConfigScripts'), ('XDG_RUNTIME_DIR', '/run/user/1000/'), ('DISPLAY', ':0'), ('VSCODE_DEBUGPY_ADAPTER_ENDPOINTS', '/home/joon/.vscode-server/extensions/ms-python.debugpy-2025.16.0-linux-x64/.noConfigDebugAdapterEndpoints/endpoint-5f6b0efddf9f6982.txt'), ('LANG', 'en_US.UTF-8'), ('PYTHONSTARTUP', '/home/joon/.vscode-server/data/User/workspaceStorage/6032d0949a26c1de4974618490f207f6-1/ms-python.python/pythonrc.py'), ('LS_COLORS', 'rs=0:di=01;34:ln=01;36:mh=00:pi=40;33:so=01;35:do=01;35:bd=40;33;01:cd=40;33;01:or=40;31;01:mi=00:su=37;41:sg=30;43:ca=30;41:tw=30;42:ow=34;42:st=37;44:ex=01;32:*.tar=01;31:*.tgz=01;31:*.arc=01;31:*.arj=01;31:*.taz=01;31:*.lha=01;31:*.lz4=01;31:*.lzh=01;31:*.lzma=01;31:*.tlz=01;31:*.txz=01;31:*.tzo=01;31:*.t7z=01;31:*.zip=01;31:*.z=01;31:*.dz=01;31:*.gz=01;31:*.lrz=01;31:*.lz=01;31:*.lzo=01;31:*.xz=01;31:*.zst=01;31:*.tzst=01;31:*.bz2=01;31:*.bz=01;31:*.tbz=01;31:*.tbz2=01;31:*.tz=01;31:*.deb=01;31:*.rpm=01;31:*.jar=01;31:*.war=01;31:*.ear=01;31:*.sar=01;31:*.rar=01;31:*.alz=01;31:*.ace=01;31:*.zoo=01;31:*.cpio=01;31:*.7z=01;31:*.rz=01;31:*.cab=01;31:*.wim=01;31:*.swm=01;31:*.dwm=01;31:*.esd=01;31:*.jpg=01;35:*.jpeg=01;35:*.mjpg=01;35:*.mjpeg=01;35:*.gif=01;35:*.bmp=01;35:*.pbm=01;35:*.pgm=01;35:*.ppm=01;35:*.tga=01;35:*.xbm=01;35:*.xpm=01;35:*.tif=01;35:*.tiff=01;35:*.png=01;35:*.svg=01;35:*.svgz=01;35:*.mng=01;35:*.pcx=01;35:*.mov=01;35:*.mpg=01;35:*.mpeg=01;35:*.m2v=01;35:*.mkv=01;35:*.webm=01;35:*.webp=01;35:*.ogm=01;35:*.mp4=01;35:*.m4v=01;35:*.mp4v=01;35:*.vob=01;35:*.qt=01;35:*.nuv=01;35:*.wmv=01;35:*.asf=01;35:*.rm=01;35:*.rmvb=01;35:*.flc=01;35:*.avi=01;35:*.fli=01;35:*.flv=01;35:*.gl=01;35:*.dl=01;35:*.xcf=01;35:*.xwd=01;35:*.yuv=01;35:*.cgm=01;35:*.emf=01;35:*.ogv=01;35:*.ogx=01;35:*.aac=00;36:*.au=00;36:*.flac=00;36:*.m4a=00;36:*.mid=00;36:*.midi=00;36:*.mka=00;36:*.mp3=00;36:*.mpc=00;36:*.ogg=00;36:*.ra=00;36:*.wav=00;36:*.oga=00;36:*.opus=00;36:*.spx=00;36:*.xspf=00;36:'), ('VSCODE_GIT_IPC_HANDLE', '/run/user/1000/vscode-git-167d3a068c.sock'), ('TERM_PROGRAM', 'vscode'), ('AMENT_PREFIX_PATH', '/home/joon/automotive_software_final/install/simulator:/home/joon/automotive_software_final/install/mission_manager:/home/joon/automotive_software_final/install/evaluation:/home/joon/automotive_software_final/install/autonomous_driving:/home/joon/automotive_software_final/install/ad_msgs:/opt/ros/humble'), ('SHELL', '/bin/bash'), ('LESSCLOSE', '/usr/bin/lesspipe %s %s'), ('VSCODE_GIT_ASKPASS_EXTRA_ARGS', ''), ('PWD', '/home/joon/automotive_software_final/build/mission_manager'), ('ENABLE_IDE_INTEGRATION', 'true'), ('XDG_DATA_DIRS', '/usr/local/share:/usr/share:/var/lib/snapd/desktop'), ('PYTHONPATH', '/home/joon/automotive_software_final/install/ad_msgs/local/lib/python3.10/dist-packages:/opt/ros/humble/lib/python3.10/site-packages:/opt/ros/humble/local/lib/python3.10/dist-packages'), ('COLCON', '1'), ('WSL2_GUI_APPS_ENABLED', '1'), ('HOSTTYPE', 'x86_64'), ('CMAKE_PREFIX_PATH', '/home/joon/automotive_software_final/install/ad_msgs:/home/joon/automotive_software_final/install/simulator:/home/joon/automotive_software_final/install/mission_manager:/home/joon/automotive_software_final/install/evaluation:/home/joon/automotive_software_final/install/autonomous_driving:/opt/ros/humble'), ('WSLENV', 'VSCODE_WSL_EXT_LOCATION/up')]), 'shell': False}
[1.077255] (simulator) JobProgress: {'identifier': 'simulator', 'progress': 'cmake'}
[1.080886] (simulator) JobProgress: {'identifier': 'simulator', 'progress': 'build'}
[1.082810] (simulator) Command: {'cmd': ['/usr/bin/cmake', '--build', '/home/joon/automotive_software_final/build/simulator', '--', '-j16', '-l16'], 'cwd': '/home/joon/automotive_software_final/build/simulator', 'env': OrderedDict([('PYTHON_BASIC_REPL', '1'), ('LESSOPEN', '| /usr/bin/lesspipe %s'), ('USER', 'joon'), ('GIT_ASKPASS', '/home/joon/.vscode-server/bin/bf9252a2fb45be6893dd8870c0bf37e2e1766d61/extensions/git/dist/askpass.sh'), ('SHLVL', '1'), ('LD_LIBRARY_PATH', '/home/joon/automotive_software_final/install/ad_msgs/lib:/usr/lib/x86_64-linux-gnu/gazebo-11/plugins:/opt/ros/humble/opt/rviz_ogre_vendor/lib:/opt/ros/humble/lib/x86_64-linux-gnu:/opt/ros/humble/lib'), ('MOTD_SHOWN', 'update-motd'), ('HOME', '/home/joon'), ('OLDPWD', '/home/joon'), ('TERM_PROGRAM_VERSION', '1.106.3'), ('VSCODE_IPC_HOOK_CLI', '/run/user/1000/vscode-ipc-0155f966-3159-4d63-89a6-b9bb8cd84403.sock'), ('ROS_PYTHON_VERSION', '3'), ('VSCODE_GIT_ASKPASS_MAIN', '/home/joon/.vscode-server/bin/bf9252a2fb45be6893dd8870c0bf37e2e1766d61/extensions/git/dist/askpass-main.js'), ('VSCODE_GIT_ASKPASS_NODE', '/home/joon/.vscode-server/bin/bf9252a2fb45be6893dd8870c0bf37e2e1766d61/node'), ('PYDEVD_DISABLE_FILE_VALIDATION', '1'), ('BUNDLED_DEBUGPY_PATH', '/home/joon/.vscode-server/extensions/ms-python.debugpy-2025.16.0-linux-x64/bundled/libs/debugpy'), ('VSCODE_PYTHON_AUTOACTIVATE_GUARD', '1'), ('DBUS_SESSION_BUS_ADDRESS', 'unix:path=/run/user/1000/bus'), ('COLORTERM', 'truecolor'), ('WSL_DISTRO_NAME', 'Ubuntu-22.04'), ('WAYLAND_DISPLAY', 'wayland-0'), ('COLCON_PREFIX_PATH', '/home/joon/automotive_software_final/install'), ('ROS_DISTRO', 'humble'), ('LOGNAME', 'joon'), ('NAME', 'Joon'), ('WSL_INTEROP', '/run/WSL/503_interop'), ('PULSE_SERVER', 'unix:/mnt/wslg/PulseServer'), ('_', '/usr/bin/colcon'), ('ROS_VERSION', '2'), ('CLAUDE_CODE_SSE_PORT', '51465'), ('TERM', 'xterm-256color'), ('ROS_LOCALHOST_ONLY', '0'), ('PATH', '/opt/ros/humble/bin:/usr/bin:/usr/bin:/home/joon/.vscode-server/data/User/globalStorage/github.copilot-chat/debugCommand:/home/joon/.vscode-server/data/User/globalStorage/github.copilot-chat/copilotCli:/home/joon/.vscode-server/bin/bf9252a2fb45be6893dd8870c0bf37e2e1766d61/bin/remote-cli:/home/joon/.local/bin:/usr/bin:/usr/bin:/usr/local/sbin:/usr/local/bin:/usr/sbin:/usr/bin:/sbin:/bin:/usr/games:/usr/local/games:/usr/lib/wsl/lib:/mnt/c/WINDOWS/system32:/mnt/c/WINDOWS:/mnt/c/WINDOWS/System32/Wbem:/mnt/c/WINDOWS/System32/WindowsPowerShell/v1.0/:/mnt/c/WINDOWS/System32/OpenSSH/:/mnt/c/Program Files/MATLAB/R2024b/bin:/mnt/c/Program Files/nodejs/:/mnt/c/Program Files/Git/cmd:/mnt/c/Users/ksyj0/AppData/Local/Programs/Python/Python312/Scripts/:/mnt/c/Users/ksyj0/AppData/Local/Programs/Python/Python312/:/mnt/c/Users/ksyj0/AppData/Local/Programs/Python/Launcher/:/mnt/c/Users/ksyj0/AppData/Local/Microsoft/WindowsApps:/mnt/c/Users/ksyj0/AppData/Local/Programs/Microsoft VS Code/bin:/mnt/c/Users/ksyj0/AppData/Roaming/npm:/mnt/c/Users/ksyj0/AppData/Local/SOOP:/mnt/c/Users/ksyj0/AppData/Local/Programs/Kiro/bin:/snap/bin:/home/joon/.vscode-server/extensions/ms-python.debugpy-2025.16.0-linux-x64/bundled/scripts/noConfigScripts'), ('XDG_RUNTIME_DIR', '/run/user/1000/'), ('DISPLAY', ':0'), ('VSCODE_DEBUGPY_ADAPTER_ENDPOINTS', '/home/joon/.vscode-server/extensions/ms-python.debugpy-2025.16.0-linux-x64/.noConfigDebugAdapterEndpoints/endpoint-5f6b0efddf9f6982.txt'), ('LANG', 'en_US.UTF-8'), ('PYTHONSTARTUP', '/home/joon/.vscode-server/data/User/workspaceStorage/6032d0949a26c1de4974618490f207f6-1/ms-python.python/pythonrc.py'), ('LS_COLORS', 'rs=0:di=01;34:ln=01;36:mh=00:pi=40;33:so=01;35:do=01;35:bd=40;33;01:cd=40;33;01:or=40;31;01:mi=00:su=37;41:sg=30;43:ca=30;41:tw=30;42:ow=34;42:st=37;44:ex=01;32:*.tar=01;31:*.tgz=01;31:*.arc=01;31:*.arj=01;31:*.taz=01;31:*.lha=01;31:*.lz4=01;31:*.lzh=01;31:*.lzma=01;31:*.tlz=01;31:*.txz=01;31:*.tzo=01;31:*.t7z=01;31:*.zip=01;31:*.z=01;31:*.dz=01;31:*.gz=01;31:*.lrz=01;31:*.lz=01;31:*.lzo=01;31:*.xz=01;31:*.zst=01;31:*.tzst=01;31:*.bz2=01;31:*.bz=01;31:*.tbz=01;31:*.tbz2=01;31:*.tz=01;31:*.deb=01;31:*.rpm=01;31:*.jar=01;31:*.war=01;31:*.ear=01;31:*.sar=01;31:*.rar=01;31:*.alz=01;31:*.ace=01;31:*.zoo=01;31:*.cpio=01;31:*.7z=01;31:*.rz=01;31:*.cab=01;31:*.wim=01;31:*.swm=01;31:*.dwm=01;31:*.esd=01;31:*.jpg=01;35:*.jpeg=01;35:*.mjpg=01;35:*.mjpeg=01;35:*.gif=01;35:*.bmp=01;35:*.pbm=01;35:*.pgm=01;35:*.ppm=01;35:*.tga=01;35:*.xbm=01;35:*.xpm=01;35:*.tif=01;35:*.tiff=01;35:*.png=01;35:*.svg=01;35:*.svgz=01;35:*.mng=01;35:*.pcx=01;35:*.mov=01;35:*.mpg=01;35:*.mpeg=01;35:*.m2v=01;35:*.mkv=01;35:*.webm=01;35:*.webp=01;35:*.ogm=01;35:*.mp4=01;35:*.m4v=01;35:*.mp4v=01;35:*.vob=01;35:*.qt=01;35:*.nuv=01;35:*.wmv=01;35:*.asf=01;35:*.rm=01;35:*.rmvb=01;35:*.flc=01;35:*.avi=01;35:*.fli=01;35:*.flv=01;35:*.gl=01;35:*.dl=01;35:*.xcf=01;35:*.xwd=01;35:*.yuv=01;35:*.cgm=01;35:*.emf=01;35:*.ogv=01;35:*.ogx=01;35:*.aac=00;36:*.au=00;36:*.flac=00;36:*.m4a=00;36:*.mid=00;36:*.midi=00;36:*.mka=00;36:*.mp3=00;36:*.mpc=00;36:*.ogg=00;36:*.ra=00;36:*.wav=00;36:*.oga=00;36:*.opus=00;36:*.spx=00;36:*.xspf=00;36:'), ('VSCODE_GIT_IPC_HANDLE', '/run/user/1000/vscode-git-167d3a068c.sock'), ('TERM_PROGRAM', 'vscode'), ('AMENT_PREFIX_PATH', '/home/joon/automotive_software_final/install/simulator:/home/joon/automotive_software_final/install/mission_manager:/home/joon/automotive_software_final/install/evaluation:/home/joon/automotive_software_final/install/autonomous_driving:/home/joon/automotive_software_final/install/ad_msgs:/opt/ros/humble'), ('SHELL', '/bin/bash'), ('LESSCLOSE', '/usr/bin/lesspipe %s %s'), ('VSCODE_GIT_ASKPASS_EXTRA_ARGS', ''), ('PWD', '/home/joon/automotive_software_final/build/simulator'), ('ENABLE_IDE_INTEGRATION', 'true'), ('XDG_DATA_DIRS', '/usr/local/share:/usr/share:/var/lib/snapd/desktop'), ('PYTHONPATH', '/home/joon/automotive_software_final/install/ad_msgs/local/lib/python3.10/dist-packages:/opt/ros/humble/lib/python3.10/site-packages:/opt/ros/humble/local/lib/python3.10/dist-packages'), ('COLCON', '1'), ('WSL2_GUI_APPS_ENABLED', '1'), ('HOSTTYPE', 'x86_64'), ('CMAKE_PREFIX_PATH', '/home/joon/automotive_software_final/install/ad_msgs:/home/joon/automotive_software_final/install/simulator:/home/joon/automotive_software_final/install/mission_manager:/home/joon/automotive_software_final/install/evaluation:/home/joon/automotive_software_final/install/autonomous_driving:/opt/ros/humble'), ('WSLENV', 'VSCODE_WSL_EXT_LOCATION/up')]), 'shell': False}
[1.100884] (-) TimerEvent: {}
[1.173471] (autonomous_driving) StdoutLine: {'line': b'\x1b[35m\x1b[1mConsolidate compiler generated dependencies of target autonomous_driving\x1b[0m\n'}
[1.201025] (-) TimerEvent: {}
[1.253458] (autonomous_driving) StdoutLine: {'line': b'[ 33%] \x1b[32mBuilding CXX object CMakeFiles/autonomous_driving.dir/src/lane_processor.cpp.o\x1b[0m\n'}
[1.255376] (simulator) StdoutLine: {'line': b'[ 28%] Built target display\n'}
[1.259364] (simulator) StdoutLine: {'line': b'[ 71%] Built target lane_detection\n'}
[1.261382] (simulator) StdoutLine: {'line': b'[100%] Built target vehicle\n'}
[1.264239] (evaluation) StdoutLine: {'line': b'[100%] Built target evaluation\n'}
[1.264761] (mission_manager) StdoutLine: {'line': b'[100%] Built target mission_manager\n'}
[1.279238] (evaluation) CommandEnded: {'returncode': 0}
[1.281510] (evaluation) JobProgress: {'identifier': 'evaluation', 'progress': 'install'}
[1.288396] (evaluation) Command: {'cmd': ['/usr/bin/cmake', '--install', '/home/joon/automotive_software_final/build/evaluation'], 'cwd': '/home/joon/automotive_software_final/build/evaluation', 'env': OrderedDict([('PYTHON_BASIC_REPL', '1'), ('LESSOPEN', '| /usr/bin/lesspipe %s'), ('USER', 'joon'), ('GIT_ASKPASS', '/home/joon/.vscode-server/bin/bf9252a2fb45be6893dd8870c0bf37e2e1766d61/extensions/git/dist/askpass.sh'), ('SHLVL', '1'), ('LD_LIBRARY_PATH', '/home/joon/automotive_software_final/install/ad_msgs/lib:/usr/lib/x86_64-linux-gnu/gazebo-11/plugins:/opt/ros/humble/opt/rviz_ogre_vendor/lib:/opt/ros/humble/lib/x86_64-linux-gnu:/opt/ros/humble/lib'), ('MOTD_SHOWN', 'update-motd'), ('HOME', '/home/joon'), ('OLDPWD', '/home/joon'), ('TERM_PROGRAM_VERSION', '1.106.3'), ('VSCODE_IPC_HOOK_CLI', '/run/user/1000/vscode-ipc-0155f966-3159-4d63-89a6-b9bb8cd84403.sock'), ('ROS_PYTHON_VERSION', '3'), ('VSCODE_GIT_ASKPASS_MAIN', '/home/joon/.vscode-server/bin/bf9252a2fb45be6893dd8870c0bf37e2e1766d61/extensions/git/dist/askpass-main.js'), ('VSCODE_GIT_ASKPASS_NODE', '/home/joon/.vscode-server/bin/bf9252a2fb45be6893dd8870c0bf37e2e1766d61/node'), ('PYDEVD_DISABLE_FILE_VALIDATION', '1'), ('BUNDLED_DEBUGPY_PATH', '/home/joon/.vscode-server/extensions/ms-python.debugpy-2025.16.0-linux-x64/bundled/libs/debugpy'), ('VSCODE_PYTHON_AUTOACTIVATE_GUARD', '1'), ('DBUS_SESSION_BUS_ADDRESS', 'unix:path=/run/user/1000/bus'), ('COLORTERM', 'truecolor'), ('WSL_DISTRO_NAME', 'Ubuntu-22.04'), ('WAYLAND_DISPLAY', 'wayland-0'), ('COLCON_PREFIX_PATH', '/home/joon/automotive_software_final/install'), ('ROS_DISTRO', 'humble'), ('LOGNAME', 'joon'), ('NAME', 'Joon'), ('WSL_INTEROP', '/run/WSL/503_interop'), ('PULSE_SERVER', 'unix:/mnt/wslg/PulseServer'), ('_', '/usr/bin/colcon'), ('ROS_VERSION', '2'), ('CLAUDE_CODE_SSE_PORT', '51465'), ('TERM', 'xterm-256color'), ('ROS_LOCALHOST_ONLY', '0'), ('PATH', '/opt/ros/humble/bin:/usr/bin:/usr/bin:/home/joon/.vscode-server/data/User/globalStorage/github.copilot-chat/debugCommand:/home/joon/.vscode-server/data/User/globalStorage/github.copilot-chat/copilotCli:/home/joon/.vscode-server/bin/bf9252a2fb45be6893dd8870c0bf37e2e1766d61/bin/remote-cli:/home/joon/.local/bin:/usr/bin:/usr/bin:/usr/local/sbin:/usr/local/bin:/usr/sbin:/usr/bin:/sbin:/bin:/usr/games:/usr/local/games:/usr/lib/wsl/lib:/mnt/c/WINDOWS/system32:/mnt/c/WINDOWS:/mnt/c/WINDOWS/System32/Wbem:/mnt/c/WINDOWS/System32/WindowsPowerShell/v1.0/:/mnt/c/WINDOWS/System32/OpenSSH/:/mnt/c/Program Files/MATLAB/R2024b/bin:/mnt/c/Program Files/nodejs/:/mnt/c/Program Files/Git/cmd:/mnt/c/Users/ksyj0/AppData/Local/Programs/Python/Python312/Scripts/:/mnt/c/Users/ksyj0/AppData/Local/Programs/Python/Python312/:/mnt/c/Users/ksyj0/AppData/Local/Programs/Python/Launcher/:/mnt/c/Users/ksyj0/AppData/Local/Microsoft/WindowsApps:/mnt/c/Users/ksyj0/AppData/Local/Programs/Microsoft VS Code/bin:/mnt/c/Users/ksyj0/AppData/Roaming/npm:/mnt/c/Users/ksyj0/AppData/Local/SOOP:/mnt/c/Users/ksyj0/AppData/Local/Programs/Kiro/bin:/snap/bin:/home/joon/.vscode-server/extensions/ms-python.debugpy-2025.16.0-linux-x64/bundled/scripts/noConfigScripts'), ('XDG_RUNTIME_DIR', '/run/user/1000/'), ('DISPLAY', ':0'), ('VSCODE_DEBUGPY_ADAPTER_ENDPOINTS', '/home/joon/.vscode-server/extensions/ms-python.debugpy-2025.16.0-linux-x64/.noConfigDebugAdapterEndpoints/endpoint-5f6b0efddf9f6982.txt'), ('LANG', 'en_US.UTF-8'), ('PYTHONSTARTUP', '/home/joon/.vscode-server/data/User/workspaceStorage/6032d0949a26c1de4974618490f207f6-1/ms-python.python/pythonrc.py'), ('LS_COLORS', 'rs=0:di=01;34:ln=01;36:mh=00:pi=40;33:so=01;35:do=01;35:bd=40;33;01:cd=40;33;01:or=40;31;01:mi=00:su=37;41:sg=30;43:ca=30;41:tw=30;42:ow=34;42:st=37;44:ex=01;32:*.tar=01;31:*.tgz=01;31:*.arc=01;31:*.arj=01;31:*.taz=01;31:*.lha=01;31:*.lz4=01;31:*.lzh=01;31:*.lzma=01;31:*.tlz=01;31:*.txz=01;31:*.tzo=01;31:*.t7z=01;31:*.zip=01;31:*.z=01;31:*.dz=01;31:*.gz=01;31:*.lrz=01;31:*.lz=01;31:*.lzo=01;31:*.xz=01;31:*.zst=01;31:*.tzst=01;31:*.bz2=01;31:*.bz=01;31:*.tbz=01;31:*.tbz2=01;31:*.tz=01;31:*.deb=01;31:*.rpm=01;31:*.jar=01;31:*.war=01;31:*.ear=01;31:*.sar=01;31:*.rar=01;31:*.alz=01;31:*.ace=01;31:*.zoo=01;31:*.cpio=01;31:*.7z=01;31:*.rz=01;31:*.cab=01;31:*.wim=01;31:*.swm=01;31:*.dwm=01;31:*.esd=01;31:*.jpg=01;35:*.jpeg=01;35:*.mjpg=01;35:*.mjpeg=01;35:*.gif=01;35:*.bmp=01;35:*.pbm=01;35:*.pgm=01;35:*.ppm=01;35:*.tga=01;35:*.xbm=01;35:*.xpm=01;35:*.tif=01;35:*.tiff=01;35:*.png=01;35:*.svg=01;35:*.svgz=01;35:*.mng=01;35:*.pcx=01;35:*.mov=01;35:*.mpg=01;35:*.mpeg=01;35:*.m2v=01;35:*.mkv=01;35:*.webm=01;35:*.webp=01;35:*.ogm=01;35:*.mp4=01;35:*.m4v=01;35:*.mp4v=01;35:*.vob=01;35:*.qt=01;35:*.nuv=01;35:*.wmv=01;35:*.asf=01;35:*.rm=01;35:*.rmvb=01;35:*.flc=01;35:*.avi=01;35:*.fli=01;35:*.flv=01;35:*.gl=01;35:*.dl=01;35:*.xcf=01;35:*.xwd=01;35:*.yuv=01;35:*.cgm=01;35:*.emf=01;35:*.ogv=01;35:*.ogx=01;35:*.aac=00;36:*.au=00;36:*.flac=00;36:*.m4a=00;36:*.mid=00;36:*.midi=00;36:*.mka=00;36:*.mp3=00;36:*.mpc=00;36:*.ogg=00;36:*.ra=00;36:*.wav=00;36:*.oga=00;36:*.opus=00;36:*.spx=00;36:*.xspf=00;36:'), ('VSCODE_GIT_IPC_HANDLE', '/run/user/1000/vscode-git-167d3a068c.sock'), ('TERM_PROGRAM', 'vscode'), ('AMENT_PREFIX_PATH', '/home/joon/automotive_software_final/install/simulator:/home/joon/automotive_software_final/install/mission_manager:/home/joon/automotive_software_final/install/evaluation:/home/joon/automotive_software_final/install/autonomous_driving:/home/joon/automotive_software_final/install/ad_msgs:/opt/ros/humble'), ('SHELL', '/bin/bash'), ('LESSCLOSE', '/usr/bin/lesspipe %s %s'), ('VSCODE_GIT_ASKPASS_EXTRA_ARGS', ''), ('PWD', '/home/joon/automotive_software_final/build/evaluation'), ('ENABLE_IDE_INTEGRATION', 'true'), ('XDG_DATA_DIRS', '/usr/local/share:/usr/share:/var/lib/snapd/desktop'), ('PYTHONPATH', '/home/joon/automotive_software_final/install/ad_msgs/local/lib/python3.10/dist-packages:/opt/ros/humble/lib/python3.10/site-packages:/opt/ros/humble/local/lib/python3.10/dist-packages'), ('COLCON', '1'), ('WSL2_GUI_APPS_ENABLED', '1'), ('HOSTTYPE', 'x86_64'), ('CMAKE_PREFIX_PATH', '/home/joon/automotive_software_final/install/ad_msgs:/home/joon/automotive_software_final/install/simulator:/home/joon/automotive_software_final/install/mission_manager:/home/joon/automotive_software_final/install/evaluation:/home/joon/automotive_software_final/install/autonomous_driving:/opt/ros/humble'), ('WSLENV', 'VSCODE_WSL_EXT_LOCATION/up')]), 'shell': False}
[1.290090] (mission_manager) CommandEnded: {'returncode': 0}
[1.292127] (mission_manager) JobProgress: {'identifier': 'mission_manager', 'progress': 'install'}
[1.292544] (mission_manager) Command: {'cmd': ['/usr/bin/cmake', '--install', '/home/joon/automotive_software_final/build/mission_manager'], 'cwd': '/home/joon/automotive_software_final/build/mission_manager', 'env': OrderedDict([('PYTHON_BASIC_REPL', '1'), ('LESSOPEN', '| /usr/bin/lesspipe %s'), ('USER', 'joon'), ('GIT_ASKPASS', '/home/joon/.vscode-server/bin/bf9252a2fb45be6893dd8870c0bf37e2e1766d61/extensions/git/dist/askpass.sh'), ('SHLVL', '1'), ('LD_LIBRARY_PATH', '/home/joon/automotive_software_final/install/ad_msgs/lib:/usr/lib/x86_64-linux-gnu/gazebo-11/plugins:/opt/ros/humble/opt/rviz_ogre_vendor/lib:/opt/ros/humble/lib/x86_64-linux-gnu:/opt/ros/humble/lib'), ('MOTD_SHOWN', 'update-motd'), ('HOME', '/home/joon'), ('OLDPWD', '/home/joon'), ('TERM_PROGRAM_VERSION', '1.106.3'), ('VSCODE_IPC_HOOK_CLI', '/run/user/1000/vscode-ipc-0155f966-3159-4d63-89a6-b9bb8cd84403.sock'), ('ROS_PYTHON_VERSION', '3'), ('VSCODE_GIT_ASKPASS_MAIN', '/home/joon/.vscode-server/bin/bf9252a2fb45be6893dd8870c0bf37e2e1766d61/extensions/git/dist/askpass-main.js'), ('VSCODE_GIT_ASKPASS_NODE', '/home/joon/.vscode-server/bin/bf9252a2fb45be6893dd8870c0bf37e2e1766d61/node'), ('PYDEVD_DISABLE_FILE_VALIDATION', '1'), ('BUNDLED_DEBUGPY_PATH', '/home/joon/.vscode-server/extensions/ms-python.debugpy-2025.16.0-linux-x64/bundled/libs/debugpy'), ('VSCODE_PYTHON_AUTOACTIVATE_GUARD', '1'), ('DBUS_SESSION_BUS_ADDRESS', 'unix:path=/run/user/1000/bus'), ('COLORTERM', 'truecolor'), ('WSL_DISTRO_NAME', 'Ubuntu-22.04'), ('WAYLAND_DISPLAY', 'wayland-0'), ('COLCON_PREFIX_PATH', '/home/joon/automotive_software_final/install'), ('ROS_DISTRO', 'humble'), ('LOGNAME', 'joon'), ('NAME', 'Joon'), ('WSL_INTEROP', '/run/WSL/503_interop'), ('PULSE_SERVER', 'unix:/mnt/wslg/PulseServer'), ('_', '/usr/bin/colcon'), ('ROS_VERSION', '2'), ('CLAUDE_CODE_SSE_PORT', '51465'), ('TERM', 'xterm-256color'), ('ROS_LOCALHOST_ONLY', '0'), ('PATH', '/opt/ros/humble/bin:/usr/bin:/usr/bin:/home/joon/.vscode-server/data/User/globalStorage/github.copilot-chat/debugCommand:/home/joon/.vscode-server/data/User/globalStorage/github.copilot-chat/copilotCli:/home/joon/.vscode-server/bin/bf9252a2fb45be6893dd8870c0bf37e2e1766d61/bin/remote-cli:/home/joon/.local/bin:/usr/bin:/usr/bin:/usr/local/sbin:/usr/local/bin:/usr/sbin:/usr/bin:/sbin:/bin:/usr/games:/usr/local/games:/usr/lib/wsl/lib:/mnt/c/WINDOWS/system32:/mnt/c/WINDOWS:/mnt/c/WINDOWS/System32/Wbem:/mnt/c/WINDOWS/System32/WindowsPowerShell/v1.0/:/mnt/c/WINDOWS/System32/OpenSSH/:/mnt/c/Program Files/MATLAB/R2024b/bin:/mnt/c/Program Files/nodejs/:/mnt/c/Program Files/Git/cmd:/mnt/c/Users/ksyj0/AppData/Local/Programs/Python/Python312/Scripts/:/mnt/c/Users/ksyj0/AppData/Local/Programs/Python/Python312/:/mnt/c/Users/ksyj0/AppData/Local/Programs/Python/Launcher/:/mnt/c/Users/ksyj0/AppData/Local/Microsoft/WindowsApps:/mnt/c/Users/ksyj0/AppData/Local/Programs/Microsoft VS Code/bin:/mnt/c/Users/ksyj0/AppData/Roaming/npm:/mnt/c/Users/ksyj0/AppData/Local/SOOP:/mnt/c/Users/ksyj0/AppData/Local/Programs/Kiro/bin:/snap/bin:/home/joon/.vscode-server/extensions/ms-python.debugpy-2025.16.0-linux-x64/bundled/scripts/noConfigScripts'), ('XDG_RUNTIME_DIR', '/run/user/1000/'), ('DISPLAY', ':0'), ('VSCODE_DEBUGPY_ADAPTER_ENDPOINTS', '/home/joon/.vscode-server/extensions/ms-python.debugpy-2025.16.0-linux-x64/.noConfigDebugAdapterEndpoints/endpoint-5f6b0efddf9f6982.txt'), ('LANG', 'en_US.UTF-8'), ('PYTHONSTARTUP', '/home/joon/.vscode-server/data/User/workspaceStorage/6032d0949a26c1de4974618490f207f6-1/ms-python.python/pythonrc.py'), ('LS_COLORS', 'rs=0:di=01;34:ln=01;36:mh=00:pi=40;33:so=01;35:do=01;35:bd=40;33;01:cd=40;33;01:or=40;31;01:mi=00:su=37;41:sg=30;43:ca=30;41:tw=30;42:ow=34;42:st=37;44:ex=01;32:*.tar=01;31:*.tgz=01;31:*.arc=01;31:*.arj=01;31:*.taz=01;31:*.lha=01;31:*.lz4=01;31:*.lzh=01;31:*.lzma=01;31:*.tlz=01;31:*.txz=01;31:*.tzo=01;31:*.t7z=01;31:*.zip=01;31:*.z=01;31:*.dz=01;31:*.gz=01;31:*.lrz=01;31:*.lz=01;31:*.lzo=01;31:*.xz=01;31:*.zst=01;31:*.tzst=01;31:*.bz2=01;31:*.bz=01;31:*.tbz=01;31:*.tbz2=01;31:*.tz=01;31:*.deb=01;31:*.rpm=01;31:*.jar=01;31:*.war=01;31:*.ear=01;31:*.sar=01;31:*.rar=01;31:*.alz=01;31:*.ace=01;31:*.zoo=01;31:*.cpio=01;31:*.7z=01;31:*.rz=01;31:*.cab=01;31:*.wim=01;31:*.swm=01;31:*.dwm=01;31:*.esd=01;31:*.jpg=01;35:*.jpeg=01;35:*.mjpg=01;35:*.mjpeg=01;35:*.gif=01;35:*.bmp=01;35:*.pbm=01;35:*.pgm=01;35:*.ppm=01;35:*.tga=01;35:*.xbm=01;35:*.xpm=01;35:*.tif=01;35:*.tiff=01;35:*.png=01;35:*.svg=01;35:*.svgz=01;35:*.mng=01;35:*.pcx=01;35:*.mov=01;35:*.mpg=01;35:*.mpeg=01;35:*.m2v=01;35:*.mkv=01;35:*.webm=01;35:*.webp=01;35:*.ogm=01;35:*.mp4=01;35:*.m4v=01;35:*.mp4v=01;35:*.vob=01;35:*.qt=01;35:*.nuv=01;35:*.wmv=01;35:*.asf=01;35:*.rm=01;35:*.rmvb=01;35:*.flc=01;35:*.avi=01;35:*.fli=01;35:*.flv=01;35:*.gl=01;35:*.dl=01;35:*.xcf=01;35:*.xwd=01;35:*.yuv=01;35:*.cgm=01;35:*.emf=01;35:*.ogv=01;35:*.ogx=01;35:*.aac=00;36:*.au=00;36:*.flac=00;36:*.m4a=00;36:*.mid=00;36:*.midi=00;36:*.mka=00;36:*.mp3=00;36:*.mpc=00;36:*.ogg=00;36:*.ra=00;36:*.wav=00;36:*.oga=00;36:*.opus=00;36:*.spx=00;36:*.xspf=00;36:'), ('VSCODE_GIT_IPC_HANDLE', '/run/user/1000/vscode-git-167d3a068c.sock'), ('TERM_PROGRAM', 'vscode'), ('AMENT_PREFIX_PATH', '/home/joon/automotive_software_final/install/simulator:/home/joon/automotive_software_final/install/mission_manager:/home/joon/automotive_software_final/install/evaluation:/home/joon/automotive_software_final/install/autonomous_driving:/home/joon/automotive_software_final/install/ad_msgs:/opt/ros/humble'), ('SHELL', '/bin/bash'), ('LESSCLOSE', '/usr/bin/lesspipe %s %s'), ('VSCODE_GIT_ASKPASS_EXTRA_ARGS', ''), ('PWD', '/home/joon/automotive_software_final/build/mission_manager'), ('ENABLE_IDE_INTEGRATION', 'true'), ('XDG_DATA_DIRS', '/usr/local/share:/usr/share:/var/lib/snapd/desktop'), ('PYTHONPATH', '/home/joon/automotive_software_final/install/ad_msgs/local/lib/python3.10/dist-packages:/opt/ros/humble/lib/python3.10/site-packages:/opt/ros/humble/local/lib/python3.10/dist-packages'), ('COLCON', '1'), ('WSL2_GUI_APPS_ENABLED', '1'), ('HOSTTYPE', 'x86_64'), ('CMAKE_PREFIX_PATH', '/home/joon/automotive_software_final/install/ad_msgs:/home/joon/automotive_software_final/install/simulator:/home/joon/automotive_software_final/install/mission_manager:/home/joon/automotive_software_final/install/evaluation:/home/joon/automotive_software_final/install/autonomous_driving:/opt/ros/humble'), ('WSLENV', 'VSCODE_WSL_EXT_LOCATION/up')]), 'shell': False}
[1.294646] (evaluation) StdoutLine: {'line': b'-- Install configuration: ""\n'}
[1.295347] (evaluation) StdoutLine: {'line': b'-- Execute custom install script\n'}
[1.295804] (evaluation) StdoutLine: {'line': b'-- Up-to-date symlink: /home/joon/automotive_software_final/install/evaluation/lib/evaluation/evaluation\n'}
[1.296501] (simulator) CommandEnded: {'returncode': 0}
[1.297645] (evaluation) StdoutLine: {'line': b'-- Up-to-date symlink: /home/joon/automotive_software_final/install/evaluation/share/evaluation/launch/evaluation.launch.xml\n'}
[1.297907] (evaluation) StdoutLine: {'line': b'-- Up-to-date symlink: /home/joon/automotive_software_final/install/evaluation/share/evaluation/launch/evaluation.launch.xml:Zone.Identifier\n'}
[1.298340] (evaluation) StdoutLine: {'line': b'-- Up-to-date symlink: /home/joon/automotive_software_final/install/evaluation/share/ament_index/resource_index/package_run_dependencies/evaluation\n'}
[1.299298] (evaluation) StdoutLine: {'line': b'-- Up-to-date symlink: /home/joon/automotive_software_final/install/evaluation/share/ament_index/resource_index/parent_prefix_path/evaluation\n'}
[1.302068] (-) TimerEvent: {}
[1.303873] (evaluation) StdoutLine: {'line': b'-- Up-to-date symlink: /home/joon/automotive_software_final/install/evaluation/share/evaluation/environment/ament_prefix_path.sh\n'}
[1.304735] (evaluation) StdoutLine: {'line': b'-- Up-to-date symlink: /home/joon/automotive_software_final/install/evaluation/share/evaluation/environment/ament_prefix_path.dsv\n'}
[1.304920] (evaluation) StdoutLine: {'line': b'-- Up-to-date symlink: /home/joon/automotive_software_final/install/evaluation/share/evaluation/environment/path.sh\n'}
[1.305010] (evaluation) StdoutLine: {'line': b'-- Up-to-date symlink: /home/joon/automotive_software_final/install/evaluation/share/evaluation/environment/path.dsv\n'}
[1.305077] (evaluation) StdoutLine: {'line': b'-- Up-to-date symlink: /home/joon/automotive_software_final/install/evaluation/share/evaluation/local_setup.bash\n'}
[1.305140] (evaluation) StdoutLine: {'line': b'-- Up-to-date symlink: /home/joon/automotive_software_final/install/evaluation/share/evaluation/local_setup.sh\n'}
[1.305202] (evaluation) StdoutLine: {'line': b'-- Up-to-date symlink: /home/joon/automotive_software_final/install/evaluation/share/evaluation/local_setup.zsh\n'}
[1.305266] (simulator) JobProgress: {'identifier': 'simulator', 'progress': 'install'}
[1.305291] (evaluation) StdoutLine: {'line': b'-- Up-to-date symlink: /home/joon/automotive_software_final/install/evaluation/share/evaluation/local_setup.dsv\n'}
[1.305360] (simulator) Command: {'cmd': ['/usr/bin/cmake', '--install', '/home/joon/automotive_software_final/build/simulator'], 'cwd': '/home/joon/automotive_software_final/build/simulator', 'env': OrderedDict([('PYTHON_BASIC_REPL', '1'), ('LESSOPEN', '| /usr/bin/lesspipe %s'), ('USER', 'joon'), ('GIT_ASKPASS', '/home/joon/.vscode-server/bin/bf9252a2fb45be6893dd8870c0bf37e2e1766d61/extensions/git/dist/askpass.sh'), ('SHLVL', '1'), ('LD_LIBRARY_PATH', '/home/joon/automotive_software_final/install/ad_msgs/lib:/usr/lib/x86_64-linux-gnu/gazebo-11/plugins:/opt/ros/humble/opt/rviz_ogre_vendor/lib:/opt/ros/humble/lib/x86_64-linux-gnu:/opt/ros/humble/lib'), ('MOTD_SHOWN', 'update-motd'), ('HOME', '/home/joon'), ('OLDPWD', '/home/joon'), ('TERM_PROGRAM_VERSION', '1.106.3'), ('VSCODE_IPC_HOOK_CLI', '/run/user/1000/vscode-ipc-0155f966-3159-4d63-89a6-b9bb8cd84403.sock'), ('ROS_PYTHON_VERSION', '3'), ('VSCODE_GIT_ASKPASS_MAIN', '/home/joon/.vscode-server/bin/bf9252a2fb45be6893dd8870c0bf37e2e1766d61/extensions/git/dist/askpass-main.js'), ('VSCODE_GIT_ASKPASS_NODE', '/home/joon/.vscode-server/bin/bf9252a2fb45be6893dd8870c0bf37e2e1766d61/node'), ('PYDEVD_DISABLE_FILE_VALIDATION', '1'), ('BUNDLED_DEBUGPY_PATH', '/home/joon/.vscode-server/extensions/ms-python.debugpy-2025.16.0-linux-x64/bundled/libs/debugpy'), ('VSCODE_PYTHON_AUTOACTIVATE_GUARD', '1'), ('DBUS_SESSION_BUS_ADDRESS', 'unix:path=/run/user/1000/bus'), ('COLORTERM', 'truecolor'), ('WSL_DISTRO_NAME', 'Ubuntu-22.04'), ('WAYLAND_DISPLAY', 'wayland-0'), ('COLCON_PREFIX_PATH', '/home/joon/automotive_software_final/install'), ('ROS_DISTRO', 'humble'), ('LOGNAME', 'joon'), ('NAME', 'Joon'), ('WSL_INTEROP', '/run/WSL/503_interop'), ('PULSE_SERVER', 'unix:/mnt/wslg/PulseServer'), ('_', '/usr/bin/colcon'), ('ROS_VERSION', '2'), ('CLAUDE_CODE_SSE_PORT', '51465'), ('TERM', 'xterm-256color'), ('ROS_LOCALHOST_ONLY', '0'), ('PATH', '/opt/ros/humble/bin:/usr/bin:/usr/bin:/home/joon/.vscode-server/data/User/globalStorage/github.copilot-chat/debugCommand:/home/joon/.vscode-server/data/User/globalStorage/github.copilot-chat/copilotCli:/home/joon/.vscode-server/bin/bf9252a2fb45be6893dd8870c0bf37e2e1766d61/bin/remote-cli:/home/joon/.local/bin:/usr/bin:/usr/bin:/usr/local/sbin:/usr/local/bin:/usr/sbin:/usr/bin:/sbin:/bin:/usr/games:/usr/local/games:/usr/lib/wsl/lib:/mnt/c/WINDOWS/system32:/mnt/c/WINDOWS:/mnt/c/WINDOWS/System32/Wbem:/mnt/c/WINDOWS/System32/WindowsPowerShell/v1.0/:/mnt/c/WINDOWS/System32/OpenSSH/:/mnt/c/Program Files/MATLAB/R2024b/bin:/mnt/c/Program Files/nodejs/:/mnt/c/Program Files/Git/cmd:/mnt/c/Users/ksyj0/AppData/Local/Programs/Python/Python312/Scripts/:/mnt/c/Users/ksyj0/AppData/Local/Programs/Python/Python312/:/mnt/c/Users/ksyj0/AppData/Local/Programs/Python/Launcher/:/mnt/c/Users/ksyj0/AppData/Local/Microsoft/WindowsApps:/mnt/c/Users/ksyj0/AppData/Local/Programs/Microsoft VS Code/bin:/mnt/c/Users/ksyj0/AppData/Roaming/npm:/mnt/c/Users/ksyj0/AppData/Local/SOOP:/mnt/c/Users/ksyj0/AppData/Local/Programs/Kiro/bin:/snap/bin:/home/joon/.vscode-server/extensions/ms-python.debugpy-2025.16.0-linux-x64/bundled/scripts/noConfigScripts'), ('XDG_RUNTIME_DIR', '/run/user/1000/'), ('DISPLAY', ':0'), ('VSCODE_DEBUGPY_ADAPTER_ENDPOINTS', '/home/joon/.vscode-server/extensions/ms-python.debugpy-2025.16.0-linux-x64/.noConfigDebugAdapterEndpoints/endpoint-5f6b0efddf9f6982.txt'), ('LANG', 'en_US.UTF-8'), ('PYTHONSTARTUP', '/home/joon/.vscode-server/data/User/workspaceStorage/6032d0949a26c1de4974618490f207f6-1/ms-python.python/pythonrc.py'), ('LS_COLORS', 'rs=0:di=01;34:ln=01;36:mh=00:pi=40;33:so=01;35:do=01;35:bd=40;33;01:cd=40;33;01:or=40;31;01:mi=00:su=37;41:sg=30;43:ca=30;41:tw=30;42:ow=34;42:st=37;44:ex=01;32:*.tar=01;31:*.tgz=01;31:*.arc=01;31:*.arj=01;31:*.taz=01;31:*.lha=01;31:*.lz4=01;31:*.lzh=01;31:*.lzma=01;31:*.tlz=01;31:*.txz=01;31:*.tzo=01;31:*.t7z=01;31:*.zip=01;31:*.z=01;31:*.dz=01;31:*.gz=01;31:*.lrz=01;31:*.lz=01;31:*.lzo=01;31:*.xz=01;31:*.zst=01;31:*.tzst=01;31:*.bz2=01;31:*.bz=01;31:*.tbz=01;31:*.tbz2=01;31:*.tz=01;31:*.deb=01;31:*.rpm=01;31:*.jar=01;31:*.war=01;31:*.ear=01;31:*.sar=01;31:*.rar=01;31:*.alz=01;31:*.ace=01;31:*.zoo=01;31:*.cpio=01;31:*.7z=01;31:*.rz=01;31:*.cab=01;31:*.wim=01;31:*.swm=01;31:*.dwm=01;31:*.esd=01;31:*.jpg=01;35:*.jpeg=01;35:*.mjpg=01;35:*.mjpeg=01;35:*.gif=01;35:*.bmp=01;35:*.pbm=01;35:*.pgm=01;35:*.ppm=01;35:*.tga=01;35:*.xbm=01;35:*.xpm=01;35:*.tif=01;35:*.tiff=01;35:*.png=01;35:*.svg=01;35:*.svgz=01;35:*.mng=01;35:*.pcx=01;35:*.mov=01;35:*.mpg=01;35:*.mpeg=01;35:*.m2v=01;35:*.mkv=01;35:*.webm=01;35:*.webp=01;35:*.ogm=01;35:*.mp4=01;35:*.m4v=01;35:*.mp4v=01;35:*.vob=01;35:*.qt=01;35:*.nuv=01;35:*.wmv=01;35:*.asf=01;35:*.rm=01;35:*.rmvb=01;35:*.flc=01;35:*.avi=01;35:*.fli=01;35:*.flv=01;35:*.gl=01;35:*.dl=01;35:*.xcf=01;35:*.xwd=01;35:*.yuv=01;35:*.cgm=01;35:*.emf=01;35:*.ogv=01;35:*.ogx=01;35:*.aac=00;36:*.au=00;36:*.flac=00;36:*.m4a=00;36:*.mid=00;36:*.midi=00;36:*.mka=00;36:*.mp3=00;36:*.mpc=00;36:*.ogg=00;36:*.ra=00;36:*.wav=00;36:*.oga=00;36:*.opus=00;36:*.spx=00;36:*.xspf=00;36:'), ('VSCODE_GIT_IPC_HANDLE', '/run/user/1000/vscode-git-167d3a068c.sock'), ('TERM_PROGRAM', 'vscode'), ('AMENT_PREFIX_PATH', '/home/joon/automotive_software_final/install/simulator:/home/joon/automotive_software_final/install/mission_manager:/home/joon/automotive_software_final/install/evaluation:/home/joon/automotive_software_final/install/autonomous_driving:/home/joon/automotive_software_final/install/ad_msgs:/opt/ros/humble'), ('SHELL', '/bin/bash'), ('LESSCLOSE', '/usr/bin/lesspipe %s %s'), ('VSCODE_GIT_ASKPASS_EXTRA_ARGS', ''), ('PWD', '/home/joon/automotive_software_final/build/simulator'), ('ENABLE_IDE_INTEGRATION', 'true'), ('XDG_DATA_DIRS', '/usr/local/share:/usr/share:/var/lib/snapd/desktop'), ('PYTHONPATH', '/home/joon/automotive_software_final/install/ad_msgs/local/lib/python3.10/dist-packages:/opt/ros/humble/lib/python3.10/site-packages:/opt/ros/humble/local/lib/python3.10/dist-packages'), ('COLCON', '1'), ('WSL2_GUI_APPS_ENABLED', '1'), ('HOSTTYPE', 'x86_64'), ('CMAKE_PREFIX_PATH', '/home/joon/automotive_software_final/install/ad_msgs:/home/joon/automotive_software_final/install/simulator:/home/joon/automotive_software_final/install/mission_manager:/home/joon/automotive_software_final/install/evaluation:/home/joon/automotive_software_final/install/autonomous_driving:/opt/ros/humble'), ('WSLENV', 'VSCODE_WSL_EXT_LOCATION/up')]), 'shell': False}
[1.305843] (evaluation) StdoutLine: {'line': b'-- Symlinking: /home/joon/automotive_software_final/install/evaluation/share/evaluation/package.dsv\n'}
[1.306232] (mission_manager) StdoutLine: {'line': b'-- Install configuration: ""\n'}
[1.308122] (mission_manager) StdoutLine: {'line': b'-- Execute custom install script\n'}
[1.309683] (mission_manager) StdoutLine: {'line': b'-- Up-to-date symlink: /home/joon/automotive_software_final/install/mission_manager/lib/mission_manager/mission_manager\n'}
[1.310863] (mission_manager) StdoutLine: {'line': b'-- Up-to-date symlink: /home/joon/automotive_software_final/install/mission_manager/share/mission_manager/launch/mission_manager.launch.xml\n'}
[1.311291] (mission_manager) StdoutLine: {'line': b'-- Up-to-date symlink: /home/joon/automotive_software_final/install/mission_manager/share/mission_manager/launch/mission_manager.launch.xml:Zone.Identifier\n'}
[1.311632] (mission_manager) StdoutLine: {'line': b'-- Up-to-date symlink: /home/joon/automotive_software_final/install/mission_manager/share/ament_index/resource_index/package_run_dependencies/mission_manager\n'}
[1.311950] (mission_manager) StdoutLine: {'line': b'-- Up-to-date symlink: /home/joon/automotive_software_final/install/mission_manager/share/ament_index/resource_index/parent_prefix_path/mission_manager\n'}
[1.312286] (mission_manager) StdoutLine: {'line': b'-- Up-to-date symlink: /home/joon/automotive_software_final/install/mission_manager/share/mission_manager/environment/ament_prefix_path.sh\n'}
[1.312831] (mission_manager) StdoutLine: {'line': b'-- Up-to-date symlink: /home/joon/automotive_software_final/install/mission_manager/share/mission_manager/environment/ament_prefix_path.dsv\n'}
[1.313055] (simulator) StdoutLine: {'line': b'-- Install configuration: ""\n'}
[1.313357] (mission_manager) StdoutLine: {'line': b'-- Up-to-date symlink: /home/joon/automotive_software_final/install/mission_manager/share/mission_manager/environment/path.sh\n'}
[1.313886] (mission_manager) StdoutLine: {'line': b'-- Up-to-date symlink: /home/joon/automotive_software_final/install/mission_manager/share/mission_manager/environment/path.dsv\n'}
[1.314081] (mission_manager) StdoutLine: {'line': b'-- Up-to-date symlink: /home/joon/automotive_software_final/install/mission_manager/share/mission_manager/local_setup.bash\n'}
[1.321590] (simulator) StdoutLine: {'line': b'-- Execute custom install script\n'}
[1.322334] (simulator) StdoutLine: {'line': b'-- Up-to-date symlink: /home/joon/automotive_software_final/install/simulator/lib/simulator/vehicle\n'}
[1.322783] (mission_manager) StdoutLine: {'line': b'-- Up-to-date symlink: /home/joon/automotive_software_final/install/mission_manager/share/mission_manager/local_setup.sh\n'}
[1.323013] (mission_manager) StdoutLine: {'line': b'-- Up-to-date symlink: /home/joon/automotive_software_final/install/mission_manager/share/mission_manager/local_setup.zsh\n'}
[1.323245] (mission_manager) StdoutLine: {'line': b'-- Up-to-date symlink: /home/joon/automotive_software_final/install/mission_manager/share/mission_manager/local_setup.dsv\n'}
[1.323431] (mission_manager) StdoutLine: {'line': b'-- Symlinking: /home/joon/automotive_software_final/install/mission_manager/share/mission_manager/package.dsv\n'}
[1.324336] (evaluation) StdoutLine: {'line': b'-- Up-to-date symlink: /home/joon/automotive_software_final/install/evaluation/share/ament_index/resource_index/packages/evaluation\n'}
[1.325065] (evaluation) StdoutLine: {'line': b'-- Up-to-date symlink: /home/joon/automotive_software_final/install/evaluation/share/evaluation/cmake/evaluationConfig.cmake\n'}
[1.325280] (simulator) StdoutLine: {'line': b'-- Up-to-date symlink: /home/joon/automotive_software_final/install/simulator/lib/simulator/lane_detection\n'}
[1.325497] (simulator) StdoutLine: {'line': b'-- Up-to-date symlink: /home/joon/automotive_software_final/install/simulator/lib/simulator/display\n'}
[1.325659] (evaluation) StdoutLine: {'line': b'-- Up-to-date symlink: /home/joon/automotive_software_final/install/evaluation/share/evaluation/cmake/evaluationConfig-version.cmake\n'}
[1.325826] (evaluation) StdoutLine: {'line': b'-- Up-to-date symlink: /home/joon/automotive_software_final/install/evaluation/share/evaluation/package.xml\n'}
[1.325978] (simulator) StdoutLine: {'line': b'-- Up-to-date symlink: /home/joon/automotive_software_final/install/simulator/share/simulator/launch/simulation.launch.xml\n'}
[1.326278] (simulator) StdoutLine: {'line': b'-- Up-to-date symlink: /home/joon/automotive_software_final/install/simulator/share/simulator/launch/simulation.launch.xml:Zone.Identifier\n'}
[1.326460] (simulator) StdoutLine: {'line': b'-- Up-to-date symlink: /home/joon/automotive_software_final/install/simulator/share/ament_index/resource_index/package_run_dependencies/simulator\n'}
[1.326651] (simulator) StdoutLine: {'line': b'-- Up-to-date symlink: /home/joon/automotive_software_final/install/simulator/share/ament_index/resource_index/parent_prefix_path/simulator\n'}
[1.326831] (simulator) StdoutLine: {'line': b'-- Up-to-date symlink: /home/joon/automotive_software_final/install/simulator/share/simulator/environment/ament_prefix_path.sh\n'}
[1.327009] (simulator) StdoutLine: {'line': b'-- Up-to-date symlink: /home/joon/automotive_software_final/install/simulator/share/simulator/environment/ament_prefix_path.dsv\n'}
[1.327177] (evaluation) CommandEnded: {'returncode': 0}
[1.328120] (simulator) StdoutLine: {'line': b'-- Up-to-date symlink: /home/joon/automotive_software_final/install/simulator/share/simulator/environment/path.sh\n'}
[1.328346] (simulator) StdoutLine: {'line': b'-- Up-to-date symlink: /home/joon/automotive_software_final/install/simulator/share/simulator/environment/path.dsv\n'}
[1.328543] (simulator) StdoutLine: {'line': b'-- Up-to-date symlink: /home/joon/automotive_software_final/install/simulator/share/simulator/local_setup.bash\n'}
[1.329398] (simulator) StdoutLine: {'line': b'-- Up-to-date symlink: /home/joon/automotive_software_final/install/simulator/share/simulator/local_setup.sh\n'}
[1.329556] (simulator) StdoutLine: {'line': b'-- Up-to-date symlink: /home/joon/automotive_software_final/install/simulator/share/simulator/local_setup.zsh\n'}
[1.329840] (simulator) StdoutLine: {'line': b'-- Up-to-date symlink: /home/joon/automotive_software_final/install/simulator/share/simulator/local_setup.dsv\n'}
[1.330984] (simulator) StdoutLine: {'line': b'-- Symlinking: /home/joon/automotive_software_final/install/simulator/share/simulator/package.dsv\n'}
[1.331603] (mission_manager) StdoutLine: {'line': b'-- Up-to-date symlink: /home/joon/automotive_software_final/install/mission_manager/share/ament_index/resource_index/packages/mission_manager\n'}
[1.331804] (mission_manager) StdoutLine: {'line': b'-- Up-to-date symlink: /home/joon/automotive_software_final/install/mission_manager/share/mission_manager/cmake/mission_managerConfig.cmake\n'}
[1.332146] (mission_manager) StdoutLine: {'line': b'-- Up-to-date symlink: /home/joon/automotive_software_final/install/mission_manager/share/mission_manager/cmake/mission_managerConfig-version.cmake\n'}
[1.332365] (mission_manager) StdoutLine: {'line': b'-- Up-to-date symlink: /home/joon/automotive_software_final/install/mission_manager/share/mission_manager/package.xml\n'}
[1.338297] (simulator) StdoutLine: {'line': b'-- Up-to-date symlink: /home/joon/automotive_software_final/install/simulator/share/ament_index/resource_index/packages/simulator\n'}
[1.338959] (simulator) StdoutLine: {'line': b'-- Up-to-date symlink: /home/joon/automotive_software_final/install/simulator/share/simulator/cmake/simulatorConfig.cmake\n'}
[1.340300] (simulator) StdoutLine: {'line': b'-- Up-to-date symlink: /home/joon/automotive_software_final/install/simulator/share/simulator/cmake/simulatorConfig-version.cmake\n'}
[1.340765] (simulator) StdoutLine: {'line': b'-- Up-to-date symlink: /home/joon/automotive_software_final/install/simulator/share/simulator/package.xml\n'}
[1.354447] (evaluation) JobEnded: {'identifier': 'evaluation', 'rc': 0}
[1.357460] (mission_manager) CommandEnded: {'returncode': 0}
[1.375048] (mission_manager) JobEnded: {'identifier': 'mission_manager', 'rc': 0}
[1.376212] (simulator) CommandEnded: {'returncode': 0}
[1.393242] (simulator) JobEnded: {'identifier': 'simulator', 'rc': 0}
[1.402262] (-) TimerEvent: {}
[1.502660] (-) TimerEvent: {}
[1.603117] (-) TimerEvent: {}
[1.703532] (-) TimerEvent: {}
[1.803983] (-) TimerEvent: {}
[1.904513] (-) TimerEvent: {}
[2.005144] (-) TimerEvent: {}
[2.105716] (-) TimerEvent: {}
[2.206285] (-) TimerEvent: {}
[2.306836] (-) TimerEvent: {}
[2.407566] (-) TimerEvent: {}
[2.508300] (-) TimerEvent: {}
[2.608867] (-) TimerEvent: {}
[2.709343] (-) TimerEvent: {}
[2.809860] (-) TimerEvent: {}
[2.910496] (-) TimerEvent: {}
[3.011001] (-) TimerEvent: {}
[3.111540] (-) TimerEvent: {}
[3.212051] (-) TimerEvent: {}
[3.312510] (-) TimerEvent: {}
[3.413013] (-) TimerEvent: {}
[3.513547] (-) TimerEvent: {}
[3.613941] (-) TimerEvent: {}
[3.714371] (-) TimerEvent: {}
[3.788026] (autonomous_driving) StderrLine: {'line': b'\x1b[01m\x1b[K/home/joon/automotive_software_final/src/app/autonomous_driving/src/lane_processor.cpp:\x1b[m\x1b[K In member function \xe2\x80\x98\x1b[01m\x1b[Kvoid lane_processor::LaneProcessor::GenerateEgoCenterLane(bool)\x1b[m\x1b[K\xe2\x80\x99:\n'}
[3.788640] (autonomous_driving) StderrLine: {'line': b'\x1b[01m\x1b[K/home/joon/automotive_software_final/src/app/autonomous_driving/src/lane_processor.cpp:557:48:\x1b[m\x1b[K \x1b[01;35m\x1b[Kwarning: \x1b[m\x1b[Kunused parameter \xe2\x80\x98\x1b[01m\x1b[Kshould_log\x1b[m\x1b[K\xe2\x80\x99 [\x1b[01;35m\x1b[K\x1b]8;;https://gcc.gnu.org/onlinedocs/gcc/Warning-Options.html#index-Wunused-parameter\x07-Wunused-parameter\x1b]8;;\x07\x1b[m\x1b[K]\n'}
[3.788768] (autonomous_driving) StderrLine: {'line': b'  557 | void LaneProcessor::GenerateEgoCenterLane(\x1b[01;35m\x1b[Kbool should_log\x1b[m\x1b[K) {\n'}
[3.788853] (autonomous_driving) StderrLine: {'line': b'      |                                           \x1b[01;35m\x1b[K~~~~~^~~~~~~~~~\x1b[m\x1b[K\n'}
[3.790586] (autonomous_driving) StderrLine: {'line': b'\x1b[01m\x1b[K/home/joon/automotive_software_final/src/app/autonomous_driving/src/lane_processor.cpp:\x1b[m\x1b[K In member function \xe2\x80\x98\x1b[01m\x1b[Kvoid lane_processor::LaneProcessor::FilterStoredPointsByRange(const interface::VehicleState&)\x1b[m\x1b[K\xe2\x80\x99:\n'}
[3.790758] (autonomous_driving) StderrLine: {'line': b'\x1b[01m\x1b[K/home/joon/automotive_software_final/src/app/autonomous_driving/src/lane_processor.cpp:631:78:\x1b[m\x1b[K \x1b[01;35m\x1b[Kwarning: \x1b[m\x1b[Kunused parameter \xe2\x80\x98\x1b[01m\x1b[Kvehicle_state\x1b[m\x1b[K\xe2\x80\x99 [\x1b[01;35m\x1b[K\x1b]8;;https://gcc.gnu.org/onlinedocs/gcc/Warning-Options.html#index-Wunused-parameter\x07-Wunused-parameter\x1b]8;;\x07\x1b[m\x1b[K]\n'}
[3.790838] (autonomous_driving) StderrLine: {'line': b'  631 | ocessor::FilterStoredPointsByRange(\x1b[01;35m\x1b[Kconst interface::VehicleState& vehicle_state\x1b[m\x1b[K) {\n'}
[3.790910] (autonomous_driving) StderrLine: {'line': b'      |                                    \x1b[01;35m\x1b[K~~~~~~~~~~~~~~~~~~~~~~~~~~~~~~~^~~~~~~~~~~~~\x1b[m\x1b[K\n'}
[3.790979] (autonomous_driving) StderrLine: {'line': b'\n'}
[3.814543] (-) TimerEvent: {}
[3.914968] (-) TimerEvent: {}
[4.015494] (-) TimerEvent: {}
[4.115936] (-) TimerEvent: {}
[4.216543] (-) TimerEvent: {}
[4.317573] (-) TimerEvent: {}
[4.418039] (-) TimerEvent: {}
[4.518562] (-) TimerEvent: {}
[4.619102] (-) TimerEvent: {}
[4.719614] (-) TimerEvent: {}
[4.820385] (-) TimerEvent: {}
[4.921464] (-) TimerEvent: {}
[5.021945] (-) TimerEvent: {}
[5.122381] (-) TimerEvent: {}
[5.222869] (-) TimerEvent: {}
[5.323278] (-) TimerEvent: {}
[5.423795] (-) TimerEvent: {}
[5.524271] (-) TimerEvent: {}
[5.624852] (-) TimerEvent: {}
[5.725365] (-) TimerEvent: {}
[5.825917] (-) TimerEvent: {}
[5.926570] (-) TimerEvent: {}
[6.027330] (-) TimerEvent: {}
[6.127909] (-) TimerEvent: {}
[6.228393] (-) TimerEvent: {}
[6.329253] (-) TimerEvent: {}
[6.430337] (-) TimerEvent: {}
[6.530897] (-) TimerEvent: {}
[6.631461] (-) TimerEvent: {}
[6.732837] (-) TimerEvent: {}
[6.833806] (-) TimerEvent: {}
[6.934301] (-) TimerEvent: {}
[7.034789] (-) TimerEvent: {}
[7.135420] (-) TimerEvent: {}
[7.236387] (-) TimerEvent: {}
[7.337175] (-) TimerEvent: {}
[7.437707] (-) TimerEvent: {}
[7.538188] (-) TimerEvent: {}
[7.638697] (-) TimerEvent: {}
[7.739270] (-) TimerEvent: {}
[7.839763] (-) TimerEvent: {}
[7.940272] (-) TimerEvent: {}
[8.040830] (-) TimerEvent: {}
[8.141369] (-) TimerEvent: {}
[8.241942] (-) TimerEvent: {}
[8.342396] (-) TimerEvent: {}
[8.442925] (-) TimerEvent: {}
[8.543522] (-) TimerEvent: {}
[8.644159] (-) TimerEvent: {}
[8.744640] (-) TimerEvent: {}
[8.845067] (-) TimerEvent: {}
[8.945580] (-) TimerEvent: {}
[9.046057] (-) TimerEvent: {}
[9.146527] (-) TimerEvent: {}
[9.247031] (-) TimerEvent: {}
[9.347538] (-) TimerEvent: {}
[9.448057] (-) TimerEvent: {}
[9.548519] (-) TimerEvent: {}
[9.649040] (-) TimerEvent: {}
[9.693364] (autonomous_driving) StdoutLine: {'line': b'[ 66%] \x1b[32m\x1b[1mLinking CXX executable autonomous_driving\x1b[0m\n'}
[9.749222] (-) TimerEvent: {}
[9.849731] (-) TimerEvent: {}
[9.950170] (-) TimerEvent: {}
[10.050597] (-) TimerEvent: {}
[10.151082] (-) TimerEvent: {}
[10.251543] (-) TimerEvent: {}
[10.284768] (autonomous_driving) StdoutLine: {'line': b'[100%] Built target autonomous_driving\n'}
[10.297236] (autonomous_driving) CommandEnded: {'returncode': 0}
[10.299694] (autonomous_driving) JobProgress: {'identifier': 'autonomous_driving', 'progress': 'install'}
[10.302003] (autonomous_driving) Command: {'cmd': ['/usr/bin/cmake', '--install', '/home/joon/automotive_software_final/build/autonomous_driving'], 'cwd': '/home/joon/automotive_software_final/build/autonomous_driving', 'env': OrderedDict([('PYTHON_BASIC_REPL', '1'), ('LESSOPEN', '| /usr/bin/lesspipe %s'), ('USER', 'joon'), ('GIT_ASKPASS', '/home/joon/.vscode-server/bin/bf9252a2fb45be6893dd8870c0bf37e2e1766d61/extensions/git/dist/askpass.sh'), ('SHLVL', '1'), ('LD_LIBRARY_PATH', '/home/joon/automotive_software_final/install/ad_msgs/lib:/usr/lib/x86_64-linux-gnu/gazebo-11/plugins:/opt/ros/humble/opt/rviz_ogre_vendor/lib:/opt/ros/humble/lib/x86_64-linux-gnu:/opt/ros/humble/lib'), ('MOTD_SHOWN', 'update-motd'), ('HOME', '/home/joon'), ('OLDPWD', '/home/joon'), ('TERM_PROGRAM_VERSION', '1.106.3'), ('VSCODE_IPC_HOOK_CLI', '/run/user/1000/vscode-ipc-0155f966-3159-4d63-89a6-b9bb8cd84403.sock'), ('ROS_PYTHON_VERSION', '3'), ('VSCODE_GIT_ASKPASS_MAIN', '/home/joon/.vscode-server/bin/bf9252a2fb45be6893dd8870c0bf37e2e1766d61/extensions/git/dist/askpass-main.js'), ('VSCODE_GIT_ASKPASS_NODE', '/home/joon/.vscode-server/bin/bf9252a2fb45be6893dd8870c0bf37e2e1766d61/node'), ('PYDEVD_DISABLE_FILE_VALIDATION', '1'), ('BUNDLED_DEBUGPY_PATH', '/home/joon/.vscode-server/extensions/ms-python.debugpy-2025.16.0-linux-x64/bundled/libs/debugpy'), ('VSCODE_PYTHON_AUTOACTIVATE_GUARD', '1'), ('DBUS_SESSION_BUS_ADDRESS', 'unix:path=/run/user/1000/bus'), ('COLORTERM', 'truecolor'), ('WSL_DISTRO_NAME', 'Ubuntu-22.04'), ('WAYLAND_DISPLAY', 'wayland-0'), ('COLCON_PREFIX_PATH', '/home/joon/automotive_software_final/install'), ('ROS_DISTRO', 'humble'), ('LOGNAME', 'joon'), ('NAME', 'Joon'), ('WSL_INTEROP', '/run/WSL/503_interop'), ('PULSE_SERVER', 'unix:/mnt/wslg/PulseServer'), ('_', '/usr/bin/colcon'), ('ROS_VERSION', '2'), ('CLAUDE_CODE_SSE_PORT', '51465'), ('TERM', 'xterm-256color'), ('ROS_LOCALHOST_ONLY', '0'), ('PATH', '/opt/ros/humble/bin:/usr/bin:/usr/bin:/home/joon/.vscode-server/data/User/globalStorage/github.copilot-chat/debugCommand:/home/joon/.vscode-server/data/User/globalStorage/github.copilot-chat/copilotCli:/home/joon/.vscode-server/bin/bf9252a2fb45be6893dd8870c0bf37e2e1766d61/bin/remote-cli:/home/joon/.local/bin:/usr/bin:/usr/bin:/usr/local/sbin:/usr/local/bin:/usr/sbin:/usr/bin:/sbin:/bin:/usr/games:/usr/local/games:/usr/lib/wsl/lib:/mnt/c/WINDOWS/system32:/mnt/c/WINDOWS:/mnt/c/WINDOWS/System32/Wbem:/mnt/c/WINDOWS/System32/WindowsPowerShell/v1.0/:/mnt/c/WINDOWS/System32/OpenSSH/:/mnt/c/Program Files/MATLAB/R2024b/bin:/mnt/c/Program Files/nodejs/:/mnt/c/Program Files/Git/cmd:/mnt/c/Users/ksyj0/AppData/Local/Programs/Python/Python312/Scripts/:/mnt/c/Users/ksyj0/AppData/Local/Programs/Python/Python312/:/mnt/c/Users/ksyj0/AppData/Local/Programs/Python/Launcher/:/mnt/c/Users/ksyj0/AppData/Local/Microsoft/WindowsApps:/mnt/c/Users/ksyj0/AppData/Local/Programs/Microsoft VS Code/bin:/mnt/c/Users/ksyj0/AppData/Roaming/npm:/mnt/c/Users/ksyj0/AppData/Local/SOOP:/mnt/c/Users/ksyj0/AppData/Local/Programs/Kiro/bin:/snap/bin:/home/joon/.vscode-server/extensions/ms-python.debugpy-2025.16.0-linux-x64/bundled/scripts/noConfigScripts'), ('XDG_RUNTIME_DIR', '/run/user/1000/'), ('DISPLAY', ':0'), ('VSCODE_DEBUGPY_ADAPTER_ENDPOINTS', '/home/joon/.vscode-server/extensions/ms-python.debugpy-2025.16.0-linux-x64/.noConfigDebugAdapterEndpoints/endpoint-5f6b0efddf9f6982.txt'), ('LANG', 'en_US.UTF-8'), ('PYTHONSTARTUP', '/home/joon/.vscode-server/data/User/workspaceStorage/6032d0949a26c1de4974618490f207f6-1/ms-python.python/pythonrc.py'), ('LS_COLORS', 'rs=0:di=01;34:ln=01;36:mh=00:pi=40;33:so=01;35:do=01;35:bd=40;33;01:cd=40;33;01:or=40;31;01:mi=00:su=37;41:sg=30;43:ca=30;41:tw=30;42:ow=34;42:st=37;44:ex=01;32:*.tar=01;31:*.tgz=01;31:*.arc=01;31:*.arj=01;31:*.taz=01;31:*.lha=01;31:*.lz4=01;31:*.lzh=01;31:*.lzma=01;31:*.tlz=01;31:*.txz=01;31:*.tzo=01;31:*.t7z=01;31:*.zip=01;31:*.z=01;31:*.dz=01;31:*.gz=01;31:*.lrz=01;31:*.lz=01;31:*.lzo=01;31:*.xz=01;31:*.zst=01;31:*.tzst=01;31:*.bz2=01;31:*.bz=01;31:*.tbz=01;31:*.tbz2=01;31:*.tz=01;31:*.deb=01;31:*.rpm=01;31:*.jar=01;31:*.war=01;31:*.ear=01;31:*.sar=01;31:*.rar=01;31:*.alz=01;31:*.ace=01;31:*.zoo=01;31:*.cpio=01;31:*.7z=01;31:*.rz=01;31:*.cab=01;31:*.wim=01;31:*.swm=01;31:*.dwm=01;31:*.esd=01;31:*.jpg=01;35:*.jpeg=01;35:*.mjpg=01;35:*.mjpeg=01;35:*.gif=01;35:*.bmp=01;35:*.pbm=01;35:*.pgm=01;35:*.ppm=01;35:*.tga=01;35:*.xbm=01;35:*.xpm=01;35:*.tif=01;35:*.tiff=01;35:*.png=01;35:*.svg=01;35:*.svgz=01;35:*.mng=01;35:*.pcx=01;35:*.mov=01;35:*.mpg=01;35:*.mpeg=01;35:*.m2v=01;35:*.mkv=01;35:*.webm=01;35:*.webp=01;35:*.ogm=01;35:*.mp4=01;35:*.m4v=01;35:*.mp4v=01;35:*.vob=01;35:*.qt=01;35:*.nuv=01;35:*.wmv=01;35:*.asf=01;35:*.rm=01;35:*.rmvb=01;35:*.flc=01;35:*.avi=01;35:*.fli=01;35:*.flv=01;35:*.gl=01;35:*.dl=01;35:*.xcf=01;35:*.xwd=01;35:*.yuv=01;35:*.cgm=01;35:*.emf=01;35:*.ogv=01;35:*.ogx=01;35:*.aac=00;36:*.au=00;36:*.flac=00;36:*.m4a=00;36:*.mid=00;36:*.midi=00;36:*.mka=00;36:*.mp3=00;36:*.mpc=00;36:*.ogg=00;36:*.ra=00;36:*.wav=00;36:*.oga=00;36:*.opus=00;36:*.spx=00;36:*.xspf=00;36:'), ('VSCODE_GIT_IPC_HANDLE', '/run/user/1000/vscode-git-167d3a068c.sock'), ('TERM_PROGRAM', 'vscode'), ('AMENT_PREFIX_PATH', '/home/joon/automotive_software_final/install/simulator:/home/joon/automotive_software_final/install/mission_manager:/home/joon/automotive_software_final/install/evaluation:/home/joon/automotive_software_final/install/autonomous_driving:/home/joon/automotive_software_final/install/ad_msgs:/opt/ros/humble'), ('SHELL', '/bin/bash'), ('LESSCLOSE', '/usr/bin/lesspipe %s %s'), ('VSCODE_GIT_ASKPASS_EXTRA_ARGS', ''), ('PWD', '/home/joon/automotive_software_final/build/autonomous_driving'), ('ENABLE_IDE_INTEGRATION', 'true'), ('XDG_DATA_DIRS', '/usr/local/share:/usr/share:/var/lib/snapd/desktop'), ('PYTHONPATH', '/home/joon/automotive_software_final/install/ad_msgs/local/lib/python3.10/dist-packages:/opt/ros/humble/lib/python3.10/site-packages:/opt/ros/humble/local/lib/python3.10/dist-packages'), ('COLCON', '1'), ('WSL2_GUI_APPS_ENABLED', '1'), ('HOSTTYPE', 'x86_64'), ('CMAKE_PREFIX_PATH', '/home/joon/automotive_software_final/install/ad_msgs:/home/joon/automotive_software_final/install/simulator:/home/joon/automotive_software_final/install/mission_manager:/home/joon/automotive_software_final/install/evaluation:/home/joon/automotive_software_final/install/autonomous_driving:/opt/ros/humble'), ('WSLENV', 'VSCODE_WSL_EXT_LOCATION/up')]), 'shell': False}
[10.313808] (autonomous_driving) StdoutLine: {'line': b'-- Install configuration: "Release"\n'}
[10.315500] (autonomous_driving) StdoutLine: {'line': b'-- Execute custom install script\n'}
[10.317012] (autonomous_driving) StdoutLine: {'line': b'-- Up-to-date symlink: /home/joon/automotive_software_final/install/autonomous_driving/lib/autonomous_driving/autonomous_driving\n'}
[10.317884] (autonomous_driving) StdoutLine: {'line': b'-- Up-to-date symlink: /home/joon/automotive_software_final/install/autonomous_driving/share/autonomous_driving/launch/autonomous_driving.launch.xml\n'}
[10.318191] (autonomous_driving) StdoutLine: {'line': b'-- Up-to-date symlink: /home/joon/automotive_software_final/install/autonomous_driving/share/autonomous_driving/launch/autonomous_driving.launch.xml:Zone.Identifier\n'}
[10.318499] (autonomous_driving) StdoutLine: {'line': b'-- Up-to-date symlink: /home/joon/automotive_software_final/install/autonomous_driving/share/autonomous_driving/launch/manual_driving.launch.xml\n'}
[10.318864] (autonomous_driving) StdoutLine: {'line': b'-- Up-to-date symlink: /home/joon/automotive_software_final/install/autonomous_driving/share/autonomous_driving/launch/manual_driving.launch.xml:Zone.Identifier\n'}
[10.319131] (autonomous_driving) StdoutLine: {'line': b'-- Up-to-date symlink: /home/joon/automotive_software_final/install/autonomous_driving/lib/autonomous_driving/simultaneous_inputs.py\n'}
[10.319235] (autonomous_driving) StdoutLine: {'line': b'-- Up-to-date symlink: /home/joon/automotive_software_final/install/autonomous_driving/share/ament_index/resource_index/package_run_dependencies/autonomous_driving\n'}
[10.319498] (autonomous_driving) StdoutLine: {'line': b'-- Up-to-date symlink: /home/joon/automotive_software_final/install/autonomous_driving/share/ament_index/resource_index/parent_prefix_path/autonomous_driving\n'}
[10.319856] (autonomous_driving) StdoutLine: {'line': b'-- Up-to-date symlink: /home/joon/automotive_software_final/install/autonomous_driving/share/autonomous_driving/environment/ament_prefix_path.sh\n'}
[10.320110] (autonomous_driving) StdoutLine: {'line': b'-- Up-to-date symlink: /home/joon/automotive_software_final/install/autonomous_driving/share/autonomous_driving/environment/ament_prefix_path.dsv\n'}
[10.320417] (autonomous_driving) StdoutLine: {'line': b'-- Up-to-date symlink: /home/joon/automotive_software_final/install/autonomous_driving/share/autonomous_driving/environment/path.sh\n'}
[10.320953] (autonomous_driving) StdoutLine: {'line': b'-- Up-to-date symlink: /home/joon/automotive_software_final/install/autonomous_driving/share/autonomous_driving/environment/path.dsv\n'}
[10.321572] (autonomous_driving) StdoutLine: {'line': b'-- Up-to-date symlink: /home/joon/automotive_software_final/install/autonomous_driving/share/autonomous_driving/local_setup.bash\n'}
[10.322149] (autonomous_driving) StdoutLine: {'line': b'-- Up-to-date symlink: /home/joon/automotive_software_final/install/autonomous_driving/share/autonomous_driving/local_setup.sh\n'}
[10.322259] (autonomous_driving) StdoutLine: {'line': b'-- Up-to-date symlink: /home/joon/automotive_software_final/install/autonomous_driving/share/autonomous_driving/local_setup.zsh\n'}
[10.322324] (autonomous_driving) StdoutLine: {'line': b'-- Up-to-date symlink: /home/joon/automotive_software_final/install/autonomous_driving/share/autonomous_driving/local_setup.dsv\n'}
[10.322383] (autonomous_driving) StdoutLine: {'line': b'-- Symlinking: /home/joon/automotive_software_final/install/autonomous_driving/share/autonomous_driving/package.dsv\n'}
[10.334848] (autonomous_driving) StdoutLine: {'line': b'-- Up-to-date symlink: /home/joon/automotive_software_final/install/autonomous_driving/share/ament_index/resource_index/packages/autonomous_driving\n'}
[10.335257] (autonomous_driving) StdoutLine: {'line': b'-- Up-to-date symlink: /home/joon/automotive_software_final/install/autonomous_driving/share/autonomous_driving/cmake/autonomous_drivingConfig.cmake\n'}
[10.335535] (autonomous_driving) StdoutLine: {'line': b'-- Up-to-date symlink: /home/joon/automotive_software_final/install/autonomous_driving/share/autonomous_driving/cmake/autonomous_drivingConfig-version.cmake\n'}
[10.335741] (autonomous_driving) StdoutLine: {'line': b'-- Up-to-date symlink: /home/joon/automotive_software_final/install/autonomous_driving/share/autonomous_driving/package.xml\n'}
[10.338051] (autonomous_driving) CommandEnded: {'returncode': 0}
[10.351759] (-) TimerEvent: {}
[10.356068] (autonomous_driving) JobEnded: {'identifier': 'autonomous_driving', 'rc': 0}
[10.358047] (-) EventReactorShutdown: {}
